ISO-10303-21;
HEADER;
/* Generated by software containing ST-Developer
 * from STEP Tools, Inc. (www.steptools.com) 
 */

FILE_DESCRIPTION(
/* description */ (''),
/* implementation_level */ '2;1');

FILE_NAME(
/* name */ 'NEMA 17 Motor Pulley.step',
/* time_stamp */ '2026-03-10T16:05:04-04:00',
/* author */ (''),
/* organization */ (''),
/* preprocessor_version */ 'ST-DEVELOPER v20.1',
/* originating_system */ 'Autodesk Translation Framework v14.24.0.0',
/* authorisation */ '');

FILE_SCHEMA (('AUTOMOTIVE_DESIGN { 1 0 10303 214 3 1 1 }'));
ENDSEC;

DATA;
#10=MECHANICAL_DESIGN_GEOMETRIC_PRESENTATION_REPRESENTATION('',(#13),#3038);
#11=SHAPE_REPRESENTATION_RELATIONSHIP('SRR','None',#3044,#12);
#12=ADVANCED_BREP_SHAPE_REPRESENTATION('',(#14),#3037);
#13=STYLED_ITEM('',(#3053),#14);
#14=MANIFOLD_SOLID_BREP('Body1',#1080);
#15=FACE_BOUND('',#338,.T.);
#16=FACE_BOUND('',#339,.T.);
#17=FACE_BOUND('',#340,.T.);
#18=FACE_BOUND('',#341,.T.);
#19=FACE_BOUND('',#342,.T.);
#20=FACE_BOUND('',#345,.T.);
#21=FACE_BOUND('',#346,.T.);
#22=FACE_BOUND('',#347,.T.);
#23=FACE_BOUND('',#348,.T.);
#24=FACE_BOUND('',#349,.T.);
#25=FACE_BOUND('',#367,.T.);
#26=FACE_BOUND('',#369,.T.);
#27=FACE_BOUND('',#371,.T.);
#28=FACE_BOUND('',#373,.T.);
#29=FACE_BOUND('',#375,.T.);
#30=FACE_BOUND('',#377,.T.);
#31=FACE_BOUND('',#379,.T.);
#32=FACE_BOUND('',#381,.T.);
#33=FACE_BOUND('',#384,.T.);
#34=FACE_BOUND('',#387,.T.);
#35=PLANE('',#1109);
#36=PLANE('',#1117);
#37=PLANE('',#1123);
#38=PLANE('',#1126);
#39=PLANE('',#1129);
#40=PLANE('',#1132);
#41=PLANE('',#1149);
#42=PLANE('',#1150);
#43=PLANE('',#1151);
#44=PLANE('',#1152);
#45=PLANE('',#1155);
#46=PLANE('',#1156);
#47=PLANE('',#1158);
#48=PLANE('',#1159);
#49=PLANE('',#1161);
#50=PLANE('',#1162);
#51=PLANE('',#1164);
#52=PLANE('',#1166);
#53=PLANE('',#1168);
#54=LINE('',#2628,#125);
#55=LINE('',#2674,#126);
#56=LINE('',#2739,#127);
#57=LINE('',#2747,#128);
#58=LINE('',#2844,#129);
#59=LINE('',#2848,#130);
#60=LINE('',#2852,#131);
#61=LINE('',#2856,#132);
#62=LINE('',#2858,#133);
#63=LINE('',#2862,#134);
#64=LINE('',#2865,#135);
#65=LINE('',#2868,#136);
#66=LINE('',#2871,#137);
#67=LINE('',#2874,#138);
#68=LINE('',#2877,#139);
#69=LINE('',#2881,#140);
#70=LINE('',#2885,#141);
#71=LINE('',#2889,#142);
#72=LINE('',#2892,#143);
#73=LINE('',#2895,#144);
#74=LINE('',#2897,#145);
#75=LINE('',#2901,#146);
#76=LINE('',#2903,#147);
#77=LINE('',#2907,#148);
#78=LINE('',#2909,#149);
#79=LINE('',#2914,#150);
#80=LINE('',#2918,#151);
#81=LINE('',#2923,#152);
#82=LINE('',#2927,#153);
#83=LINE('',#2932,#154);
#84=LINE('',#2936,#155);
#85=LINE('',#2941,#156);
#86=LINE('',#2945,#157);
#87=LINE('',#2949,#158);
#88=LINE('',#2951,#159);
#89=LINE('',#2955,#160);
#90=LINE('',#2957,#161);
#91=LINE('',#2961,#162);
#92=LINE('',#2964,#163);
#93=LINE('',#2967,#164);
#94=LINE('',#2970,#165);
#95=LINE('',#2973,#166);
#96=LINE('',#2975,#167);
#97=LINE('',#2979,#168);
#98=LINE('',#2982,#169);
#99=LINE('',#2985,#170);
#100=LINE('',#2987,#171);
#101=LINE('',#2990,#172);
#102=LINE('',#2991,#173);
#103=LINE('',#2993,#174);
#104=LINE('',#2994,#175);
#105=LINE('',#2996,#176);
#106=LINE('',#2997,#177);
#107=LINE('',#3000,#178);
#108=LINE('',#3002,#179);
#109=LINE('',#3005,#180);
#110=LINE('',#3006,#181);
#111=LINE('',#3008,#182);
#112=LINE('',#3009,#183);
#113=LINE('',#3011,#184);
#114=LINE('',#3014,#185);
#115=LINE('',#3015,#186);
#116=LINE('',#3017,#187);
#117=LINE('',#3020,#188);
#118=LINE('',#3021,#189);
#119=LINE('',#3023,#190);
#120=LINE('',#3026,#191);
#121=LINE('',#3027,#192);
#122=LINE('',#3029,#193);
#123=LINE('',#3032,#194);
#124=LINE('',#3033,#195);
#125=VECTOR('',#1197,1.5);
#126=VECTOR('',#1200,20.);
#127=VECTOR('',#1211,20.);
#128=VECTOR('',#1214,1.5);
#129=VECTOR('',#1225,20.);
#130=VECTOR('',#1230,19.);
#131=VECTOR('',#1233,10.);
#132=VECTOR('',#1236,10.);
#133=VECTOR('',#1237,10.);
#134=VECTOR('',#1240,10.);
#135=VECTOR('',#1243,10.);
#136=VECTOR('',#1244,10.);
#137=VECTOR('',#1247,10.);
#138=VECTOR('',#1248,10.);
#139=VECTOR('',#1251,10.);
#140=VECTOR('',#1256,19.);
#141=VECTOR('',#1259,10.);
#142=VECTOR('',#1262,10.);
#143=VECTOR('',#1265,10.);
#144=VECTOR('',#1266,10.);
#145=VECTOR('',#1267,10.);
#146=VECTOR('',#1270,10.);
#147=VECTOR('',#1271,10.);
#148=VECTOR('',#1274,10.);
#149=VECTOR('',#1275,10.);
#150=VECTOR('',#1280,10.);
#151=VECTOR('',#1283,10.);
#152=VECTOR('',#1288,10.);
#153=VECTOR('',#1291,10.);
#154=VECTOR('',#1296,10.);
#155=VECTOR('',#1299,10.);
#156=VECTOR('',#1304,10.);
#157=VECTOR('',#1307,10.);
#158=VECTOR('',#1312,10.);
#159=VECTOR('',#1313,10.);
#160=VECTOR('',#1318,10.);
#161=VECTOR('',#1319,10.);
#162=VECTOR('',#1324,10.);
#163=VECTOR('',#1327,10.);
#164=VECTOR('',#1330,10.);
#165=VECTOR('',#1333,10.);
#166=VECTOR('',#1336,10.);
#167=VECTOR('',#1337,10.);
#168=VECTOR('',#1342,10.);
#169=VECTOR('',#1345,10.);
#170=VECTOR('',#1348,10.);
#171=VECTOR('',#1349,10.);
#172=VECTOR('',#1354,10.);
#173=VECTOR('',#1355,10.);
#174=VECTOR('',#1358,10.);
#175=VECTOR('',#1359,10.);
#176=VECTOR('',#1362,10.);
#177=VECTOR('',#1363,10.);
#178=VECTOR('',#1366,10.);
#179=VECTOR('',#1367,10.);
#180=VECTOR('',#1372,10.);
#181=VECTOR('',#1373,10.);
#182=VECTOR('',#1376,10.);
#183=VECTOR('',#1377,10.);
#184=VECTOR('',#1380,10.);
#185=VECTOR('',#1385,10.);
#186=VECTOR('',#1386,10.);
#187=VECTOR('',#1389,10.);
#188=VECTOR('',#1394,10.);
#189=VECTOR('',#1395,10.);
#190=VECTOR('',#1398,10.);
#191=VECTOR('',#1403,10.);
#192=VECTOR('',#1404,10.);
#193=VECTOR('',#1407,10.);
#194=VECTOR('',#1412,10.);
#195=VECTOR('',#1413,10.);
#196=CYLINDRICAL_SURFACE('',#1094,1.5);
#197=CYLINDRICAL_SURFACE('',#1095,20.);
#198=CYLINDRICAL_SURFACE('',#1100,20.);
#199=CYLINDRICAL_SURFACE('',#1101,1.5);
#200=CYLINDRICAL_SURFACE('',#1105,20.);
#201=CYLINDRICAL_SURFACE('',#1135,9.);
#202=CYLINDRICAL_SURFACE('',#1137,9.);
#203=CYLINDRICAL_SURFACE('',#1139,9.);
#204=CYLINDRICAL_SURFACE('',#1141,4.);
#205=CYLINDRICAL_SURFACE('',#1143,4.);
#206=CYLINDRICAL_SURFACE('',#1145,4.);
#207=CYLINDRICAL_SURFACE('',#1147,4.);
#208=CYLINDRICAL_SURFACE('',#1154,9.);
#209=CYLINDRICAL_SURFACE('',#1157,12.5);
#210=CYLINDRICAL_SURFACE('',#1160,12.5);
#211=CYLINDRICAL_SURFACE('',#1163,12.5);
#212=CYLINDRICAL_SURFACE('',#1165,12.5);
#213=CYLINDRICAL_SURFACE('',#1167,2.625);
#214=TOROIDAL_SURFACE('',#1086,20.,1.25);
#215=TOROIDAL_SURFACE('',#1092,20.,1.25);
#216=CIRCLE('',#1083,19.7021678324964);
#217=CIRCLE('',#1084,20.);
#218=CIRCLE('',#1085,20.);
#219=CIRCLE('',#1087,19.7021678324964);
#220=CIRCLE('',#1089,19.7021678324964);
#221=CIRCLE('',#1090,20.);
#222=CIRCLE('',#1091,20.);
#223=CIRCLE('',#1093,19.7021678324964);
#224=CIRCLE('',#1096,20.);
#225=CIRCLE('',#1098,20.);
#226=CIRCLE('',#1099,20.);
#227=CIRCLE('',#1103,20.);
#228=CIRCLE('',#1104,20.);
#229=CIRCLE('',#1106,20.);
#230=CIRCLE('',#1108,18.);
#231=CIRCLE('',#1110,2.625);
#232=CIRCLE('',#1111,12.5);
#233=CIRCLE('',#1112,12.5);
#234=CIRCLE('',#1113,12.5);
#235=CIRCLE('',#1114,12.5);
#236=CIRCLE('',#1116,18.);
#237=CIRCLE('',#1118,2.625);
#238=CIRCLE('',#1119,12.5);
#239=CIRCLE('',#1120,12.5);
#240=CIRCLE('',#1121,12.5);
#241=CIRCLE('',#1122,12.5);
#242=CIRCLE('',#1124,4.);
#243=CIRCLE('',#1125,9.);
#244=CIRCLE('',#1127,9.);
#245=CIRCLE('',#1128,4.);
#246=CIRCLE('',#1130,4.);
#247=CIRCLE('',#1131,9.);
#248=CIRCLE('',#1133,9.);
#249=CIRCLE('',#1134,4.);
#250=CIRCLE('',#1136,9.);
#251=CIRCLE('',#1138,9.);
#252=CIRCLE('',#1140,9.);
#253=CIRCLE('',#1142,4.);
#254=CIRCLE('',#1144,4.);
#255=CIRCLE('',#1146,4.);
#256=CIRCLE('',#1148,4.);
#257=CIRCLE('',#1153,9.);
#258=CONICAL_SURFACE('',#1082,19.8510839162482,0.725253222199819);
#259=CONICAL_SURFACE('',#1088,19.8510839162482,0.72525322219983);
#260=CONICAL_SURFACE('',#1097,19.8510839162482,0.725253222199819);
#261=CONICAL_SURFACE('',#1102,19.8510839162482,0.725253222199829);
#262=CONICAL_SURFACE('',#1107,19.,0.785398163397448);
#263=CONICAL_SURFACE('',#1115,19.,0.785398163397448);
#264=FACE_OUTER_BOUND('',#317,.T.);
#265=FACE_OUTER_BOUND('',#318,.T.);
#266=FACE_OUTER_BOUND('',#319,.T.);
#267=FACE_OUTER_BOUND('',#320,.T.);
#268=FACE_OUTER_BOUND('',#321,.T.);
#269=FACE_OUTER_BOUND('',#322,.T.);
#270=FACE_OUTER_BOUND('',#323,.T.);
#271=FACE_OUTER_BOUND('',#324,.T.);
#272=FACE_OUTER_BOUND('',#325,.T.);
#273=FACE_OUTER_BOUND('',#326,.T.);
#274=FACE_OUTER_BOUND('',#327,.T.);
#275=FACE_OUTER_BOUND('',#328,.T.);
#276=FACE_OUTER_BOUND('',#329,.T.);
#277=FACE_OUTER_BOUND('',#330,.T.);
#278=FACE_OUTER_BOUND('',#331,.T.);
#279=FACE_OUTER_BOUND('',#332,.T.);
#280=FACE_OUTER_BOUND('',#333,.T.);
#281=FACE_OUTER_BOUND('',#334,.T.);
#282=FACE_OUTER_BOUND('',#335,.T.);
#283=FACE_OUTER_BOUND('',#336,.T.);
#284=FACE_OUTER_BOUND('',#337,.T.);
#285=FACE_OUTER_BOUND('',#343,.T.);
#286=FACE_OUTER_BOUND('',#344,.T.);
#287=FACE_OUTER_BOUND('',#350,.T.);
#288=FACE_OUTER_BOUND('',#351,.T.);
#289=FACE_OUTER_BOUND('',#352,.T.);
#290=FACE_OUTER_BOUND('',#353,.T.);
#291=FACE_OUTER_BOUND('',#354,.T.);
#292=FACE_OUTER_BOUND('',#355,.T.);
#293=FACE_OUTER_BOUND('',#356,.T.);
#294=FACE_OUTER_BOUND('',#357,.T.);
#295=FACE_OUTER_BOUND('',#358,.T.);
#296=FACE_OUTER_BOUND('',#359,.T.);
#297=FACE_OUTER_BOUND('',#360,.T.);
#298=FACE_OUTER_BOUND('',#361,.T.);
#299=FACE_OUTER_BOUND('',#362,.T.);
#300=FACE_OUTER_BOUND('',#363,.T.);
#301=FACE_OUTER_BOUND('',#364,.T.);
#302=FACE_OUTER_BOUND('',#365,.T.);
#303=FACE_OUTER_BOUND('',#366,.T.);
#304=FACE_OUTER_BOUND('',#368,.T.);
#305=FACE_OUTER_BOUND('',#370,.T.);
#306=FACE_OUTER_BOUND('',#372,.T.);
#307=FACE_OUTER_BOUND('',#374,.T.);
#308=FACE_OUTER_BOUND('',#376,.T.);
#309=FACE_OUTER_BOUND('',#378,.T.);
#310=FACE_OUTER_BOUND('',#380,.T.);
#311=FACE_OUTER_BOUND('',#382,.T.);
#312=FACE_OUTER_BOUND('',#383,.T.);
#313=FACE_OUTER_BOUND('',#385,.T.);
#314=FACE_OUTER_BOUND('',#386,.T.);
#315=FACE_OUTER_BOUND('',#388,.T.);
#316=FACE_OUTER_BOUND('',#389,.T.);
#317=EDGE_LOOP('',(#701,#702,#703,#704,#705,#706));
#318=EDGE_LOOP('',(#707,#708,#709,#710,#711,#712,#713));
#319=EDGE_LOOP('',(#714,#715,#716,#717,#718,#719,#720));
#320=EDGE_LOOP('',(#721,#722,#723,#724));
#321=EDGE_LOOP('',(#725,#726,#727,#728,#729,#730));
#322=EDGE_LOOP('',(#731,#732,#733,#734,#735,#736));
#323=EDGE_LOOP('',(#737,#738,#739,#740,#741,#742));
#324=EDGE_LOOP('',(#743,#744,#745,#746,#747,#748,#749));
#325=EDGE_LOOP('',(#750,#751,#752,#753));
#326=EDGE_LOOP('',(#754,#755,#756,#757,#758,#759));
#327=EDGE_LOOP('',(#760,#761,#762,#763,#764,#765,#766,#767,#768));
#328=EDGE_LOOP('',(#769,#770,#771,#772,#773,#774));
#329=EDGE_LOOP('',(#775,#776,#777,#778,#779,#780));
#330=EDGE_LOOP('',(#781,#782,#783,#784,#785,#786,#787));
#331=EDGE_LOOP('',(#788,#789,#790,#791,#792,#793,#794,#795));
#332=EDGE_LOOP('',(#796,#797,#798,#799,#800,#801,#802,#803,#804));
#333=EDGE_LOOP('',(#805,#806,#807,#808,#809,#810,#811));
#334=EDGE_LOOP('',(#812,#813,#814,#815,#816,#817,#818));
#335=EDGE_LOOP('',(#819,#820,#821,#822,#823,#824));
#336=EDGE_LOOP('',(#825,#826,#827,#828));
#337=EDGE_LOOP('',(#829));
#338=EDGE_LOOP('',(#830,#831));
#339=EDGE_LOOP('',(#832,#833,#834));
#340=EDGE_LOOP('',(#835,#836,#837));
#341=EDGE_LOOP('',(#838,#839,#840));
#342=EDGE_LOOP('',(#841,#842,#843));
#343=EDGE_LOOP('',(#844,#845,#846,#847));
#344=EDGE_LOOP('',(#848));
#345=EDGE_LOOP('',(#849,#850));
#346=EDGE_LOOP('',(#851,#852,#853));
#347=EDGE_LOOP('',(#854,#855,#856));
#348=EDGE_LOOP('',(#857,#858,#859));
#349=EDGE_LOOP('',(#860,#861,#862));
#350=EDGE_LOOP('',(#863,#864,#865,#866));
#351=EDGE_LOOP('',(#867,#868,#869,#870));
#352=EDGE_LOOP('',(#871,#872,#873,#874));
#353=EDGE_LOOP('',(#875,#876,#877,#878));
#354=EDGE_LOOP('',(#879,#880,#881,#882));
#355=EDGE_LOOP('',(#883,#884,#885,#886));
#356=EDGE_LOOP('',(#887,#888,#889,#890));
#357=EDGE_LOOP('',(#891,#892,#893,#894));
#358=EDGE_LOOP('',(#895,#896,#897,#898));
#359=EDGE_LOOP('',(#899,#900,#901,#902));
#360=EDGE_LOOP('',(#903,#904,#905,#906));
#361=EDGE_LOOP('',(#907,#908,#909,#910));
#362=EDGE_LOOP('',(#911,#912,#913,#914));
#363=EDGE_LOOP('',(#915,#916,#917,#918));
#364=EDGE_LOOP('',(#919,#920,#921,#922));
#365=EDGE_LOOP('',(#923,#924,#925,#926));
#366=EDGE_LOOP('',(#927,#928,#929,#930));
#367=EDGE_LOOP('',(#931,#932,#933,#934));
#368=EDGE_LOOP('',(#935,#936,#937,#938));
#369=EDGE_LOOP('',(#939,#940,#941,#942));
#370=EDGE_LOOP('',(#943,#944,#945,#946));
#371=EDGE_LOOP('',(#947,#948));
#372=EDGE_LOOP('',(#949,#950,#951,#952));
#373=EDGE_LOOP('',(#953,#954,#955,#956));
#374=EDGE_LOOP('',(#957,#958,#959,#960));
#375=EDGE_LOOP('',(#961,#962,#963,#964));
#376=EDGE_LOOP('',(#965,#966,#967,#968));
#377=EDGE_LOOP('',(#969,#970));
#378=EDGE_LOOP('',(#971,#972,#973,#974));
#379=EDGE_LOOP('',(#975,#976,#977,#978));
#380=EDGE_LOOP('',(#979,#980,#981,#982));
#381=EDGE_LOOP('',(#983,#984,#985,#986));
#382=EDGE_LOOP('',(#987,#988,#989,#990));
#383=EDGE_LOOP('',(#991,#992,#993,#994));
#384=EDGE_LOOP('',(#995,#996,#997,#998));
#385=EDGE_LOOP('',(#999,#1000,#1001,#1002));
#386=EDGE_LOOP('',(#1003,#1004,#1005,#1006));
#387=EDGE_LOOP('',(#1007,#1008,#1009,#1010));
#388=EDGE_LOOP('',(#1011,#1012,#1013,#1014));
#389=EDGE_LOOP('',(#1015,#1016,#1017,#1018));
#390=B_SPLINE_CURVE_WITH_KNOTS('',3,(#1515,#1516,#1517,#1518,#1519,#1520),
 .UNSPECIFIED.,.F.,.F.,(4,2,4),(0.0260289261755,0.0276691519743814,0.0629182025795952),
 .UNSPECIFIED.);
#391=B_SPLINE_CURVE_WITH_KNOTS('',3,(#1522,#1523,#1524,#1525,#1526,#1527,
#1528,#1529,#1530,#1531,#1532,#1533,#1534,#1535,#1536,#1537,#1538,#1539,
#1540,#1541,#1542,#1543,#1544,#1545,#1546,#1547,#1548,#1549,#1550,#1551,
#1552,#1553,#1554,#1555,#1556,#1557,#1558,#1559,#1560,#1561,#1562,#1563,
#1564,#1565,#1566,#1567,#1568,#1569,#1570,#1571,#1572,#1573,#1574,#1575,
#1576,#1577,#1578,#1579,#1580,#1581,#1582,#1583,#1584,#1585,#1586,#1587,
#1588,#1589,#1590,#1591,#1592,#1593,#1594,#1595,#1596,#1597,#1598,#1599,
#1600,#1601,#1602,#1603,#1604,#1605,#1606,#1607,#1608,#1609,#1610,#1611,
#1612),.UNSPECIFIED.,.F.,.F.,(4,3,3,3,3,3,3,3,3,3,3,3,3,3,3,3,3,3,3,3,3,
3,3,3,3,3,3,3,3,3,4),(-0.811706869269166,-0.787626329374372,-0.741884835639734,
-0.735290174283281,-0.711385103718006,-0.675293462272104,-0.65683321108979,
-0.63067219628121,-0.61065198116893,-0.574385445167376,-0.540372883727778,
-0.538118909165822,-0.525955077308548,-0.501395439678058,-0.478326866737909,
-0.476835802047568,-0.473601994912866,-0.439115123340332,-0.421290793699988,
-0.41578723638683,-0.395134973120443,-0.368975893737815,-0.345195140599929,
-0.316657814790067,-0.264664684496588,-0.248121744450879,-0.212011721879304,
-0.159663100711117,-0.146667214389071,-0.137602641526407,-0.135567966520053),
 .UNSPECIFIED.);
#392=B_SPLINE_CURVE_WITH_KNOTS('',3,(#1614,#1615,#1616,#1617,#1618,#1619,
#1620,#1621,#1622,#1623,#1624,#1625,#1626,#1627,#1628,#1629,#1630,#1631,
#1632,#1633,#1634,#1635,#1636,#1637,#1638),.UNSPECIFIED.,.F.,.F.,(4,3,3,
3,3,3,3,3,4),(0.,0.00627934880913084,0.00760284225095017,0.0139334011960501,
0.0154894104979681,0.0221794941003663,0.0288695777027645,0.0300124526331211,
0.0348058787404995),.UNSPECIFIED.);
#393=B_SPLINE_CURVE_WITH_KNOTS('',3,(#1640,#1641,#1642,#1643,#1644,#1645,
#1646,#1647,#1648,#1649,#1650,#1651,#1652,#1653,#1654,#1655),
 .UNSPECIFIED.,.F.,.F.,(4,3,3,3,3,4),(0.00289280956488013,0.011090482197848,
0.0121981832823847,0.0132237570209268,0.0201370474944273,0.0264103279108102),
 .UNSPECIFIED.);
#394=B_SPLINE_CURVE_WITH_KNOTS('',3,(#1657,#1658,#1659,#1660,#1661,#1662,
#1663,#1664,#1665,#1666,#1667,#1668,#1669,#1670,#1671,#1672),
 .UNSPECIFIED.,.F.,.F.,(4,1,1,1,1,1,1,1,1,1,1,1,1,4),(0.107393666315947,
0.15971412651367,0.212034586711393,0.316675507106839,0.368995967304562,
0.395156197403424,0.421316427502285,0.473636887700009,0.525957347897732,
0.630598268293178,0.656758498392039,0.735239188688624,0.787559648886347,
0.83988010908407),.UNSPECIFIED.);
#395=B_SPLINE_CURVE_WITH_KNOTS('',3,(#1673,#1674,#1675,#1676,#1677,#1678,
#1679,#1680,#1681,#1682,#1683,#1684,#1685,#1686,#1687,#1688),
 .UNSPECIFIED.,.F.,.F.,(4,3,3,3,3,4),(0.,0.0069132381321191,0.0131776580078119,
0.0142026987019038,0.0224021890491652,0.0235018901655632),.UNSPECIFIED.);
#396=B_SPLINE_CURVE_WITH_KNOTS('',3,(#1710,#1711,#1712,#1713,#1714,#1715,
#1716,#1717,#1718,#1719),.UNSPECIFIED.,.F.,.F.,(4,3,3,4),(-0.0449185255077298,
-0.0241324067168224,-0.0224919867086109,-0.00623989038952164),
 .UNSPECIFIED.);
#397=B_SPLINE_CURVE_WITH_KNOTS('',3,(#1721,#1722,#1723,#1724,#1725),
 .UNSPECIFIED.,.F.,.F.,(4,1,4),(-0.75473051397054,-0.691015416553197,-0.601917184426032),
 .UNSPECIFIED.);
#398=B_SPLINE_CURVE_WITH_KNOTS('',3,(#1727,#1728,#1729,#1730,#1731,#1732,
#1733,#1734,#1735,#1736),.UNSPECIFIED.,.F.,.F.,(4,3,3,4),(0.,0.020831228711961,
0.0225486894690679,0.0386803948906144),.UNSPECIFIED.);
#399=B_SPLINE_CURVE_WITH_KNOTS('',3,(#1738,#1739,#1740,#1741,#1742,#1743,
#1744,#1745,#1746,#1747,#1748,#1749,#1750),.UNSPECIFIED.,.F.,.F.,(4,3,3,
3,4),(0.,0.00878962832883028,0.013177658007809,0.0204813731948587,0.023501890165563),
 .UNSPECIFIED.);
#400=B_SPLINE_CURVE_WITH_KNOTS('',3,(#1752,#1753,#1754,#1755),
 .UNSPECIFIED.,.F.,.F.,(4,4),(0.610615175838225,0.678549281558358),
 .UNSPECIFIED.);
#401=B_SPLINE_CURVE_WITH_KNOTS('',3,(#1756,#1757,#1758,#1759,#1760),
 .UNSPECIFIED.,.F.,.F.,(4,1,4),(0.678549281558358,0.691015416553197,0.746077003688434),
 .UNSPECIFIED.);
#402=B_SPLINE_CURVE_WITH_KNOTS('',3,(#1764,#1765,#1766,#1767,#1768,#1769),
 .UNSPECIFIED.,.F.,.F.,(4,2,4),(0.0260289261755067,0.0276691519743922,0.0629182025794306),
 .UNSPECIFIED.);
#403=B_SPLINE_CURVE_WITH_KNOTS('',3,(#1776,#1777,#1778,#1779,#1780,#1781,
#1782,#1783,#1784,#1785,#1786,#1787,#1788,#1789,#1790,#1791,#1792,#1793,
#1794,#1795,#1796,#1797,#1798,#1799,#1800,#1801,#1802,#1803,#1804,#1805,
#1806,#1807,#1808,#1809,#1810,#1811,#1812,#1813,#1814,#1815,#1816,#1817,
#1818,#1819,#1820,#1821,#1822,#1823,#1824,#1825,#1826,#1827,#1828,#1829,
#1830,#1831,#1832,#1833,#1834,#1835,#1836,#1837,#1838,#1839,#1840,#1841,
#1842,#1843,#1844,#1845,#1846,#1847,#1848,#1849,#1850,#1851,#1852,#1853,
#1854,#1855,#1856,#1857,#1858,#1859,#1860,#1861,#1862,#1863),
 .UNSPECIFIED.,.F.,.F.,(4,3,3,3,3,3,3,3,3,3,3,3,3,3,3,3,3,3,3,3,3,3,3,3,
3,3,3,3,3,4),(-0.811706869269164,-0.787640698549634,-0.735336209534833,
-0.711385103717913,-0.678714537897618,-0.656934459707701,-0.630787877768239,
-0.610651981168864,-0.5808974027943,-0.555515371933424,-0.53811890916577,
-0.525968423994824,-0.490751250267223,-0.476835802047519,-0.458569352326676,
-0.43859307722044,-0.421352139843104,-0.415787236386777,-0.40826730743276,
-0.39518774488061,-0.369042126476876,-0.345195140599864,-0.316738114811347,
-0.273453845138671,-0.248121744450788,-0.212046467083512,-0.162897067270141,
-0.159678328158458,-0.136602073626078,-0.135567966520053),.UNSPECIFIED.);
#404=B_SPLINE_CURVE_WITH_KNOTS('',3,(#1961,#1962,#1963,#1964,#1965,#1966,
#1967,#1968,#1969,#1970,#1971,#1972,#1973,#1974,#1975,#1976,#1977,#1978,
#1979,#1980,#1981,#1982,#1983,#1984,#1985),.UNSPECIFIED.,.F.,.F.,(4,3,3,
3,3,3,3,3,4),(0.,0.00627674924524457,0.00760284225091602,0.0139290042393606,
0.0154894104978964,0.0221794941003935,0.0288695777028906,0.0300124526332544,
0.0348058787406992),.UNSPECIFIED.);
#405=B_SPLINE_CURVE_WITH_KNOTS('',3,(#1987,#1988,#1989,#1990,#1991,#1992,
#1993,#1994,#1995,#1996,#1997,#1998,#1999,#2000,#2001,#2002),
 .UNSPECIFIED.,.F.,.F.,(4,3,3,3,3,4),(0.00289280956487992,0.0110986058391831,
0.0121981832823884,0.0132237570209316,0.0201315567059397,0.0264103279108232),
 .UNSPECIFIED.);
#406=B_SPLINE_CURVE_WITH_KNOTS('',3,(#2003,#2004,#2005,#2006,#2007,#2008,
#2009,#2010,#2011,#2012,#2013,#2014,#2015,#2016,#2017,#2018),
 .UNSPECIFIED.,.F.,.F.,(4,1,1,1,1,1,1,1,1,1,1,1,1,4),(0.10739366631588,
0.159714126513608,0.212034586711335,0.316675507106791,0.368995967304519,
0.395156197403383,0.408236312452815,0.421316427502247,0.525957347897703,
0.630598268293159,0.656758498392023,0.735239188688614,0.787559648886342,
0.83988010908407),.UNSPECIFIED.);
#407=B_SPLINE_CURVE_WITH_KNOTS('',3,(#2123,#2124,#2125,#2126,#2127,#2128),
 .UNSPECIFIED.,.F.,.F.,(4,2,4),(0.0260289261754993,0.0276691519743801,0.0629182025795708),
 .UNSPECIFIED.);
#408=B_SPLINE_CURVE_WITH_KNOTS('',3,(#2130,#2131,#2132,#2133,#2134,#2135,
#2136,#2137,#2138,#2139,#2140,#2141,#2142,#2143,#2144,#2145,#2146,#2147,
#2148,#2149,#2150,#2151,#2152,#2153,#2154,#2155,#2156,#2157,#2158,#2159,
#2160,#2161,#2162,#2163,#2164,#2165,#2166,#2167,#2168,#2169,#2170,#2171,
#2172,#2173,#2174,#2175,#2176,#2177,#2178,#2179,#2180,#2181,#2182,#2183,
#2184,#2185,#2186,#2187,#2188,#2189,#2190,#2191,#2192,#2193,#2194,#2195,
#2196,#2197,#2198,#2199,#2200,#2201,#2202,#2203,#2204,#2205,#2206,#2207,
#2208,#2209,#2210,#2211,#2212,#2213,#2214,#2215,#2216,#2217,#2218,#2219,
#2220,#2221,#2222,#2223),.UNSPECIFIED.,.F.,.F.,(4,3,3,3,3,3,3,3,3,3,3,3,
3,3,3,3,3,3,3,3,3,3,3,3,3,3,3,3,3,3,3,4),(-0.811706869269165,-0.787626770367258,
-0.742671178859829,-0.735291498754811,-0.711385103717972,-0.67561879483185,
-0.656836044266456,-0.630675750837156,-0.610651981168906,-0.574385445167355,
-0.540050616334736,-0.538118909165803,-0.525961672087462,-0.501398737067505,
-0.478368655999728,-0.476835802047549,-0.473607114070155,-0.44001882605092,
-0.421291693018146,-0.415787236386808,-0.408211173296281,-0.395131042814678,
-0.368970804963394,-0.345195140599904,-0.316649188043947,-0.268504683322554,
-0.248121744450846,-0.21201170241361,-0.159668548683775,-0.146808818607512,
-0.137785360839853,-0.135567966520054),.UNSPECIFIED.);
#409=B_SPLINE_CURVE_WITH_KNOTS('',3,(#2225,#2226,#2227,#2228,#2229,#2230,
#2231,#2232,#2233,#2234,#2235,#2236,#2237,#2238,#2239,#2240,#2241,#2242,
#2243,#2244,#2245,#2246,#2247,#2248,#2249),.UNSPECIFIED.,.F.,.F.,(4,3,3,
3,3,3,3,3,4),(0.,0.00627937977162299,0.0076028422509294,0.0139344128208823,
0.0154894104979052,0.0221794941003241,0.0288695777027431,0.0300124526331012,
0.0348058787404987),.UNSPECIFIED.);
#410=B_SPLINE_CURVE_WITH_KNOTS('',3,(#2251,#2252,#2253,#2254,#2255,#2256,
#2257,#2258,#2259,#2260,#2261,#2262,#2263,#2264,#2265,#2266),
 .UNSPECIFIED.,.F.,.F.,(4,3,3,3,3,4),(0.00289280956487758,0.0110886423225596,
0.0121981832823692,0.0132237570209092,0.0201349233250011,0.0264103279107732),
 .UNSPECIFIED.);
#411=B_SPLINE_CURVE_WITH_KNOTS('',3,(#2268,#2269,#2270,#2271,#2272,#2273,
#2274,#2275,#2276,#2277,#2278,#2279,#2280,#2281,#2282,#2283,#2284),
 .UNSPECIFIED.,.F.,.F.,(4,1,1,1,1,1,1,1,1,1,1,1,1,1,4),(0.107393666315914,
0.15971412651364,0.212034586711365,0.316675507106816,0.368995967304541,
0.395156197403404,0.408236312452835,0.421316427502266,0.473636887699992,
0.525957347897717,0.630598268293168,0.65675849839203,0.735239188688618,
0.787559648886344,0.839880109084069),.UNSPECIFIED.);
#412=B_SPLINE_CURVE_WITH_KNOTS('',3,(#2285,#2286,#2287,#2288,#2289,#2290,
#2291,#2292,#2293,#2294,#2295,#2296,#2297,#2298,#2299,#2300),
 .UNSPECIFIED.,.F.,.F.,(4,3,3,3,3,4),(0.,0.00691327920277644,0.0131776580078052,
0.0142026987018969,0.0224021746436594,0.0235018901655501),.UNSPECIFIED.);
#413=B_SPLINE_CURVE_WITH_KNOTS('',3,(#2322,#2323,#2324,#2325,#2326,#2327,
#2328,#2329,#2330,#2331),.UNSPECIFIED.,.F.,.F.,(4,3,3,4),(-0.0449185255071699,
-0.0240836772811884,-0.0224919867083637,-0.00623989038951586),
 .UNSPECIFIED.);
#414=B_SPLINE_CURVE_WITH_KNOTS('',3,(#2333,#2334,#2335,#2336,#2337),
 .UNSPECIFIED.,.F.,.F.,(4,1,4),(-0.754701509704692,-0.665603265671179,-0.601888171471905),
 .UNSPECIFIED.);
#415=B_SPLINE_CURVE_WITH_KNOTS('',3,(#2339,#2340,#2341,#2342,#2343,#2344,
#2345,#2346,#2347,#2348),.UNSPECIFIED.,.F.,.F.,(4,3,3,4),(0.,0.0207826584626793,
0.0225486894693591,0.0386803948911322),.UNSPECIFIED.);
#416=B_SPLINE_CURVE_WITH_KNOTS('',3,(#2350,#2351,#2352,#2353,#2354,#2355,
#2356,#2357,#2358,#2359,#2360,#2361,#2362),.UNSPECIFIED.,.F.,.F.,(4,3,3,
3,4),(0.,0.00880692886862214,0.0131776580078251,0.0205419930047633,0.0235018901655917),
 .UNSPECIFIED.);
#417=B_SPLINE_CURVE_WITH_KNOTS('',3,(#2363,#2364,#2365,#2366,#2367),
 .UNSPECIFIED.,.F.,.F.,(4,1,4),(0.610541689639625,0.665603265671179,0.746003536323671),
 .UNSPECIFIED.);
#418=B_SPLINE_CURVE_WITH_KNOTS('',3,(#2371,#2372,#2373,#2374,#2375,#2376),
 .UNSPECIFIED.,.F.,.F.,(4,2,4),(0.0260289261755054,0.0276691519743894,0.0629182025796008),
 .UNSPECIFIED.);
#419=B_SPLINE_CURVE_WITH_KNOTS('',3,(#2383,#2384,#2385,#2386,#2387,#2388,
#2389,#2390,#2391,#2392,#2393,#2394,#2395,#2396,#2397,#2398,#2399,#2400,
#2401,#2402,#2403,#2404,#2405,#2406,#2407,#2408,#2409,#2410,#2411,#2412,
#2413,#2414,#2415,#2416,#2417,#2418,#2419,#2420,#2421,#2422,#2423,#2424,
#2425,#2426,#2427,#2428,#2429,#2430,#2431,#2432,#2433,#2434,#2435,#2436,
#2437,#2438,#2439,#2440,#2441,#2442,#2443,#2444,#2445,#2446,#2447,#2448,
#2449,#2450,#2451,#2452,#2453,#2454,#2455,#2456,#2457,#2458,#2459,#2460,
#2461,#2462,#2463,#2464,#2465,#2466,#2467,#2468,#2469,#2470),
 .UNSPECIFIED.,.F.,.F.,(4,3,3,3,3,3,3,3,3,3,3,3,3,3,3,3,3,3,3,3,3,3,3,3,
3,3,3,3,3,4),(-0.811706869269163,-0.787640575266554,-0.735336364252682,
-0.711385103717913,-0.678723612333408,-0.656932972771051,-0.630786390589175,
-0.610651981168864,-0.580952404563155,-0.555585544812618,-0.53811890916577,
-0.525968263276058,-0.49070988751072,-0.476835802047519,-0.458551085623066,
-0.438550770346924,-0.421352201179269,-0.415787236386778,-0.408267142025801,
-0.395187376130235,-0.369041428239667,-0.345195140599865,-0.316736995319119,
-0.273230108392907,-0.248121744450786,-0.212045710559153,-0.162772187038587,
-0.15967806836168,-0.13660207362608,-0.135567966520052),.UNSPECIFIED.);
#420=B_SPLINE_CURVE_WITH_KNOTS('',3,(#2568,#2569,#2570,#2571,#2572,#2573,
#2574,#2575,#2576,#2577,#2578,#2579,#2580,#2581,#2582,#2583,#2584,#2585,
#2586,#2587,#2588,#2589,#2590,#2591,#2592),.UNSPECIFIED.,.F.,.F.,(4,3,3,
3,3,3,3,3,4),(0.,0.00627717533253951,0.00760284225092979,0.0139297013475067,
0.015489410497932,0.0221794941004095,0.0288695777028872,0.0300124526332513,
0.0348058787406976),.UNSPECIFIED.);
#421=B_SPLINE_CURVE_WITH_KNOTS('',3,(#2594,#2595,#2596,#2597,#2598,#2599,
#2600,#2601,#2602,#2603,#2604,#2605,#2606,#2607,#2608,#2609),
 .UNSPECIFIED.,.F.,.F.,(4,3,3,3,3,4),(0.00289280956487894,0.011098190957229,
0.0121981832823878,0.0132237570209313,0.0201317873361734,0.0264103279108183),
 .UNSPECIFIED.);
#422=B_SPLINE_CURVE_WITH_KNOTS('',3,(#2610,#2611,#2612,#2613,#2614,#2615,
#2616,#2617,#2618,#2619,#2620,#2621,#2622,#2623,#2624,#2625),
 .UNSPECIFIED.,.F.,.F.,(4,1,1,1,1,1,1,1,1,1,1,1,1,4),(0.107393666315855,
0.159714126513585,0.212034586711314,0.316675507106774,0.368995967304503,
0.395156197403368,0.4082363124528,0.421316427502233,0.525957347897692,0.630598268293151,
0.656758498392015,0.73523918868861,0.787559648886339,0.839880109084069),
 .UNSPECIFIED.);
#423=B_SPLINE_CURVE_WITH_KNOTS('',3,(#2630,#2631,#2632,#2633,#2634,#2635,
#2636,#2637,#2638,#2639),.UNSPECIFIED.,.F.,.F.,(4,2,2,2,4),(0.,0.0565617542289501,
0.1131235084579,0.169684861815526,0.226246215173152),.UNSPECIFIED.);
#424=B_SPLINE_CURVE_WITH_KNOTS('',3,(#2640,#2641,#2642,#2643,#2644,#2645,
#2646,#2647,#2648,#2649,#2650,#2651,#2652,#2653,#2654,#2655,#2656,#2657,
#2658,#2659,#2660,#2661,#2662,#2663,#2664,#2665),.UNSPECIFIED.,.F.,.F.,
(4,2,2,2,2,2,2,2,2,2,2,2,4),(0.226246215173152,0.282807568530778,0.339368921888404,
0.395930676117354,0.452492430346304,0.509054184575254,0.565615938804204,
0.62217729216183,0.678738645519456,0.735299998877081,0.791861352234707,
0.848423106463657,0.904984860692608),.UNSPECIFIED.);
#425=B_SPLINE_CURVE_WITH_KNOTS('',3,(#2666,#2667,#2668,#2669,#2670,#2671),
 .UNSPECIFIED.,.F.,.F.,(4,2,4),(0.158231611239296,0.226103113704062,0.293974616168829),
 .UNSPECIFIED.);
#426=B_SPLINE_CURVE_WITH_KNOTS('',3,(#2701,#2702,#2703,#2704,#2705,#2706,
#2707,#2708,#2709,#2710,#2711,#2712,#2713),.UNSPECIFIED.,.F.,.F.,(4,3,3,
3,4),(-0.0449185255080995,-0.0263436866732605,-0.0224919867086793,-0.00798639388817504,
-0.00623989038952282),.UNSPECIFIED.);
#427=B_SPLINE_CURVE_WITH_KNOTS('',3,(#2715,#2716,#2717,#2718,#2719,#2720),
 .UNSPECIFIED.,.F.,.F.,(4,2,4),(-0.302562124902504,-0.226103113704062,-0.149644102505621),
 .UNSPECIFIED.);
#428=B_SPLINE_CURVE_WITH_KNOTS('',3,(#2721,#2722,#2723,#2724,#2725,#2726,
#2727,#2728,#2729,#2730,#2731,#2732,#2733),.UNSPECIFIED.,.F.,.F.,(4,3,3,
3,4),(0.,0.0185609816414889,0.0225486894694422,0.0370506460022019,0.0386803948912088),
 .UNSPECIFIED.);
#429=B_SPLINE_CURVE_WITH_KNOTS('',3,(#2742,#2743,#2744,#2745),
 .UNSPECIFIED.,.F.,.F.,(4,4),(0.225863401340446,0.29379731961227),
 .UNSPECIFIED.);
#430=B_SPLINE_CURVE_WITH_KNOTS('',3,(#2749,#2750,#2751,#2752,#2753,#2754,
#2755,#2756,#2757,#2758,#2759,#2760,#2761,#2762,#2763,#2764,#2765,#2766,
#2767,#2768,#2769,#2770,#2771,#2772,#2773,#2774),.UNSPECIFIED.,.F.,.F.,
(4,2,2,2,2,2,2,2,2,2,2,2,4),(0.,0.0565617542289501,0.1131235084579,0.169684861815526,
0.226246215173152,0.282807568530778,0.339368921888404,0.395930676117354,
0.452492430346304,0.509054184575254,0.565615938804204,0.62217729216183,
0.678738645519456),.UNSPECIFIED.);
#431=B_SPLINE_CURVE_WITH_KNOTS('',3,(#2775,#2776,#2777,#2778,#2779,#2780,
#2781,#2782,#2783,#2784),.UNSPECIFIED.,.F.,.F.,(4,2,2,2,4),(0.678738645519456,
0.735299998877081,0.791861352234707,0.848423106463657,0.904984860692608),
 .UNSPECIFIED.);
#432=B_SPLINE_CURVE_WITH_KNOTS('',3,(#2785,#2786,#2787,#2788,#2789),
 .UNSPECIFIED.,.F.,.F.,(4,1,4),(0.158335466198856,0.213397038263051,0.225863401340446),
 .UNSPECIFIED.);
#433=B_SPLINE_CURVE_WITH_KNOTS('',3,(#2811,#2812,#2813,#2814,#2815,#2816,
#2817,#2818,#2819,#2820),.UNSPECIFIED.,.F.,.F.,(4,3,3,4),(-0.0449185255076805,
-0.0240836868061008,-0.022491986708575,-0.00623989038951857),
 .UNSPECIFIED.);
#434=B_SPLINE_CURVE_WITH_KNOTS('',3,(#2822,#2823,#2824,#2825,#2826),
 .UNSPECIFIED.,.F.,.F.,(4,1,4),(-0.302495286550732,-0.213397038263051,-0.149681945213586),
 .UNSPECIFIED.);
#435=B_SPLINE_CURVE_WITH_KNOTS('',3,(#2827,#2828,#2829,#2830,#2831,#2832,
#2833,#2834,#2835,#2836),.UNSPECIFIED.,.F.,.F.,(4,3,3,4),(0.,0.0207826676039078,
0.0225486894692386,0.038680394890719),.UNSPECIFIED.);
#436=VERTEX_POINT('',#1513);
#437=VERTEX_POINT('',#1514);
#438=VERTEX_POINT('',#1521);
#439=VERTEX_POINT('',#1613);
#440=VERTEX_POINT('',#1639);
#441=VERTEX_POINT('',#1656);
#442=VERTEX_POINT('',#1709);
#443=VERTEX_POINT('',#1720);
#444=VERTEX_POINT('',#1726);
#445=VERTEX_POINT('',#1737);
#446=VERTEX_POINT('',#1751);
#447=VERTEX_POINT('',#1762);
#448=VERTEX_POINT('',#1770);
#449=VERTEX_POINT('',#1774);
#450=VERTEX_POINT('',#1960);
#451=VERTEX_POINT('',#1986);
#452=VERTEX_POINT('',#2121);
#453=VERTEX_POINT('',#2122);
#454=VERTEX_POINT('',#2129);
#455=VERTEX_POINT('',#2224);
#456=VERTEX_POINT('',#2250);
#457=VERTEX_POINT('',#2267);
#458=VERTEX_POINT('',#2321);
#459=VERTEX_POINT('',#2332);
#460=VERTEX_POINT('',#2338);
#461=VERTEX_POINT('',#2349);
#462=VERTEX_POINT('',#2369);
#463=VERTEX_POINT('',#2377);
#464=VERTEX_POINT('',#2381);
#465=VERTEX_POINT('',#2567);
#466=VERTEX_POINT('',#2593);
#467=VERTEX_POINT('',#2627);
#468=VERTEX_POINT('',#2629);
#469=VERTEX_POINT('',#2673);
#470=VERTEX_POINT('',#2700);
#471=VERTEX_POINT('',#2714);
#472=VERTEX_POINT('',#2735);
#473=VERTEX_POINT('',#2741);
#474=VERTEX_POINT('',#2746);
#475=VERTEX_POINT('',#2748);
#476=VERTEX_POINT('',#2810);
#477=VERTEX_POINT('',#2821);
#478=VERTEX_POINT('',#2838);
#479=VERTEX_POINT('',#2842);
#480=VERTEX_POINT('',#2846);
#481=VERTEX_POINT('',#2850);
#482=VERTEX_POINT('',#2851);
#483=VERTEX_POINT('',#2854);
#484=VERTEX_POINT('',#2855);
#485=VERTEX_POINT('',#2857);
#486=VERTEX_POINT('',#2860);
#487=VERTEX_POINT('',#2861);
#488=VERTEX_POINT('',#2863);
#489=VERTEX_POINT('',#2866);
#490=VERTEX_POINT('',#2867);
#491=VERTEX_POINT('',#2869);
#492=VERTEX_POINT('',#2872);
#493=VERTEX_POINT('',#2873);
#494=VERTEX_POINT('',#2875);
#495=VERTEX_POINT('',#2879);
#496=VERTEX_POINT('',#2883);
#497=VERTEX_POINT('',#2884);
#498=VERTEX_POINT('',#2887);
#499=VERTEX_POINT('',#2888);
#500=VERTEX_POINT('',#2890);
#501=VERTEX_POINT('',#2893);
#502=VERTEX_POINT('',#2894);
#503=VERTEX_POINT('',#2896);
#504=VERTEX_POINT('',#2899);
#505=VERTEX_POINT('',#2900);
#506=VERTEX_POINT('',#2902);
#507=VERTEX_POINT('',#2905);
#508=VERTEX_POINT('',#2906);
#509=VERTEX_POINT('',#2908);
#510=VERTEX_POINT('',#2912);
#511=VERTEX_POINT('',#2913);
#512=VERTEX_POINT('',#2915);
#513=VERTEX_POINT('',#2917);
#514=VERTEX_POINT('',#2921);
#515=VERTEX_POINT('',#2922);
#516=VERTEX_POINT('',#2924);
#517=VERTEX_POINT('',#2926);
#518=VERTEX_POINT('',#2930);
#519=VERTEX_POINT('',#2931);
#520=VERTEX_POINT('',#2933);
#521=VERTEX_POINT('',#2935);
#522=VERTEX_POINT('',#2939);
#523=VERTEX_POINT('',#2940);
#524=VERTEX_POINT('',#2942);
#525=VERTEX_POINT('',#2944);
#526=VERTEX_POINT('',#2948);
#527=VERTEX_POINT('',#2950);
#528=VERTEX_POINT('',#2954);
#529=VERTEX_POINT('',#2956);
#530=VERTEX_POINT('',#2960);
#531=VERTEX_POINT('',#2962);
#532=VERTEX_POINT('',#2966);
#533=VERTEX_POINT('',#2968);
#534=VERTEX_POINT('',#2972);
#535=VERTEX_POINT('',#2974);
#536=VERTEX_POINT('',#2978);
#537=VERTEX_POINT('',#2980);
#538=VERTEX_POINT('',#2984);
#539=VERTEX_POINT('',#2986);
#540=VERTEX_POINT('',#2999);
#541=VERTEX_POINT('',#3001);
#542=EDGE_CURVE('',#436,#437,#390,.T.);
#543=EDGE_CURVE('',#437,#438,#391,.T.);
#544=EDGE_CURVE('',#438,#439,#392,.T.);
#545=EDGE_CURVE('',#439,#440,#393,.T.);
#546=EDGE_CURVE('',#440,#441,#394,.T.);
#547=EDGE_CURVE('',#441,#436,#395,.T.);
#548=EDGE_CURVE('',#442,#439,#396,.T.);
#549=EDGE_CURVE('',#442,#443,#397,.T.);
#550=EDGE_CURVE('',#443,#444,#398,.T.);
#551=EDGE_CURVE('',#445,#444,#399,.T.);
#552=EDGE_CURVE('',#445,#446,#400,.T.);
#553=EDGE_CURVE('',#446,#440,#401,.T.);
#554=EDGE_CURVE('',#438,#447,#216,.T.);
#555=EDGE_CURVE('',#444,#447,#402,.T.);
#556=EDGE_CURVE('',#443,#448,#217,.T.);
#557=EDGE_CURVE('',#448,#442,#218,.T.);
#558=EDGE_CURVE('',#449,#437,#219,.T.);
#559=EDGE_CURVE('',#447,#449,#403,.T.);
#560=EDGE_CURVE('',#449,#450,#404,.T.);
#561=EDGE_CURVE('',#450,#451,#405,.T.);
#562=EDGE_CURVE('',#451,#445,#406,.T.);
#563=EDGE_CURVE('',#452,#453,#407,.T.);
#564=EDGE_CURVE('',#453,#454,#408,.T.);
#565=EDGE_CURVE('',#454,#455,#409,.T.);
#566=EDGE_CURVE('',#455,#456,#410,.T.);
#567=EDGE_CURVE('',#456,#457,#411,.T.);
#568=EDGE_CURVE('',#457,#452,#412,.T.);
#569=EDGE_CURVE('',#458,#455,#413,.T.);
#570=EDGE_CURVE('',#458,#459,#414,.T.);
#571=EDGE_CURVE('',#459,#460,#415,.T.);
#572=EDGE_CURVE('',#461,#460,#416,.T.);
#573=EDGE_CURVE('',#461,#456,#417,.T.);
#574=EDGE_CURVE('',#454,#462,#220,.T.);
#575=EDGE_CURVE('',#460,#462,#418,.T.);
#576=EDGE_CURVE('',#459,#463,#221,.T.);
#577=EDGE_CURVE('',#463,#458,#222,.T.);
#578=EDGE_CURVE('',#464,#453,#223,.T.);
#579=EDGE_CURVE('',#462,#464,#419,.T.);
#580=EDGE_CURVE('',#464,#465,#420,.T.);
#581=EDGE_CURVE('',#465,#466,#421,.T.);
#582=EDGE_CURVE('',#466,#461,#422,.T.);
#583=EDGE_CURVE('',#446,#467,#54,.T.);
#584=EDGE_CURVE('',#468,#467,#423,.T.);
#585=EDGE_CURVE('',#467,#468,#424,.T.);
#586=EDGE_CURVE('',#441,#451,#425,.T.);
#587=EDGE_CURVE('',#448,#469,#55,.T.);
#588=EDGE_CURVE('',#469,#469,#224,.T.);
#589=EDGE_CURVE('',#470,#450,#426,.T.);
#590=EDGE_CURVE('',#470,#471,#427,.T.);
#591=EDGE_CURVE('',#471,#436,#428,.T.);
#592=EDGE_CURVE('',#471,#472,#225,.T.);
#593=EDGE_CURVE('',#472,#470,#226,.T.);
#594=EDGE_CURVE('',#463,#472,#56,.T.);
#595=EDGE_CURVE('',#473,#466,#429,.T.);
#596=EDGE_CURVE('',#473,#474,#57,.T.);
#597=EDGE_CURVE('',#475,#474,#430,.T.);
#598=EDGE_CURVE('',#474,#475,#431,.T.);
#599=EDGE_CURVE('',#457,#473,#432,.T.);
#600=EDGE_CURVE('',#476,#465,#433,.T.);
#601=EDGE_CURVE('',#476,#477,#434,.T.);
#602=EDGE_CURVE('',#477,#452,#435,.T.);
#603=EDGE_CURVE('',#477,#478,#227,.T.);
#604=EDGE_CURVE('',#478,#476,#228,.T.);
#605=EDGE_CURVE('',#479,#479,#229,.T.);
#606=EDGE_CURVE('',#479,#478,#58,.T.);
#607=EDGE_CURVE('',#480,#480,#230,.T.);
#608=EDGE_CURVE('',#480,#469,#59,.T.);
#609=EDGE_CURVE('',#481,#482,#60,.F.);
#610=EDGE_CURVE('',#482,#481,#231,.F.);
#611=EDGE_CURVE('',#483,#484,#61,.T.);
#612=EDGE_CURVE('',#484,#485,#62,.T.);
#613=EDGE_CURVE('',#485,#483,#232,.T.);
#614=EDGE_CURVE('',#486,#487,#63,.T.);
#615=EDGE_CURVE('',#487,#488,#233,.T.);
#616=EDGE_CURVE('',#488,#486,#64,.T.);
#617=EDGE_CURVE('',#489,#490,#65,.T.);
#618=EDGE_CURVE('',#490,#491,#234,.T.);
#619=EDGE_CURVE('',#491,#489,#66,.T.);
#620=EDGE_CURVE('',#492,#493,#67,.T.);
#621=EDGE_CURVE('',#493,#494,#235,.T.);
#622=EDGE_CURVE('',#494,#492,#68,.T.);
#623=EDGE_CURVE('',#495,#495,#236,.T.);
#624=EDGE_CURVE('',#495,#479,#69,.T.);
#625=EDGE_CURVE('',#496,#497,#70,.T.);
#626=EDGE_CURVE('',#497,#496,#237,.T.);
#627=EDGE_CURVE('',#498,#499,#71,.T.);
#628=EDGE_CURVE('',#499,#500,#238,.T.);
#629=EDGE_CURVE('',#500,#498,#72,.T.);
#630=EDGE_CURVE('',#501,#502,#73,.T.);
#631=EDGE_CURVE('',#502,#503,#74,.T.);
#632=EDGE_CURVE('',#503,#501,#239,.T.);
#633=EDGE_CURVE('',#504,#505,#75,.T.);
#634=EDGE_CURVE('',#505,#506,#76,.T.);
#635=EDGE_CURVE('',#506,#504,#240,.T.);
#636=EDGE_CURVE('',#507,#508,#77,.T.);
#637=EDGE_CURVE('',#508,#509,#78,.T.);
#638=EDGE_CURVE('',#509,#507,#241,.T.);
#639=EDGE_CURVE('',#510,#511,#79,.T.);
#640=EDGE_CURVE('',#512,#510,#242,.T.);
#641=EDGE_CURVE('',#513,#512,#80,.T.);
#642=EDGE_CURVE('',#511,#513,#243,.T.);
#643=EDGE_CURVE('',#514,#515,#81,.T.);
#644=EDGE_CURVE('',#516,#514,#244,.T.);
#645=EDGE_CURVE('',#517,#516,#82,.T.);
#646=EDGE_CURVE('',#515,#517,#245,.T.);
#647=EDGE_CURVE('',#518,#519,#83,.T.);
#648=EDGE_CURVE('',#520,#518,#246,.T.);
#649=EDGE_CURVE('',#521,#520,#84,.T.);
#650=EDGE_CURVE('',#519,#521,#247,.T.);
#651=EDGE_CURVE('',#522,#523,#85,.T.);
#652=EDGE_CURVE('',#524,#522,#248,.T.);
#653=EDGE_CURVE('',#525,#524,#86,.T.);
#654=EDGE_CURVE('',#523,#525,#249,.T.);
#655=EDGE_CURVE('',#519,#526,#87,.T.);
#656=EDGE_CURVE('',#527,#521,#88,.T.);
#657=EDGE_CURVE('',#527,#526,#250,.T.);
#658=EDGE_CURVE('',#511,#528,#89,.T.);
#659=EDGE_CURVE('',#529,#513,#90,.T.);
#660=EDGE_CURVE('',#529,#528,#251,.T.);
#661=EDGE_CURVE('',#530,#514,#91,.T.);
#662=EDGE_CURVE('',#530,#531,#252,.T.);
#663=EDGE_CURVE('',#516,#531,#92,.T.);
#664=EDGE_CURVE('',#532,#510,#93,.T.);
#665=EDGE_CURVE('',#532,#533,#253,.T.);
#666=EDGE_CURVE('',#512,#533,#94,.T.);
#667=EDGE_CURVE('',#515,#534,#95,.T.);
#668=EDGE_CURVE('',#535,#517,#96,.T.);
#669=EDGE_CURVE('',#535,#534,#254,.T.);
#670=EDGE_CURVE('',#536,#518,#97,.T.);
#671=EDGE_CURVE('',#536,#537,#255,.T.);
#672=EDGE_CURVE('',#520,#537,#98,.T.);
#673=EDGE_CURVE('',#523,#538,#99,.T.);
#674=EDGE_CURVE('',#539,#525,#100,.T.);
#675=EDGE_CURVE('',#539,#538,#256,.T.);
#676=EDGE_CURVE('',#528,#532,#101,.T.);
#677=EDGE_CURVE('',#533,#529,#102,.T.);
#678=EDGE_CURVE('',#534,#530,#103,.T.);
#679=EDGE_CURVE('',#531,#535,#104,.T.);
#680=EDGE_CURVE('',#526,#536,#105,.T.);
#681=EDGE_CURVE('',#537,#527,#106,.T.);
#682=EDGE_CURVE('',#538,#540,#107,.T.);
#683=EDGE_CURVE('',#541,#539,#108,.T.);
#684=EDGE_CURVE('',#540,#541,#257,.T.);
#685=EDGE_CURVE('',#540,#522,#109,.T.);
#686=EDGE_CURVE('',#524,#541,#110,.T.);
#687=EDGE_CURVE('',#492,#508,#111,.T.);
#688=EDGE_CURVE('',#493,#507,#112,.T.);
#689=EDGE_CURVE('',#494,#509,#113,.T.);
#690=EDGE_CURVE('',#489,#505,#114,.T.);
#691=EDGE_CURVE('',#490,#504,#115,.T.);
#692=EDGE_CURVE('',#491,#506,#116,.T.);
#693=EDGE_CURVE('',#486,#502,#117,.T.);
#694=EDGE_CURVE('',#487,#501,#118,.T.);
#695=EDGE_CURVE('',#488,#503,#119,.T.);
#696=EDGE_CURVE('',#483,#499,#120,.T.);
#697=EDGE_CURVE('',#484,#498,#121,.T.);
#698=EDGE_CURVE('',#485,#500,#122,.T.);
#699=EDGE_CURVE('',#482,#496,#123,.F.);
#700=EDGE_CURVE('',#481,#497,#124,.T.);
#701=ORIENTED_EDGE('',*,*,#542,.T.);
#702=ORIENTED_EDGE('',*,*,#543,.T.);
#703=ORIENTED_EDGE('',*,*,#544,.T.);
#704=ORIENTED_EDGE('',*,*,#545,.T.);
#705=ORIENTED_EDGE('',*,*,#546,.T.);
#706=ORIENTED_EDGE('',*,*,#547,.T.);
#707=ORIENTED_EDGE('',*,*,#545,.F.);
#708=ORIENTED_EDGE('',*,*,#548,.F.);
#709=ORIENTED_EDGE('',*,*,#549,.T.);
#710=ORIENTED_EDGE('',*,*,#550,.T.);
#711=ORIENTED_EDGE('',*,*,#551,.F.);
#712=ORIENTED_EDGE('',*,*,#552,.T.);
#713=ORIENTED_EDGE('',*,*,#553,.T.);
#714=ORIENTED_EDGE('',*,*,#544,.F.);
#715=ORIENTED_EDGE('',*,*,#554,.T.);
#716=ORIENTED_EDGE('',*,*,#555,.F.);
#717=ORIENTED_EDGE('',*,*,#550,.F.);
#718=ORIENTED_EDGE('',*,*,#556,.T.);
#719=ORIENTED_EDGE('',*,*,#557,.T.);
#720=ORIENTED_EDGE('',*,*,#548,.T.);
#721=ORIENTED_EDGE('',*,*,#543,.F.);
#722=ORIENTED_EDGE('',*,*,#558,.F.);
#723=ORIENTED_EDGE('',*,*,#559,.F.);
#724=ORIENTED_EDGE('',*,*,#554,.F.);
#725=ORIENTED_EDGE('',*,*,#555,.T.);
#726=ORIENTED_EDGE('',*,*,#559,.T.);
#727=ORIENTED_EDGE('',*,*,#560,.T.);
#728=ORIENTED_EDGE('',*,*,#561,.T.);
#729=ORIENTED_EDGE('',*,*,#562,.T.);
#730=ORIENTED_EDGE('',*,*,#551,.T.);
#731=ORIENTED_EDGE('',*,*,#563,.T.);
#732=ORIENTED_EDGE('',*,*,#564,.T.);
#733=ORIENTED_EDGE('',*,*,#565,.T.);
#734=ORIENTED_EDGE('',*,*,#566,.T.);
#735=ORIENTED_EDGE('',*,*,#567,.T.);
#736=ORIENTED_EDGE('',*,*,#568,.T.);
#737=ORIENTED_EDGE('',*,*,#566,.F.);
#738=ORIENTED_EDGE('',*,*,#569,.F.);
#739=ORIENTED_EDGE('',*,*,#570,.T.);
#740=ORIENTED_EDGE('',*,*,#571,.T.);
#741=ORIENTED_EDGE('',*,*,#572,.F.);
#742=ORIENTED_EDGE('',*,*,#573,.T.);
#743=ORIENTED_EDGE('',*,*,#565,.F.);
#744=ORIENTED_EDGE('',*,*,#574,.T.);
#745=ORIENTED_EDGE('',*,*,#575,.F.);
#746=ORIENTED_EDGE('',*,*,#571,.F.);
#747=ORIENTED_EDGE('',*,*,#576,.T.);
#748=ORIENTED_EDGE('',*,*,#577,.T.);
#749=ORIENTED_EDGE('',*,*,#569,.T.);
#750=ORIENTED_EDGE('',*,*,#564,.F.);
#751=ORIENTED_EDGE('',*,*,#578,.F.);
#752=ORIENTED_EDGE('',*,*,#579,.F.);
#753=ORIENTED_EDGE('',*,*,#574,.F.);
#754=ORIENTED_EDGE('',*,*,#575,.T.);
#755=ORIENTED_EDGE('',*,*,#579,.T.);
#756=ORIENTED_EDGE('',*,*,#580,.T.);
#757=ORIENTED_EDGE('',*,*,#581,.T.);
#758=ORIENTED_EDGE('',*,*,#582,.T.);
#759=ORIENTED_EDGE('',*,*,#572,.T.);
#760=ORIENTED_EDGE('',*,*,#546,.F.);
#761=ORIENTED_EDGE('',*,*,#553,.F.);
#762=ORIENTED_EDGE('',*,*,#583,.T.);
#763=ORIENTED_EDGE('',*,*,#584,.F.);
#764=ORIENTED_EDGE('',*,*,#585,.F.);
#765=ORIENTED_EDGE('',*,*,#583,.F.);
#766=ORIENTED_EDGE('',*,*,#552,.F.);
#767=ORIENTED_EDGE('',*,*,#562,.F.);
#768=ORIENTED_EDGE('',*,*,#586,.F.);
#769=ORIENTED_EDGE('',*,*,#549,.F.);
#770=ORIENTED_EDGE('',*,*,#557,.F.);
#771=ORIENTED_EDGE('',*,*,#587,.T.);
#772=ORIENTED_EDGE('',*,*,#588,.F.);
#773=ORIENTED_EDGE('',*,*,#587,.F.);
#774=ORIENTED_EDGE('',*,*,#556,.F.);
#775=ORIENTED_EDGE('',*,*,#547,.F.);
#776=ORIENTED_EDGE('',*,*,#586,.T.);
#777=ORIENTED_EDGE('',*,*,#561,.F.);
#778=ORIENTED_EDGE('',*,*,#589,.F.);
#779=ORIENTED_EDGE('',*,*,#590,.T.);
#780=ORIENTED_EDGE('',*,*,#591,.T.);
#781=ORIENTED_EDGE('',*,*,#542,.F.);
#782=ORIENTED_EDGE('',*,*,#591,.F.);
#783=ORIENTED_EDGE('',*,*,#592,.T.);
#784=ORIENTED_EDGE('',*,*,#593,.T.);
#785=ORIENTED_EDGE('',*,*,#589,.T.);
#786=ORIENTED_EDGE('',*,*,#560,.F.);
#787=ORIENTED_EDGE('',*,*,#558,.T.);
#788=ORIENTED_EDGE('',*,*,#570,.F.);
#789=ORIENTED_EDGE('',*,*,#577,.F.);
#790=ORIENTED_EDGE('',*,*,#594,.T.);
#791=ORIENTED_EDGE('',*,*,#592,.F.);
#792=ORIENTED_EDGE('',*,*,#590,.F.);
#793=ORIENTED_EDGE('',*,*,#593,.F.);
#794=ORIENTED_EDGE('',*,*,#594,.F.);
#795=ORIENTED_EDGE('',*,*,#576,.F.);
#796=ORIENTED_EDGE('',*,*,#567,.F.);
#797=ORIENTED_EDGE('',*,*,#573,.F.);
#798=ORIENTED_EDGE('',*,*,#582,.F.);
#799=ORIENTED_EDGE('',*,*,#595,.F.);
#800=ORIENTED_EDGE('',*,*,#596,.T.);
#801=ORIENTED_EDGE('',*,*,#597,.F.);
#802=ORIENTED_EDGE('',*,*,#598,.F.);
#803=ORIENTED_EDGE('',*,*,#596,.F.);
#804=ORIENTED_EDGE('',*,*,#599,.F.);
#805=ORIENTED_EDGE('',*,*,#568,.F.);
#806=ORIENTED_EDGE('',*,*,#599,.T.);
#807=ORIENTED_EDGE('',*,*,#595,.T.);
#808=ORIENTED_EDGE('',*,*,#581,.F.);
#809=ORIENTED_EDGE('',*,*,#600,.F.);
#810=ORIENTED_EDGE('',*,*,#601,.T.);
#811=ORIENTED_EDGE('',*,*,#602,.T.);
#812=ORIENTED_EDGE('',*,*,#563,.F.);
#813=ORIENTED_EDGE('',*,*,#602,.F.);
#814=ORIENTED_EDGE('',*,*,#603,.T.);
#815=ORIENTED_EDGE('',*,*,#604,.T.);
#816=ORIENTED_EDGE('',*,*,#600,.T.);
#817=ORIENTED_EDGE('',*,*,#580,.F.);
#818=ORIENTED_EDGE('',*,*,#578,.T.);
#819=ORIENTED_EDGE('',*,*,#605,.F.);
#820=ORIENTED_EDGE('',*,*,#606,.T.);
#821=ORIENTED_EDGE('',*,*,#603,.F.);
#822=ORIENTED_EDGE('',*,*,#601,.F.);
#823=ORIENTED_EDGE('',*,*,#604,.F.);
#824=ORIENTED_EDGE('',*,*,#606,.F.);
#825=ORIENTED_EDGE('',*,*,#607,.T.);
#826=ORIENTED_EDGE('',*,*,#608,.T.);
#827=ORIENTED_EDGE('',*,*,#588,.T.);
#828=ORIENTED_EDGE('',*,*,#608,.F.);
#829=ORIENTED_EDGE('',*,*,#607,.F.);
#830=ORIENTED_EDGE('',*,*,#609,.T.);
#831=ORIENTED_EDGE('',*,*,#610,.T.);
#832=ORIENTED_EDGE('',*,*,#611,.T.);
#833=ORIENTED_EDGE('',*,*,#612,.T.);
#834=ORIENTED_EDGE('',*,*,#613,.T.);
#835=ORIENTED_EDGE('',*,*,#614,.T.);
#836=ORIENTED_EDGE('',*,*,#615,.T.);
#837=ORIENTED_EDGE('',*,*,#616,.T.);
#838=ORIENTED_EDGE('',*,*,#617,.T.);
#839=ORIENTED_EDGE('',*,*,#618,.T.);
#840=ORIENTED_EDGE('',*,*,#619,.T.);
#841=ORIENTED_EDGE('',*,*,#620,.T.);
#842=ORIENTED_EDGE('',*,*,#621,.T.);
#843=ORIENTED_EDGE('',*,*,#622,.T.);
#844=ORIENTED_EDGE('',*,*,#623,.T.);
#845=ORIENTED_EDGE('',*,*,#624,.T.);
#846=ORIENTED_EDGE('',*,*,#605,.T.);
#847=ORIENTED_EDGE('',*,*,#624,.F.);
#848=ORIENTED_EDGE('',*,*,#623,.F.);
#849=ORIENTED_EDGE('',*,*,#625,.T.);
#850=ORIENTED_EDGE('',*,*,#626,.T.);
#851=ORIENTED_EDGE('',*,*,#627,.T.);
#852=ORIENTED_EDGE('',*,*,#628,.T.);
#853=ORIENTED_EDGE('',*,*,#629,.T.);
#854=ORIENTED_EDGE('',*,*,#630,.T.);
#855=ORIENTED_EDGE('',*,*,#631,.T.);
#856=ORIENTED_EDGE('',*,*,#632,.T.);
#857=ORIENTED_EDGE('',*,*,#633,.T.);
#858=ORIENTED_EDGE('',*,*,#634,.T.);
#859=ORIENTED_EDGE('',*,*,#635,.T.);
#860=ORIENTED_EDGE('',*,*,#636,.T.);
#861=ORIENTED_EDGE('',*,*,#637,.T.);
#862=ORIENTED_EDGE('',*,*,#638,.T.);
#863=ORIENTED_EDGE('',*,*,#639,.F.);
#864=ORIENTED_EDGE('',*,*,#640,.F.);
#865=ORIENTED_EDGE('',*,*,#641,.F.);
#866=ORIENTED_EDGE('',*,*,#642,.F.);
#867=ORIENTED_EDGE('',*,*,#643,.F.);
#868=ORIENTED_EDGE('',*,*,#644,.F.);
#869=ORIENTED_EDGE('',*,*,#645,.F.);
#870=ORIENTED_EDGE('',*,*,#646,.F.);
#871=ORIENTED_EDGE('',*,*,#647,.F.);
#872=ORIENTED_EDGE('',*,*,#648,.F.);
#873=ORIENTED_EDGE('',*,*,#649,.F.);
#874=ORIENTED_EDGE('',*,*,#650,.F.);
#875=ORIENTED_EDGE('',*,*,#651,.F.);
#876=ORIENTED_EDGE('',*,*,#652,.F.);
#877=ORIENTED_EDGE('',*,*,#653,.F.);
#878=ORIENTED_EDGE('',*,*,#654,.F.);
#879=ORIENTED_EDGE('',*,*,#655,.F.);
#880=ORIENTED_EDGE('',*,*,#650,.T.);
#881=ORIENTED_EDGE('',*,*,#656,.F.);
#882=ORIENTED_EDGE('',*,*,#657,.T.);
#883=ORIENTED_EDGE('',*,*,#658,.F.);
#884=ORIENTED_EDGE('',*,*,#642,.T.);
#885=ORIENTED_EDGE('',*,*,#659,.F.);
#886=ORIENTED_EDGE('',*,*,#660,.T.);
#887=ORIENTED_EDGE('',*,*,#661,.F.);
#888=ORIENTED_EDGE('',*,*,#662,.T.);
#889=ORIENTED_EDGE('',*,*,#663,.F.);
#890=ORIENTED_EDGE('',*,*,#644,.T.);
#891=ORIENTED_EDGE('',*,*,#664,.F.);
#892=ORIENTED_EDGE('',*,*,#665,.T.);
#893=ORIENTED_EDGE('',*,*,#666,.F.);
#894=ORIENTED_EDGE('',*,*,#640,.T.);
#895=ORIENTED_EDGE('',*,*,#667,.F.);
#896=ORIENTED_EDGE('',*,*,#646,.T.);
#897=ORIENTED_EDGE('',*,*,#668,.F.);
#898=ORIENTED_EDGE('',*,*,#669,.T.);
#899=ORIENTED_EDGE('',*,*,#670,.F.);
#900=ORIENTED_EDGE('',*,*,#671,.T.);
#901=ORIENTED_EDGE('',*,*,#672,.F.);
#902=ORIENTED_EDGE('',*,*,#648,.T.);
#903=ORIENTED_EDGE('',*,*,#673,.F.);
#904=ORIENTED_EDGE('',*,*,#654,.T.);
#905=ORIENTED_EDGE('',*,*,#674,.F.);
#906=ORIENTED_EDGE('',*,*,#675,.T.);
#907=ORIENTED_EDGE('',*,*,#676,.F.);
#908=ORIENTED_EDGE('',*,*,#660,.F.);
#909=ORIENTED_EDGE('',*,*,#677,.F.);
#910=ORIENTED_EDGE('',*,*,#665,.F.);
#911=ORIENTED_EDGE('',*,*,#678,.F.);
#912=ORIENTED_EDGE('',*,*,#669,.F.);
#913=ORIENTED_EDGE('',*,*,#679,.F.);
#914=ORIENTED_EDGE('',*,*,#662,.F.);
#915=ORIENTED_EDGE('',*,*,#680,.F.);
#916=ORIENTED_EDGE('',*,*,#657,.F.);
#917=ORIENTED_EDGE('',*,*,#681,.F.);
#918=ORIENTED_EDGE('',*,*,#671,.F.);
#919=ORIENTED_EDGE('',*,*,#682,.F.);
#920=ORIENTED_EDGE('',*,*,#675,.F.);
#921=ORIENTED_EDGE('',*,*,#683,.F.);
#922=ORIENTED_EDGE('',*,*,#684,.F.);
#923=ORIENTED_EDGE('',*,*,#685,.F.);
#924=ORIENTED_EDGE('',*,*,#684,.T.);
#925=ORIENTED_EDGE('',*,*,#686,.F.);
#926=ORIENTED_EDGE('',*,*,#652,.T.);
#927=ORIENTED_EDGE('',*,*,#620,.F.);
#928=ORIENTED_EDGE('',*,*,#687,.T.);
#929=ORIENTED_EDGE('',*,*,#636,.F.);
#930=ORIENTED_EDGE('',*,*,#688,.F.);
#931=ORIENTED_EDGE('',*,*,#682,.T.);
#932=ORIENTED_EDGE('',*,*,#685,.T.);
#933=ORIENTED_EDGE('',*,*,#651,.T.);
#934=ORIENTED_EDGE('',*,*,#673,.T.);
#935=ORIENTED_EDGE('',*,*,#622,.F.);
#936=ORIENTED_EDGE('',*,*,#689,.T.);
#937=ORIENTED_EDGE('',*,*,#637,.F.);
#938=ORIENTED_EDGE('',*,*,#687,.F.);
#939=ORIENTED_EDGE('',*,*,#680,.T.);
#940=ORIENTED_EDGE('',*,*,#670,.T.);
#941=ORIENTED_EDGE('',*,*,#647,.T.);
#942=ORIENTED_EDGE('',*,*,#655,.T.);
#943=ORIENTED_EDGE('',*,*,#621,.F.);
#944=ORIENTED_EDGE('',*,*,#688,.T.);
#945=ORIENTED_EDGE('',*,*,#638,.F.);
#946=ORIENTED_EDGE('',*,*,#689,.F.);
#947=ORIENTED_EDGE('',*,*,#597,.T.);
#948=ORIENTED_EDGE('',*,*,#598,.T.);
#949=ORIENTED_EDGE('',*,*,#617,.F.);
#950=ORIENTED_EDGE('',*,*,#690,.T.);
#951=ORIENTED_EDGE('',*,*,#633,.F.);
#952=ORIENTED_EDGE('',*,*,#691,.F.);
#953=ORIENTED_EDGE('',*,*,#678,.T.);
#954=ORIENTED_EDGE('',*,*,#661,.T.);
#955=ORIENTED_EDGE('',*,*,#643,.T.);
#956=ORIENTED_EDGE('',*,*,#667,.T.);
#957=ORIENTED_EDGE('',*,*,#619,.F.);
#958=ORIENTED_EDGE('',*,*,#692,.T.);
#959=ORIENTED_EDGE('',*,*,#634,.F.);
#960=ORIENTED_EDGE('',*,*,#690,.F.);
#961=ORIENTED_EDGE('',*,*,#676,.T.);
#962=ORIENTED_EDGE('',*,*,#664,.T.);
#963=ORIENTED_EDGE('',*,*,#639,.T.);
#964=ORIENTED_EDGE('',*,*,#658,.T.);
#965=ORIENTED_EDGE('',*,*,#618,.F.);
#966=ORIENTED_EDGE('',*,*,#691,.T.);
#967=ORIENTED_EDGE('',*,*,#635,.F.);
#968=ORIENTED_EDGE('',*,*,#692,.F.);
#969=ORIENTED_EDGE('',*,*,#584,.T.);
#970=ORIENTED_EDGE('',*,*,#585,.T.);
#971=ORIENTED_EDGE('',*,*,#614,.F.);
#972=ORIENTED_EDGE('',*,*,#693,.T.);
#973=ORIENTED_EDGE('',*,*,#630,.F.);
#974=ORIENTED_EDGE('',*,*,#694,.F.);
#975=ORIENTED_EDGE('',*,*,#677,.T.);
#976=ORIENTED_EDGE('',*,*,#659,.T.);
#977=ORIENTED_EDGE('',*,*,#641,.T.);
#978=ORIENTED_EDGE('',*,*,#666,.T.);
#979=ORIENTED_EDGE('',*,*,#616,.F.);
#980=ORIENTED_EDGE('',*,*,#695,.T.);
#981=ORIENTED_EDGE('',*,*,#631,.F.);
#982=ORIENTED_EDGE('',*,*,#693,.F.);
#983=ORIENTED_EDGE('',*,*,#683,.T.);
#984=ORIENTED_EDGE('',*,*,#674,.T.);
#985=ORIENTED_EDGE('',*,*,#653,.T.);
#986=ORIENTED_EDGE('',*,*,#686,.T.);
#987=ORIENTED_EDGE('',*,*,#615,.F.);
#988=ORIENTED_EDGE('',*,*,#694,.T.);
#989=ORIENTED_EDGE('',*,*,#632,.F.);
#990=ORIENTED_EDGE('',*,*,#695,.F.);
#991=ORIENTED_EDGE('',*,*,#611,.F.);
#992=ORIENTED_EDGE('',*,*,#696,.T.);
#993=ORIENTED_EDGE('',*,*,#627,.F.);
#994=ORIENTED_EDGE('',*,*,#697,.F.);
#995=ORIENTED_EDGE('',*,*,#679,.T.);
#996=ORIENTED_EDGE('',*,*,#668,.T.);
#997=ORIENTED_EDGE('',*,*,#645,.T.);
#998=ORIENTED_EDGE('',*,*,#663,.T.);
#999=ORIENTED_EDGE('',*,*,#613,.F.);
#1000=ORIENTED_EDGE('',*,*,#698,.T.);
#1001=ORIENTED_EDGE('',*,*,#628,.F.);
#1002=ORIENTED_EDGE('',*,*,#696,.F.);
#1003=ORIENTED_EDGE('',*,*,#612,.F.);
#1004=ORIENTED_EDGE('',*,*,#697,.T.);
#1005=ORIENTED_EDGE('',*,*,#629,.F.);
#1006=ORIENTED_EDGE('',*,*,#698,.F.);
#1007=ORIENTED_EDGE('',*,*,#681,.T.);
#1008=ORIENTED_EDGE('',*,*,#656,.T.);
#1009=ORIENTED_EDGE('',*,*,#649,.T.);
#1010=ORIENTED_EDGE('',*,*,#672,.T.);
#1011=ORIENTED_EDGE('',*,*,#610,.F.);
#1012=ORIENTED_EDGE('',*,*,#699,.T.);
#1013=ORIENTED_EDGE('',*,*,#626,.F.);
#1014=ORIENTED_EDGE('',*,*,#700,.F.);
#1015=ORIENTED_EDGE('',*,*,#609,.F.);
#1016=ORIENTED_EDGE('',*,*,#700,.T.);
#1017=ORIENTED_EDGE('',*,*,#625,.F.);
#1018=ORIENTED_EDGE('',*,*,#699,.F.);
#1019=B_SPLINE_SURFACE_WITH_KNOTS('',3,3,((#1417,#1418,#1419,#1420,#1421,
#1422,#1423,#1424,#1425,#1426,#1427,#1428,#1429,#1430,#1431,#1432),(#1433,
#1434,#1435,#1436,#1437,#1438,#1439,#1440,#1441,#1442,#1443,#1444,#1445,
#1446,#1447,#1448),(#1449,#1450,#1451,#1452,#1453,#1454,#1455,#1456,#1457,
#1458,#1459,#1460,#1461,#1462,#1463,#1464),(#1465,#1466,#1467,#1468,#1469,
#1470,#1471,#1472,#1473,#1474,#1475,#1476,#1477,#1478,#1479,#1480),(#1481,
#1482,#1483,#1484,#1485,#1486,#1487,#1488,#1489,#1490,#1491,#1492,#1493,
#1494,#1495,#1496),(#1497,#1498,#1499,#1500,#1501,#1502,#1503,#1504,#1505,
#1506,#1507,#1508,#1509,#1510,#1511,#1512)),.UNSPECIFIED.,.F.,.F.,.F.,(4,
1,1,4),(4,1,1,1,1,1,1,1,1,1,1,1,1,4),(0.,0.285714285714286,0.571428571428571,
1.),(0.107393666315947,0.15971412651367,0.212034586711393,0.316675507106839,
0.368995967304562,0.395156197403424,0.421316427502285,0.473636887700009,
0.525957347897732,0.630598268293178,0.656758498392039,0.735239188688624,
0.787559648886347,0.83988010908407),.UNSPECIFIED.);
#1020=B_SPLINE_SURFACE_WITH_KNOTS('',3,3,((#1689,#1690,#1691,#1692,#1693),
(#1694,#1695,#1696,#1697,#1698),(#1699,#1700,#1701,#1702,#1703),(#1704,
#1705,#1706,#1707,#1708)),.UNSPECIFIED.,.F.,.F.,.F.,(4,4),(4,1,4),(0.,1.),
(0.589366813025121,0.691015416553197,0.767251869199254),.UNSPECIFIED.);
#1021=B_SPLINE_SURFACE_WITH_KNOTS('',3,3,((#1864,#1865,#1866,#1867,#1868,
#1869,#1870,#1871,#1872,#1873,#1874,#1875,#1876,#1877,#1878,#1879),(#1880,
#1881,#1882,#1883,#1884,#1885,#1886,#1887,#1888,#1889,#1890,#1891,#1892,
#1893,#1894,#1895),(#1896,#1897,#1898,#1899,#1900,#1901,#1902,#1903,#1904,
#1905,#1906,#1907,#1908,#1909,#1910,#1911),(#1912,#1913,#1914,#1915,#1916,
#1917,#1918,#1919,#1920,#1921,#1922,#1923,#1924,#1925,#1926,#1927),(#1928,
#1929,#1930,#1931,#1932,#1933,#1934,#1935,#1936,#1937,#1938,#1939,#1940,
#1941,#1942,#1943),(#1944,#1945,#1946,#1947,#1948,#1949,#1950,#1951,#1952,
#1953,#1954,#1955,#1956,#1957,#1958,#1959)),.UNSPECIFIED.,.F.,.F.,.F.,(4,
1,1,4),(4,1,1,1,1,1,1,1,1,1,1,1,1,4),(0.,0.285714285714286,0.571428571428571,
1.),(0.10739366631588,0.159714126513608,0.212034586711335,0.316675507106791,
0.368995967304519,0.395156197403383,0.408236312452815,0.421316427502247,
0.525957347897703,0.630598268293159,0.656758498392023,0.735239188688614,
0.787559648886342,0.83988010908407),.UNSPECIFIED.);
#1022=B_SPLINE_SURFACE_WITH_KNOTS('',3,3,((#2019,#2020,#2021,#2022,#2023,
#2024,#2025,#2026,#2027,#2028,#2029,#2030,#2031,#2032,#2033,#2034,#2035),
(#2036,#2037,#2038,#2039,#2040,#2041,#2042,#2043,#2044,#2045,#2046,#2047,
#2048,#2049,#2050,#2051,#2052),(#2053,#2054,#2055,#2056,#2057,#2058,#2059,
#2060,#2061,#2062,#2063,#2064,#2065,#2066,#2067,#2068,#2069),(#2070,#2071,
#2072,#2073,#2074,#2075,#2076,#2077,#2078,#2079,#2080,#2081,#2082,#2083,
#2084,#2085,#2086),(#2087,#2088,#2089,#2090,#2091,#2092,#2093,#2094,#2095,
#2096,#2097,#2098,#2099,#2100,#2101,#2102,#2103),(#2104,#2105,#2106,#2107,
#2108,#2109,#2110,#2111,#2112,#2113,#2114,#2115,#2116,#2117,#2118,#2119,
#2120)),.UNSPECIFIED.,.F.,.F.,.F.,(4,1,1,4),(4,1,1,1,1,1,1,1,1,1,1,1,1,
1,4),(0.,0.285714285714286,0.571428571428571,1.),(0.107393666315914,0.15971412651364,
0.212034586711365,0.316675507106816,0.368995967304541,0.395156197403404,
0.408236312452835,0.421316427502266,0.473636887699992,0.525957347897717,
0.630598268293168,0.65675849839203,0.735239188688618,0.787559648886344,
0.839880109084069),.UNSPECIFIED.);
#1023=B_SPLINE_SURFACE_WITH_KNOTS('',3,3,((#2301,#2302,#2303,#2304,#2305),
(#2306,#2307,#2308,#2309,#2310),(#2311,#2312,#2313,#2314,#2315),(#2316,
#2317,#2318,#2319,#2320)),.UNSPECIFIED.,.F.,.F.,.F.,(4,4),(4,1,4),(0.,1.),
(0.58936681302512,0.665603265671179,0.767251869199257),.UNSPECIFIED.);
#1024=B_SPLINE_SURFACE_WITH_KNOTS('',3,3,((#2471,#2472,#2473,#2474,#2475,
#2476,#2477,#2478,#2479,#2480,#2481,#2482,#2483,#2484,#2485,#2486),(#2487,
#2488,#2489,#2490,#2491,#2492,#2493,#2494,#2495,#2496,#2497,#2498,#2499,
#2500,#2501,#2502),(#2503,#2504,#2505,#2506,#2507,#2508,#2509,#2510,#2511,
#2512,#2513,#2514,#2515,#2516,#2517,#2518),(#2519,#2520,#2521,#2522,#2523,
#2524,#2525,#2526,#2527,#2528,#2529,#2530,#2531,#2532,#2533,#2534),(#2535,
#2536,#2537,#2538,#2539,#2540,#2541,#2542,#2543,#2544,#2545,#2546,#2547,
#2548,#2549,#2550),(#2551,#2552,#2553,#2554,#2555,#2556,#2557,#2558,#2559,
#2560,#2561,#2562,#2563,#2564,#2565,#2566)),.UNSPECIFIED.,.F.,.F.,.F.,(4,
1,1,4),(4,1,1,1,1,1,1,1,1,1,1,1,1,4),(0.,0.285714285714286,0.571428571428571,
1.),(0.107393666315855,0.159714126513585,0.212034586711314,0.316675507106774,
0.368995967304503,0.395156197403368,0.4082363124528,0.421316427502233,0.525957347897692,
0.630598268293151,0.656758498392015,0.73523918868861,0.787559648886339,
0.839880109084069),.UNSPECIFIED.);
#1025=B_SPLINE_SURFACE_WITH_KNOTS('',3,3,((#2676,#2677,#2678,#2679,#2680,
#2681),(#2682,#2683,#2684,#2685,#2686,#2687),(#2688,#2689,#2690,#2691,#2692,
#2693),(#2694,#2695,#2696,#2697,#2698,#2699)),.UNSPECIFIED.,.F.,.F.,.F.,
(4,4),(4,2,4),(0.,1.),(0.137160585616994,0.226103113704062,0.315045641791129),
 .UNSPECIFIED.);
#1026=B_SPLINE_SURFACE_WITH_KNOTS('',3,3,((#2790,#2791,#2792,#2793,#2794),
(#2795,#2796,#2797,#2798,#2799),(#2800,#2801,#2802,#2803,#2804),(#2805,
#2806,#2807,#2808,#2809)),.UNSPECIFIED.,.F.,.F.,.F.,(4,4),(4,1,4),(0.,1.),
(0.137160585616992,0.213397038263051,0.31504564179113),.UNSPECIFIED.);
#1027=ADVANCED_FACE('',(#264),#1019,.F.);
#1028=ADVANCED_FACE('',(#265),#1020,.T.);
#1029=ADVANCED_FACE('',(#266),#258,.T.);
#1030=ADVANCED_FACE('',(#267),#214,.F.);
#1031=ADVANCED_FACE('',(#268),#1021,.F.);
#1032=ADVANCED_FACE('',(#269),#1022,.F.);
#1033=ADVANCED_FACE('',(#270),#1023,.T.);
#1034=ADVANCED_FACE('',(#271),#259,.T.);
#1035=ADVANCED_FACE('',(#272),#215,.F.);
#1036=ADVANCED_FACE('',(#273),#1024,.F.);
#1037=ADVANCED_FACE('',(#274),#196,.F.);
#1038=ADVANCED_FACE('',(#275),#197,.T.);
#1039=ADVANCED_FACE('',(#276),#1025,.T.);
#1040=ADVANCED_FACE('',(#277),#260,.T.);
#1041=ADVANCED_FACE('',(#278),#198,.T.);
#1042=ADVANCED_FACE('',(#279),#199,.F.);
#1043=ADVANCED_FACE('',(#280),#1026,.T.);
#1044=ADVANCED_FACE('',(#281),#261,.T.);
#1045=ADVANCED_FACE('',(#282),#200,.T.);
#1046=ADVANCED_FACE('',(#283),#262,.T.);
#1047=ADVANCED_FACE('',(#284,#15,#16,#17,#18,#19),#35,.T.);
#1048=ADVANCED_FACE('',(#285),#263,.T.);
#1049=ADVANCED_FACE('',(#286,#20,#21,#22,#23,#24),#36,.F.);
#1050=ADVANCED_FACE('',(#287),#37,.F.);
#1051=ADVANCED_FACE('',(#288),#38,.F.);
#1052=ADVANCED_FACE('',(#289),#39,.F.);
#1053=ADVANCED_FACE('',(#290),#40,.F.);
#1054=ADVANCED_FACE('',(#291),#201,.F.);
#1055=ADVANCED_FACE('',(#292),#202,.F.);
#1056=ADVANCED_FACE('',(#293),#203,.F.);
#1057=ADVANCED_FACE('',(#294),#204,.T.);
#1058=ADVANCED_FACE('',(#295),#205,.T.);
#1059=ADVANCED_FACE('',(#296),#206,.T.);
#1060=ADVANCED_FACE('',(#297),#207,.T.);
#1061=ADVANCED_FACE('',(#298),#41,.T.);
#1062=ADVANCED_FACE('',(#299),#42,.T.);
#1063=ADVANCED_FACE('',(#300),#43,.T.);
#1064=ADVANCED_FACE('',(#301),#44,.T.);
#1065=ADVANCED_FACE('',(#302),#208,.F.);
#1066=ADVANCED_FACE('',(#303,#25),#45,.F.);
#1067=ADVANCED_FACE('',(#304,#26),#46,.F.);
#1068=ADVANCED_FACE('',(#305,#27),#209,.F.);
#1069=ADVANCED_FACE('',(#306,#28),#47,.F.);
#1070=ADVANCED_FACE('',(#307,#29),#48,.F.);
#1071=ADVANCED_FACE('',(#308,#30),#210,.F.);
#1072=ADVANCED_FACE('',(#309,#31),#49,.F.);
#1073=ADVANCED_FACE('',(#310,#32),#50,.F.);
#1074=ADVANCED_FACE('',(#311),#211,.F.);
#1075=ADVANCED_FACE('',(#312,#33),#51,.F.);
#1076=ADVANCED_FACE('',(#313),#212,.F.);
#1077=ADVANCED_FACE('',(#314,#34),#52,.F.);
#1078=ADVANCED_FACE('',(#315),#213,.F.);
#1079=ADVANCED_FACE('',(#316),#53,.T.);
#1080=CLOSED_SHELL('',(#1027,#1028,#1029,#1030,#1031,#1032,#1033,#1034,
#1035,#1036,#1037,#1038,#1039,#1040,#1041,#1042,#1043,#1044,#1045,#1046,
#1047,#1048,#1049,#1050,#1051,#1052,#1053,#1054,#1055,#1056,#1057,#1058,
#1059,#1060,#1061,#1062,#1063,#1064,#1065,#1066,#1067,#1068,#1069,#1070,
#1071,#1072,#1073,#1074,#1075,#1076,#1077,#1078,#1079));
#1081=AXIS2_PLACEMENT_3D('',#1416,#1169,#1170);
#1082=AXIS2_PLACEMENT_3D('',#1761,#1171,#1172);
#1083=AXIS2_PLACEMENT_3D('',#1763,#1173,#1174);
#1084=AXIS2_PLACEMENT_3D('',#1771,#1175,#1176);
#1085=AXIS2_PLACEMENT_3D('',#1772,#1177,#1178);
#1086=AXIS2_PLACEMENT_3D('',#1773,#1179,#1180);
#1087=AXIS2_PLACEMENT_3D('',#1775,#1181,#1182);
#1088=AXIS2_PLACEMENT_3D('',#2368,#1183,#1184);
#1089=AXIS2_PLACEMENT_3D('',#2370,#1185,#1186);
#1090=AXIS2_PLACEMENT_3D('',#2378,#1187,#1188);
#1091=AXIS2_PLACEMENT_3D('',#2379,#1189,#1190);
#1092=AXIS2_PLACEMENT_3D('',#2380,#1191,#1192);
#1093=AXIS2_PLACEMENT_3D('',#2382,#1193,#1194);
#1094=AXIS2_PLACEMENT_3D('',#2626,#1195,#1196);
#1095=AXIS2_PLACEMENT_3D('',#2672,#1198,#1199);
#1096=AXIS2_PLACEMENT_3D('',#2675,#1201,#1202);
#1097=AXIS2_PLACEMENT_3D('',#2734,#1203,#1204);
#1098=AXIS2_PLACEMENT_3D('',#2736,#1205,#1206);
#1099=AXIS2_PLACEMENT_3D('',#2737,#1207,#1208);
#1100=AXIS2_PLACEMENT_3D('',#2738,#1209,#1210);
#1101=AXIS2_PLACEMENT_3D('',#2740,#1212,#1213);
#1102=AXIS2_PLACEMENT_3D('',#2837,#1215,#1216);
#1103=AXIS2_PLACEMENT_3D('',#2839,#1217,#1218);
#1104=AXIS2_PLACEMENT_3D('',#2840,#1219,#1220);
#1105=AXIS2_PLACEMENT_3D('',#2841,#1221,#1222);
#1106=AXIS2_PLACEMENT_3D('',#2843,#1223,#1224);
#1107=AXIS2_PLACEMENT_3D('',#2845,#1226,#1227);
#1108=AXIS2_PLACEMENT_3D('',#2847,#1228,#1229);
#1109=AXIS2_PLACEMENT_3D('',#2849,#1231,#1232);
#1110=AXIS2_PLACEMENT_3D('',#2853,#1234,#1235);
#1111=AXIS2_PLACEMENT_3D('',#2859,#1238,#1239);
#1112=AXIS2_PLACEMENT_3D('',#2864,#1241,#1242);
#1113=AXIS2_PLACEMENT_3D('',#2870,#1245,#1246);
#1114=AXIS2_PLACEMENT_3D('',#2876,#1249,#1250);
#1115=AXIS2_PLACEMENT_3D('',#2878,#1252,#1253);
#1116=AXIS2_PLACEMENT_3D('',#2880,#1254,#1255);
#1117=AXIS2_PLACEMENT_3D('',#2882,#1257,#1258);
#1118=AXIS2_PLACEMENT_3D('',#2886,#1260,#1261);
#1119=AXIS2_PLACEMENT_3D('',#2891,#1263,#1264);
#1120=AXIS2_PLACEMENT_3D('',#2898,#1268,#1269);
#1121=AXIS2_PLACEMENT_3D('',#2904,#1272,#1273);
#1122=AXIS2_PLACEMENT_3D('',#2910,#1276,#1277);
#1123=AXIS2_PLACEMENT_3D('',#2911,#1278,#1279);
#1124=AXIS2_PLACEMENT_3D('',#2916,#1281,#1282);
#1125=AXIS2_PLACEMENT_3D('',#2919,#1284,#1285);
#1126=AXIS2_PLACEMENT_3D('',#2920,#1286,#1287);
#1127=AXIS2_PLACEMENT_3D('',#2925,#1289,#1290);
#1128=AXIS2_PLACEMENT_3D('',#2928,#1292,#1293);
#1129=AXIS2_PLACEMENT_3D('',#2929,#1294,#1295);
#1130=AXIS2_PLACEMENT_3D('',#2934,#1297,#1298);
#1131=AXIS2_PLACEMENT_3D('',#2937,#1300,#1301);
#1132=AXIS2_PLACEMENT_3D('',#2938,#1302,#1303);
#1133=AXIS2_PLACEMENT_3D('',#2943,#1305,#1306);
#1134=AXIS2_PLACEMENT_3D('',#2946,#1308,#1309);
#1135=AXIS2_PLACEMENT_3D('',#2947,#1310,#1311);
#1136=AXIS2_PLACEMENT_3D('',#2952,#1314,#1315);
#1137=AXIS2_PLACEMENT_3D('',#2953,#1316,#1317);
#1138=AXIS2_PLACEMENT_3D('',#2958,#1320,#1321);
#1139=AXIS2_PLACEMENT_3D('',#2959,#1322,#1323);
#1140=AXIS2_PLACEMENT_3D('',#2963,#1325,#1326);
#1141=AXIS2_PLACEMENT_3D('',#2965,#1328,#1329);
#1142=AXIS2_PLACEMENT_3D('',#2969,#1331,#1332);
#1143=AXIS2_PLACEMENT_3D('',#2971,#1334,#1335);
#1144=AXIS2_PLACEMENT_3D('',#2976,#1338,#1339);
#1145=AXIS2_PLACEMENT_3D('',#2977,#1340,#1341);
#1146=AXIS2_PLACEMENT_3D('',#2981,#1343,#1344);
#1147=AXIS2_PLACEMENT_3D('',#2983,#1346,#1347);
#1148=AXIS2_PLACEMENT_3D('',#2988,#1350,#1351);
#1149=AXIS2_PLACEMENT_3D('',#2989,#1352,#1353);
#1150=AXIS2_PLACEMENT_3D('',#2992,#1356,#1357);
#1151=AXIS2_PLACEMENT_3D('',#2995,#1360,#1361);
#1152=AXIS2_PLACEMENT_3D('',#2998,#1364,#1365);
#1153=AXIS2_PLACEMENT_3D('',#3003,#1368,#1369);
#1154=AXIS2_PLACEMENT_3D('',#3004,#1370,#1371);
#1155=AXIS2_PLACEMENT_3D('',#3007,#1374,#1375);
#1156=AXIS2_PLACEMENT_3D('',#3010,#1378,#1379);
#1157=AXIS2_PLACEMENT_3D('',#3012,#1381,#1382);
#1158=AXIS2_PLACEMENT_3D('',#3013,#1383,#1384);
#1159=AXIS2_PLACEMENT_3D('',#3016,#1387,#1388);
#1160=AXIS2_PLACEMENT_3D('',#3018,#1390,#1391);
#1161=AXIS2_PLACEMENT_3D('',#3019,#1392,#1393);
#1162=AXIS2_PLACEMENT_3D('',#3022,#1396,#1397);
#1163=AXIS2_PLACEMENT_3D('',#3024,#1399,#1400);
#1164=AXIS2_PLACEMENT_3D('',#3025,#1401,#1402);
#1165=AXIS2_PLACEMENT_3D('',#3028,#1405,#1406);
#1166=AXIS2_PLACEMENT_3D('',#3030,#1408,#1409);
#1167=AXIS2_PLACEMENT_3D('',#3031,#1410,#1411);
#1168=AXIS2_PLACEMENT_3D('',#3034,#1414,#1415);
#1169=DIRECTION('axis',(0.,0.,1.));
#1170=DIRECTION('refdir',(1.,0.,0.));
#1171=DIRECTION('center_axis',(0.,0.,1.));
#1172=DIRECTION('ref_axis',(1.83697019872103E-16,1.,0.));
#1173=DIRECTION('center_axis',(0.,0.,1.));
#1174=DIRECTION('ref_axis',(-1.,0.,0.));
#1175=DIRECTION('center_axis',(0.,0.,-1.));
#1176=DIRECTION('ref_axis',(-1.,0.,0.));
#1177=DIRECTION('center_axis',(0.,0.,-1.));
#1178=DIRECTION('ref_axis',(-1.,0.,0.));
#1179=DIRECTION('center_axis',(0.,0.,1.));
#1180=DIRECTION('ref_axis',(1.83697019872103E-16,-1.,0.));
#1181=DIRECTION('center_axis',(0.,0.,-1.));
#1182=DIRECTION('ref_axis',(-1.,0.,0.));
#1183=DIRECTION('center_axis',(0.,0.,1.));
#1184=DIRECTION('ref_axis',(3.82856869892695E-16,-1.,0.));
#1185=DIRECTION('center_axis',(0.,0.,1.));
#1186=DIRECTION('ref_axis',(-1.,0.,0.));
#1187=DIRECTION('center_axis',(0.,0.,-1.));
#1188=DIRECTION('ref_axis',(-1.,0.,0.));
#1189=DIRECTION('center_axis',(0.,0.,-1.));
#1190=DIRECTION('ref_axis',(-1.,0.,0.));
#1191=DIRECTION('center_axis',(0.,0.,-1.));
#1192=DIRECTION('ref_axis',(-6.12323399573677E-17,-1.,0.));
#1193=DIRECTION('center_axis',(0.,0.,-1.));
#1194=DIRECTION('ref_axis',(-1.,0.,0.));
#1195=DIRECTION('center_axis',(-1.22464679914735E-16,1.,0.));
#1196=DIRECTION('ref_axis',(0.,0.,-1.));
#1197=DIRECTION('',(-1.22464679914735E-16,1.,0.));
#1198=DIRECTION('center_axis',(0.,0.,-1.));
#1199=DIRECTION('ref_axis',(-1.,0.,0.));
#1200=DIRECTION('',(0.,0.,1.));
#1201=DIRECTION('center_axis',(0.,0.,1.));
#1202=DIRECTION('ref_axis',(-1.,0.,0.));
#1203=DIRECTION('center_axis',(0.,0.,-1.));
#1204=DIRECTION('ref_axis',(1.83697019872103E-16,1.,0.));
#1205=DIRECTION('center_axis',(0.,0.,1.));
#1206=DIRECTION('ref_axis',(-1.,0.,0.));
#1207=DIRECTION('center_axis',(0.,0.,1.));
#1208=DIRECTION('ref_axis',(-1.,0.,0.));
#1209=DIRECTION('center_axis',(0.,0.,-1.));
#1210=DIRECTION('ref_axis',(-1.,0.,0.));
#1211=DIRECTION('',(0.,0.,1.));
#1212=DIRECTION('center_axis',(2.44929359829471E-16,-1.,0.));
#1213=DIRECTION('ref_axis',(0.,0.,1.));
#1214=DIRECTION('',(2.44929359829471E-16,-1.,0.));
#1215=DIRECTION('center_axis',(0.,0.,-1.));
#1216=DIRECTION('ref_axis',(-6.12323399573677E-17,-1.,0.));
#1217=DIRECTION('center_axis',(0.,0.,1.));
#1218=DIRECTION('ref_axis',(-1.,0.,0.));
#1219=DIRECTION('center_axis',(0.,0.,1.));
#1220=DIRECTION('ref_axis',(-1.,0.,0.));
#1221=DIRECTION('center_axis',(0.,0.,-1.));
#1222=DIRECTION('ref_axis',(-1.,0.,0.));
#1223=DIRECTION('center_axis',(0.,0.,-1.));
#1224=DIRECTION('ref_axis',(-1.,0.,0.));
#1225=DIRECTION('',(0.,0.,1.));
#1226=DIRECTION('center_axis',(0.,0.,-1.));
#1227=DIRECTION('ref_axis',(-1.,0.,0.));
#1228=DIRECTION('center_axis',(0.,0.,-1.));
#1229=DIRECTION('ref_axis',(-1.,0.,0.));
#1230=DIRECTION('',(0.707106781186547,8.65956056235493E-17,-0.707106781186548));
#1231=DIRECTION('center_axis',(0.,0.,1.));
#1232=DIRECTION('ref_axis',(-1.,0.,0.));
#1233=DIRECTION('',(1.,0.,0.));
#1234=DIRECTION('center_axis',(0.,0.,1.));
#1235=DIRECTION('ref_axis',(0.6,-0.8,0.));
#1236=DIRECTION('',(-0.707106781186548,0.707106781186547,0.));
#1237=DIRECTION('',(0.707106781186548,0.707106781186548,0.));
#1238=DIRECTION('center_axis',(0.,0.,-1.));
#1239=DIRECTION('ref_axis',(1.,0.,0.));
#1240=DIRECTION('',(-0.707106781186548,-0.707106781186547,0.));
#1241=DIRECTION('center_axis',(0.,0.,-1.));
#1242=DIRECTION('ref_axis',(1.,0.,0.));
#1243=DIRECTION('',(0.707106781186548,-0.707106781186547,0.));
#1244=DIRECTION('',(0.707106781186548,-0.707106781186547,0.));
#1245=DIRECTION('center_axis',(0.,0.,-1.));
#1246=DIRECTION('ref_axis',(1.,0.,0.));
#1247=DIRECTION('',(0.707106781186547,0.707106781186548,0.));
#1248=DIRECTION('',(-0.707106781186547,0.707106781186548,0.));
#1249=DIRECTION('center_axis',(0.,0.,-1.));
#1250=DIRECTION('ref_axis',(1.,0.,0.));
#1251=DIRECTION('',(-0.707106781186547,-0.707106781186548,0.));
#1252=DIRECTION('center_axis',(0.,0.,1.));
#1253=DIRECTION('ref_axis',(-1.,0.,0.));
#1254=DIRECTION('center_axis',(0.,0.,1.));
#1255=DIRECTION('ref_axis',(-1.,0.,0.));
#1256=DIRECTION('',(0.707106781186547,-8.65956056235493E-17,0.707106781186548));
#1257=DIRECTION('center_axis',(0.,0.,1.));
#1258=DIRECTION('ref_axis',(-1.,0.,0.));
#1259=DIRECTION('',(1.,0.,0.));
#1260=DIRECTION('center_axis',(0.,0.,1.));
#1261=DIRECTION('ref_axis',(0.6,-0.8,0.));
#1262=DIRECTION('',(0.707106781186548,-0.707106781186547,0.));
#1263=DIRECTION('center_axis',(0.,0.,1.));
#1264=DIRECTION('ref_axis',(1.,0.,0.));
#1265=DIRECTION('',(-0.707106781186548,-0.707106781186548,0.));
#1266=DIRECTION('',(0.707106781186548,0.707106781186547,0.));
#1267=DIRECTION('',(-0.707106781186548,0.707106781186547,0.));
#1268=DIRECTION('center_axis',(0.,0.,1.));
#1269=DIRECTION('ref_axis',(1.,0.,0.));
#1270=DIRECTION('',(-0.707106781186548,0.707106781186547,0.));
#1271=DIRECTION('',(-0.707106781186547,-0.707106781186548,0.));
#1272=DIRECTION('center_axis',(0.,0.,1.));
#1273=DIRECTION('ref_axis',(1.,0.,0.));
#1274=DIRECTION('',(0.707106781186547,-0.707106781186548,0.));
#1275=DIRECTION('',(0.707106781186547,0.707106781186548,0.));
#1276=DIRECTION('center_axis',(0.,0.,1.));
#1277=DIRECTION('ref_axis',(1.,0.,0.));
#1278=DIRECTION('center_axis',(0.,0.,-1.));
#1279=DIRECTION('ref_axis',(-1.,0.,0.));
#1280=DIRECTION('',(-0.707106781186547,-0.707106781186548,0.));
#1281=DIRECTION('center_axis',(0.,0.,1.));
#1282=DIRECTION('ref_axis',(-1.,0.,0.));
#1283=DIRECTION('',(0.707106781186548,0.707106781186547,0.));
#1284=DIRECTION('center_axis',(0.,0.,-1.));
#1285=DIRECTION('ref_axis',(-1.,0.,0.));
#1286=DIRECTION('center_axis',(0.,0.,-1.));
#1287=DIRECTION('ref_axis',(-1.,0.,0.));
#1288=DIRECTION('',(-0.707106781186548,0.707106781186547,0.));
#1289=DIRECTION('center_axis',(0.,0.,-1.));
#1290=DIRECTION('ref_axis',(-1.,0.,0.));
#1291=DIRECTION('',(0.707106781186548,-0.707106781186547,0.));
#1292=DIRECTION('center_axis',(0.,0.,1.));
#1293=DIRECTION('ref_axis',(-1.,0.,0.));
#1294=DIRECTION('center_axis',(0.,0.,-1.));
#1295=DIRECTION('ref_axis',(-1.,0.,0.));
#1296=DIRECTION('',(0.707106781186547,0.707106781186548,0.));
#1297=DIRECTION('center_axis',(0.,0.,1.));
#1298=DIRECTION('ref_axis',(-1.,0.,0.));
#1299=DIRECTION('',(-0.707106781186548,-0.707106781186548,0.));
#1300=DIRECTION('center_axis',(0.,0.,-1.));
#1301=DIRECTION('ref_axis',(-1.,0.,0.));
#1302=DIRECTION('center_axis',(0.,0.,-1.));
#1303=DIRECTION('ref_axis',(-1.,0.,0.));
#1304=DIRECTION('',(0.707106781186547,-0.707106781186548,0.));
#1305=DIRECTION('center_axis',(0.,0.,-1.));
#1306=DIRECTION('ref_axis',(-1.,0.,0.));
#1307=DIRECTION('',(-0.707106781186548,0.707106781186547,0.));
#1308=DIRECTION('center_axis',(0.,0.,1.));
#1309=DIRECTION('ref_axis',(-1.,0.,0.));
#1310=DIRECTION('center_axis',(0.,0.,-1.));
#1311=DIRECTION('ref_axis',(-1.,0.,0.));
#1312=DIRECTION('',(0.,0.,1.));
#1313=DIRECTION('',(0.,0.,-1.));
#1314=DIRECTION('center_axis',(0.,0.,1.));
#1315=DIRECTION('ref_axis',(-1.,0.,0.));
#1316=DIRECTION('center_axis',(0.,0.,-1.));
#1317=DIRECTION('ref_axis',(-1.,0.,0.));
#1318=DIRECTION('',(0.,0.,1.));
#1319=DIRECTION('',(0.,0.,-1.));
#1320=DIRECTION('center_axis',(0.,0.,1.));
#1321=DIRECTION('ref_axis',(-1.,0.,0.));
#1322=DIRECTION('center_axis',(0.,0.,-1.));
#1323=DIRECTION('ref_axis',(-1.,0.,0.));
#1324=DIRECTION('',(0.,0.,-1.));
#1325=DIRECTION('center_axis',(0.,0.,1.));
#1326=DIRECTION('ref_axis',(-1.,0.,0.));
#1327=DIRECTION('',(0.,0.,1.));
#1328=DIRECTION('center_axis',(0.,0.,-1.));
#1329=DIRECTION('ref_axis',(-1.,0.,0.));
#1330=DIRECTION('',(0.,0.,-1.));
#1331=DIRECTION('center_axis',(0.,0.,-1.));
#1332=DIRECTION('ref_axis',(-1.,0.,0.));
#1333=DIRECTION('',(0.,0.,1.));
#1334=DIRECTION('center_axis',(0.,0.,-1.));
#1335=DIRECTION('ref_axis',(-1.,0.,0.));
#1336=DIRECTION('',(0.,0.,1.));
#1337=DIRECTION('',(0.,0.,-1.));
#1338=DIRECTION('center_axis',(0.,0.,-1.));
#1339=DIRECTION('ref_axis',(-1.,0.,0.));
#1340=DIRECTION('center_axis',(0.,0.,-1.));
#1341=DIRECTION('ref_axis',(-1.,0.,0.));
#1342=DIRECTION('',(0.,0.,-1.));
#1343=DIRECTION('center_axis',(0.,0.,-1.));
#1344=DIRECTION('ref_axis',(-1.,0.,0.));
#1345=DIRECTION('',(0.,0.,1.));
#1346=DIRECTION('center_axis',(0.,0.,-1.));
#1347=DIRECTION('ref_axis',(-1.,0.,0.));
#1348=DIRECTION('',(0.,0.,1.));
#1349=DIRECTION('',(0.,0.,-1.));
#1350=DIRECTION('center_axis',(0.,0.,-1.));
#1351=DIRECTION('ref_axis',(-1.,0.,0.));
#1352=DIRECTION('center_axis',(0.,0.,-1.));
#1353=DIRECTION('ref_axis',(-1.,0.,0.));
#1354=DIRECTION('',(0.707106781186547,0.707106781186548,0.));
#1355=DIRECTION('',(-0.707106781186548,-0.707106781186547,0.));
#1356=DIRECTION('center_axis',(0.,0.,-1.));
#1357=DIRECTION('ref_axis',(-1.,0.,0.));
#1358=DIRECTION('',(0.707106781186548,-0.707106781186547,0.));
#1359=DIRECTION('',(-0.707106781186548,0.707106781186547,0.));
#1360=DIRECTION('center_axis',(0.,0.,-1.));
#1361=DIRECTION('ref_axis',(-1.,0.,0.));
#1362=DIRECTION('',(-0.707106781186547,-0.707106781186548,0.));
#1363=DIRECTION('',(0.707106781186548,0.707106781186548,0.));
#1364=DIRECTION('center_axis',(0.,0.,-1.));
#1365=DIRECTION('ref_axis',(-1.,0.,0.));
#1366=DIRECTION('',(-0.707106781186547,0.707106781186548,0.));
#1367=DIRECTION('',(0.707106781186548,-0.707106781186547,0.));
#1368=DIRECTION('center_axis',(0.,0.,1.));
#1369=DIRECTION('ref_axis',(-1.,0.,0.));
#1370=DIRECTION('center_axis',(0.,0.,-1.));
#1371=DIRECTION('ref_axis',(-1.,0.,0.));
#1372=DIRECTION('',(0.,0.,-1.));
#1373=DIRECTION('',(0.,0.,1.));
#1374=DIRECTION('center_axis',(-0.707106781186548,-0.707106781186547,0.));
#1375=DIRECTION('ref_axis',(-0.707106781186547,0.707106781186548,0.));
#1376=DIRECTION('',(0.,0.,-1.));
#1377=DIRECTION('',(0.,0.,-1.));
#1378=DIRECTION('center_axis',(0.707106781186548,-0.707106781186547,0.));
#1379=DIRECTION('ref_axis',(-0.707106781186547,-0.707106781186548,0.));
#1380=DIRECTION('',(0.,0.,-1.));
#1381=DIRECTION('center_axis',(0.,0.,-1.));
#1382=DIRECTION('ref_axis',(1.,0.,0.));
#1383=DIRECTION('center_axis',(0.707106781186547,0.707106781186548,0.));
#1384=DIRECTION('ref_axis',(0.707106781186548,-0.707106781186547,0.));
#1385=DIRECTION('',(0.,0.,-1.));
#1386=DIRECTION('',(0.,0.,-1.));
#1387=DIRECTION('center_axis',(-0.707106781186548,0.707106781186547,0.));
#1388=DIRECTION('ref_axis',(0.707106781186547,0.707106781186548,0.));
#1389=DIRECTION('',(0.,0.,-1.));
#1390=DIRECTION('center_axis',(0.,0.,-1.));
#1391=DIRECTION('ref_axis',(1.,0.,0.));
#1392=DIRECTION('center_axis',(0.707106781186547,-0.707106781186548,0.));
#1393=DIRECTION('ref_axis',(-0.707106781186548,-0.707106781186547,0.));
#1394=DIRECTION('',(0.,0.,-1.));
#1395=DIRECTION('',(0.,0.,-1.));
#1396=DIRECTION('center_axis',(0.707106781186547,0.707106781186548,0.));
#1397=DIRECTION('ref_axis',(0.707106781186548,-0.707106781186547,0.));
#1398=DIRECTION('',(0.,0.,-1.));
#1399=DIRECTION('center_axis',(0.,0.,-1.));
#1400=DIRECTION('ref_axis',(-1.,-1.22464679914735E-16,0.));
#1401=DIRECTION('center_axis',(-0.707106781186547,-0.707106781186548,0.));
#1402=DIRECTION('ref_axis',(-0.707106781186548,0.707106781186547,0.));
#1403=DIRECTION('',(0.,0.,-1.));
#1404=DIRECTION('',(0.,0.,-1.));
#1405=DIRECTION('center_axis',(0.,0.,-1.));
#1406=DIRECTION('ref_axis',(1.,0.,0.));
#1407=DIRECTION('',(0.,0.,-1.));
#1408=DIRECTION('center_axis',(-0.707106781186548,0.707106781186548,0.));
#1409=DIRECTION('ref_axis',(0.707106781186548,0.707106781186548,0.));
#1410=DIRECTION('center_axis',(0.,0.,-1.));
#1411=DIRECTION('ref_axis',(-3.1720657846433E-16,1.,0.));
#1412=DIRECTION('',(0.,0.,1.));
#1413=DIRECTION('',(0.,0.,-1.));
#1414=DIRECTION('center_axis',(0.,1.,0.));
#1415=DIRECTION('ref_axis',(1.,0.,0.));
#1416=CARTESIAN_POINT('',(0.,0.,0.));
#1417=CARTESIAN_POINT('Ctrl Pts',(0.674986396178416,-22.1884689846665,47.3395496873852));
#1418=CARTESIAN_POINT('Ctrl Pts',(0.699661518347055,-22.0202725816303,47.327116127104));
#1419=CARTESIAN_POINT('Ctrl Pts',(0.784652972215297,-21.7062575290443,47.2822773004239));
#1420=CARTESIAN_POINT('Ctrl Pts',(0.996391879927725,-21.1556614059997,47.1356146070812));
#1421=CARTESIAN_POINT('Ctrl Pts',(1.21449549707072,-20.6799851893578,46.9097216150746));
#1422=CARTESIAN_POINT('Ctrl Pts',(1.36502106062328,-20.3581752007163,46.6341975254546));
#1423=CARTESIAN_POINT('Ctrl Pts',(1.43198377871102,-20.2165995570269,46.4544247504771));
#1424=CARTESIAN_POINT('Ctrl Pts',(1.4830338769833,-20.1087178029574,46.2615325784368));
#1425=CARTESIAN_POINT('Ctrl Pts',(1.51127933467562,-20.0490981706024,46.0004366190404));
#1426=CARTESIAN_POINT('Ctrl Pts',(1.46605058887993,-20.144690498112,45.5811568828732));
#1427=CARTESIAN_POINT('Ctrl Pts',(1.32742634610919,-20.4365628175468,45.2752175604227));
#1428=CARTESIAN_POINT('Ctrl Pts',(1.13291631575853,-20.8590533444454,45.0059748311315));
#1429=CARTESIAN_POINT('Ctrl Pts',(0.969807228555426,-21.2243704307504,44.845820536903));
#1430=CARTESIAN_POINT('Ctrl Pts',(0.78467877576104,-21.7064993077857,44.7177980658909));
#1431=CARTESIAN_POINT('Ctrl Pts',(0.699662602200817,-22.02026519361,44.6728844190395));
#1432=CARTESIAN_POINT('Ctrl Pts',(0.674986396178417,-22.1884689846665,44.6604503126146));
#1433=CARTESIAN_POINT('Ctrl Pts',(0.715077294340455,-22.2007604031865,47.3193482636346));
#1434=CARTESIAN_POINT('Ctrl Pts',(0.741073061433489,-22.0399265044351,47.3053224938437));
#1435=CARTESIAN_POINT('Ctrl Pts',(0.829897399146408,-21.7399342616334,47.254897768667));
#1436=CARTESIAN_POINT('Ctrl Pts',(1.04715607483204,-21.2167179745659,47.0926708365473));
#1437=CARTESIAN_POINT('Ctrl Pts',(1.26056229488924,-20.7719144033305,46.8478079764737));
#1438=CARTESIAN_POINT('Ctrl Pts',(1.39311756636473,-20.4822958244351,46.5718379256474));
#1439=CARTESIAN_POINT('Ctrl Pts',(1.44806096079698,-20.3583493600148,46.401758368658));
#1440=CARTESIAN_POINT('Ctrl Pts',(1.48781180321735,-20.2657274856467,46.2257610758307));
#1441=CARTESIAN_POINT('Ctrl Pts',(1.50740168732202,-20.2166951856981,46.0003405262068));
#1442=CARTESIAN_POINT('Ctrl Pts',(1.47624446846042,-20.2951367927329,45.6386422766704));
#1443=CARTESIAN_POINT('Ctrl Pts',(1.36317475470242,-20.5502091154395,45.3403372525286));
#1444=CARTESIAN_POINT('Ctrl Pts',(1.18073761270853,-20.9394341731625,45.0604289595141));
#1445=CARTESIAN_POINT('Ctrl Pts',(1.02002297999242,-21.2818649350054,44.8870003330384));
#1446=CARTESIAN_POINT('Ctrl Pts',(0.829921006825962,-21.7401800395326,44.7450904823666));
#1447=CARTESIAN_POINT('Ctrl Pts',(0.741074203296527,-22.0399194398125,44.6946781222375));
#1448=CARTESIAN_POINT('Ctrl Pts',(0.715077294340456,-22.2007604031865,44.6806517363653));
#1449=CARTESIAN_POINT('Ctrl Pts',(0.798188762462641,-22.2253427011069,47.2847638956916));
#1450=CARTESIAN_POINT('Ctrl Pts',(0.827409243727923,-22.0792334002238,47.2684460671238));
#1451=CARTESIAN_POINT('Ctrl Pts',(0.926066874168275,-21.8072788137981,47.2099460516273));
#1452=CARTESIAN_POINT('Ctrl Pts',(1.16314193166108,-21.3387975448421,47.0250073550247));
#1453=CARTESIAN_POINT('Ctrl Pts',(1.38510978975722,-20.955643740556,46.7512045798527));
#1454=CARTESIAN_POINT('Ctrl Pts',(1.50424614811813,-20.730207967941,46.4735294129254));
#1455=CARTESIAN_POINT('Ctrl Pts',(1.54745946452891,-20.6413799126937,46.3182155308486));
#1456=CARTESIAN_POINT('Ctrl Pts',(1.57517202071973,-20.5791441968004,46.168590549998));
#1457=CARTESIAN_POINT('Ctrl Pts',(1.58447779725058,-20.551178186138,46.0002393569645));
#1458=CARTESIAN_POINT('Ctrl Pts',(1.57011044724308,-20.5954934068747,45.730469509114));
#1459=CARTESIAN_POINT('Ctrl Pts',(1.48200245928032,-20.7772670271021,45.4424358642149));
#1460=CARTESIAN_POINT('Ctrl Pts',(1.30201870426065,-21.1001072730778,45.1456154249634));
#1461=CARTESIAN_POINT('Ctrl Pts',(1.1337543028258,-21.3968229250865,44.9521110890323));
#1462=CARTESIAN_POINT('Ctrl Pts',(0.926072997197389,-21.8075332902021,44.7899004127744));
#1463=CARTESIAN_POINT('Ctrl Pts',(0.827410527236403,-22.0792269823786,44.731554649636));
#1464=CARTESIAN_POINT('Ctrl Pts',(0.798188762462642,-22.2253427011069,44.7152361043082));
#1465=CARTESIAN_POINT('Ctrl Pts',(0.951054137028801,-22.2675259166498,47.2457511535691));
#1466=CARTESIAN_POINT('Ctrl Pts',(0.987388815681435,-22.1465483016287,47.2288027850792));
#1467=CARTESIAN_POINT('Ctrl Pts',(1.10877756622018,-21.9217010759754,47.1680885383143));
#1468=CARTESIAN_POINT('Ctrl Pts',(1.40349179825915,-21.5395158480498,46.9772571155395));
#1469=CARTESIAN_POINT('Ctrl Pts',(1.6894926906502,-21.2415200472236,46.6963654083985));
#1470=CARTESIAN_POINT('Ctrl Pts',(1.85565374872894,-21.0892763011651,46.4228893883922));
#1471=CARTESIAN_POINT('Ctrl Pts',(1.91987265512943,-21.0371625738625,46.276629854183));
#1472=CARTESIAN_POINT('Ctrl Pts',(1.96358999311963,-21.0052443021729,46.1409526839135));
#1473=CARTESIAN_POINT('Ctrl Pts',(1.9815396409509,-20.9967188263832,46.0001954310435));
#1474=CARTESIAN_POINT('Ctrl Pts',(1.95335663939763,-21.0096524750691,45.7748006488435));
#1475=CARTESIAN_POINT('Ctrl Pts',(1.82131151804731,-21.114939158421,45.4961140990364));
#1476=CARTESIAN_POINT('Ctrl Pts',(1.58234275651999,-21.3539638042195,45.1975512489181));
#1477=CARTESIAN_POINT('Ctrl Pts',(1.36691236448245,-21.5866113102217,44.9992389429337));
#1478=CARTESIAN_POINT('Ctrl Pts',(1.10876404972997,-21.9219249561801,44.831697477503));
#1479=CARTESIAN_POINT('Ctrl Pts',(0.987390411680751,-22.1465429876918,44.7711979593771));
#1480=CARTESIAN_POINT('Ctrl Pts',(0.951054137028802,-22.2675259166498,44.7542488464308));
#1481=CARTESIAN_POINT('Ctrl Pts',(1.06421479482746,-22.2961734537753,47.2378053550922));
#1482=CARTESIAN_POINT('Ctrl Pts',(1.10639159248246,-22.1920217065785,47.2235519878194));
#1483=CARTESIAN_POINT('Ctrl Pts',(1.24688535831414,-21.9972105952893,47.1724014682849));
#1484=CARTESIAN_POINT('Ctrl Pts',(1.59481045399009,-21.660047359924,47.0092881331187));
#1485=CARTESIAN_POINT('Ctrl Pts',(1.95238473773887,-21.383677905717,46.7658658016128));
#1486=CARTESIAN_POINT('Ctrl Pts',(2.19221550059301,-21.221167180882,46.5041724034947));
#1487=CARTESIAN_POINT('Ctrl Pts',(2.29608907613546,-21.156837993848,46.3489030446551));
#1488=CARTESIAN_POINT('Ctrl Pts',(2.37373312600405,-21.1115583004544,46.1923581995077));
#1489=CARTESIAN_POINT('Ctrl Pts',(2.41469941935574,-21.090842456691,46.0002764330657));
#1490=CARTESIAN_POINT('Ctrl Pts',(2.34928823631803,-21.1236985476233,45.6923073944669));
#1491=CARTESIAN_POINT('Ctrl Pts',(2.134149079378,-21.2552598216892,45.4143357909123));
#1492=CARTESIAN_POINT('Ctrl Pts',(1.8184833420373,-21.4878625126475,45.1427200810605));
#1493=CARTESIAN_POINT('Ctrl Pts',(1.55129599558144,-21.7018213447347,44.9703919354668));
#1494=CARTESIAN_POINT('Ctrl Pts',(1.24688811165416,-21.9973864355983,44.8275389137151));
#1495=CARTESIAN_POINT('Ctrl Pts',(1.10639344509662,-22.1920171317171,44.7764486382591));
#1496=CARTESIAN_POINT('Ctrl Pts',(1.06421479482746,-22.2961734537753,44.7621946449077));
#1497=CARTESIAN_POINT('Ctrl Pts',(1.1320615900884,-22.3124521898924,47.240323784616));
#1498=CARTESIAN_POINT('Ctrl Pts',(1.17770322776356,-22.2177073025541,47.2288112288));
#1499=CARTESIAN_POINT('Ctrl Pts',(1.32951017578585,-22.038834857282,47.1872937966888));
#1500=CARTESIAN_POINT('Ctrl Pts',(1.70857241360437,-21.7192606378844,47.0514950065566));
#1501=CARTESIAN_POINT('Ctrl Pts',(2.10673172832561,-21.4352275436528,46.8423348287728));
#1502=CARTESIAN_POINT('Ctrl Pts',(2.38705740533519,-21.2389527434806,46.5872199309765));
#1503=CARTESIAN_POINT('Ctrl Pts',(2.51260208832461,-21.1519002682837,46.4207636578492));
#1504=CARTESIAN_POINT('Ctrl Pts',(2.60875170456565,-21.0852492693999,46.2421597948489));
#1505=CARTESIAN_POINT('Ctrl Pts',(2.66227544182877,-21.0481684215381,46.0004042768893));
#1506=CARTESIAN_POINT('Ctrl Pts',(2.57655023798,-21.1076286805356,45.6121822989567));
#1507=CARTESIAN_POINT('Ctrl Pts',(2.31611099073305,-21.2875396527733,45.3289051485395));
#1508=CARTESIAN_POINT('Ctrl Pts',(1.95768718666999,-21.5421702176599,45.0796063251217));
#1509=CARTESIAN_POINT('Ctrl Pts',(1.66100105870744,-21.7591422932153,44.9313153119471));
#1510=CARTESIAN_POINT('Ctrl Pts',(1.32952791920431,-22.0389831495694,44.8127759869361));
#1511=CARTESIAN_POINT('Ctrl Pts',(1.17770523257068,-22.2177031408887,44.7711892768885));
#1512=CARTESIAN_POINT('Ctrl Pts',(1.1320615900884,-22.3124521898924,44.7596762153839));
#1513=CARTESIAN_POINT('',(0.890592429943375,-22.2233818630282,44.7393951756246));
#1514=CARTESIAN_POINT('',(1.2293216549887,-22.1637785170713,44.7859999999999));
#1515=CARTESIAN_POINT('Ctrl Pts',(0.890592429943375,-22.2233818630282,44.7393951756246));
#1516=CARTESIAN_POINT('Ctrl Pts',(0.895669830978902,-22.2219331484424,44.7407694991694));
#1517=CARTESIAN_POINT('Ctrl Pts',(0.900760162762378,-22.2205067924353,44.7421157045382));
#1518=CARTESIAN_POINT('Ctrl Pts',(1.01552183739338,-22.1889342258179,44.7717555309873));
#1519=CARTESIAN_POINT('Ctrl Pts',(1.12693134526182,-22.1701796583829,44.7859999999999));
#1520=CARTESIAN_POINT('Ctrl Pts',(1.22932165498873,-22.1637785170712,44.7859999999999));
#1521=CARTESIAN_POINT('',(1.22932165497025,-22.1637785170828,47.2140000000051));
#1522=CARTESIAN_POINT('Ctrl Pts',(1.22910200670335,-22.1636812125032,44.785986855322));
#1523=CARTESIAN_POINT('Ctrl Pts',(1.26236973807643,-22.122628422377,44.7955342527079));
#1524=CARTESIAN_POINT('Ctrl Pts',(1.29965334023295,-22.0826522895689,44.8067334637073));
#1525=CARTESIAN_POINT('Ctrl Pts',(1.33891485889499,-22.043680787046,44.819315525741));
#1526=CARTESIAN_POINT('Ctrl Pts',(1.41349294218292,-21.969653595535,44.8432154181105));
#1527=CARTESIAN_POINT('Ctrl Pts',(1.49520629122777,-21.8992500907721,44.8721055162023));
#1528=CARTESIAN_POINT('Ctrl Pts',(1.57893551736568,-21.8313538454775,44.9057697216393));
#1529=CARTESIAN_POINT('Ctrl Pts',(1.59100696162635,-21.8215650802114,44.9106231712442));
#1530=CARTESIAN_POINT('Ctrl Pts',(1.60312038862704,-21.8118284617044,44.9155758460232));
#1531=CARTESIAN_POINT('Ctrl Pts',(1.61526053318902,-21.8021406688548,44.9206270888354));
#1532=CARTESIAN_POINT('Ctrl Pts',(1.65926749529677,-21.7670232671908,44.9389374021846));
#1533=CARTESIAN_POINT('Ctrl Pts',(1.7036253630243,-21.7325474634375,44.9585429352877));
#1534=CARTESIAN_POINT('Ctrl Pts',(1.74794258184884,-21.6987934184983,44.979455928713));
#1535=CARTESIAN_POINT('Ctrl Pts',(1.81485228484793,-21.6478318919901,45.0110301613933));
#1536=CARTESIAN_POINT('Ctrl Pts',(1.88174624875154,-21.5984132185786,45.0456564601666));
#1537=CARTESIAN_POINT('Ctrl Pts',(1.94713286555469,-21.5509133927906,45.0833422355462));
#1538=CARTESIAN_POINT('Ctrl Pts',(1.98057699061499,-21.5266180523728,45.1026178586998));
#1539=CARTESIAN_POINT('Ctrl Pts',(2.0136267166043,-21.5028244505647,45.1226931619903));
#1540=CARTESIAN_POINT('Ctrl Pts',(2.04608433775804,-21.4795805589032,45.1435645378153));
#1541=CARTESIAN_POINT('Ctrl Pts',(2.0920817783816,-21.4466403898904,45.1731424870339));
#1542=CARTESIAN_POINT('Ctrl Pts',(2.13688927973822,-21.4148047757714,45.2043199694138));
#1543=CARTESIAN_POINT('Ctrl Pts',(2.18012427103869,-21.3842376255451,45.2373060501011));
#1544=CARTESIAN_POINT('Ctrl Pts',(2.21321067202682,-21.3608455313401,45.2625492769371));
#1545=CARTESIAN_POINT('Ctrl Pts',(2.24537612903492,-21.3381963317267,45.2888511685271));
#1546=CARTESIAN_POINT('Ctrl Pts',(2.27629457135485,-21.3164968366284,45.3161309828747));
#1547=CARTESIAN_POINT('Ctrl Pts',(2.33230320039402,-21.2771882919507,45.3655482525496));
#1548=CARTESIAN_POINT('Ctrl Pts',(2.3844320444725,-21.2408190669698,45.4183983355784));
#1549=CARTESIAN_POINT('Ctrl Pts',(2.43073954064533,-21.2086173465262,45.4743828122264));
#1550=CARTESIAN_POINT('Ctrl Pts',(2.47416901399301,-21.1784169713096,45.5268878392179));
#1551=CARTESIAN_POINT('Ctrl Pts',(2.51247845277841,-21.1518821566573,45.5821497116726));
#1552=CARTESIAN_POINT('Ctrl Pts',(2.54402601525588,-21.1300522160911,45.6399219414604));
#1553=CARTESIAN_POINT('Ctrl Pts',(2.54611663708224,-21.1286055702448,45.6437504427792));
#1554=CARTESIAN_POINT('Ctrl Pts',(2.54817754742586,-21.127179596464,45.6475899685915));
#1555=CARTESIAN_POINT('Ctrl Pts',(2.5502082613581,-21.1257746017135,45.651440447234));
#1556=CARTESIAN_POINT('Ctrl Pts',(2.56116724165849,-21.1181923866372,45.6722199961999));
#1557=CARTESIAN_POINT('Ctrl Pts',(2.57122623990912,-21.1112353695997,45.6932791823298));
#1558=CARTESIAN_POINT('Ctrl Pts',(2.58032099609752,-21.1049430231408,45.7146109828634));
#1559=CARTESIAN_POINT('Ctrl Pts',(2.59868395268436,-21.0922383301881,45.7576813982766));
#1560=CARTESIAN_POINT('Ctrl Pts',(2.61311905462957,-21.0822412015565,45.8018620733821));
#1561=CARTESIAN_POINT('Ctrl Pts',(2.62327818025002,-21.0751969261265,45.8466403966233));
#1562=CARTESIAN_POINT('Ctrl Pts',(2.632820525048,-21.068580322738,45.8887001383577));
#1563=CARTESIAN_POINT('Ctrl Pts',(2.63859045415497,-21.0645688659271,45.9312881392582));
#1564=CARTESIAN_POINT('Ctrl Pts',(2.64025920030873,-21.0633934247587,45.9739850224821));
#1565=CARTESIAN_POINT('Ctrl Pts',(2.64036706170412,-21.0633174487186,45.976744786388));
#1566=CARTESIAN_POINT('Ctrl Pts',(2.6404577739016,-21.0632533313258,45.9795050043806));
#1567=CARTESIAN_POINT('Ctrl Pts',(2.64053124172218,-21.0632011392417,45.9822655626726));
#1568=CARTESIAN_POINT('Ctrl Pts',(2.64069057804333,-21.0630879455387,45.9882526356399));
#1569=CARTESIAN_POINT('Ctrl Pts',(2.64076964185173,-21.0630307330379,45.9942404193264));
#1570=CARTESIAN_POINT('Ctrl Pts',(2.64076747889014,-21.0630301445091,46.0002276220561));
#1571=CARTESIAN_POINT('Ctrl Pts',(2.64074441202947,-21.0630238681558,46.0640780259351));
#1572=CARTESIAN_POINT('Ctrl Pts',(2.6314824130195,-21.0694578956351,46.1278665097157));
#1573=CARTESIAN_POINT('Ctrl Pts',(2.61394690121335,-21.0816279324692,46.1902261644253));
#1574=CARTESIAN_POINT('Ctrl Pts',(2.60488377868026,-21.0879179419243,46.2224563723601));
#1575=CARTESIAN_POINT('Ctrl Pts',(2.59361076975664,-21.0957400874637,46.254303999166));
#1576=CARTESIAN_POINT('Ctrl Pts',(2.58026372091784,-21.1049947739911,46.2855758902519));
#1577=CARTESIAN_POINT('Ctrl Pts',(2.57614259828782,-21.107852311904,46.295231605129));
#1578=CARTESIAN_POINT('Ctrl Pts',(2.57182376087029,-21.1108464060459,46.3048324172415));
#1579=CARTESIAN_POINT('Ctrl Pts',(2.56731418601761,-21.1139720534193,46.3143754974198));
#1580=CARTESIAN_POINT('Ctrl Pts',(2.55039187163478,-21.1257011385835,46.3501861909407));
#1581=CARTESIAN_POINT('Ctrl Pts',(2.53080171024668,-21.1392813829323,46.3851888888329));
#1582=CARTESIAN_POINT('Ctrl Pts',(2.50892228203026,-21.1544505724666,46.4192434400514));
#1583=CARTESIAN_POINT('Ctrl Pts',(2.48120882069301,-21.1736645456801,46.4623784561595));
#1584=CARTESIAN_POINT('Ctrl Pts',(2.44982247836541,-21.1954278183687,46.5039922560359));
#1585=CARTESIAN_POINT('Ctrl Pts',(2.41555023527701,-21.2192812836241,46.5438802470789));
#1586=CARTESIAN_POINT('Ctrl Pts',(2.38439394952072,-21.2409660440249,46.5801417092767));
#1587=CARTESIAN_POINT('Ctrl Pts',(2.35085265824016,-21.2643781935547,46.6149768972066));
#1588=CARTESIAN_POINT('Ctrl Pts',(2.31540159516217,-21.2891984050634,46.6483882734004));
#1589=CARTESIAN_POINT('Ctrl Pts',(2.27285969030758,-21.3189830993657,46.688482517795));
#1590=CARTESIAN_POINT('Ctrl Pts',(2.22755866831725,-21.3508088475518,46.7265456383206));
#1591=CARTESIAN_POINT('Ctrl Pts',(2.18032384288731,-21.3841212014244,46.7625696719115));
#1592=CARTESIAN_POINT('Ctrl Pts',(2.09426509830376,-21.4448141187223,46.828203091268));
#1593=CARTESIAN_POINT('Ctrl Pts',(2.0017862478486,-21.5104428163513,46.887065248402));
#1594=CARTESIAN_POINT('Ctrl Pts',(1.90690847146786,-21.579963955754,46.9394836559907));
#1595=CARTESIAN_POINT('Ctrl Pts',(1.87672068786112,-21.6020838788007,46.956161908851));
#1596=CARTESIAN_POINT('Ctrl Pts',(1.84629024378965,-21.6245976503562,46.9721881469454));
#1597=CARTESIAN_POINT('Ctrl Pts',(1.81574689453613,-21.6474712220317,46.9875738154415));
#1598=CARTESIAN_POINT('Ctrl Pts',(1.7490767000055,-21.6973997829293,47.021157739166));
#1599=CARTESIAN_POINT('Ctrl Pts',(1.68185759964122,-21.7490545683522,47.0516989081874));
#1600=CARTESIAN_POINT('Ctrl Pts',(1.61539827722496,-21.8021159531643,47.0793312551187));
#1601=CARTESIAN_POINT('Ctrl Pts',(1.51905234209388,-21.8790389272965,47.1193898083536));
#1602=CARTESIAN_POINT('Ctrl Pts',(1.42430009153003,-21.9589171372691,47.1533362916822));
#1603=CARTESIAN_POINT('Ctrl Pts',(1.33894121850759,-22.0436061911753,47.1806983059501));
#1604=CARTESIAN_POINT('Ctrl Pts',(1.31775032205945,-22.0646308006631,47.18749110429));
#1605=CARTESIAN_POINT('Ctrl Pts',(1.29713855053446,-22.0859520146497,47.1938779650015));
#1606=CARTESIAN_POINT('Ctrl Pts',(1.27742494241558,-22.1075789686158,47.1998181524257));
#1607=CARTESIAN_POINT('Ctrl Pts',(1.26367478850137,-22.1226636727417,47.2039614067133));
#1608=CARTESIAN_POINT('Ctrl Pts',(1.25036160301779,-22.1378971211557,47.2078873511647));
#1609=CARTESIAN_POINT('Ctrl Pts',(1.23759386581789,-22.1532824398225,47.2115821106603));
#1610=CARTESIAN_POINT('Ctrl Pts',(1.23472796180212,-22.1567358980087,47.2124114530809));
#1611=CARTESIAN_POINT('Ctrl Pts',(1.2318896595884,-22.1601968574033,47.2132291134288));
#1612=CARTESIAN_POINT('Ctrl Pts',(1.22907944855154,-22.1636662775188,47.2140351454322));
#1613=CARTESIAN_POINT('',(0.890592429943374,-22.2233818630282,47.2606048243752));
#1614=CARTESIAN_POINT('Ctrl Pts',(1.22886789237393,-22.1639275413537,47.2140958177749));
#1615=CARTESIAN_POINT('Ctrl Pts',(1.20798993359504,-22.1652409780944,47.2140860693426));
#1616=CARTESIAN_POINT('Ctrl Pts',(1.18709957651086,-22.1670458966983,47.2146736761765));
#1617=CARTESIAN_POINT('Ctrl Pts',(1.16632473007724,-22.1692816778261,47.2157941243154));
#1618=CARTESIAN_POINT('Ctrl Pts',(1.16194603192789,-22.1697529116674,47.2160302802941));
#1619=CARTESIAN_POINT('Ctrl Pts',(1.15757231544674,-22.1702431814256,47.2162900858596));
#1620=CARTESIAN_POINT('Ctrl Pts',(1.15320453525298,-22.1707517405475,47.2165729154406));
#1621=CARTESIAN_POINT('Ctrl Pts',(1.13231248614858,-22.17318429019,47.2179257512592));
#1622=CARTESIAN_POINT('Ctrl Pts',(1.11146423295827,-22.1760483709816,47.2198118592332));
#1623=CARTESIAN_POINT('Ctrl Pts',(1.09076440921283,-22.1793006043624,47.2221824710096));
#1624=CARTESIAN_POINT('Ctrl Pts',(1.08567653015266,-22.1800999817059,47.222765151624));
#1625=CARTESIAN_POINT('Ctrl Pts',(1.08059743344421,-22.1809226488455,47.2233770867125));
#1626=CARTESIAN_POINT('Ctrl Pts',(1.07552831076112,-22.1817676284517,47.2240175410136));
#1627=CARTESIAN_POINT('Ctrl Pts',(1.05373354738864,-22.185400630003,47.2267711831756));
#1628=CARTESIAN_POINT('Ctrl Pts',(1.03201303478386,-22.1894541890408,47.2300646824461));
#1629=CARTESIAN_POINT('Ctrl Pts',(1.01046233074689,-22.1939230174607,47.2338654275534));
#1630=CARTESIAN_POINT('Ctrl Pts',(0.988911626709918,-22.1983918458805,47.2376661726607));
#1631=CARTESIAN_POINT('Ctrl Pts',(0.967530500586443,-22.2032765609049,47.2419734191459));
#1632=CARTESIAN_POINT('Ctrl Pts',(0.946381576087249,-22.2085291485114,47.2467551407831));
#1633=CARTESIAN_POINT('Ctrl Pts',(0.942768680187792,-22.2094264542929,47.2475720079716));
#1634=CARTESIAN_POINT('Ctrl Pts',(0.939162488650925,-22.2103343827891,47.2484027382331));
#1635=CARTESIAN_POINT('Ctrl Pts',(0.935563222936187,-22.2112525538713,47.2492471709649));
#1636=CARTESIAN_POINT('Ctrl Pts',(0.920473419990592,-22.2151019558883,47.2527874273764));
#1637=CARTESIAN_POINT('Ctrl Pts',(0.905468920459968,-22.2191574756194,47.2565785089428));
#1638=CARTESIAN_POINT('Ctrl Pts',(0.890578028889786,-22.223395356345,47.2606098721733));
#1639=CARTESIAN_POINT('',(0.674833694566885,-22.1884312700665,47.3392509477266));
#1640=CARTESIAN_POINT('Ctrl Pts',(0.890578028889786,-22.223395356345,47.2606098721733));
#1641=CARTESIAN_POINT('Ctrl Pts',(0.865442077300277,-22.214677381825,47.2663083578858));
#1642=CARTESIAN_POINT('Ctrl Pts',(0.840213560625859,-22.2074564198842,47.2732787605737));
#1643=CARTESIAN_POINT('Ctrl Pts',(0.81488606881579,-22.2018693030877,47.281521496058));
#1644=CARTESIAN_POINT('Ctrl Pts',(0.811463720619818,-22.2011143503576,47.2826352862084));
#1645=CARTESIAN_POINT('Ctrl Pts',(0.808039574492038,-22.2003891533355,47.283772318469));
#1646=CARTESIAN_POINT('Ctrl Pts',(0.804613622192524,-22.199693982017,47.2849326103951));
#1647=CARTESIAN_POINT('Ctrl Pts',(0.801441677380943,-22.1990503521984,47.2860068757769));
#1648=CARTESIAN_POINT('Ctrl Pts',(0.798268184309408,-22.1984324606205,47.2871010796565));
#1649=CARTESIAN_POINT('Ctrl Pts',(0.795093129580036,-22.1978405113081,47.2882152221439));
#1650=CARTESIAN_POINT('Ctrl Pts',(0.773690476891131,-22.1938502539352,47.2957255193628));
#1651=CARTESIAN_POINT('Ctrl Pts',(0.752490940857161,-22.1910909619034,47.3040448808999));
#1652=CARTESIAN_POINT('Ctrl Pts',(0.731517441307565,-22.1895712956436,47.3131031517872));
#1653=CARTESIAN_POINT('Ctrl Pts',(0.712485600465375,-22.1881923151677,47.3213228372728));
#1654=CARTESIAN_POINT('Ctrl Pts',(0.693639512689977,-22.1878334609547,47.3301505587003));
#1655=CARTESIAN_POINT('Ctrl Pts',(0.674986396178416,-22.1884689846665,47.3395496873852));
#1656=CARTESIAN_POINT('',(0.674816831617132,-22.1888816284255,44.6608193750915));
#1657=CARTESIAN_POINT('Ctrl Pts',(0.674986396178416,-22.1884689846665,47.3395496873852));
#1658=CARTESIAN_POINT('Ctrl Pts',(0.699661518347055,-22.0202725816303,47.327116127104));
#1659=CARTESIAN_POINT('Ctrl Pts',(0.784652972215297,-21.7062575290443,47.2822773004239));
#1660=CARTESIAN_POINT('Ctrl Pts',(0.996391879927725,-21.1556614059997,47.1356146070812));
#1661=CARTESIAN_POINT('Ctrl Pts',(1.21449549707072,-20.6799851893578,46.9097216150746));
#1662=CARTESIAN_POINT('Ctrl Pts',(1.36502106062328,-20.3581752007163,46.6341975254546));
#1663=CARTESIAN_POINT('Ctrl Pts',(1.43198377871102,-20.2165995570269,46.4544247504771));
#1664=CARTESIAN_POINT('Ctrl Pts',(1.4830338769833,-20.1087178029574,46.2615325784368));
#1665=CARTESIAN_POINT('Ctrl Pts',(1.51127933467562,-20.0490981706024,46.0004366190404));
#1666=CARTESIAN_POINT('Ctrl Pts',(1.46605058887993,-20.144690498112,45.5811568828732));
#1667=CARTESIAN_POINT('Ctrl Pts',(1.32742634610919,-20.4365628175468,45.2752175604227));
#1668=CARTESIAN_POINT('Ctrl Pts',(1.13291631575853,-20.8590533444454,45.0059748311315));
#1669=CARTESIAN_POINT('Ctrl Pts',(0.969807228555426,-21.2243704307504,44.845820536903));
#1670=CARTESIAN_POINT('Ctrl Pts',(0.78467877576104,-21.7064993077857,44.7177980658909));
#1671=CARTESIAN_POINT('Ctrl Pts',(0.699662602200817,-22.02026519361,44.6728844190395));
#1672=CARTESIAN_POINT('Ctrl Pts',(0.674986396178417,-22.1884689846665,44.6604503126146));
#1673=CARTESIAN_POINT('Ctrl Pts',(0.674986396178418,-22.1884689846665,44.6604503126146));
#1674=CARTESIAN_POINT('Ctrl Pts',(0.695556045999219,-22.1877681634285,44.6708151642763));
#1675=CARTESIAN_POINT('Ctrl Pts',(0.716360554507091,-22.1882774544516,44.6804855837152));
#1676=CARTESIAN_POINT('Ctrl Pts',(0.737389645022251,-22.1900291146642,44.6894110332094));
#1677=CARTESIAN_POINT('Ctrl Pts',(0.756445122364896,-22.1916163788148,44.6974988152506));
#1678=CARTESIAN_POINT('Ctrl Pts',(0.775685027531571,-22.1942232574097,44.7049739800758));
#1679=CARTESIAN_POINT('Ctrl Pts',(0.795091736355215,-22.1978415883357,44.7117837319188));
#1680=CARTESIAN_POINT('Ctrl Pts',(0.79826724766139,-22.198433654248,44.7128980086447));
#1681=CARTESIAN_POINT('Ctrl Pts',(0.801441196715074,-22.1990516680079,44.7139923409289));
#1682=CARTESIAN_POINT('Ctrl Pts',(0.804613596968153,-22.1996954251414,44.7150667294004));
#1683=CARTESIAN_POINT('Ctrl Pts',(0.829990214113892,-22.2048449576744,44.7236609617581));
#1684=CARTESIAN_POINT('Ctrl Pts',(0.855267286149237,-22.2116456996898,44.730980008869));
#1685=CARTESIAN_POINT('Ctrl Pts',(0.880450397595839,-22.2199673099219,44.7370253938416));
#1686=CARTESIAN_POINT('Ctrl Pts',(0.883827911880182,-22.2210833895409,44.7378361901621));
#1687=CARTESIAN_POINT('Ctrl Pts',(0.887203745639296,-22.2222267502097,44.7386240667035));
#1688=CARTESIAN_POINT('Ctrl Pts',(0.890577923297047,-22.2233970031653,44.7393890239812));
#1689=CARTESIAN_POINT('Ctrl Pts',(-1.04700337200246,-22.4725757963017,47.4640228320615));
#1690=CARTESIAN_POINT('Ctrl Pts',(-0.700624553055768,-22.4907336841538,
47.7119278041304));
#1691=CARTESIAN_POINT('Ctrl Pts',(0.0569307094143838,-22.5113523172079,
47.9181151039482));
#1692=CARTESIAN_POINT('Ctrl Pts',(0.787219257792526,-22.4861942121908,47.6499515611131));
#1693=CARTESIAN_POINT('Ctrl Pts',(1.04700337200246,-22.4725757963017,47.4640228320615));
#1694=CARTESIAN_POINT('Ctrl Pts',(-0.986027867557167,-22.375429614672,47.3847220141728));
#1695=CARTESIAN_POINT('Ctrl Pts',(-0.658800515717063,-22.3917204245824,
47.6178626841549));
#1696=CARTESIAN_POINT('Ctrl Pts',(0.0533495388641304,-22.4101513146433,
47.8104104012582));
#1697=CARTESIAN_POINT('Ctrl Pts',(0.740607353677171,-22.3876477221048,47.5595775166594));
#1698=CARTESIAN_POINT('Ctrl Pts',(0.986027867557171,-22.375429614672,47.3847220141728));
#1699=CARTESIAN_POINT('Ctrl Pts',(-0.925052363111877,-22.2782834330424,
47.3054211962842));
#1700=CARTESIAN_POINT('Ctrl Pts',(-0.616976478378358,-22.2927071650111,
47.5237975641795));
#1701=CARTESIAN_POINT('Ctrl Pts',(0.0497683683138761,-22.3089503120786,
47.7027056985681));
#1702=CARTESIAN_POINT('Ctrl Pts',(0.693995449561816,-22.2891012320189,47.4692034722056));
#1703=CARTESIAN_POINT('Ctrl Pts',(0.925052363111881,-22.2782834330424,47.3054211962842));
#1704=CARTESIAN_POINT('Ctrl Pts',(-0.864076858666586,-22.1811372514127,
47.2261203783955));
#1705=CARTESIAN_POINT('Ctrl Pts',(-0.575152441039654,-22.1936939054397,
47.4297324442041));
#1706=CARTESIAN_POINT('Ctrl Pts',(0.0461871977636221,-22.207749309514,47.5950009958781));
#1707=CARTESIAN_POINT('Ctrl Pts',(0.647383545446461,-22.1905547419329,47.3788294277519));
#1708=CARTESIAN_POINT('Ctrl Pts',(0.864076858666591,-22.1811372514127,47.2261203783955));
#1709=CARTESIAN_POINT('',(0.914908084549611,-22.4790317849349,47.549818239634));
#1710=CARTESIAN_POINT('Ctrl Pts',(0.91505739247012,-22.4790250014874,47.5497304870687));
#1711=CARTESIAN_POINT('Ctrl Pts',(0.912562656669266,-22.4331394348122,47.4979927348957));
#1712=CARTESIAN_POINT('Ctrl Pts',(0.909082327687654,-22.3872456412938,47.4461702862799));
#1713=CARTESIAN_POINT('Ctrl Pts',(0.904591781809089,-22.3414667166619,47.3943765988432));
#1714=CARTESIAN_POINT('Ctrl Pts',(0.904237392354227,-22.3378538890496,47.3902890920784));
#1715=CARTESIAN_POINT('Ctrl Pts',(0.903876688445152,-22.3342417798531,47.3862017781138));
#1716=CARTESIAN_POINT('Ctrl Pts',(0.903509646895379,-22.3306304511194,47.382114719877));
#1717=CARTESIAN_POINT('Ctrl Pts',(0.89987326195917,-22.2948519911194,47.3416230725008));
#1718=CARTESIAN_POINT('Ctrl Pts',(0.895580810350711,-22.2590796887683,47.3010925113212));
#1719=CARTESIAN_POINT('Ctrl Pts',(0.890592429942712,-22.2233818630272,47.2606048243745));
#1720=CARTESIAN_POINT('',(-0.914955527132171,-22.4789677111004,47.5497615548336));
#1721=CARTESIAN_POINT('Ctrl Pts',(0.914908084549611,-22.4790317849349,47.549818239634));
#1722=CARTESIAN_POINT('Ctrl Pts',(0.684273921075415,-22.4895091642691,47.6853534027985));
#1723=CARTESIAN_POINT('Ctrl Pts',(0.05526593771961,-22.508353321102,47.8870374833676));
#1724=CARTESIAN_POINT('Ctrl Pts',(-0.593864286839459,-22.4934152421342,
47.7386609721607));
#1725=CARTESIAN_POINT('Ctrl Pts',(-0.914926263204562,-22.4789938422788,
47.5498521511564));
#1726=CARTESIAN_POINT('',(-0.89059242994336,-22.2233818630282,47.2606048243752));
#1727=CARTESIAN_POINT('Ctrl Pts',(-0.915388538909446,-22.4789730721022,
47.549580203856));
#1728=CARTESIAN_POINT('Ctrl Pts',(-0.912777628807177,-22.4330082235064,
47.4977862087237));
#1729=CARTESIAN_POINT('Ctrl Pts',(-0.909200584995628,-22.3870303609164,
47.4458930502954));
#1730=CARTESIAN_POINT('Ctrl Pts',(-0.904638976905898,-22.341162792287,47.3940137066246));
#1731=CARTESIAN_POINT('Ctrl Pts',(-0.90426288853436,-22.3373811743021,47.389736439158));
#1732=CARTESIAN_POINT('Ctrl Pts',(-0.903880083674401,-22.3336003095424,
47.3854592816004));
#1733=CARTESIAN_POINT('Ctrl Pts',(-0.903490539687507,-22.3298202690304,
47.381182306116));
#1734=CARTESIAN_POINT('Ctrl Pts',(-0.899831642104337,-22.2943152129682,
47.3410096535026));
#1735=CARTESIAN_POINT('Ctrl Pts',(-0.895543781416993,-22.2588134855859,
47.3007904787587));
#1736=CARTESIAN_POINT('Ctrl Pts',(-0.890592429942772,-22.2233818630273,
47.2606048243746));
#1737=CARTESIAN_POINT('',(-0.675257174281514,-22.1884389911937,47.3393650053202));
#1738=CARTESIAN_POINT('Ctrl Pts',(-0.676283577376172,-22.1883200706079,
47.3386528470382));
#1739=CARTESIAN_POINT('Ctrl Pts',(-0.70205867784562,-22.1874615328474,47.3256820771501));
#1740=CARTESIAN_POINT('Ctrl Pts',(-0.728286641437905,-22.1885698378989,
47.3138215243992));
#1741=CARTESIAN_POINT('Ctrl Pts',(-0.75495780606777,-22.1916683126445,47.3031497312325));
#1742=CARTESIAN_POINT('Ctrl Pts',(-0.768272801604601,-22.1932151583852,
47.2978220719287));
#1743=CARTESIAN_POINT('Ctrl Pts',(-0.781698267632758,-22.1952580202968,
47.2927913937645));
#1744=CARTESIAN_POINT('Ctrl Pts',(-0.79523223201278,-22.19779995929,47.2880724541133));
#1745=CARTESIAN_POINT('Ctrl Pts',(-0.817759064331421,-22.202030931964,47.2802179364525));
#1746=CARTESIAN_POINT('Ctrl Pts',(-0.840271784691131,-22.2075827017284,
47.2733334548899));
#1747=CARTESIAN_POINT('Ctrl Pts',(-0.862741696283634,-22.2143568316812,
47.2674271185742));
#1748=CARTESIAN_POINT('Ctrl Pts',(-0.872034329903264,-22.2171583339249,
47.264984500178));
#1749=CARTESIAN_POINT('Ctrl Pts',(-0.881319199634283,-22.2201689376901,
47.2627095927881));
#1750=CARTESIAN_POINT('Ctrl Pts',(-0.890592429932512,-22.2233818630096,
47.2606048243595));
#1751=CARTESIAN_POINT('',(-4.89405699126422E-8,-22.1999024768258,47.4995463535044));
#1752=CARTESIAN_POINT('Ctrl Pts',(-0.674884344135844,-22.188366628163,47.3393560636695));
#1753=CARTESIAN_POINT('Ctrl Pts',(-0.465436280017259,-22.1953283562669,
47.4444816861855));
#1754=CARTESIAN_POINT('Ctrl Pts',(-0.23324052990429,-22.1997387269188,47.4994087110788));
#1755=CARTESIAN_POINT('Ctrl Pts',(-4.89405698744783E-8,-22.1999024768258,
47.4995463535044));
#1756=CARTESIAN_POINT('Ctrl Pts',(-4.89405698744783E-8,-22.1999024768258,
47.4995463535044));
#1757=CARTESIAN_POINT('Ctrl Pts',(0.0428003572932795,-22.19993252548,47.4995716113486));
#1758=CARTESIAN_POINT('Ctrl Pts',(0.274836152396181,-22.1993206883673,47.4897145394559));
#1759=CARTESIAN_POINT('Ctrl Pts',(0.503969156957888,-22.1942055095916,47.4248892518348));
#1760=CARTESIAN_POINT('Ctrl Pts',(0.674833694566885,-22.1884312700665,47.3392509477266));
#1761=CARTESIAN_POINT('Origin',(0.,-2.50000000000001,47.382));
#1762=CARTESIAN_POINT('',(-1.2293216549887,-22.1637785170713,47.214));
#1763=CARTESIAN_POINT('Origin',(0.,-2.50000000000001,47.214));
#1764=CARTESIAN_POINT('Ctrl Pts',(-0.89059242994336,-22.2233818630282,47.2606048243752));
#1765=CARTESIAN_POINT('Ctrl Pts',(-0.895669830978894,-22.2219331484424,
47.2592305008305));
#1766=CARTESIAN_POINT('Ctrl Pts',(-0.90076016276237,-22.2205067924353,47.2578842954617));
#1767=CARTESIAN_POINT('Ctrl Pts',(-1.01552183739269,-22.1889342258181,47.2282444690127));
#1768=CARTESIAN_POINT('Ctrl Pts',(-1.1269313452612,-22.1701796583829,47.214));
#1769=CARTESIAN_POINT('Ctrl Pts',(-1.22932165498874,-22.1637785170712,47.214));
#1770=CARTESIAN_POINT('',(20.,-2.50000000000002,47.5499999999999));
#1771=CARTESIAN_POINT('Origin',(0.,-2.50000000000001,47.5499999999999));
#1772=CARTESIAN_POINT('Origin',(0.,-2.50000000000001,47.5499999999999));
#1773=CARTESIAN_POINT('Origin',(0.,-2.50000000000001,45.9999999999999));
#1774=CARTESIAN_POINT('',(-1.22932165497026,-22.1637785170828,44.7859999999948));
#1775=CARTESIAN_POINT('Origin',(0.,-2.50000000000001,44.7859999999999));
#1776=CARTESIAN_POINT('Ctrl Pts',(-1.22909271852675,-22.1636776531597,47.2140109892444));
#1777=CARTESIAN_POINT('Ctrl Pts',(-1.26233609055075,-22.1226474598592,47.2044674956041));
#1778=CARTESIAN_POINT('Ctrl Pts',(-1.29959508918757,-22.0826907290455,47.193272154375));
#1779=CARTESIAN_POINT('Ctrl Pts',(-1.33882675215192,-22.0437439215866,47.1806945773091));
#1780=CARTESIAN_POINT('Ctrl Pts',(-1.42409133821615,-21.9590984295124,47.1533589554876));
#1781=CARTESIAN_POINT('Ctrl Pts',(-1.51867173137913,-21.8792227464975,47.1194929846146));
#1782=CARTESIAN_POINT('Ctrl Pts',(-1.61496494911493,-21.8023801538047,47.0794203889108));
#1783=CARTESIAN_POINT('Ctrl Pts',(-1.65905923415401,-21.7671926373315,47.0610704729066));
#1784=CARTESIAN_POINT('Ctrl Pts',(-1.70351330908104,-21.7326413068058,47.0414193440307));
#1785=CARTESIAN_POINT('Ctrl Pts',(-1.74790484818815,-21.6988219033773,47.0204589097729));
#1786=CARTESIAN_POINT('Ctrl Pts',(-1.8084572381842,-21.6526904615074,46.9918677769761));
#1787=CARTESIAN_POINT('Ctrl Pts',(-1.86907204566772,-21.607778205869,46.9607468048857));
#1788=CARTESIAN_POINT('Ctrl Pts',(-1.92853151342031,-21.5644413315777,46.9271124036118));
#1789=CARTESIAN_POINT('Ctrl Pts',(-1.96817061437453,-21.5355504786992,46.9046897772746));
#1790=CARTESIAN_POINT('Ctrl Pts',(-2.00729564474183,-21.5073594316607,46.8811509981035));
#1791=CARTESIAN_POINT('Ctrl Pts',(-2.04554862865099,-21.4799672739129,46.8565120182248));
#1792=CARTESIAN_POINT('Ctrl Pts',(-2.09147062991695,-21.447083494029,46.8269333775659));
#1793=CARTESIAN_POINT('Ctrl Pts',(-2.13613520829089,-21.4153513978185,46.7957682079855));
#1794=CARTESIAN_POINT('Ctrl Pts',(-2.17930674495041,-21.3848252241093,46.7628088993623));
#1795=CARTESIAN_POINT('Ctrl Pts',(-2.21255382865049,-21.3613165345679,46.7374264141121));
#1796=CARTESIAN_POINT('Ctrl Pts',(-2.24491504173615,-21.3385233167457,46.7109806733811));
#1797=CARTESIAN_POINT('Ctrl Pts',(-2.27601450411702,-21.316684687202,46.6835713225492));
#1798=CARTESIAN_POINT('Ctrl Pts',(-2.3219698151334,-21.2844140003148,46.6430688461137));
#1799=CARTESIAN_POINT('Ctrl Pts',(-2.36535228856288,-21.2540783795213,46.600276901271));
#1800=CARTESIAN_POINT('Ctrl Pts',(-2.4050595408034,-21.2263989113626,46.5553372760838));
#1801=CARTESIAN_POINT('Ctrl Pts',(-2.4389316625684,-21.2027870454448,46.517001698311));
#1802=CARTESIAN_POINT('Ctrl Pts',(-2.47012981058313,-21.1811078579779,46.4771032015527));
#1803=CARTESIAN_POINT('Ctrl Pts',(-2.49793962934726,-21.16182775497,46.435718019446));
#1804=CARTESIAN_POINT('Ctrl Pts',(-2.51700006148357,-21.1486134619148,46.4073532371478));
#1805=CARTESIAN_POINT('Ctrl Pts',(-2.53446825314219,-21.1365264732337,46.3782898712892));
#1806=CARTESIAN_POINT('Ctrl Pts',(-2.55010238974492,-21.1257243329098,46.3485484835234));
#1807=CARTESIAN_POINT('Ctrl Pts',(-2.56102198572769,-21.1181796241047,46.3277757381763));
#1808=CARTESIAN_POINT('Ctrl Pts',(-2.57101001539794,-21.1112801482879,46.306717012252));
#1809=CARTESIAN_POINT('Ctrl Pts',(-2.57999077736088,-21.105074255717,46.2853869361533));
#1810=CARTESIAN_POINT('Ctrl Pts',(-2.6060207712093,-21.0870869907042,46.2235634793098));
#1811=CARTESIAN_POINT('Ctrl Pts',(-2.62359054268537,-21.0749255133495,46.1594643224567));
#1812=CARTESIAN_POINT('Ctrl Pts',(-2.63248671795173,-21.0687584410862,46.0946934112798));
#1813=CARTESIAN_POINT('Ctrl Pts',(-2.63600188550123,-21.066321630699,46.0691003223058));
#1814=CARTESIAN_POINT('Ctrl Pts',(-2.63816266391371,-21.0648208190717,46.0434018163149));
#1815=CARTESIAN_POINT('Ctrl Pts',(-2.6389550456554,-21.0642668975011,46.0176948070922));
#1816=CARTESIAN_POINT('Ctrl Pts',(-2.63999518471636,-21.063539778952,45.9839498795825));
#1817=CARTESIAN_POINT('Ctrl Pts',(-2.63851421848878,-21.0644673905466,45.9500862621123));
#1818=CARTESIAN_POINT('Ctrl Pts',(-2.63456554019691,-21.067078918517,45.916390509891));
#1819=CARTESIAN_POINT('Ctrl Pts',(-2.63024724709288,-21.0699348977566,45.8795406771884));
#1820=CARTESIAN_POINT('Ctrl Pts',(-2.62297843648036,-21.0748035486735,45.8428925711877));
#1821=CARTESIAN_POINT('Ctrl Pts',(-2.61285821014774,-21.0817028690606,45.8067630024269));
#1822=CARTESIAN_POINT('Ctrl Pts',(-2.60412373950608,-21.0876574702115,45.7755806308805));
#1823=CARTESIAN_POINT('Ctrl Pts',(-2.59326639509159,-21.0951235741026,45.7447827928805));
#1824=CARTESIAN_POINT('Ctrl Pts',(-2.58035564155598,-21.1041158651221,45.7145425768945));
#1825=CARTESIAN_POINT('Ctrl Pts',(-2.57618840311636,-21.1070183309382,45.704781861524));
#1826=CARTESIAN_POINT('Ctrl Pts',(-2.57180723437975,-21.1100798870242,45.695079078724));
#1827=CARTESIAN_POINT('Ctrl Pts',(-2.56724996769215,-21.1132773527081,45.6854336250596));
#1828=CARTESIAN_POINT('Ctrl Pts',(-2.56109167186831,-21.1175981311302,45.672399593678));
#1829=CARTESIAN_POINT('Ctrl Pts',(-2.55455288926414,-21.1221754233432,45.6594717341414));
#1830=CARTESIAN_POINT('Ctrl Pts',(-2.54772092058812,-21.1269514549533,45.6466519765016));
#1831=CARTESIAN_POINT('Ctrl Pts',(-2.53583794108143,-21.135258502078,45.6243543161143));
#1832=CARTESIAN_POINT('Ctrl Pts',(-2.52306819882633,-21.1441665154005,45.6023838461083));
#1833=CARTESIAN_POINT('Ctrl Pts',(-2.50930295522998,-21.1537426001618,45.5807980160294));
#1834=CARTESIAN_POINT('Ctrl Pts',(-2.4817866828111,-21.1728848808744,45.5376486466282));
#1835=CARTESIAN_POINT('Ctrl Pts',(-2.45029260843303,-21.1946961244234,45.4960382214351));
#1836=CARTESIAN_POINT('Ctrl Pts',(-2.41594235565658,-21.2185786258414,45.4561613483208));
#1837=CARTESIAN_POINT('Ctrl Pts',(-2.38461205854205,-21.2403614601667,45.4197903122531));
#1838=CARTESIAN_POINT('Ctrl Pts',(-2.35090617436613,-21.2638675036587,45.3848597227648));
#1839=CARTESIAN_POINT('Ctrl Pts',(-2.31535793313826,-21.2887822783634,45.3513538954078));
#1840=CARTESIAN_POINT('Ctrl Pts',(-2.27293759446002,-21.3185135152561,45.3113708049627));
#1841=CARTESIAN_POINT('Ctrl Pts',(-2.22781454526301,-21.3502703064596,45.27340445158));
#1842=CARTESIAN_POINT('Ctrl Pts',(-2.18075855953413,-21.3835169987205,45.2374689357668));
#1843=CARTESIAN_POINT('Ctrl Pts',(-2.1091845309923,-21.4340865418711,45.182809584897));
#1844=CARTESIAN_POINT('Ctrl Pts',(-2.03313733585499,-21.4881031456299,45.1328511660103));
#1845=CARTESIAN_POINT('Ctrl Pts',(-1.95492386847875,-21.5449205169361,45.0874196055342));
#1846=CARTESIAN_POINT('Ctrl Pts',(-1.90914946947175,-21.5781728596841,45.0608308038034));
#1847=CARTESIAN_POINT('Ctrl Pts',(-1.86263392364021,-21.6123839867126,45.0357917622095));
#1848=CARTESIAN_POINT('Ctrl Pts',(-1.81584383579718,-21.6474232102786,45.0122606968425));
#1849=CARTESIAN_POINT('Ctrl Pts',(-1.7492103805708,-21.697322337258,44.9787502619867));
#1850=CARTESIAN_POINT('Ctrl Pts',(-1.6820387814402,-21.7489493007027,44.9482584043919));
#1851=CARTESIAN_POINT('Ctrl Pts',(-1.61563358803788,-21.8019664014552,44.9206639019739));
#1852=CARTESIAN_POINT('Ctrl Pts',(-1.52516233907182,-21.8741975489889,44.8830688138425));
#1853=CARTESIAN_POINT('Ctrl Pts',(-1.43611105711035,-21.9490075050491,44.8508516076903));
#1854=CARTESIAN_POINT('Ctrl Pts',(-1.35490001861223,-22.0279677207873,44.8244137789129));
#1855=CARTESIAN_POINT('Ctrl Pts',(-1.34958159871479,-22.0331387368247,44.8226823951354));
#1856=CARTESIAN_POINT('Ctrl Pts',(-1.34429682175206,-22.0383275607065,44.8209757987397));
#1857=CARTESIAN_POINT('Ctrl Pts',(-1.33904749905548,-22.0435346377795,44.8192941030385));
#1858=CARTESIAN_POINT('Ctrl Pts',(-1.301413288122,-22.0808659752188,44.8072374446079));
#1859=CARTESIAN_POINT('Ctrl Pts',(-1.26560085321332,-22.1191353853842,44.7964605834238));
#1860=CARTESIAN_POINT('Ctrl Pts',(-1.23340133316389,-22.1583868110902,44.7871910407162));
#1861=CARTESIAN_POINT('Ctrl Pts',(-1.23195838875335,-22.1601457697716,44.7867756483496));
#1862=CARTESIAN_POINT('Ctrl Pts',(-1.2305225735796,-22.1619068646339,44.786363244315));
#1863=CARTESIAN_POINT('Ctrl Pts',(-1.22909404911414,-22.1636701060247,44.7859538496713));
#1864=CARTESIAN_POINT('Ctrl Pts',(-0.67498639617841,-22.1884689846665,44.6604503126146));
#1865=CARTESIAN_POINT('Ctrl Pts',(-0.699661518347126,-22.0202725816298,
44.672883872896));
#1866=CARTESIAN_POINT('Ctrl Pts',(-0.784710506865276,-21.7061150525184,
44.7177127540301));
#1867=CARTESIAN_POINT('Ctrl Pts',(-0.9965687615366,-21.1555556284626,44.8643575416661));
#1868=CARTESIAN_POINT('Ctrl Pts',(-1.21486297752882,-20.6791025021975,45.0902248375952));
#1869=CARTESIAN_POINT('Ctrl Pts',(-1.36530083438781,-20.3572306935556,45.3657003202572));
#1870=CARTESIAN_POINT('Ctrl Pts',(-1.42407559603566,-20.2330805626103,45.522982717001));
#1871=CARTESIAN_POINT('Ctrl Pts',(-1.45140993397501,-20.1752398859997,45.6178139975149));
#1872=CARTESIAN_POINT('Ctrl Pts',(-1.510596046352,-20.0503274942888,45.8620009993816));
#1873=CARTESIAN_POINT('Ctrl Pts',(-1.50699067567503,-20.0582972060184,46.331068624035));
#1874=CARTESIAN_POINT('Ctrl Pts',(-1.32668943256483,-20.4380518705221,46.7249502654293));
#1875=CARTESIAN_POINT('Ctrl Pts',(-1.13280324105407,-20.8592331220184,46.994041186633));
#1876=CARTESIAN_POINT('Ctrl Pts',(-0.969560638283237,-21.2248571538757,
47.1542333151795));
#1877=CARTESIAN_POINT('Ctrl Pts',(-0.784656983400966,-21.7065327344855,
47.2822047769361));
#1878=CARTESIAN_POINT('Ctrl Pts',(-0.699662602200814,-22.02026519361,47.3271155809603));
#1879=CARTESIAN_POINT('Ctrl Pts',(-0.674986396178411,-22.1884689846665,
47.3395496873852));
#1880=CARTESIAN_POINT('Ctrl Pts',(-0.715077294340449,-22.2007604031865,
44.6806517363653));
#1881=CARTESIAN_POINT('Ctrl Pts',(-0.741073061433565,-22.0399265044346,
44.6946775061562));
#1882=CARTESIAN_POINT('Ctrl Pts',(-0.829882814584873,-21.7398614616221,
44.7450984199614));
#1883=CARTESIAN_POINT('Ctrl Pts',(-1.047186753131,-21.2167639898545,44.9072353403099));
#1884=CARTESIAN_POINT('Ctrl Pts',(-1.26047601853981,-20.7714706573838,45.1521684046498));
#1885=CARTESIAN_POINT('Ctrl Pts',(-1.39297245786136,-20.481757340408,45.4280914383241));
#1886=CARTESIAN_POINT('Ctrl Pts',(-1.44106572251778,-20.3731974065645,45.5769391298825));
#1887=CARTESIAN_POINT('Ctrl Pts',(-1.46283117990933,-20.3231133010864,45.6641588733342));
#1888=CARTESIAN_POINT('Ctrl Pts',(-1.50736171950958,-20.2172810641638,45.884958722266));
#1889=CARTESIAN_POINT('Ctrl Pts',(-1.50830601236471,-20.2207995589909,46.2759977094384));
#1890=CARTESIAN_POINT('Ctrl Pts',(-1.36327349605914,-20.5508737206348,46.6598113584665));
#1891=CARTESIAN_POINT('Ctrl Pts',(-1.18074216441047,-20.9394956294557,46.9396152121377));
#1892=CARTESIAN_POINT('Ctrl Pts',(-1.02005350897288,-21.2820777164377,47.1130544683704));
#1893=CARTESIAN_POINT('Ctrl Pts',(-0.829921618195073,-21.7401908680533,
47.2549185658411));
#1894=CARTESIAN_POINT('Ctrl Pts',(-0.741074203296526,-22.0399194398124,
47.3053218777624));
#1895=CARTESIAN_POINT('Ctrl Pts',(-0.71507729434045,-22.2007604031865,47.3193482636346));
#1896=CARTESIAN_POINT('Ctrl Pts',(-0.798188762462636,-22.2253427011069,
44.7152361043082));
#1897=CARTESIAN_POINT('Ctrl Pts',(-0.827409243728012,-22.0792334002233,
44.7315539328761));
#1898=CARTESIAN_POINT('Ctrl Pts',(-0.92595288912047,-21.8073455625796,44.7900592364223));
#1899=CARTESIAN_POINT('Ctrl Pts',(-1.16294177878982,-21.3391412316733,44.9747764161988));
#1900=CARTESIAN_POINT('Ctrl Pts',(-1.38439785235997,-20.9560796093775,45.2488142629962));
#1901=CARTESIAN_POINT('Ctrl Pts',(-1.50352166847811,-20.7304824675136,45.5264359590088));
#1902=CARTESIAN_POINT('Ctrl Pts',(-1.54111400994928,-20.6529776248965,45.6624460703525));
#1903=CARTESIAN_POINT('Ctrl Pts',(-1.55714167087221,-20.6183417764628,45.7378177322157));
#1904=CARTESIAN_POINT('Ctrl Pts',(-1.58536327324253,-20.5504938012299,45.9218742404236));
#1905=CARTESIAN_POINT('Ctrl Pts',(-1.59281596889404,-20.5451669522536,46.1874580681047));
#1906=CARTESIAN_POINT('Ctrl Pts',(-1.48330242444116,-20.7762978448183,46.5577095413823));
#1907=CARTESIAN_POINT('Ctrl Pts',(-1.30219912151745,-21.0999363064465,46.8544825653352));
#1908=CARTESIAN_POINT('Ctrl Pts',(-1.13418478960309,-21.3964933297376,47.0479555256491));
#1909=CARTESIAN_POINT('Ctrl Pts',(-0.926107290117294,-21.8074997832497,
47.2101203685979));
#1910=CARTESIAN_POINT('Ctrl Pts',(-0.827410527236406,-22.0792269823785,
47.2684453503639));
#1911=CARTESIAN_POINT('Ctrl Pts',(-0.798188762462637,-22.2253427011069,
47.2847638956916));
#1912=CARTESIAN_POINT('Ctrl Pts',(-0.951054137028796,-22.2675259166498,
44.7542488464308));
#1913=CARTESIAN_POINT('Ctrl Pts',(-0.987388815681551,-22.1465483016283,
44.7711972149207));
#1914=CARTESIAN_POINT('Ctrl Pts',(-1.10867889025782,-21.9218665283,44.8319205492923));
#1915=CARTESIAN_POINT('Ctrl Pts',(-1.40330709714505,-21.5400641788421,45.0224786338818));
#1916=CARTESIAN_POINT('Ctrl Pts',(-1.68887633047131,-21.2425736987915,45.3036709980127));
#1917=CARTESIAN_POINT('Ctrl Pts',(-1.85501903096507,-21.0901433758574,45.5770906224065));
#1918=CARTESIAN_POINT('Ctrl Pts',(-1.91102861987229,-21.0449970060748,45.705212273062));
#1919=CARTESIAN_POINT('Ctrl Pts',(-1.93564280298543,-21.0260750908025,45.7741756990751));
#1920=CARTESIAN_POINT('Ctrl Pts',(-1.98226936488929,-20.9950832417463,45.939201280072));
#1921=CARTESIAN_POINT('Ctrl Pts',(-1.98893916143817,-20.9833999063526,46.1459327974384));
#1922=CARTESIAN_POINT('Ctrl Pts',(-1.82245133462671,-21.1127787996928,46.5040333797576));
#1923=CARTESIAN_POINT('Ctrl Pts',(-1.58250390315647,-21.3536207337902,46.8025687904838));
#1924=CARTESIAN_POINT('Ctrl Pts',(-1.36729051956709,-21.5858856463073,47.0008335215981));
#1925=CARTESIAN_POINT('Ctrl Pts',(-1.10879476161274,-21.921858548255,47.168328097825));
#1926=CARTESIAN_POINT('Ctrl Pts',(-0.987390411680762,-22.1465429876917,
47.2288020406228));
#1927=CARTESIAN_POINT('Ctrl Pts',(-0.951054137028797,-22.2675259166498,
47.2457511535691));
#1928=CARTESIAN_POINT('Ctrl Pts',(-1.06421479482746,-22.2961734537753,44.7621946449077));
#1929=CARTESIAN_POINT('Ctrl Pts',(-1.1063915924826,-22.1920217065781,44.7764480121805));
#1930=CARTESIAN_POINT('Ctrl Pts',(-1.24692626784352,-21.9972589668222,44.82759834873));
#1931=CARTESIAN_POINT('Ctrl Pts',(-1.59495047502449,-21.6602388767074,44.9905755553139));
#1932=CARTESIAN_POINT('Ctrl Pts',(-1.95264786944224,-21.3839957101447,45.2341283360793));
#1933=CARTESIAN_POINT('Ctrl Pts',(-2.19238285422922,-21.2213727713305,45.4957774339624));
#1934=CARTESIAN_POINT('Ctrl Pts',(-2.28343439597297,-21.1652167926118,45.6316940726027));
#1935=CARTESIAN_POINT('Ctrl Pts',(-2.32537571450306,-21.1400791067853,45.7097283858308));
#1936=CARTESIAN_POINT('Ctrl Pts',(-2.41408344664649,-21.0904782171606,45.9048107873454));
#1937=CARTESIAN_POINT('Ctrl Pts',(-2.41174191064809,-21.0871355482313,46.2283074824622));
#1938=CARTESIAN_POINT('Ctrl Pts',(-2.13359998382874,-21.2546849298703,46.5857909001368));
#1939=CARTESIAN_POINT('Ctrl Pts',(-1.81839758171472,-21.4877724323636,46.8573404691643));
#1940=CARTESIAN_POINT('Ctrl Pts',(-1.55111189865066,-21.7016285258552,47.0296602144991));
#1941=CARTESIAN_POINT('Ctrl Pts',(-1.24687154557903,-21.9973690283034,47.1724737858211));
#1942=CARTESIAN_POINT('Ctrl Pts',(-1.10639344509664,-22.1920171317171,47.2235513617408));
#1943=CARTESIAN_POINT('Ctrl Pts',(-1.06421479482746,-22.2961734537753,47.2378053550922));
#1944=CARTESIAN_POINT('Ctrl Pts',(-1.13206159008839,-22.3124521898924,44.7596762153839));
#1945=CARTESIAN_POINT('Ctrl Pts',(-1.17770322776371,-22.2177073025538,44.7711887712));
#1946=CARTESIAN_POINT('Ctrl Pts',(-1.32962849049,-22.0387411821195,44.8126969944723));
#1947=CARTESIAN_POINT('Ctrl Pts',(-1.70888961795606,-21.7191843413522,44.9484792052464));
#1948=CARTESIAN_POINT('Ctrl Pts',(-2.10748384330045,-21.4346467306817,45.1576155903658));
#1949=CARTESIAN_POINT('Ctrl Pts',(-2.38766611776597,-21.2383372304158,45.4126854817196));
#1950=CARTESIAN_POINT('Ctrl Pts',(-2.4978684477316,-21.1619841183834,45.5583173305565));
#1951=CARTESIAN_POINT('Ctrl Pts',(-2.54926588121087,-21.1263162719047,45.6461240717731));
#1952=CARTESIAN_POINT('Ctrl Pts',(-2.66093263706194,-21.0489861736448,45.8722231475756));
#1953=CARTESIAN_POINT('Ctrl Pts',(-2.65366137438876,-21.0542457995962,46.3065450222546));
#1954=CARTESIAN_POINT('Ctrl Pts',(-2.31464277259261,-21.2885255424006,46.6712502457678));
#1955=CARTESIAN_POINT('Ctrl Pts',(-1.95746882498231,-21.5422904077254,46.9204085061416));
#1956=CARTESIAN_POINT('Ctrl Pts',(-1.66051139803825,-21.7594648238796,47.0687345510921));
#1957=CARTESIAN_POINT('Ctrl Pts',(-1.32948600901508,-22.0390055339296,47.1872266453112));
#1958=CARTESIAN_POINT('Ctrl Pts',(-1.1777052325707,-22.2177031408886,47.2288107231114));
#1959=CARTESIAN_POINT('Ctrl Pts',(-1.13206159008839,-22.3124521898923,47.240323784616));
#1960=CARTESIAN_POINT('',(-0.890592429943364,-22.2233818630282,44.7393951756246));
#1961=CARTESIAN_POINT('Ctrl Pts',(-1.22890938102597,-22.1638981057391,44.7859009315681));
#1962=CARTESIAN_POINT('Ctrl Pts',(-1.20803107993384,-22.1652228797577,44.7859110741132));
#1963=CARTESIAN_POINT('Ctrl Pts',(-1.18714168829505,-22.1670355107706,44.7853244076947));
#1964=CARTESIAN_POINT('Ctrl Pts',(-1.16636915553614,-22.1692760812369,44.7842052820843));
#1965=CARTESIAN_POINT('Ctrl Pts',(-1.1619805286649,-22.169749448056,44.7839688436691));
#1966=CARTESIAN_POINT('Ctrl Pts',(-1.15759696640605,-22.1702418125104,44.7837086601389));
#1967=CARTESIAN_POINT('Ctrl Pts',(-1.15321942889428,-22.170752431424,44.7834253601728));
#1968=CARTESIAN_POINT('Ctrl Pts',(-1.13233626965013,-22.1731883525456,44.7820738701421));
#1969=CARTESIAN_POINT('Ctrl Pts',(-1.11149832257484,-22.1760527780473,44.7801898041872));
#1970=CARTESIAN_POINT('Ctrl Pts',(-1.0908098357213,-22.1793033239865,44.7778217905843));
#1971=CARTESIAN_POINT('Ctrl Pts',(-1.08570682943963,-22.1801051011519,44.7772376981673));
#1972=CARTESIAN_POINT('Ctrl Pts',(-1.08061272931525,-22.1809302101212,44.7766241788342));
#1973=CARTESIAN_POINT('Ctrl Pts',(-1.0755287318937,-22.1817776797318,44.7759819739748));
#1974=CARTESIAN_POINT('Ctrl Pts',(-1.05373160848499,-22.1854111197509,44.7732285857622));
#1975=CARTESIAN_POINT('Ctrl Pts',(-1.03201006750248,-22.1894636945568,44.7699352478527));
#1976=CARTESIAN_POINT('Ctrl Pts',(-1.010459118715,-22.1939311369852,44.7661345888751));
#1977=CARTESIAN_POINT('Ctrl Pts',(-0.988908169927518,-22.1983985794136,
44.7623339298976));
#1978=CARTESIAN_POINT('Ctrl Pts',(-0.967527564997807,-22.2032815266835,
44.7580266963103));
#1979=CARTESIAN_POINT('Ctrl Pts',(-0.946379290500154,-22.208532686662,44.7532449604545));
#1980=CARTESIAN_POINT('Ctrl Pts',(-0.942766505641263,-22.2094297485601,
44.752428090837));
#1981=CARTESIAN_POINT('Ctrl Pts',(-0.939160429080071,-22.2103374420122,
44.7515973573777));
#1982=CARTESIAN_POINT('Ctrl Pts',(-0.935561279426541,-22.2112553890815,
44.7507529209208));
#1983=CARTESIAN_POINT('Ctrl Pts',(-0.920471963063617,-22.2151038519318,
44.7472126488917));
#1984=CARTESIAN_POINT('Ctrl Pts',(-0.905467964286285,-22.2191586351513,
44.7434215428382));
#1985=CARTESIAN_POINT('Ctrl Pts',(-0.890577430560162,-22.2233960483921,
44.7393901608511));
#1986=CARTESIAN_POINT('',(-0.674855470152917,-22.1887875996347,44.6607352771313));
#1987=CARTESIAN_POINT('Ctrl Pts',(-0.890577430560162,-22.2233960483921,
44.7393901608511));
#1988=CARTESIAN_POINT('Ctrl Pts',(-0.865416486583107,-22.2146694289727,
44.7336860289129));
#1989=CARTESIAN_POINT('Ctrl Pts',(-0.840162926787524,-22.2074426243086,
44.7267074507317));
#1990=CARTESIAN_POINT('Ctrl Pts',(-0.814810279521948,-22.2018530101628,
44.7184540119488));
#1991=CARTESIAN_POINT('Ctrl Pts',(-0.81141302249449,-22.2011040013615,44.7173480504051));
#1992=CARTESIAN_POINT('Ctrl Pts',(-0.808013994955474,-22.200384315418,44.7162191862785));
#1993=CARTESIAN_POINT('Ctrl Pts',(-0.804613188435049,-22.1996942169064,
44.7150674023988));
#1994=CARTESIAN_POINT('Ctrl Pts',(-0.801441262820561,-22.1990505633693,
44.7139931358187));
#1995=CARTESIAN_POINT('Ctrl Pts',(-0.798267789634648,-22.1984326485398,
44.7128989307488));
#1996=CARTESIAN_POINT('Ctrl Pts',(-0.795092755097186,-22.1978406768658,
44.7117847871009));
#1997=CARTESIAN_POINT('Ctrl Pts',(-0.773707237182018,-22.193853438085,44.7042804470181));
#1998=CARTESIAN_POINT('Ctrl Pts',(-0.752524515961142,-22.1910952617815,
44.6959683271399));
#1999=CARTESIAN_POINT('Ctrl Pts',(-0.731567378518653,-22.1895748411122,
44.6869184254368));
#2000=CARTESIAN_POINT('Ctrl Pts',(-0.712518610877596,-22.1881928708825,
44.6786926133386));
#2001=CARTESIAN_POINT('Ctrl Pts',(-0.69365583912698,-22.1878329047024,44.6698576680365));
#2002=CARTESIAN_POINT('Ctrl Pts',(-0.67498639617841,-22.1884689846665,44.6604503126146));
#2003=CARTESIAN_POINT('Ctrl Pts',(-0.67498639617841,-22.1884689846665,44.6604503126146));
#2004=CARTESIAN_POINT('Ctrl Pts',(-0.699661518347126,-22.0202725816298,
44.672883872896));
#2005=CARTESIAN_POINT('Ctrl Pts',(-0.784710506865276,-21.7061150525184,
44.7177127540301));
#2006=CARTESIAN_POINT('Ctrl Pts',(-0.9965687615366,-21.1555556284626,44.8643575416661));
#2007=CARTESIAN_POINT('Ctrl Pts',(-1.21486297752882,-20.6791025021975,45.0902248375952));
#2008=CARTESIAN_POINT('Ctrl Pts',(-1.36530083438781,-20.3572306935556,45.3657003202572));
#2009=CARTESIAN_POINT('Ctrl Pts',(-1.42407559603566,-20.2330805626103,45.522982717001));
#2010=CARTESIAN_POINT('Ctrl Pts',(-1.45140993397501,-20.1752398859997,45.6178139975149));
#2011=CARTESIAN_POINT('Ctrl Pts',(-1.510596046352,-20.0503274942888,45.8620009993816));
#2012=CARTESIAN_POINT('Ctrl Pts',(-1.50699067567503,-20.0582972060184,46.331068624035));
#2013=CARTESIAN_POINT('Ctrl Pts',(-1.32668943256483,-20.4380518705221,46.7249502654293));
#2014=CARTESIAN_POINT('Ctrl Pts',(-1.13280324105407,-20.8592331220184,46.994041186633));
#2015=CARTESIAN_POINT('Ctrl Pts',(-0.969560638283237,-21.2248571538757,
47.1542333151795));
#2016=CARTESIAN_POINT('Ctrl Pts',(-0.784656983400966,-21.7065327344855,
47.2822047769361));
#2017=CARTESIAN_POINT('Ctrl Pts',(-0.699662602200814,-22.02026519361,47.3271155809603));
#2018=CARTESIAN_POINT('Ctrl Pts',(-0.674986396178411,-22.1884689846665,
47.3395496873852));
#2019=CARTESIAN_POINT('Ctrl Pts',(-0.67498639617842,17.1884689846664,42.3395496873852));
#2020=CARTESIAN_POINT('Ctrl Pts',(-0.699661518347069,17.0202725816302,42.327116127104));
#2021=CARTESIAN_POINT('Ctrl Pts',(-0.784654311465615,16.706134840361,42.2822782191724));
#2022=CARTESIAN_POINT('Ctrl Pts',(-0.996377932344583,16.1556411116151,42.1356321374146));
#2023=CARTESIAN_POINT('Ctrl Pts',(-1.21457118326215,15.6804593941686,41.9096306187355));
#2024=CARTESIAN_POINT('Ctrl Pts',(-1.36502685506415,15.358310284108,41.6341837135064));
#2025=CARTESIAN_POINT('Ctrl Pts',(-1.42365034418794,15.2344822154089,41.4768638895323));
#2026=CARTESIAN_POINT('Ctrl Pts',(-1.45113486096203,15.1762994009273,41.3820727934923));
#2027=CARTESIAN_POINT('Ctrl Pts',(-1.48590762261443,15.1029289496379,41.2353756080641));
#2028=CARTESIAN_POINT('Ctrl Pts',(-1.51129532638783,15.0492192309149,41.000412275258));
#2029=CARTESIAN_POINT('Ctrl Pts',(-1.46608417733531,15.144813670489,40.5811225543283));
#2030=CARTESIAN_POINT('Ctrl Pts',(-1.3274418259765,15.4366328811853,40.275201335558));
#2031=CARTESIAN_POINT('Ctrl Pts',(-1.13293164444444,15.8591003389246,40.00596382848));
#2032=CARTESIAN_POINT('Ctrl Pts',(-0.969816624891216,16.2244002733061,39.8458138444922));
#2033=CARTESIAN_POINT('Ctrl Pts',(-0.784683594649132,16.7065069826074,39.7177964255384));
#2034=CARTESIAN_POINT('Ctrl Pts',(-0.699662602200819,17.02026519361,39.6728844190395));
#2035=CARTESIAN_POINT('Ctrl Pts',(-0.674986396178417,17.1884689846664,39.6604503126146));
#2036=CARTESIAN_POINT('Ctrl Pts',(-0.71507729434046,17.2007604031865,42.3193482636346));
#2037=CARTESIAN_POINT('Ctrl Pts',(-0.741073061433504,17.039926504435,42.3053224938437));
#2038=CARTESIAN_POINT('Ctrl Pts',(-0.829890821153536,16.7398205662075,42.2548697710591));
#2039=CARTESIAN_POINT('Ctrl Pts',(-1.04714635249579,16.2166945746099,42.0926919742168));
#2040=CARTESIAN_POINT('Ctrl Pts',(-1.26069495028209,15.7723408010812,41.8478401978414));
#2041=CARTESIAN_POINT('Ctrl Pts',(-1.39315307719398,15.4824066692242,41.5718914924828));
#2042=CARTESIAN_POINT('Ctrl Pts',(-1.44127144220359,15.3739950166192,41.4230121285174));
#2043=CARTESIAN_POINT('Ctrl Pts',(-1.4630077036162,15.3237448663127,41.3358183905098));
#2044=CARTESIAN_POINT('Ctrl Pts',(-1.48985496001059,15.2609711612745,41.2031936903225));
#2045=CARTESIAN_POINT('Ctrl Pts',(-1.50744527907756,15.2167952816081,41.0003708759929));
#2046=CARTESIAN_POINT('Ctrl Pts',(-1.47630832730349,15.295237379561,40.638628672571));
#2047=CARTESIAN_POINT('Ctrl Pts',(-1.36320887812804,15.5502654037221,40.3403456126605));
#2048=CARTESIAN_POINT('Ctrl Pts',(-1.18076547865532,15.9394722780127,40.060429881544));
#2049=CARTESIAN_POINT('Ctrl Pts',(-1.02004066558259,16.2818888743059,39.8870031974594));
#2050=CARTESIAN_POINT('Ctrl Pts',(-0.829928370265316,16.7401860469578,39.7450911495519));
#2051=CARTESIAN_POINT('Ctrl Pts',(-0.74107420329653,17.0399194398124,39.6946781222375));
#2052=CARTESIAN_POINT('Ctrl Pts',(-0.715077294340457,17.2007604031865,39.6806517363653));
#2053=CARTESIAN_POINT('Ctrl Pts',(-0.798188751187842,17.2253427064142,42.2847638302384));
#2054=CARTESIAN_POINT('Ctrl Pts',(-0.827409232453136,17.0792334055311,42.2684460016706));
#2055=CARTESIAN_POINT('Ctrl Pts',(-0.926049742966679,16.8071810983586,42.2098675798175));
#2056=CARTESIAN_POINT('Ctrl Pts',(-1.16313141987614,16.3387654327899,42.0250347912115));
#2057=CARTESIAN_POINT('Ctrl Pts',(-1.38530663504577,15.9559799523402,41.7514397826248));
#2058=CARTESIAN_POINT('Ctrl Pts',(-1.50430943756866,15.7302690858109,41.4737010605256));
#2059=CARTESIAN_POINT('Ctrl Pts',(-1.54217969109835,15.6525677691453,41.3376625959065));
#2060=CARTESIAN_POINT('Ctrl Pts',(-1.55792251886053,15.6181152482541,41.2622990861634));
#2061=CARTESIAN_POINT('Ctrl Pts',(-1.57621997005272,15.5764404425803,41.1517582309996));
#2062=CARTESIAN_POINT('Ctrl Pts',(-1.58454424025744,15.5512341141862,41.0003635549672));
#2063=CARTESIAN_POINT('Ctrl Pts',(-1.57020184351974,15.5955466186725,40.7304860781027));
#2064=CARTESIAN_POINT('Ctrl Pts',(-1.48205227680086,15.7772943146213,40.4424861530907));
#2065=CARTESIAN_POINT('Ctrl Pts',(-1.3020569827424,16.1001267452389,40.1456363423409));
#2066=CARTESIAN_POINT('Ctrl Pts',(-1.13377889455874,16.3968345077968,39.9521303689284));
#2067=CARTESIAN_POINT('Ctrl Pts',(-0.926082525469103,16.8075358298543,39.7899050393123));
#2068=CARTESIAN_POINT('Ctrl Pts',(-0.827410515961603,17.0792269876859,39.7315547150892));
#2069=CARTESIAN_POINT('Ctrl Pts',(-0.798188751187838,17.2253427064142,39.7152361697615));
#2070=CARTESIAN_POINT('Ctrl Pts',(-0.951054122703697,17.2675259276839,42.2457510355805));
#2071=CARTESIAN_POINT('Ctrl Pts',(-0.987388801356345,17.1465483126628,42.2288026670907));
#2072=CARTESIAN_POINT('Ctrl Pts',(-1.10876914950377,16.9216377721869,42.1679875052206));
#2073=CARTESIAN_POINT('Ctrl Pts',(-1.40347836891478,16.539494232969,41.9772836695715));
#2074=CARTESIAN_POINT('Ctrl Pts',(-1.68966564178481,16.2417237255716,41.6966855382187));
#2075=CARTESIAN_POINT('Ctrl Pts',(-1.85570534848842,16.0893022442187,41.423108437638));
#2076=CARTESIAN_POINT('Ctrl Pts',(-1.91195945220569,16.0437086097474,41.2949599775501));
#2077=CARTESIAN_POINT('Ctrl Pts',(-1.93632424626476,16.0252268534673,41.2259980594174));
#2078=CARTESIAN_POINT('Ctrl Pts',(-1.96549688571978,16.0044434216689,41.1268883971303));
#2079=CARTESIAN_POINT('Ctrl Pts',(-1.98159683363909,15.9967492335047,41.0003583951436));
#2080=CARTESIAN_POINT('Ctrl Pts',(-1.95344322402099,16.0096775505996,40.7748304835434));
#2081=CARTESIAN_POINT('Ctrl Pts',(-1.82135695414052,16.1149514133652,40.4961840734638));
#2082=CARTESIAN_POINT('Ctrl Pts',(-1.58237880925844,16.353973409696,40.1975826026968));
#2083=CARTESIAN_POINT('Ctrl Pts',(-1.36693535251819,16.5866164656703,39.9992664910257));
#2084=CARTESIAN_POINT('Ctrl Pts',(-1.10877343308365,16.9219257455382,39.8317042710393));
#2085=CARTESIAN_POINT('Ctrl Pts',(-0.987390397355647,17.1465429987259,39.7711980773656));
#2086=CARTESIAN_POINT('Ctrl Pts',(-0.951054122703691,17.267525927684,39.7542489644194));
#2087=CARTESIAN_POINT('Ctrl Pts',(-1.06421479482747,17.2961734537753,42.2378053550922));
#2088=CARTESIAN_POINT('Ctrl Pts',(-1.10639159248249,17.1920217065784,42.2235519878194));
#2089=CARTESIAN_POINT('Ctrl Pts',(-1.24689473046102,16.9971282695891,42.1723607825224));
#2090=CARTESIAN_POINT('Ctrl Pts',(-1.59479349161078,16.6600031540463,42.0093170086269));
#2091=CARTESIAN_POINT('Ctrl Pts',(-1.95248428314526,16.3839243292603,41.7659684682368));
#2092=CARTESIAN_POINT('Ctrl Pts',(-2.19223007796561,16.2211837014953,41.5042676759979));
#2093=CARTESIAN_POINT('Ctrl Pts',(-2.28317191449218,16.1649093810787,41.3683231285802));
#2094=CARTESIAN_POINT('Ctrl Pts',(-2.32522234759487,16.1398812027187,41.2903042582103));
#2095=CARTESIAN_POINT('Ctrl Pts',(-2.37791066640019,16.1095193627648,41.1731436775548));
#2096=CARTESIAN_POINT('Ctrl Pts',(-2.41472924721695,16.090846962458,41.0003388659098));
#2097=CARTESIAN_POINT('Ctrl Pts',(-2.34934764316898,16.1237011876901,40.6923046314609));
#2098=CARTESIAN_POINT('Ctrl Pts',(-2.13417738947348,16.2552549564177,40.4143540306562));
#2099=CARTESIAN_POINT('Ctrl Pts',(-1.8185093159287,16.4878599409443,40.1427237782897));
#2100=CARTESIAN_POINT('Ctrl Pts',(-1.55131206522806,16.7018188156289,39.9703975214093));
#2101=CARTESIAN_POINT('Ctrl Pts',(-1.24689584750643,16.9973849983624,39.8275398916698));
#2102=CARTESIAN_POINT('Ctrl Pts',(-1.10639344509663,17.1920171317171,39.7764486382591));
#2103=CARTESIAN_POINT('Ctrl Pts',(-1.06421479482747,17.2961734537753,39.7621946449077));
#2104=CARTESIAN_POINT('Ctrl Pts',(-1.13206159008841,17.3124521898923,42.240323784616));
#2105=CARTESIAN_POINT('Ctrl Pts',(-1.17770322776358,17.2177073025541,42.2288112288));
#2106=CARTESIAN_POINT('Ctrl Pts',(-1.32952413218869,17.0387596509845,42.1872946473818));
#2107=CARTESIAN_POINT('Ctrl Pts',(-1.7085479108759,16.7192493821619,42.0515112383469));
#2108=CARTESIAN_POINT('Ctrl Pts',(-2.10680480447094,16.4355214977785,41.8422505729032));
#2109=CARTESIAN_POINT('Ctrl Pts',(-2.38704883270273,16.2390382059023,41.5872071421355));
#2110=CARTESIAN_POINT('Ctrl Pts',(-2.49694819533981,16.1628975334411,41.4415406384557));
#2111=CARTESIAN_POINT('Ctrl Pts',(-2.54864968639766,16.1270043878171,41.3537711050854));
#2112=CARTESIAN_POINT('Ctrl Pts',(-2.61416554798991,16.0816485881403,41.217940377837));
#2113=CARTESIAN_POINT('Ctrl Pts',(-2.66228562921397,16.048244878376,41.0003817363501));
#2114=CARTESIAN_POINT('Ctrl Pts',(-2.57659045796253,16.1077056916955,40.612150513267));
#2115=CARTESIAN_POINT('Ctrl Pts',(-2.31612657841968,16.2875841002141,40.3288901255167));
#2116=CARTESIAN_POINT('Ctrl Pts',(-1.95770552504568,16.5422000839175,40.0795961374815));
#2117=CARTESIAN_POINT('Ctrl Pts',(-1.66101192093359,16.7591613682634,39.9313091152705));
#2118=CARTESIAN_POINT('Ctrl Pts',(-1.32953436239762,17.0389881631212,39.8127744680911));
#2119=CARTESIAN_POINT('Ctrl Pts',(-1.17770523257069,17.2177031408886,39.7711892768885));
#2120=CARTESIAN_POINT('Ctrl Pts',(-1.1320615900884,17.3124521898923,39.7596762153839));
#2121=CARTESIAN_POINT('',(-0.890592429943388,17.2233818630282,39.7393951756246));
#2122=CARTESIAN_POINT('',(-1.22932165498871,17.1637785170712,39.7859999999999));
#2123=CARTESIAN_POINT('Ctrl Pts',(-0.890592429943388,17.2233818630282,39.7393951756246));
#2124=CARTESIAN_POINT('Ctrl Pts',(-0.895669830978912,17.2219331484424,39.7407694991694));
#2125=CARTESIAN_POINT('Ctrl Pts',(-0.900760162762386,17.2205067924353,39.7421157045382));
#2126=CARTESIAN_POINT('Ctrl Pts',(-1.01552183739334,17.1889342258179,39.7717555309873));
#2127=CARTESIAN_POINT('Ctrl Pts',(-1.12693134526177,17.1701796583828,39.7859999999999));
#2128=CARTESIAN_POINT('Ctrl Pts',(-1.22932165498874,17.1637785170712,39.7859999999999));
#2129=CARTESIAN_POINT('',(-1.22932165497026,17.1637785170828,42.2140000000051));
#2130=CARTESIAN_POINT('Ctrl Pts',(-1.2291048189472,17.1636823142964,39.7859864549697));
#2131=CARTESIAN_POINT('Ctrl Pts',(-1.26237333364634,17.1226309290726,39.7955334715563));
#2132=CARTESIAN_POINT('Ctrl Pts',(-1.29965721497963,17.0826560769968,39.8067322817601));
#2133=CARTESIAN_POINT('Ctrl Pts',(-1.33891841489297,17.0436856459327,39.8193140804455));
#2134=CARTESIAN_POINT('Ctrl Pts',(-1.41221589064611,16.9709310120368,39.8428032780784));
#2135=CARTESIAN_POINT('Ctrl Pts',(-1.49240365368647,16.9016759975404,39.8711135112004));
#2136=CARTESIAN_POINT('Ctrl Pts',(-1.57462539042885,16.8348624609001,39.9040387394488));
#2137=CARTESIAN_POINT('Ctrl Pts',(-1.58812249044448,16.8238946922521,39.9094435766161));
#2138=CARTESIAN_POINT('Ctrl Pts',(-1.60167450448317,16.8129927551492,39.9149727573471));
#2139=CARTESIAN_POINT('Ctrl Pts',(-1.61526006639469,16.8021520054545,39.9206253488658));
#2140=CARTESIAN_POINT('Ctrl Pts',(-1.65927034939239,16.7670335123749,39.938936858837));
#2141=CARTESIAN_POINT('Ctrl Pts',(-1.70363250969858,16.7325571786234,39.9585435321799));
#2142=CARTESIAN_POINT('Ctrl Pts',(-1.7479557867964,16.6988035564803,39.9794570038731));
#2143=CARTESIAN_POINT('Ctrl Pts',(-1.81426775131815,16.6483048311921,40.0107456062453));
#2144=CARTESIAN_POINT('Ctrl Pts',(-1.88056050016451,16.5993193737175,40.0450328459392));
#2145=CARTESIAN_POINT('Ctrl Pts',(-1.94538399156587,16.5522146717605,40.0823258143866));
#2146=CARTESIAN_POINT('Ctrl Pts',(-1.97942618120435,16.527477540788,40.1019102933558));
#2147=CARTESIAN_POINT('Ctrl Pts',(-2.01306312961615,16.5032588525511,40.1223229567756));
#2148=CARTESIAN_POINT('Ctrl Pts',(-2.04608701392364,16.4796093715383,40.1435598114455));
#2149=CARTESIAN_POINT('Ctrl Pts',(-2.09208211462262,16.4466707792596,40.1731381390576));
#2150=CARTESIAN_POINT('Ctrl Pts',(-2.13688715358416,16.4148369361812,40.2043160132113));
#2151=CARTESIAN_POINT('Ctrl Pts',(-2.18012267970095,16.3842726114336,40.2373012186193));
#2152=CARTESIAN_POINT('Ctrl Pts',(-2.21321627701811,16.3608778815363,40.2625489536012));
#2153=CARTESIAN_POINT('Ctrl Pts',(-2.24539032060799,16.3382269642562,40.2888550314573));
#2154=CARTESIAN_POINT('Ctrl Pts',(-2.27631947942998,16.3165264759297,40.3161383919699));
#2155=CARTESIAN_POINT('Ctrl Pts',(-2.33233757544784,16.2772231102705,40.3655533119709));
#2156=CARTESIAN_POINT('Ctrl Pts',(-2.38447381081731,16.2408584857161,40.4184026900339));
#2157=CARTESIAN_POINT('Ctrl Pts',(-2.43078482535565,16.2086615549701,40.4743875891573));
#2158=CARTESIAN_POINT('Ctrl Pts',(-2.47462912184901,16.178179567221,40.5273904987413));
#2159=CARTESIAN_POINT('Ctrl Pts',(-2.51325247394418,16.1514331059371,40.5832037021837));
#2160=CARTESIAN_POINT('Ctrl Pts',(-2.54496553092092,16.1294911730476,40.6415724765099));
#2161=CARTESIAN_POINT('Ctrl Pts',(-2.54674973493747,16.128256700924,40.6448563542411));
#2162=CARTESIAN_POINT('Ctrl Pts',(-2.54851205411563,16.1270374438881,40.6481483210852));
#2163=CARTESIAN_POINT('Ctrl Pts',(-2.55025218328411,16.1258335950169,40.6514483317104));
#2164=CARTESIAN_POINT('Ctrl Pts',(-2.5612037204469,16.1182571484575,40.672217013515));
#2165=CARTESIAN_POINT('Ctrl Pts',(-2.57125614262445,16.1113052068792,40.6932647714836));
#2166=CARTESIAN_POINT('Ctrl Pts',(-2.58034520894371,16.1050170700359,40.7145847324645));
#2167=CARTESIAN_POINT('Ctrl Pts',(-2.59870909737933,16.0923122839334,40.7576603764473));
#2168=CARTESIAN_POINT('Ctrl Pts',(-2.61314347017596,16.0823151630909,40.8018461248896));
#2169=CARTESIAN_POINT('Ctrl Pts',(-2.62330136437177,16.0752719244662,40.8466291597101));
#2170=CARTESIAN_POINT('Ctrl Pts',(-2.6328253535293,16.0686682202927,40.8886175019639));
#2171=CARTESIAN_POINT('Ctrl Pts',(-2.63859004211238,16.0646612102105,40.9311318959076));
#2172=CARTESIAN_POINT('Ctrl Pts',(-2.64026900112573,16.0634815857122,40.9737546630325));
#2173=CARTESIAN_POINT('Ctrl Pts',(-2.64038075057861,16.0634030713523,40.9765915821405));
#2174=CARTESIAN_POINT('Ctrl Pts',(-2.64047438394282,16.0633370933444,40.9794289803222));
#2175=CARTESIAN_POINT('Ctrl Pts',(-2.64054979797888,16.0632837244201,40.9822667337574));
#2176=CARTESIAN_POINT('Ctrl Pts',(-2.6407086444177,16.0631713121423,40.9882439636074));
#2177=CARTESIAN_POINT('Ctrl Pts',(-2.64078758183912,16.0631147177064,40.9942218866377));
#2178=CARTESIAN_POINT('Ctrl Pts',(-2.64078566055772,16.0631145840648,41.0001992124792));
#2179=CARTESIAN_POINT('Ctrl Pts',(-2.64076567332037,16.0631131937818,41.0623817904658));
#2180=CARTESIAN_POINT('Ctrl Pts',(-2.63199356447381,16.0692228376484,41.1245036729839));
#2181=CARTESIAN_POINT('Ctrl Pts',(-2.61533994059415,16.0807862738563,41.1853054829909));
#2182=CARTESIAN_POINT('Ctrl Pts',(-2.6060547210053,16.0872334618779,41.2192055014731));
#2183=CARTESIAN_POINT('Ctrl Pts',(-2.5943197095387,16.0953758870775,41.2526941938765));
#2184=CARTESIAN_POINT('Ctrl Pts',(-2.58028952731438,16.1050963566988,41.2855479618801));
#2185=CARTESIAN_POINT('Ctrl Pts',(-2.57616564303116,16.1079534893614,41.2952046531011));
#2186=CARTESIAN_POINT('Ctrl Pts',(-2.57184349184364,16.1109469338717,41.3048064750388));
#2187=CARTESIAN_POINT('Ctrl Pts',(-2.56733120860802,16.1140719545807,41.3143501669364));
#2188=CARTESIAN_POINT('Ctrl Pts',(-2.56112072412881,16.1183730792214,41.3274856345721));
#2189=CARTESIAN_POINT('Ctrl Pts',(-2.55455198371879,16.1229236077433,41.3405126299151));
#2190=CARTESIAN_POINT('Ctrl Pts',(-2.54764659178257,16.1277113846704,41.3534230515709));
#2191=CARTESIAN_POINT('Ctrl Pts',(-2.53572438014401,16.1359775179082,41.3757129926408));
#2192=CARTESIAN_POINT('Ctrl Pts',(-2.52279865673481,16.1449508572267,41.3976554453321));
#2193=CARTESIAN_POINT('Ctrl Pts',(-2.50894747979874,16.1545589248348,41.4192202224068));
#2194=CARTESIAN_POINT('Ctrl Pts',(-2.4812451504009,16.173775043074,41.4623497384522));
#2195=CARTESIAN_POINT('Ctrl Pts',(-2.44984085321673,16.1955301868108,41.5039684609357));
#2196=CARTESIAN_POINT('Ctrl Pts',(-2.41555690230457,16.2193877861495,41.5438547812518));
#2197=CARTESIAN_POINT('Ctrl Pts',(-2.38439802238247,16.2410707034692,41.5801053600853));
#2198=CARTESIAN_POINT('Ctrl Pts',(-2.35086061132504,16.2644901878409,41.6149249701625));
#2199=CARTESIAN_POINT('Ctrl Pts',(-2.31541779294452,16.2893157548132,41.6483174457909));
#2200=CARTESIAN_POINT('Ctrl Pts',(-2.27286381857511,16.319122259739,41.688409701908));
#2201=CARTESIAN_POINT('Ctrl Pts',(-2.22756197131816,16.350974034596,41.7264737118731));
#2202=CARTESIAN_POINT('Ctrl Pts',(-2.18032304158663,16.3843020881389,41.762505211128));
#2203=CARTESIAN_POINT('Ctrl Pts',(-2.10065168113596,16.4405119003007,41.82327455076));
#2204=CARTESIAN_POINT('Ctrl Pts',(-2.01546891172684,16.5009217854711,41.8782600348676));
#2205=CARTESIAN_POINT('Ctrl Pts',(-1.92795494857011,16.5647275724928,41.9277012729038));
#2206=CARTESIAN_POINT('Ctrl Pts',(-1.89090416215602,16.591741028422,41.9486332097565));
#2207=CARTESIAN_POINT('Ctrl Pts',(-1.85343599734753,16.6193628253607,41.9685718409329));
#2208=CARTESIAN_POINT('Ctrl Pts',(-1.81579306555401,16.6475309635593,41.9875374589531));
#2209=CARTESIAN_POINT('Ctrl Pts',(-1.74910553545717,16.697433122461,42.0211366012694));
#2210=CARTESIAN_POINT('Ctrl Pts',(-1.68186680034774,16.7490630949314,42.0516928224451));
#2211=CARTESIAN_POINT('Ctrl Pts',(-1.61539472577975,16.8021088147375,42.0793339859049));
#2212=CARTESIAN_POINT('Ctrl Pts',(-1.51904042039662,16.879001006213,42.1194011136793));
#2213=CARTESIAN_POINT('Ctrl Pts',(-1.42429493066696,16.9588673444226,42.153344033994));
#2214=CARTESIAN_POINT('Ctrl Pts',(-1.33894687841832,17.043557780274,42.180700866607));
#2215=CARTESIAN_POINT('Ctrl Pts',(-1.31797846447602,17.064364630215,42.1874219267281));
#2216=CARTESIAN_POINT('Ctrl Pts',(-1.29757740397911,17.0854627334109,42.193745361624));
#2217=CARTESIAN_POINT('Ctrl Pts',(-1.27805296615807,17.1068597501822,42.1996317459981));
#2218=CARTESIAN_POINT('Ctrl Pts',(-1.26435299430247,17.121873679405,42.203762123579));
#2219=CARTESIAN_POINT('Ctrl Pts',(-1.25108464366873,17.137034782799,42.2076773129568));
#2220=CARTESIAN_POINT('Ctrl Pts',(-1.23835491144479,17.1523457254196,42.2113636564654));
#2221=CARTESIAN_POINT('Ctrl Pts',(-1.23522674964111,17.1561081852295,42.2122695261849));
#2222=CARTESIAN_POINT('Ctrl Pts',(-1.23213128433785,17.1598794783434,42.2131615280018));
#2223=CARTESIAN_POINT('Ctrl Pts',(-1.22906919586035,17.1636607799712,42.2140397184727));
#2224=CARTESIAN_POINT('',(-0.890592429943395,17.2233818630282,42.2606048243752));
#2225=CARTESIAN_POINT('Ctrl Pts',(-1.22887157776386,17.1639048851346,42.2140963883909));
#2226=CARTESIAN_POINT('Ctrl Pts',(-1.20799302006909,17.1652195681011,42.2140841555519));
#2227=CARTESIAN_POINT('Ctrl Pts',(-1.18710201997118,17.1670261796408,42.2146698757125));
#2228=CARTESIAN_POINT('Ctrl Pts',(-1.16632657405651,17.1692637723446,42.215789058266));
#2229=CARTESIAN_POINT('Ctrl Pts',(-1.16194787358626,17.1697353746517,42.2160249408167));
#2230=CARTESIAN_POINT('Ctrl Pts',(-1.15757415632588,17.1702260173254,42.2162844986551));
#2231=CARTESIAN_POINT('Ctrl Pts',(-1.1532063774391,17.1707349512781,42.2165671056064));
#2232=CARTESIAN_POINT('Ctrl Pts',(-1.13231050718357,17.1731697397874,42.2179191241818));
#2233=CARTESIAN_POINT('Ctrl Pts',(-1.11145850333585,17.1760362613514,42.2198051912954));
#2234=CARTESIAN_POINT('Ctrl Pts',(-1.09075508928858,17.1792909031803,42.222176376459));
#2235=CARTESIAN_POINT('Ctrl Pts',(-1.08567044869361,17.18009022468,42.2227587260325));
#2236=CARTESIAN_POINT('Ctrl Pts',(-1.08059458554866,17.1809127967345,42.2233703191097));
#2237=CARTESIAN_POINT('Ctrl Pts',(-1.0755286893566,17.1817576418391,42.224010418649));
#2238=CARTESIAN_POINT('Ctrl Pts',(-1.05373362847201,17.1853924282216,42.2267643259348));
#2239=CARTESIAN_POINT('Ctrl Pts',(-1.03201293044399,17.1894475770179,42.2300585470443));
#2240=CARTESIAN_POINT('Ctrl Pts',(-1.01046213754591,17.1939177269453,42.2338601745909));
#2241=CARTESIAN_POINT('Ctrl Pts',(-0.988911344647839,17.1983878768727,42.2376618021374));
#2242=CARTESIAN_POINT('Ctrl Pts',(-0.967530224412461,17.2032736501438,42.2419700819128));
#2243=CARTESIAN_POINT('Ctrl Pts',(-0.946381342782982,17.2085270512889,42.2467526834859));
#2244=CARTESIAN_POINT('Ctrl Pts',(-0.942768454207015,17.2094244960482,42.2475697009949));
#2245=CARTESIAN_POINT('Ctrl Pts',(-0.939162271017899,17.2103325564837,42.2484005772909));
#2246=CARTESIAN_POINT('Ctrl Pts',(-0.93556301433501,17.2112508527131,42.2492451505108));
#2247=CARTESIAN_POINT('Ctrl Pts',(-0.920473249255099,17.2151007794055,42.252785995914));
#2248=CARTESIAN_POINT('Ctrl Pts',(-0.905468799429965,17.2191567091566,42.2565775666249));
#2249=CARTESIAN_POINT('Ctrl Pts',(-0.890577946793937,17.2233948801456,42.2606092614253));
#2250=CARTESIAN_POINT('',(-0.674884397087833,17.188366651039,42.3393561664927));
#2251=CARTESIAN_POINT('Ctrl Pts',(-0.890577946793937,17.2233948801456,42.2606092614253));
#2252=CARTESIAN_POINT('Ctrl Pts',(-0.865447621320975,17.2146787991526,42.2663064370125));
#2253=CARTESIAN_POINT('Ctrl Pts',(-0.840224787614995,17.207459105506,42.2732750644258));
#2254=CARTESIAN_POINT('Ctrl Pts',(-0.814903040390812,17.2018725651004,42.2815154984128));
#2255=CARTESIAN_POINT('Ctrl Pts',(-0.811475015863,17.2011162666758,42.2826310774278));
#2256=CARTESIAN_POINT('Ctrl Pts',(-0.808045187682382,17.2003898235786,42.2837699764687));
#2257=CARTESIAN_POINT('Ctrl Pts',(-0.804613547520046,17.1996935070983,42.2849322129023));
#2258=CARTESIAN_POINT('Ctrl Pts',(-0.801441605105938,17.1990498860679,42.2860064942559));
#2259=CARTESIAN_POINT('Ctrl Pts',(-0.798268114598513,17.1984320042018,42.2871007144459));
#2260=CARTESIAN_POINT('Ctrl Pts',(-0.795093062548275,17.1978400654299,42.2882148733505));
#2261=CARTESIAN_POINT('Ctrl Pts',(-0.773697004067108,17.1938511051297,42.2957229735967));
#2262=CARTESIAN_POINT('Ctrl Pts',(-0.752503940978671,17.1910923912816,42.3040396410171));
#2263=CARTESIAN_POINT('Ctrl Pts',(-0.731536760307776,17.1895725305002,42.313094734507));
#2264=CARTESIAN_POINT('Ctrl Pts',(-0.712498361296174,17.1881924824885,42.3213168453217));
#2265=CARTESIAN_POINT('Ctrl Pts',(-0.693645828744191,17.1878332457626,42.3301473761004));
#2266=CARTESIAN_POINT('Ctrl Pts',(-0.67498639617842,17.1884689846664,42.3395496873852));
#2267=CARTESIAN_POINT('',(-0.674833946049379,17.1884313309296,39.66074855893));
#2268=CARTESIAN_POINT('Ctrl Pts',(-0.67498639617842,17.1884689846664,42.3395496873852));
#2269=CARTESIAN_POINT('Ctrl Pts',(-0.699661518347069,17.0202725816302,42.327116127104));
#2270=CARTESIAN_POINT('Ctrl Pts',(-0.784654311465615,16.706134840361,42.2822782191724));
#2271=CARTESIAN_POINT('Ctrl Pts',(-0.996377932344583,16.1556411116151,42.1356321374146));
#2272=CARTESIAN_POINT('Ctrl Pts',(-1.21457118326215,15.6804593941686,41.9096306187355));
#2273=CARTESIAN_POINT('Ctrl Pts',(-1.36502685506415,15.358310284108,41.6341837135064));
#2274=CARTESIAN_POINT('Ctrl Pts',(-1.42365034418794,15.2344822154089,41.4768638895323));
#2275=CARTESIAN_POINT('Ctrl Pts',(-1.45113486096203,15.1762994009273,41.3820727934923));
#2276=CARTESIAN_POINT('Ctrl Pts',(-1.48590762261443,15.1029289496379,41.2353756080641));
#2277=CARTESIAN_POINT('Ctrl Pts',(-1.51129532638783,15.0492192309149,41.000412275258));
#2278=CARTESIAN_POINT('Ctrl Pts',(-1.46608417733531,15.144813670489,40.5811225543283));
#2279=CARTESIAN_POINT('Ctrl Pts',(-1.3274418259765,15.4366328811853,40.275201335558));
#2280=CARTESIAN_POINT('Ctrl Pts',(-1.13293164444444,15.8591003389246,40.00596382848));
#2281=CARTESIAN_POINT('Ctrl Pts',(-0.969816624891216,16.2244002733061,39.8458138444922));
#2282=CARTESIAN_POINT('Ctrl Pts',(-0.784683594649132,16.7065069826074,39.7177964255384));
#2283=CARTESIAN_POINT('Ctrl Pts',(-0.699662602200819,17.02026519361,39.6728844190395));
#2284=CARTESIAN_POINT('Ctrl Pts',(-0.674986396178417,17.1884689846664,39.6604503126146));
#2285=CARTESIAN_POINT('Ctrl Pts',(-0.674986396178418,17.1884689846664,39.6604503126146));
#2286=CARTESIAN_POINT('Ctrl Pts',(-0.69555616820086,17.187768159265,39.6708152258526));
#2287=CARTESIAN_POINT('Ctrl Pts',(-0.716360805232997,17.1882774667332,39.6804857059131));
#2288=CARTESIAN_POINT('Ctrl Pts',(-0.737390030328308,17.1900291568804,39.6894112133382));
#2289=CARTESIAN_POINT('Ctrl Pts',(-0.756445391483161,17.1916164283197,39.6974989467999));
#2290=CARTESIAN_POINT('Ctrl Pts',(-0.77568518019945,17.194223299856,39.7049740758158));
#2291=CARTESIAN_POINT('Ctrl Pts',(-0.795091769047609,17.19784160852,39.7117837999891));
#2292=CARTESIAN_POINT('Ctrl Pts',(-0.798267281541478,17.1984336746713,39.7128980794929));
#2293=CARTESIAN_POINT('Ctrl Pts',(-0.801441231745776,17.1990516886264,39.7139924145277));
#2294=CARTESIAN_POINT('Ctrl Pts',(-0.804613633099301,17.1996954459155,39.7150668056922));
#2295=CARTESIAN_POINT('Ctrl Pts',(-0.829990214464098,17.2048449706466,39.7236610444935));
#2296=CARTESIAN_POINT('Ctrl Pts',(-0.855267247092695,17.2116456965301,39.7309800983782));
#2297=CARTESIAN_POINT('Ctrl Pts',(-0.880450311497053,17.2199672844249,39.7370254816585));
#2298=CARTESIAN_POINT('Ctrl Pts',(-0.883827869649665,17.2210833776288,39.7378362897975));
#2299=CARTESIAN_POINT('Ctrl Pts',(-0.88720374710484,17.2222267525818,39.7386241773365));
#2300=CARTESIAN_POINT('Ctrl Pts',(-0.890577968292514,17.2233970205087,39.7393891447836));
#2301=CARTESIAN_POINT('Ctrl Pts',(1.04700337200246,17.4725757963017,42.4640228320615));
#2302=CARTESIAN_POINT('Ctrl Pts',(0.787219257792543,17.4861942121907,42.6499515611131));
#2303=CARTESIAN_POINT('Ctrl Pts',(0.0569350980835352,17.511353051179,42.9181199757611));
#2304=CARTESIAN_POINT('Ctrl Pts',(-0.700624553055797,17.4907336841538,42.7119278041303));
#2305=CARTESIAN_POINT('Ctrl Pts',(-1.0470033720025,17.4725757963017,42.4640228320615));
#2306=CARTESIAN_POINT('Ctrl Pts',(0.986027867557169,17.375429614672,42.3847220141728));
#2307=CARTESIAN_POINT('Ctrl Pts',(0.740607353677185,17.3876477221048,42.5595775166593));
#2308=CARTESIAN_POINT('Ctrl Pts',(0.0533536361074205,17.4101519717647,42.810414913997));
#2309=CARTESIAN_POINT('Ctrl Pts',(-0.65880051571709,17.3917204245824,42.6178626841549));
#2310=CARTESIAN_POINT('Ctrl Pts',(-0.986027867557209,17.375429614672,42.3847220141728));
#2311=CARTESIAN_POINT('Ctrl Pts',(0.925052363111877,17.2782834330424,42.3054211962842));
#2312=CARTESIAN_POINT('Ctrl Pts',(0.693995449561827,17.2891012320189,42.4692034722056));
#2313=CARTESIAN_POINT('Ctrl Pts',(0.049772174131304,17.3089508923503,42.7027098522329));
#2314=CARTESIAN_POINT('Ctrl Pts',(-0.616976478378383,17.292707165011,42.5237975641795));
#2315=CARTESIAN_POINT('Ctrl Pts',(-0.925052363111916,17.2782834330424,42.3054211962841));
#2316=CARTESIAN_POINT('Ctrl Pts',(0.864076858666586,17.1811372514127,42.2261203783955));
#2317=CARTESIAN_POINT('Ctrl Pts',(0.64738354544647,17.1905547419329,42.3788294277519));
#2318=CARTESIAN_POINT('Ctrl Pts',(0.0461907121551896,17.2077498129359,42.5950047904689));
#2319=CARTESIAN_POINT('Ctrl Pts',(-0.575152441039676,17.1936939054396,42.4297324442041));
#2320=CARTESIAN_POINT('Ctrl Pts',(-0.864076858666623,17.1811372514127,42.2261203783955));
#2321=CARTESIAN_POINT('',(-0.914955581432692,17.4789677308573,42.5497616114049));
#2322=CARTESIAN_POINT('Ctrl Pts',(-0.915388435011184,17.4789730894783,42.5495803191923));
#2323=CARTESIAN_POINT('Ctrl Pts',(-0.912776988146389,17.4329981612967,42.4977749335129));
#2324=CARTESIAN_POINT('Ctrl Pts',(-0.909199047098096,17.3870105195508,42.445870661803));
#2325=CARTESIAN_POINT('Ctrl Pts',(-0.904636054750841,17.3411335347527,42.3939806290436));
#2326=CARTESIAN_POINT('Ctrl Pts',(-0.904287462247347,17.3376287353214,42.3900164592512));
#2327=CARTESIAN_POINT('Ctrl Pts',(-0.903933100104904,17.3341245847339,42.3860523863223));
#2328=CARTESIAN_POINT('Ctrl Pts',(-0.903572950314527,17.3306211395142,42.382088467696));
#2329=CARTESIAN_POINT('Ctrl Pts',(-0.899895606806689,17.2948488806426,42.3416145015427));
#2330=CARTESIAN_POINT('Ctrl Pts',(-0.895580810350659,17.2590796887679,42.3010925113206));
#2331=CARTESIAN_POINT('Ctrl Pts',(-0.890592429942719,17.2233818630272,42.2606048243745));
#2332=CARTESIAN_POINT('',(0.914908186341337,17.4790318093908,42.5498184119616));
#2333=CARTESIAN_POINT('Ctrl Pts',(-0.914926287341438,17.4789938539868,42.5498521915517));
#2334=CARTESIAN_POINT('Ctrl Pts',(-0.593863812414709,17.4934153360674,42.738661587982));
#2335=CARTESIAN_POINT('Ctrl Pts',(0.0552696887467868,17.5083539600686,42.8870417295096));
#2336=CARTESIAN_POINT('Ctrl Pts',(0.684274468931633,17.4895092611181,42.6853540488709));
#2337=CARTESIAN_POINT('Ctrl Pts',(0.914908186341337,17.4790318093908,42.5498184119616));
#2338=CARTESIAN_POINT('',(0.890592429943365,17.2233818630282,42.2606048243752));
#2339=CARTESIAN_POINT('Ctrl Pts',(0.91505752892465,17.4790250243084,42.5497306385454));
#2340=CARTESIAN_POINT('Ctrl Pts',(0.912563275605936,17.4331491706086,42.4980037956468));
#2341=CARTESIAN_POINT('Ctrl Pts',(0.909083786681956,17.3872647925675,42.4461919937217));
#2342=CARTESIAN_POINT('Ctrl Pts',(0.904594567706813,17.341494926489,42.3944085506298));
#2343=CARTESIAN_POINT('Ctrl Pts',(0.904213091009782,17.3376055779337,42.3900081912486));
#2344=CARTESIAN_POINT('Ctrl Pts',(0.903824296880829,17.3337170597248,42.3856080524724));
#2345=CARTESIAN_POINT('Ctrl Pts',(0.903428156370545,17.3298294492949,42.3812082128236));
#2346=CARTESIAN_POINT('Ctrl Pts',(0.899809631989034,17.2943182789876,42.3410181120116));
#2347=CARTESIAN_POINT('Ctrl Pts',(0.895543781417007,17.258813485586,42.3007904787588));
#2348=CARTESIAN_POINT('Ctrl Pts',(0.890592429942763,17.2233818630273,42.2606048243746));
#2349=CARTESIAN_POINT('',(0.674986396178409,17.1884689846664,42.3395496873852));
#2350=CARTESIAN_POINT('Ctrl Pts',(0.675558337763754,17.1884068192178,42.3388879612597));
#2351=CARTESIAN_POINT('Ctrl Pts',(0.701557748870643,17.1875272547729,42.3258392497468));
#2352=CARTESIAN_POINT('Ctrl Pts',(0.727985897529524,17.1886244057134,42.3139110181507));
#2353=CARTESIAN_POINT('Ctrl Pts',(0.754826415744528,17.1917229776503,42.3031854408965));
#2354=CARTESIAN_POINT('Ctrl Pts',(0.76814690882715,17.1932607462478,42.2978625191676));
#2355=CARTESIAN_POINT('Ctrl Pts',(0.781569015733263,17.1952914656342,42.2928365151464));
#2356=CARTESIAN_POINT('Ctrl Pts',(0.795090248269297,17.1978182982979,42.2881223871954));
#2357=CARTESIAN_POINT('Ctrl Pts',(0.817872505366182,17.202075820771,42.2801794371217));
#2358=CARTESIAN_POINT('Ctrl Pts',(0.840615208867613,17.2076790226867,42.273230350042));
#2359=CARTESIAN_POINT('Ctrl Pts',(0.863289818450957,17.2145272930242,42.2672844634185));
#2360=CARTESIAN_POINT('Ctrl Pts',(0.872403270318171,17.2172797718207,42.264894673581));
#2361=CARTESIAN_POINT('Ctrl Pts',(0.881505307331425,17.2202334190103,42.2626673514555));
#2362=CARTESIAN_POINT('Ctrl Pts',(0.89059242993251,17.2233818630096,42.2606048243595));
#2363=CARTESIAN_POINT('Ctrl Pts',(0.674833879847694,17.1884313149077,42.3392513111998));
#2364=CARTESIAN_POINT('Ctrl Pts',(0.503969818692472,17.1942056168586,42.4248900690088));
#2365=CARTESIAN_POINT('Ctrl Pts',(0.0443268554275187,17.2044670497243,42.5549329661548));
#2366=CARTESIAN_POINT('Ctrl Pts',(-0.427001330665524,17.1966059590217,42.4637733465149));
#2367=CARTESIAN_POINT('Ctrl Pts',(-0.674884397087833,17.188366651039,42.3393561664927));
#2368=CARTESIAN_POINT('Origin',(0.,-2.50000000000001,42.382));
#2369=CARTESIAN_POINT('',(1.22932165498871,17.1637785170712,42.214));
#2370=CARTESIAN_POINT('Origin',(0.,-2.50000000000001,42.214));
#2371=CARTESIAN_POINT('Ctrl Pts',(0.890592429943365,17.2233818630282,42.2606048243752));
#2372=CARTESIAN_POINT('Ctrl Pts',(0.895669830978894,17.2219331484424,42.2592305008305));
#2373=CARTESIAN_POINT('Ctrl Pts',(0.900760162762373,17.2205067924353,42.2578842954617));
#2374=CARTESIAN_POINT('Ctrl Pts',(1.01552183739327,17.1889342258179,42.2282444690126));
#2375=CARTESIAN_POINT('Ctrl Pts',(1.12693134526172,17.1701796583828,42.214));
#2376=CARTESIAN_POINT('Ctrl Pts',(1.22932165498874,17.1637785170712,42.214));
#2377=CARTESIAN_POINT('',(20.,-2.50000000000002,42.5499999999999));
#2378=CARTESIAN_POINT('Origin',(0.,-2.50000000000001,42.5499999999999));
#2379=CARTESIAN_POINT('Origin',(0.,-2.50000000000001,42.5499999999999));
#2380=CARTESIAN_POINT('Origin',(0.,-2.50000000000001,40.9999999999999));
#2381=CARTESIAN_POINT('',(1.22932165497025,17.1637785170828,39.7859999999948));
#2382=CARTESIAN_POINT('Origin',(0.,-2.50000000000001,39.7859999999999));
#2383=CARTESIAN_POINT('Ctrl Pts',(1.2290929022565,17.1636777167378,42.214011039215));
#2384=CARTESIAN_POINT('Ctrl Pts',(1.26233668429929,17.1226473903211,42.2044676236076));
#2385=CARTESIAN_POINT('Ctrl Pts',(1.29959609727448,17.0826900739113,42.1932723507161));
#2386=CARTESIAN_POINT('Ctrl Pts',(1.33882830752576,17.0437431345999,42.1806950344111));
#2387=CARTESIAN_POINT('Ctrl Pts',(1.42409319306657,16.9590982394671,42.1533602646315));
#2388=CARTESIAN_POINT('Ctrl Pts',(1.5186739507439,16.8792251139065,42.1194957696449));
#2389=CARTESIAN_POINT('Ctrl Pts',(1.61496263837936,16.8023804392764,42.0794216829113));
#2390=CARTESIAN_POINT('Ctrl Pts',(1.65905536818837,16.7671915551101,42.061070868064));
#2391=CARTESIAN_POINT('Ctrl Pts',(1.70350693028784,16.7326379286373,42.0414182756198));
#2392=CARTESIAN_POINT('Ctrl Pts',(1.74789642909439,16.6988169294966,42.0204572238861));
#2393=CARTESIAN_POINT('Ctrl Pts',(1.80842882699169,16.6526964227933,41.9918733750479));
#2394=CARTESIAN_POINT('Ctrl Pts',(1.8690229712403,16.6077923913934,41.9607603351525));
#2395=CARTESIAN_POINT('Ctrl Pts',(1.92846415723334,16.5644638703574,41.9271359042613));
#2396=CARTESIAN_POINT('Ctrl Pts',(1.96812130098972,16.5355565503103,41.9047028241116));
#2397=CARTESIAN_POINT('Ctrl Pts',(2.00726464975256,16.5073501703318,41.8811527960697));
#2398=CARTESIAN_POINT('Ctrl Pts',(2.04553631477556,16.4799449232391,41.8565022499859));
#2399=CARTESIAN_POINT('Ctrl Pts',(2.09145847469645,16.4470613750865,41.8269240667864));
#2400=CARTESIAN_POINT('Ctrl Pts',(2.13612494500578,16.4153316225805,41.7957604330376));
#2401=CARTESIAN_POINT('Ctrl Pts',(2.17929816854569,16.3848071181158,41.7628021352759));
#2402=CARTESIAN_POINT('Ctrl Pts',(2.21254409540147,16.3613014504929,41.7374223033608));
#2403=CARTESIAN_POINT('Ctrl Pts',(2.24490416519874,16.338510751035,41.7109790638413));
#2404=CARTESIAN_POINT('Ctrl Pts',(2.27600264003504,16.3166742228042,41.6835720936658));
#2405=CARTESIAN_POINT('Ctrl Pts',(2.32187493340311,16.2844639091339,41.6431450121824));
#2406=CARTESIAN_POINT('Ctrl Pts',(2.36518397481189,16.2541812831856,41.6004369605859));
#2407=CARTESIAN_POINT('Ctrl Pts',(2.40483313860622,16.2265434475305,41.5555887202572));
#2408=CARTESIAN_POINT('Ctrl Pts',(2.43869809198751,16.2029375520601,41.5172831565928));
#2409=CARTESIAN_POINT('Ctrl Pts',(2.46989355696174,16.1812608925862,41.4774162120997));
#2410=CARTESIAN_POINT('Ctrl Pts',(2.4977061382053,16.1619791692887,41.4360638765911));
#2411=CARTESIAN_POINT('Ctrl Pts',(2.516856802803,16.1487025225616,41.4075902624119));
#2412=CARTESIAN_POINT('Ctrl Pts',(2.53440302426186,16.1365616830757,41.3784121920308));
#2413=CARTESIAN_POINT('Ctrl Pts',(2.550099901699,16.1257161950919,41.3485504799212));
#2414=CARTESIAN_POINT('Ctrl Pts',(2.56101941723531,16.1181715432964,41.327777212714));
#2415=CARTESIAN_POINT('Ctrl Pts',(2.57100735906592,16.1112721843507,41.3067179615391));
#2416=CARTESIAN_POINT('Ctrl Pts',(2.57998800694301,16.1050664889578,41.2853873699031));
#2417=CARTESIAN_POINT('Ctrl Pts',(2.60604777860787,16.087058990259,41.2234909059599));
#2418=CARTESIAN_POINT('Ctrl Pts',(2.62362750915143,16.074891445913,41.1593135582298));
#2419=CARTESIAN_POINT('Ctrl Pts',(2.63251281582392,16.0687328514719,41.094465115934));
#2420=CARTESIAN_POINT('Ctrl Pts',(2.63600916247815,16.0663094594763,41.0689474109622));
#2421=CARTESIAN_POINT('Ctrl Pts',(2.63815908092723,16.0648165885106,41.0433252597732));
#2422=CARTESIAN_POINT('Ctrl Pts',(2.63894868511039,16.0642650132669,41.0176947331613));
#2423=CARTESIAN_POINT('Ctrl Pts',(2.63998930783215,16.0635380899,40.9839161527892));
#2424=CARTESIAN_POINT('Ctrl Pts',(2.63850476359588,16.0644690688427,40.9500187815117));
#2425=CARTESIAN_POINT('Ctrl Pts',(2.6345480853598,16.0670872789229,40.9162898232455));
#2426=CARTESIAN_POINT('Ctrl Pts',(2.63022016414237,16.0699511476233,40.8793961802926));
#2427=CARTESIAN_POINT('Ctrl Pts',(2.6229352341927,16.074832472245,40.842705001512));
#2428=CARTESIAN_POINT('Ctrl Pts',(2.61279205456459,16.0817494268676,40.8065341999929));
#2429=CARTESIAN_POINT('Ctrl Pts',(2.60406978324009,16.0876974192299,40.7754303887186));
#2430=CARTESIAN_POINT('Ctrl Pts',(2.59323508165001,16.0951495546492,40.7447096510099));
#2431=CARTESIAN_POINT('Ctrl Pts',(2.58035648115305,16.1041204466265,40.7145439555517));
#2432=CARTESIAN_POINT('Ctrl Pts',(2.57618933459316,16.1070231705406,40.7047831997859));
#2433=CARTESIAN_POINT('Ctrl Pts',(2.57180819397673,16.1100849935614,40.6950803961271));
#2434=CARTESIAN_POINT('Ctrl Pts',(2.56725089987909,16.1132827157341,40.6854349446114));
#2435=CARTESIAN_POINT('Ctrl Pts',(2.5610924994358,16.117603888172,40.6724007731015));
#2436=CARTESIAN_POINT('Ctrl Pts',(2.55455358334859,16.1221815497978,40.6594727666282));
#2437=CARTESIAN_POINT('Ctrl Pts',(2.54772151303976,16.1269578767677,40.6466528478811));
#2438=CARTESIAN_POINT('Ctrl Pts',(2.5358384333958,16.135265384042,40.6243550510764));
#2439=CARTESIAN_POINT('Ctrl Pts',(2.52306869968867,16.144173624643,40.6023843978573));
#2440=CARTESIAN_POINT('Ctrl Pts',(2.50930332473402,16.1537499852386,40.5807984147926));
#2441=CARTESIAN_POINT('Ctrl Pts',(2.48178687075984,16.1728927609666,40.5376488666368));
#2442=CARTESIAN_POINT('Ctrl Pts',(2.45029207855503,16.1947046766645,40.496038380125));
#2443=CARTESIAN_POINT('Ctrl Pts',(2.41594104600943,16.2185877868773,40.4561615152392));
#2444=CARTESIAN_POINT('Ctrl Pts',(2.38461134986549,16.2403702641564,40.4197920099444));
#2445=CARTESIAN_POINT('Ctrl Pts',(2.35090621516769,16.2638757543584,40.3848628837261));
#2446=CARTESIAN_POINT('Ctrl Pts',(2.31535898991236,16.2887898159492,40.351358376506));
#2447=CARTESIAN_POINT('Ctrl Pts',(2.27293695274147,16.3185222420188,40.3113741178059));
#2448=CARTESIAN_POINT('Ctrl Pts',(2.22781134588879,16.3502801797822,40.2734069674488));
#2449=CARTESIAN_POINT('Ctrl Pts',(2.18075262485245,16.3835278881124,40.2374707366318));
#2450=CARTESIAN_POINT('Ctrl Pts',(2.10880912906864,16.4343570715539,40.1825313329819));
#2451=CARTESIAN_POINT('Ctrl Pts',(2.03234628657655,16.488668300326,40.1323411450276));
#2452=CARTESIAN_POINT('Ctrl Pts',(1.9537079490079,16.5458060117413,40.0867227562193));
#2453=CARTESIAN_POINT('Ctrl Pts',(1.90832478926067,16.578780893522,40.0603958183578));
#2454=CARTESIAN_POINT('Ctrl Pts',(1.86221787899989,16.6126966506786,40.035590797073));
#2455=CARTESIAN_POINT('Ctrl Pts',(1.81584166416747,16.647426184859,40.0122670020989));
#2456=CARTESIAN_POINT('Ctrl Pts',(1.74920769701944,16.6973260451214,39.9787550608229));
#2457=CARTESIAN_POINT('Ctrl Pts',(1.68203507148112,16.7489537439399,39.9482619272781));
#2458=CARTESIAN_POINT('Ctrl Pts',(1.61562876019716,16.8019716257377,39.920666328147));
#2459=CARTESIAN_POINT('Ctrl Pts',(1.52492940697023,16.8743847367139,39.8829755884461));
#2460=CARTESIAN_POINT('Ctrl Pts',(1.43565697143116,16.9493896835676,39.8506900287235));
#2461=CARTESIAN_POINT('Ctrl Pts',(1.3542809008376,17.0285701241006,39.8242141092926));
#2462=CARTESIAN_POINT('Ctrl Pts',(1.34917091068697,17.0335422402066,39.8225515605048));
#2463=CARTESIAN_POINT('Ctrl Pts',(1.34409207367913,17.0385308286226,39.8209119209973));
#2464=CARTESIAN_POINT('Ctrl Pts',(1.33904599883336,17.0435362849734,39.8192952914193));
#2465=CARTESIAN_POINT('Ctrl Pts',(1.30141227862551,17.0808670716896,39.8072384379093));
#2466=CARTESIAN_POINT('Ctrl Pts',(1.26560030412229,17.1191359565337,39.7964613573387));
#2467=CARTESIAN_POINT('Ctrl Pts',(1.23340120312565,17.1583868873463,39.7871916341297));
#2468=CARTESIAN_POINT('Ctrl Pts',(1.23195826124904,17.1601458436529,39.7867762289977));
#2469=CARTESIAN_POINT('Ctrl Pts',(1.23052244856974,17.1619069362089,39.7863638123519));
#2470=CARTESIAN_POINT('Ctrl Pts',(1.22909392656123,17.1636701753611,39.7859544052568));
#2471=CARTESIAN_POINT('Ctrl Pts',(0.674986396178409,17.1884689846664,39.6604503126146));
#2472=CARTESIAN_POINT('Ctrl Pts',(0.699661518347126,17.0202725816298,39.6728838728959));
#2473=CARTESIAN_POINT('Ctrl Pts',(0.784710406957905,16.7061165888056,39.7177141539934));
#2474=CARTESIAN_POINT('Ctrl Pts',(0.996566042336326,16.1555634134556,39.8643610438374));
#2475=CARTESIAN_POINT('Ctrl Pts',(1.21485790314977,15.6791159143095,40.0902305760135));
#2476=CARTESIAN_POINT('Ctrl Pts',(1.36529552071045,15.3572421077432,40.3657057382801));
#2477=CARTESIAN_POINT('Ctrl Pts',(1.42407057732101,15.2330901895273,40.5229879121575));
#2478=CARTESIAN_POINT('Ctrl Pts',(1.45140488988979,15.1752491701197,40.6178191283016));
#2479=CARTESIAN_POINT('Ctrl Pts',(1.51059327362483,15.0503283470984,40.8620046398957));
#2480=CARTESIAN_POINT('Ctrl Pts',(1.50699033947118,15.0582774056024,41.3310684833715));
#2481=CARTESIAN_POINT('Ctrl Pts',(1.3266878840034,15.4380323423111,41.7249477535297));
#2482=CARTESIAN_POINT('Ctrl Pts',(1.13279298881939,15.8591830156627,41.9940266784932));
#2483=CARTESIAN_POINT('Ctrl Pts',(0.969570506854219,16.2248849383278,42.1542452381679));
#2484=CARTESIAN_POINT('Ctrl Pts',(0.784658008719531,16.7065261113658,42.2822033462407));
#2485=CARTESIAN_POINT('Ctrl Pts',(0.699662602200812,17.02026519361,42.3271155809603));
#2486=CARTESIAN_POINT('Ctrl Pts',(0.67498639617841,17.1884689846665,42.3395496873852));
#2487=CARTESIAN_POINT('Ctrl Pts',(0.715077294340449,17.2007604031865,39.6806517363653));
#2488=CARTESIAN_POINT('Ctrl Pts',(0.741073061433565,17.0399265044345,39.6946775061562));
#2489=CARTESIAN_POINT('Ctrl Pts',(0.829885768495351,16.7398605429144,39.7450988537854));
#2490=CARTESIAN_POINT('Ctrl Pts',(1.04719358775789,16.2167640320316,39.9072356447535));
#2491=CARTESIAN_POINT('Ctrl Pts',(1.26048739441919,15.7714708818963,40.152168623569));
#2492=CARTESIAN_POINT('Ctrl Pts',(1.39298395777498,15.4817556087514,40.4280915257897));
#2493=CARTESIAN_POINT('Ctrl Pts',(1.44107728755852,15.373194316345,40.5769391364319));
#2494=CARTESIAN_POINT('Ctrl Pts',(1.46284269845168,15.3231099254291,40.6641588778704));
#2495=CARTESIAN_POINT('Ctrl Pts',(1.50737186109845,15.2172729543935,40.8849584287914));
#2496=CARTESIAN_POINT('Ctrl Pts',(1.50831148837631,15.2207782246921,41.275996850592));
#2497=CARTESIAN_POINT('Ctrl Pts',(1.36327442450099,15.5508546622441,41.6598094185346));
#2498=CARTESIAN_POINT('Ctrl Pts',(1.18072398987581,15.9394558977694,41.939607014462));
#2499=CARTESIAN_POINT('Ctrl Pts',(1.02007341124725,16.2820962483382,42.1130601852422));
#2500=CARTESIAN_POINT('Ctrl Pts',(0.829922006047852,16.7401853834065,42.2549175468731));
#2501=CARTESIAN_POINT('Ctrl Pts',(0.741074203296522,17.0399194398124,42.3053218777624));
#2502=CARTESIAN_POINT('Ctrl Pts',(0.715077294340449,17.2007604031865,42.3193482636346));
#2503=CARTESIAN_POINT('Ctrl Pts',(0.798188751187831,17.2253427064142,39.7152361697615));
#2504=CARTESIAN_POINT('Ctrl Pts',(0.827409232453206,17.0792334055307,39.7315539983293));
#2505=CARTESIAN_POINT('Ctrl Pts',(0.925958996894472,16.8073395331912,39.7900583764538));
#2506=CARTESIAN_POINT('Ctrl Pts',(1.16295789922828,16.3391249986657,39.974772245041));
#2507=CARTESIAN_POINT('Ctrl Pts',(1.38442451441728,15.9560518858264,40.2488066867726));
#2508=CARTESIAN_POINT('Ctrl Pts',(1.5035475473693,15.7304524180482,40.5264284533088));
#2509=CARTESIAN_POINT('Ctrl Pts',(1.54113893676781,15.6529468465263,40.662438587462));
#2510=CARTESIAN_POINT('Ctrl Pts',(1.55716638239291,15.6183107763768,40.7378103172699));
#2511=CARTESIAN_POINT('Ctrl Pts',(1.58538084034348,15.5504651478895,40.9218679750671));
#2512=CARTESIAN_POINT('Ctrl Pts',(1.5928165437165,15.5451389446261,41.1874549491336));
#2513=CARTESIAN_POINT('Ctrl Pts',(1.48329727141501,15.7762771015457,41.5577072398637));
#2514=CARTESIAN_POINT('Ctrl Pts',(1.30215775380767,16.0999132420732,41.8544813818561));
#2515=CARTESIAN_POINT('Ctrl Pts',(1.13422033023965,16.3964946296302,42.0479528565654));
#2516=CARTESIAN_POINT('Ctrl Pts',(0.926105257398121,16.8074961455949,42.2101196260947));
#2517=CARTESIAN_POINT('Ctrl Pts',(0.827410515961593,17.0792269876859,42.2684452849107));
#2518=CARTESIAN_POINT('Ctrl Pts',(0.798188751187831,17.2253427064142,42.2847638302384));
#2519=CARTESIAN_POINT('Ctrl Pts',(0.951054122703684,17.267525927684,39.7542489644194));
#2520=CARTESIAN_POINT('Ctrl Pts',(0.987388801356434,17.1465483126625,39.7711973329093));
#2521=CARTESIAN_POINT('Ctrl Pts',(1.10868464319732,16.9218590387794,39.8319196537554));
#2522=CARTESIAN_POINT('Ctrl Pts',(1.40332151962891,16.5400438129426,40.0224742359542));
#2523=CARTESIAN_POINT('Ctrl Pts',(1.6888999037967,16.2425401654784,40.3036630772215));
#2524=CARTESIAN_POINT('Ctrl Pts',(1.85504160831103,16.0901101959255,40.5770828519172));
#2525=CARTESIAN_POINT('Ctrl Pts',(1.91105020194634,16.0449649589178,40.7052043726833));
#2526=CARTESIAN_POINT('Ctrl Pts',(1.93566415019314,16.0260431716269,40.7741678409107));
#2527=CARTESIAN_POINT('Ctrl Pts',(1.98228407172461,15.9950602308038,40.9391941864025));
#2528=CARTESIAN_POINT('Ctrl Pts',(1.98893734600484,15.9833927046754,41.1459271934371));
#2529=CARTESIAN_POINT('Ctrl Pts',(1.82244420841061,16.1127754626282,41.5040295593047));
#2530=CARTESIAN_POINT('Ctrl Pts',(1.58245866937667,16.3536339364354,41.8025684833155));
#2531=CARTESIAN_POINT('Ctrl Pts',(1.36732816898116,16.5858709396105,42.0008278329038));
#2532=CARTESIAN_POINT('Ctrl Pts',(1.10879268934605,16.9218593519672,42.168327144575));
#2533=CARTESIAN_POINT('Ctrl Pts',(0.987390397355634,17.1465429987259,42.2288019226342));
#2534=CARTESIAN_POINT('Ctrl Pts',(0.951054122703685,17.267525927684,42.2457510355805));
#2535=CARTESIAN_POINT('Ctrl Pts',(1.06421479482746,17.2961734537753,39.7621946449077));
#2536=CARTESIAN_POINT('Ctrl Pts',(1.10639159248259,17.1920217065781,39.7764480121805));
#2537=CARTESIAN_POINT('Ctrl Pts',(1.24692803838166,16.9972513992211,39.8275972548205));
#2538=CARTESIAN_POINT('Ctrl Pts',(1.59495244798104,16.6602155867167,39.9905708386479));
#2539=CARTESIAN_POINT('Ctrl Pts',(1.95265076288465,16.383953625414,40.2341197257823));
#2540=CARTESIAN_POINT('Ctrl Pts',(2.19238585618149,16.2213244632945,40.4957688149508));
#2541=CARTESIAN_POINT('Ctrl Pts',(2.28343775560149,16.1651657352484,40.6316858238349));
#2542=CARTESIAN_POINT('Ctrl Pts',(2.32537904747097,16.140027430543,40.7097202752975));
#2543=CARTESIAN_POINT('Ctrl Pts',(2.41408794174668,16.0904258563899,40.9048049502692));
#2544=CARTESIAN_POINT('Ctrl Pts',(2.41174567229672,16.0870759655391,41.2283089991919));
#2545=CARTESIAN_POINT('Ctrl Pts',(2.13359932419642,16.2546417768853,41.5857917913654));
#2546=CARTESIAN_POINT('Ctrl Pts',(1.81837638626818,16.4877210471442,41.8573397535748));
#2547=CARTESIAN_POINT('Ctrl Pts',(1.55113422568637,16.7016328497165,42.029661271574));
#2548=CARTESIAN_POINT('Ctrl Pts',(1.24687261727155,16.9973618500031,42.172473601474));
#2549=CARTESIAN_POINT('Ctrl Pts',(1.10639344509662,17.1920171317171,42.2235513617408));
#2550=CARTESIAN_POINT('Ctrl Pts',(1.06421479482746,17.2961734537753,42.2378053550922));
#2551=CARTESIAN_POINT('Ctrl Pts',(1.13206159008839,17.3124521898923,39.7596762153839));
#2552=CARTESIAN_POINT('Ctrl Pts',(1.1777032277637,17.2177073025538,39.7711887711999));
#2553=CARTESIAN_POINT('Ctrl Pts',(1.32962735166663,17.038742528651,39.8126982907346));
#2554=CARTESIAN_POINT('Ctrl Pts',(1.70888217326144,16.7191902543896,39.9484824479976));
#2555=CARTESIAN_POINT('Ctrl Pts',(2.1074704787505,16.4346568727867,40.1576209037162));
#2556=CARTESIAN_POINT('Ctrl Pts',(2.38765244513597,16.2383461901116,40.4126904984075));
#2557=CARTESIAN_POINT('Ctrl Pts',(2.4978553795902,16.1619919916909,40.5583221408866));
#2558=CARTESIAN_POINT('Ctrl Pts',(2.54925279456779,16.1263239378822,40.6461288225015));
#2559=CARTESIAN_POINT('Ctrl Pts',(2.66092447673308,16.0489884064742,40.872226518422));
#2560=CARTESIAN_POINT('Ctrl Pts',(2.65365941395817,16.0542351037937,41.3065448920106));
#2561=CARTESIAN_POINT('Ctrl Pts',(2.31463934120873,16.2885147608903,41.6712479199349));
#2562=CARTESIAN_POINT('Ctrl Pts',(1.95745268797297,16.5422613689189,41.9203950726789));
#2563=CARTESIAN_POINT('Ctrl Pts',(1.66052640189155,16.7594812840851,42.0687455908962));
#2564=CARTESIAN_POINT('Ctrl Pts',(1.32948778268623,17.0390016757436,42.1872253205933));
#2565=CARTESIAN_POINT('Ctrl Pts',(1.17770523257067,17.2177031408887,42.2288107231114));
#2566=CARTESIAN_POINT('Ctrl Pts',(1.13206159008839,17.3124521898923,42.240323784616));
#2567=CARTESIAN_POINT('',(0.890592429943366,17.2233818630282,39.7393951756246));
#2568=CARTESIAN_POINT('Ctrl Pts',(1.22890889596542,17.1638986228696,39.7859013815808));
#2569=CARTESIAN_POINT('Ctrl Pts',(1.20802943548179,17.1652227955391,39.7859113121939));
#2570=CARTESIAN_POINT('Ctrl Pts',(1.18713881843185,17.1670351894521,39.7853244358091));
#2571=CARTESIAN_POINT('Ctrl Pts',(1.16636502668115,17.1692757532684,39.7842050830134));
#2572=CARTESIAN_POINT('Ctrl Pts',(1.16197784183534,17.1697489344642,39.7839686886333));
#2573=CARTESIAN_POINT('Ctrl Pts',(1.15759571614929,17.1702411087971,39.7837085668633));
#2574=CARTESIAN_POINT('Ctrl Pts',(1.1532196089429,17.1707515327497,39.7834253454939));
#2575=CARTESIAN_POINT('Ctrl Pts',(1.13233426187547,17.1731875748526,39.7820736472113));
#2576=CARTESIAN_POINT('Ctrl Pts',(1.11149408315956,17.1760523706823,39.7801892999526));
#2577=CARTESIAN_POINT('Ctrl Pts',(1.09080336923619,17.1793034264182,39.7778209226867));
#2578=CARTESIAN_POINT('Ctrl Pts',(1.08570265570006,17.1801048827653,39.7772370658887));
#2579=CARTESIAN_POINT('Ctrl Pts',(1.08061083861591,17.1809296534609,39.7766238099731));
#2580=CARTESIAN_POINT('Ctrl Pts',(1.07552911318402,17.1817767674932,39.7759818950267));
#2581=CARTESIAN_POINT('Ctrl Pts',(1.05373199288447,17.1854103062816,39.7732285197223));
#2582=CARTESIAN_POINT('Ctrl Pts',(1.03201041787619,17.1894630261906,39.7699352099547));
#2583=CARTESIAN_POINT('Ctrl Pts',(1.01045942102698,17.1939306005543,39.7661345773814));
#2584=CARTESIAN_POINT('Ctrl Pts',(0.988908424177761,17.198398174918,39.7623339448081));
#2585=CARTESIAN_POINT('Ctrl Pts',(0.967527757635319,17.203281241444,39.7580267360479));
#2586=CARTESIAN_POINT('Ctrl Pts',(0.946379429255985,17.2085324885907,39.7532450164821));
#2587=CARTESIAN_POINT('Ctrl Pts',(0.94276663519241,17.2094295653798,39.7524281496475));
#2588=CARTESIAN_POINT('Ctrl Pts',(0.93916054963766,17.2103372728671,39.7515974187411));
#2589=CARTESIAN_POINT('Ctrl Pts',(0.935561391285039,17.2112552331262,39.7507529846137));
#2590=CARTESIAN_POINT('Ctrl Pts',(0.92047203845146,17.2151037512741,39.7472127223508));
#2591=CARTESIAN_POINT('Ctrl Pts',(0.90546800845695,17.2191585750938,39.7434216221754));
#2592=CARTESIAN_POINT('Ctrl Pts',(0.890577453283651,17.223396014929,39.739390242472));
#2593=CARTESIAN_POINT('',(0.67498639617841,17.1884689846664,39.6604503126146));
#2594=CARTESIAN_POINT('Ctrl Pts',(0.89057745328365,17.223396014929,39.739390242472));
#2595=CARTESIAN_POINT('Ctrl Pts',(0.865417785211328,17.2146698346474,39.7336863955129));
#2596=CARTESIAN_POINT('Ctrl Pts',(0.840165505266886,17.2074433237043,39.7267082259667));
#2597=CARTESIAN_POINT('Ctrl Pts',(0.81481414471022,17.2018538347219,39.7184553220932));
#2598=CARTESIAN_POINT('Ctrl Pts',(0.811415606517874,17.2011045222052,39.7173489590264));
#2599=CARTESIAN_POINT('Ctrl Pts',(0.808015296434488,17.200384554618,39.7162196760423));
#2600=CARTESIAN_POINT('Ctrl Pts',(0.804613205997202,17.199694196817,39.7150674559552));
#2601=CARTESIAN_POINT('Ctrl Pts',(0.801441279676601,17.199050544298,39.7139931878578));
#2602=CARTESIAN_POINT('Ctrl Pts',(0.79826780575879,17.1984326305053,39.7128989812258));
#2603=CARTESIAN_POINT('Ctrl Pts',(0.795092770474952,17.1978406598671,39.7117848359817));
#2604=CARTESIAN_POINT('Ctrl Pts',(0.773706533535572,17.1938532949409,39.7042802346008));
#2605=CARTESIAN_POINT('Ctrl Pts',(0.752523106458458,17.191095074148,39.6959677980667));
#2606=CARTESIAN_POINT('Ctrl Pts',(0.731565281589733,17.1895746875734,39.6869175350086));
#2607=CARTESIAN_POINT('Ctrl Pts',(0.712517224793534,17.1881928452301,39.6786919712475));
#2608=CARTESIAN_POINT('Ctrl Pts',(0.693655153365735,17.1878329280667,39.6698573224879));
#2609=CARTESIAN_POINT('Ctrl Pts',(0.674986396178409,17.1884689846664,39.6604503126146));
#2610=CARTESIAN_POINT('Ctrl Pts',(0.674986396178409,17.1884689846664,39.6604503126146));
#2611=CARTESIAN_POINT('Ctrl Pts',(0.699661518347126,17.0202725816298,39.6728838728959));
#2612=CARTESIAN_POINT('Ctrl Pts',(0.784710406957905,16.7061165888056,39.7177141539934));
#2613=CARTESIAN_POINT('Ctrl Pts',(0.996566042336326,16.1555634134556,39.8643610438374));
#2614=CARTESIAN_POINT('Ctrl Pts',(1.21485790314977,15.6791159143095,40.0902305760135));
#2615=CARTESIAN_POINT('Ctrl Pts',(1.36529552071045,15.3572421077432,40.3657057382801));
#2616=CARTESIAN_POINT('Ctrl Pts',(1.42407057732101,15.2330901895273,40.5229879121575));
#2617=CARTESIAN_POINT('Ctrl Pts',(1.45140488988979,15.1752491701197,40.6178191283016));
#2618=CARTESIAN_POINT('Ctrl Pts',(1.51059327362483,15.0503283470984,40.8620046398957));
#2619=CARTESIAN_POINT('Ctrl Pts',(1.50699033947118,15.0582774056024,41.3310684833715));
#2620=CARTESIAN_POINT('Ctrl Pts',(1.3266878840034,15.4380323423111,41.7249477535297));
#2621=CARTESIAN_POINT('Ctrl Pts',(1.13279298881939,15.8591830156627,41.9940266784932));
#2622=CARTESIAN_POINT('Ctrl Pts',(0.969570506854219,16.2248849383278,42.1542452381679));
#2623=CARTESIAN_POINT('Ctrl Pts',(0.784658008719531,16.7065261113658,42.2822033462407));
#2624=CARTESIAN_POINT('Ctrl Pts',(0.699662602200812,17.02026519361,42.3271155809603));
#2625=CARTESIAN_POINT('Ctrl Pts',(0.67498639617841,17.1884689846665,42.3395496873852));
#2626=CARTESIAN_POINT('Origin',(2.11072915805054E-15,-17.2354115449459,
45.9999999999999));
#2627=CARTESIAN_POINT('',(1.77361193872636E-15,-15.,47.4999999999999));
#2628=CARTESIAN_POINT('',(2.29442617792264E-15,-17.2354115449459,47.4999999999999));
#2629=CARTESIAN_POINT('',(1.5,-14.9096736459909,45.9999999999999));
#2630=CARTESIAN_POINT('Ctrl Pts',(1.5,-14.9096736459909,45.9999999999999));
#2631=CARTESIAN_POINT('Ctrl Pts',(1.5,-14.9096736459909,46.1885391807631));
#2632=CARTESIAN_POINT('Ctrl Pts',(1.46228316094915,-14.9144135436962,46.3895200844808));
#2633=CARTESIAN_POINT('Ctrl Pts',(1.30914645082575,-14.9314951317171,46.7590346190388));
#2634=CARTESIAN_POINT('Ctrl Pts',(1.193736448868,-14.9435859388604,46.9275838946916));
#2635=CARTESIAN_POINT('Ctrl Pts',(0.927584837845973,-14.966251394983,47.1937355057136));
#2636=CARTESIAN_POINT('Ctrl Pts',(0.759035151523378,-14.9783041053298,47.309146246199));
#2637=CARTESIAN_POINT('Ctrl Pts',(0.389519229112744,-14.9952984148258,47.4622834993874));
#2638=CARTESIAN_POINT('Ctrl Pts',(0.188537844525422,-15.,47.4999999999999));
#2639=CARTESIAN_POINT('Ctrl Pts',(2.22044604925031E-15,-15.,47.4999999999999));
#2640=CARTESIAN_POINT('Ctrl Pts',(1.49186218934005E-15,-15.,47.4999999999999));
#2641=CARTESIAN_POINT('Ctrl Pts',(-0.188537844525418,-15.,47.4999999999999));
#2642=CARTESIAN_POINT('Ctrl Pts',(-0.389519229112728,-14.9952984148258,
47.4622834993874));
#2643=CARTESIAN_POINT('Ctrl Pts',(-0.759035151523369,-14.9783041053298,
47.309146246199));
#2644=CARTESIAN_POINT('Ctrl Pts',(-0.927584837845969,-14.966251394983,47.1937355057136));
#2645=CARTESIAN_POINT('Ctrl Pts',(-1.193736448868,-14.9435859388604,46.9275838946916));
#2646=CARTESIAN_POINT('Ctrl Pts',(-1.30914645082574,-14.9314951317171,46.7590346190388));
#2647=CARTESIAN_POINT('Ctrl Pts',(-1.46228316094914,-14.9144135436962,46.3895200844808));
#2648=CARTESIAN_POINT('Ctrl Pts',(-1.5,-14.9096736459909,46.1885391807631));
#2649=CARTESIAN_POINT('Ctrl Pts',(-1.5,-14.9096736459909,45.8114608192368));
#2650=CARTESIAN_POINT('Ctrl Pts',(-1.46228316094914,-14.9144135436962,45.6104799155191));
#2651=CARTESIAN_POINT('Ctrl Pts',(-1.30914645082574,-14.9314951317171,45.2409653809611));
#2652=CARTESIAN_POINT('Ctrl Pts',(-1.193736448868,-14.9435859388604,45.0724161053083));
#2653=CARTESIAN_POINT('Ctrl Pts',(-0.927584837845969,-14.966251394983,44.8062644942863));
#2654=CARTESIAN_POINT('Ctrl Pts',(-0.759035151523369,-14.9783041053298,
44.6908537538009));
#2655=CARTESIAN_POINT('Ctrl Pts',(-0.389519229112729,-14.9952984148258,
44.5377165006125));
#2656=CARTESIAN_POINT('Ctrl Pts',(-0.188537844525418,-15.,44.4999999999999));
#2657=CARTESIAN_POINT('Ctrl Pts',(0.188537844525421,-15.,44.4999999999999));
#2658=CARTESIAN_POINT('Ctrl Pts',(0.389519229112735,-14.9952984148258,44.5377165006125));
#2659=CARTESIAN_POINT('Ctrl Pts',(0.759035151523375,-14.9783041053298,44.6908537538009));
#2660=CARTESIAN_POINT('Ctrl Pts',(0.927584837845972,-14.966251394983,44.8062644942863));
#2661=CARTESIAN_POINT('Ctrl Pts',(1.193736448868,-14.9435859388604,45.0724161053083));
#2662=CARTESIAN_POINT('Ctrl Pts',(1.30914645082575,-14.9314951317171,45.2409653809611));
#2663=CARTESIAN_POINT('Ctrl Pts',(1.46228316094915,-14.9144135436962,45.6104799155191));
#2664=CARTESIAN_POINT('Ctrl Pts',(1.5,-14.9096736459909,45.8114608192368));
#2665=CARTESIAN_POINT('Ctrl Pts',(1.5,-14.9096736459909,45.9999999999999));
#2666=CARTESIAN_POINT('Ctrl Pts',(0.674816831617132,-22.1888816284255,44.6608193750915));
#2667=CARTESIAN_POINT('Ctrl Pts',(0.461997281921059,-22.1959491177908,44.5551380571552));
#2668=CARTESIAN_POINT('Ctrl Pts',(0.223530746538594,-22.2005528811231,44.4992443305781));
#2669=CARTESIAN_POINT('Ctrl Pts',(-0.223530746538581,-22.2005528811231,
44.4992443305781));
#2670=CARTESIAN_POINT('Ctrl Pts',(-0.461997281921041,-22.1959491177908,
44.5551380571552));
#2671=CARTESIAN_POINT('Ctrl Pts',(-0.67481683161712,-22.1888816284255,44.6608193750915));
#2672=CARTESIAN_POINT('Origin',(0.,-2.50000000000002,50.9999999999999));
#2673=CARTESIAN_POINT('',(20.,-2.50000000000001,48.9999999999999));
#2674=CARTESIAN_POINT('',(20.,-2.50000000000002,50.9999999999999));
#2675=CARTESIAN_POINT('Origin',(0.,-2.50000000000002,48.9999999999999));
#2676=CARTESIAN_POINT('Ctrl Pts',(1.04700337200248,-22.4725757963017,44.5359771679384));
#2677=CARTESIAN_POINT('Ctrl Pts',(0.743921905424167,-22.4884639481723,44.3190603173781));
#2678=CARTESIAN_POINT('Ctrl Pts',(0.356893845031043,-22.5000367494219,44.1997033639878));
#2679=CARTESIAN_POINT('Ctrl Pts',(-0.356893845031024,-22.5000367494219,
44.1997033639878));
#2680=CARTESIAN_POINT('Ctrl Pts',(-0.743921905424126,-22.4884639481723,
44.3190603173781));
#2681=CARTESIAN_POINT('Ctrl Pts',(-1.04700337200246,-22.4725757963017,44.5359771679384));
#2682=CARTESIAN_POINT('Ctrl Pts',(0.98602786755719,-22.375429614672,44.615277985827));
#2683=CARTESIAN_POINT('Ctrl Pts',(0.699485755888159,-22.3896294451459,44.411533235445));
#2684=CARTESIAN_POINT('Ctrl Pts',(0.335528734648724,-22.4000243109808,44.2997630456635));
#2685=CARTESIAN_POINT('Ctrl Pts',(-0.335528734648706,-22.4000243109808,
44.2997630456635));
#2686=CARTESIAN_POINT('Ctrl Pts',(-0.699485755888117,-22.3896294451459,
44.411533235445));
#2687=CARTESIAN_POINT('Ctrl Pts',(-0.986027867557171,-22.375429614672,44.615277985827));
#2688=CARTESIAN_POINT('Ctrl Pts',(0.925052363111898,-22.2782834330424,44.6945788037157));
#2689=CARTESIAN_POINT('Ctrl Pts',(0.655704142779083,-22.2909588267127,44.503246145955));
#2690=CARTESIAN_POINT('Ctrl Pts',(0.314179062485118,-22.3000365363798,44.3997136810849));
#2691=CARTESIAN_POINT('Ctrl Pts',(-0.314179062485097,-22.3000365363798,
44.3997136810849));
#2692=CARTESIAN_POINT('Ctrl Pts',(-0.655704142779047,-22.2909588267127,
44.503246145955));
#2693=CARTESIAN_POINT('Ctrl Pts',(-0.92505236311188,-22.2782834330424,44.6945788037157));
#2694=CARTESIAN_POINT('Ctrl Pts',(0.864076858666606,-22.1811372514127,44.7738796216044));
#2695=CARTESIAN_POINT('Ctrl Pts',(0.611267993243075,-22.1921243236863,44.5957190640219));
#2696=CARTESIAN_POINT('Ctrl Pts',(0.292813952102798,-22.2000240979387,44.4997733627605));
#2697=CARTESIAN_POINT('Ctrl Pts',(-0.292813952102779,-22.2000240979386,
44.4997733627605));
#2698=CARTESIAN_POINT('Ctrl Pts',(-0.611267993243038,-22.1921243236863,
44.5957190640218));
#2699=CARTESIAN_POINT('Ctrl Pts',(-0.864076858666589,-22.1811372514127,
44.7738796216044));
#2700=CARTESIAN_POINT('',(-0.914875222744361,-22.4790024536893,44.4504043843115));
#2701=CARTESIAN_POINT('Ctrl Pts',(-0.914477213045331,-22.479002445397,44.4503134439744));
#2702=CARTESIAN_POINT('Ctrl Pts',(-0.912384710251529,-22.4379981126537,
44.496566053612));
#2703=CARTESIAN_POINT('Ctrl Pts',(-0.909520081130044,-22.3969963906899,
44.5428404734861));
#2704=CARTESIAN_POINT('Ctrl Pts',(-0.905810129755694,-22.3560730582126,
44.5891106291575));
#2705=CARTESIAN_POINT('Ctrl Pts',(-0.905040829967726,-22.3475871488782,
44.5987052619049));
#2706=CARTESIAN_POINT('Ctrl Pts',(-0.904235156879249,-22.3391046466364,
44.6082995438059));
#2707=CARTESIAN_POINT('Ctrl Pts',(-0.903392468878844,-22.330626294942,44.6178929286841));
#2708=CARTESIAN_POINT('Ctrl Pts',(-0.900218883892774,-22.2986966013534,
44.6540218663224));
#2709=CARTESIAN_POINT('Ctrl Pts',(-0.896491013745629,-22.2667691257251,
44.6901915021274));
#2710=CARTESIAN_POINT('Ctrl Pts',(-0.892176362142451,-22.2348932525102,
44.7263395379273));
#2711=CARTESIAN_POINT('Ctrl Pts',(-0.8916568691294,-22.2310553311801,44.7306918365045));
#2712=CARTESIAN_POINT('Ctrl Pts',(-0.891128900820376,-22.227218169247,44.7350437680331));
#2713=CARTESIAN_POINT('Ctrl Pts',(-0.890592429942727,-22.2233818630272,
44.7393951756254));
#2714=CARTESIAN_POINT('',(0.914875222744372,-22.4790024536893,44.4504043843115));
#2715=CARTESIAN_POINT('Ctrl Pts',(-0.914740802430142,-22.4789906378558,
44.4504670669761));
#2716=CARTESIAN_POINT('Ctrl Pts',(-0.635872988554344,-22.4914845679075,
44.2879069292599));
#2717=CARTESIAN_POINT('Ctrl Pts',(-0.306802056122913,-22.5000367494219,
44.1997033639878));
#2718=CARTESIAN_POINT('Ctrl Pts',(0.306802056122925,-22.5000367494219,44.1997033639878));
#2719=CARTESIAN_POINT('Ctrl Pts',(0.635872988554367,-22.4914845679075,44.2879069292598));
#2720=CARTESIAN_POINT('Ctrl Pts',(0.914740802430153,-22.4789906378558,44.4504670669761));
#2721=CARTESIAN_POINT('Ctrl Pts',(0.91447721304534,-22.479002445397,44.4503134439744));
#2722=CARTESIAN_POINT('Ctrl Pts',(0.912386366205905,-22.438030562457,44.4965294504536));
#2723=CARTESIAN_POINT('Ctrl Pts',(0.909524558883217,-22.3970610458212,44.5427674739038));
#2724=CARTESIAN_POINT('Ctrl Pts',(0.905818849550178,-22.3561695036227,44.5890015700285));
#2725=CARTESIAN_POINT('Ctrl Pts',(0.905022701673902,-22.3473842181205,44.5989346689667));
#2726=CARTESIAN_POINT('Ctrl Pts',(0.904187573225071,-22.338602570538,44.6088674084056));
#2727=CARTESIAN_POINT('Ctrl Pts',(0.903312753383049,-22.329825386418,44.6187991805181));
#2728=CARTESIAN_POINT('Ctrl Pts',(0.900131324781674,-22.2979056890615,44.6549177301248));
#2729=CARTESIAN_POINT('Ctrl Pts',(0.896394972765464,-22.2659884331738,44.6910764261741));
#2730=CARTESIAN_POINT('Ctrl Pts',(0.892072043684329,-22.2341230209963,44.727213040939));
#2731=CARTESIAN_POINT('Ctrl Pts',(0.891586227246297,-22.2305419441963,44.7312741210858));
#2732=CARTESIAN_POINT('Ctrl Pts',(0.891093029736601,-22.2269615321029,44.7353348750778));
#2733=CARTESIAN_POINT('Ctrl Pts',(0.890592429942775,-22.2233818630273,44.7393951756253));
#2734=CARTESIAN_POINT('Origin',(0.,-2.50000000000001,44.6179999999999));
#2735=CARTESIAN_POINT('',(20.,-2.50000000000002,44.4499999999999));
#2736=CARTESIAN_POINT('Origin',(0.,-2.50000000000001,44.4499999999999));
#2737=CARTESIAN_POINT('Origin',(0.,-2.50000000000001,44.4499999999999));
#2738=CARTESIAN_POINT('Origin',(0.,-2.50000000000002,50.9999999999999));
#2739=CARTESIAN_POINT('',(20.,-2.50000000000002,50.9999999999999));
#2740=CARTESIAN_POINT('Origin',(-2.99681151695371E-15,12.2354115449459,
40.9999999999999));
#2741=CARTESIAN_POINT('',(4.83415060412162E-8,17.1999028117825,39.5004511106824));
#2742=CARTESIAN_POINT('Ctrl Pts',(4.83415060203995E-8,17.1999028117825,
39.5004511106824));
#2743=CARTESIAN_POINT('Ctrl Pts',(0.233240070424641,17.1997390063509,39.50058932762));
#2744=CARTESIAN_POINT('Ctrl Pts',(0.465436365998419,17.1953284558215,39.555517766122));
#2745=CARTESIAN_POINT('Ctrl Pts',(0.674884416007654,17.1883666592127,39.6606437967683));
#2746=CARTESIAN_POINT('',(-2.46853536571344E-15,9.99999999999998,39.4999999999999));
#2747=CARTESIAN_POINT('',(-2.81311449708161E-15,12.2354115449459,39.4999999999999));
#2748=CARTESIAN_POINT('',(-1.5,9.90967364599084,41.0000000000001));
#2749=CARTESIAN_POINT('Ctrl Pts',(-1.5,9.90967364599084,40.9999999999999));
#2750=CARTESIAN_POINT('Ctrl Pts',(-1.5,9.90967364599084,41.1885391807631));
#2751=CARTESIAN_POINT('Ctrl Pts',(-1.46228316094915,9.9144135436962,41.3895200844808));
#2752=CARTESIAN_POINT('Ctrl Pts',(-1.30914645082575,9.93149513171706,41.7590346190388));
#2753=CARTESIAN_POINT('Ctrl Pts',(-1.193736448868,9.94358593886034,41.9275838946916));
#2754=CARTESIAN_POINT('Ctrl Pts',(-0.927584837845974,9.96625139498296,42.1937355057136));
#2755=CARTESIAN_POINT('Ctrl Pts',(-0.759035151523378,9.97830410532978,42.309146246199));
#2756=CARTESIAN_POINT('Ctrl Pts',(-0.389519229112745,9.99529841482578,42.4622834993874));
#2757=CARTESIAN_POINT('Ctrl Pts',(-0.188537844525422,9.99999999999998,42.4999999999999));
#2758=CARTESIAN_POINT('Ctrl Pts',(0.188537844525417,9.99999999999998,42.4999999999999));
#2759=CARTESIAN_POINT('Ctrl Pts',(0.389519229112734,9.99529841482578,42.4622834993874));
#2760=CARTESIAN_POINT('Ctrl Pts',(0.759035151523374,9.97830410532978,42.309146246199));
#2761=CARTESIAN_POINT('Ctrl Pts',(0.927584837845969,9.96625139498296,42.1937355057136));
#2762=CARTESIAN_POINT('Ctrl Pts',(1.193736448868,9.94358593886034,41.9275838946916));
#2763=CARTESIAN_POINT('Ctrl Pts',(1.30914645082574,9.93149513171706,41.7590346190388));
#2764=CARTESIAN_POINT('Ctrl Pts',(1.46228316094914,9.9144135436962,41.3895200844808));
#2765=CARTESIAN_POINT('Ctrl Pts',(1.5,9.90967364599084,41.1885391807631));
#2766=CARTESIAN_POINT('Ctrl Pts',(1.5,9.90967364599084,40.8114608192368));
#2767=CARTESIAN_POINT('Ctrl Pts',(1.46228316094914,9.9144135436962,40.610479915519));
#2768=CARTESIAN_POINT('Ctrl Pts',(1.30914645082574,9.93149513171706,40.2409653809611));
#2769=CARTESIAN_POINT('Ctrl Pts',(1.193736448868,9.94358593886034,40.0724161053083));
#2770=CARTESIAN_POINT('Ctrl Pts',(0.92758483784597,9.96625139498296,39.8062644942863));
#2771=CARTESIAN_POINT('Ctrl Pts',(0.759035151523373,9.97830410532978,39.6908537538009));
#2772=CARTESIAN_POINT('Ctrl Pts',(0.389519229112736,9.99529841482578,39.5377165006125));
#2773=CARTESIAN_POINT('Ctrl Pts',(0.188537844525417,9.99999999999998,39.4999999999999));
#2774=CARTESIAN_POINT('Ctrl Pts',(-2.56739074444567E-15,9.99999999999998,
39.4999999999999));
#2775=CARTESIAN_POINT('Ctrl Pts',(-2.74086309204336E-15,9.99999999999998,
39.4999999999999));
#2776=CARTESIAN_POINT('Ctrl Pts',(-0.188537844525422,9.99999999999998,39.4999999999999));
#2777=CARTESIAN_POINT('Ctrl Pts',(-0.389519229112735,9.99529841482578,39.5377165006125));
#2778=CARTESIAN_POINT('Ctrl Pts',(-0.759035151523373,9.97830410532978,39.6908537538009));
#2779=CARTESIAN_POINT('Ctrl Pts',(-0.927584837845974,9.96625139498296,39.8062644942863));
#2780=CARTESIAN_POINT('Ctrl Pts',(-1.193736448868,9.94358593886034,40.0724161053083));
#2781=CARTESIAN_POINT('Ctrl Pts',(-1.30914645082575,9.93149513171706,40.2409653809611));
#2782=CARTESIAN_POINT('Ctrl Pts',(-1.46228316094915,9.9144135436962,40.6104799155191));
#2783=CARTESIAN_POINT('Ctrl Pts',(-1.5,9.90967364599084,40.8114608192368));
#2784=CARTESIAN_POINT('Ctrl Pts',(-1.5,9.90967364599084,40.9999999999999));
#2785=CARTESIAN_POINT('Ctrl Pts',(-0.674833946049379,17.1884313309296,39.66074855893));
#2786=CARTESIAN_POINT('Ctrl Pts',(-0.503970055132427,17.1942056551854,39.5751096390124));
#2787=CARTESIAN_POINT('Ctrl Pts',(-0.274837706836173,17.1993210467274,39.510282669473));
#2788=CARTESIAN_POINT('Ctrl Pts',(-0.0428011748682847,17.1999328712585,
39.5004257468793));
#2789=CARTESIAN_POINT('Ctrl Pts',(4.83415060203995E-8,17.1999028117825,
39.5004511106824));
#2790=CARTESIAN_POINT('Ctrl Pts',(-1.0470033720025,17.4725757963017,39.5359771679384));
#2791=CARTESIAN_POINT('Ctrl Pts',(-0.78721925779251,17.4861942121908,39.3500484388868));
#2792=CARTESIAN_POINT('Ctrl Pts',(-0.0569366661676735,17.511353313429,39.081878283526));
#2793=CARTESIAN_POINT('Ctrl Pts',(0.700624553055795,17.4907336841538,39.2880721958695));
#2794=CARTESIAN_POINT('Ctrl Pts',(1.04700337200246,17.4725757963017,39.5359771679384));
#2795=CARTESIAN_POINT('Ctrl Pts',(-0.986027867557206,17.375429614672,39.6152779858271));
#2796=CARTESIAN_POINT('Ctrl Pts',(-0.740607353677155,17.3876477221048,39.4404224833405));
#2797=CARTESIAN_POINT('Ctrl Pts',(-0.0533551000642601,17.410152206556,39.1895834735883));
#2798=CARTESIAN_POINT('Ctrl Pts',(0.65880051571709,17.3917204245824,39.382137315845));
#2799=CARTESIAN_POINT('Ctrl Pts',(0.986027867557174,17.375429614672,39.615277985827));
#2800=CARTESIAN_POINT('Ctrl Pts',(-0.925052363111913,17.2782834330424,39.6945788037157));
#2801=CARTESIAN_POINT('Ctrl Pts',(-0.693995449561801,17.2891012320189,39.5307965277942));
#2802=CARTESIAN_POINT('Ctrl Pts',(-0.0497735339608482,17.308951099683,39.2972886636505));
#2803=CARTESIAN_POINT('Ctrl Pts',(0.616976478378383,17.292707165011,39.4762024358204));
#2804=CARTESIAN_POINT('Ctrl Pts',(0.925052363111884,17.2782834330424,39.6945788037157));
#2805=CARTESIAN_POINT('Ctrl Pts',(-0.864076858666621,17.1811372514127,39.7738796216044));
#2806=CARTESIAN_POINT('Ctrl Pts',(-0.647383545446446,17.1905547419329,39.6211705722479));
#2807=CARTESIAN_POINT('Ctrl Pts',(-0.0461919678574351,17.20774999281,39.4049938537128));
#2808=CARTESIAN_POINT('Ctrl Pts',(0.575152441039677,17.1936939054396,39.5702675557958));
#2809=CARTESIAN_POINT('Ctrl Pts',(0.864076858666594,17.1811372514127,39.7738796216044));
#2810=CARTESIAN_POINT('',(0.914955600827684,17.4789677379162,39.4502383683805));
#2811=CARTESIAN_POINT('Ctrl Pts',(0.915388397888044,17.4789730956869,39.4504196395976));
#2812=CARTESIAN_POINT('Ctrl Pts',(0.912776964875303,17.4329981862949,39.5022250157859));
#2813=CARTESIAN_POINT('Ctrl Pts',(0.909199035679178,17.3870105639401,39.5541292745789));
#2814=CARTESIAN_POINT('Ctrl Pts',(0.90463605266524,17.3411335989848,39.6060192906324));
#2815=CARTESIAN_POINT('Ctrl Pts',(0.904287458629437,17.3376287784945,39.6099834846824));
#2816=CARTESIAN_POINT('Ctrl Pts',(0.90393309486565,17.3341246068589,39.6139475818456));
#2817=CARTESIAN_POINT('Ctrl Pts',(0.903572943364307,17.3306211406031,39.6179115246814));
#2818=CARTESIAN_POINT('Ctrl Pts',(0.899895604391704,17.2948488810019,39.6583854958328));
#2819=CARTESIAN_POINT('Ctrl Pts',(0.895580810350692,17.2590796887683,39.6989074886788));
#2820=CARTESIAN_POINT('Ctrl Pts',(0.890592429942701,17.2233818630272,39.7393951756254));
#2821=CARTESIAN_POINT('',(-0.914908222712038,17.4790318181289,39.4501815264652));
#2822=CARTESIAN_POINT('Ctrl Pts',(0.914926295965609,17.47899385817,39.4501477940148));
#2823=CARTESIAN_POINT('Ctrl Pts',(0.59386364290157,17.49341536963,39.2613381919835));
#2824=CARTESIAN_POINT('Ctrl Pts',(-0.0552710289997903,17.5083541883732,
39.1129567533315));
#2825=CARTESIAN_POINT('Ctrl Pts',(-0.684274664682412,17.4895092957226,39.3146457202853));
#2826=CARTESIAN_POINT('Ctrl Pts',(-0.914908222712038,17.4790318181289,39.4501815264652));
#2827=CARTESIAN_POINT('Ctrl Pts',(-0.915057577680213,17.4790250324623,39.4502693073314));
#2828=CARTESIAN_POINT('Ctrl Pts',(-0.912563306814344,17.4331491556898,39.5019961914243));
#2829=CARTESIAN_POINT('Ctrl Pts',(-0.909083803106494,17.387264755311,39.5538080304215));
#2830=CARTESIAN_POINT('Ctrl Pts',(-0.904594572894437,17.3414948678432,39.6055915055034));
#2831=CARTESIAN_POINT('Ctrl Pts',(-0.904213097384935,17.3376055393132,39.6099918428903));
#2832=CARTESIAN_POINT('Ctrl Pts',(-0.903824304551354,17.333717041127,39.6143919596379));
#2833=CARTESIAN_POINT('Ctrl Pts',(-0.903428165445278,17.3298294507161,39.6187917772246));
#2834=CARTESIAN_POINT('Ctrl Pts',(-0.899809635160221,17.2943182794591,39.6589818845426));
#2835=CARTESIAN_POINT('Ctrl Pts',(-0.895543781417048,17.2588134855862,39.6992095212408));
#2836=CARTESIAN_POINT('Ctrl Pts',(-0.89059242994278,17.2233818630273,39.7393951756253));
#2837=CARTESIAN_POINT('Origin',(0.,-2.50000000000001,39.6179999999999));
#2838=CARTESIAN_POINT('',(20.,-2.50000000000002,39.4499999999999));
#2839=CARTESIAN_POINT('Origin',(0.,-2.50000000000001,39.4499999999999));
#2840=CARTESIAN_POINT('Origin',(0.,-2.50000000000001,39.4499999999999));
#2841=CARTESIAN_POINT('Origin',(0.,-2.50000000000002,50.9999999999999));
#2842=CARTESIAN_POINT('',(20.,-2.50000000000002,37.9999999999999));
#2843=CARTESIAN_POINT('Origin',(0.,-2.50000000000002,37.9999999999999));
#2844=CARTESIAN_POINT('',(20.,-2.50000000000002,50.9999999999999));
#2845=CARTESIAN_POINT('Origin',(0.,-2.50000000000002,49.9999999999999));
#2846=CARTESIAN_POINT('',(18.,-2.50000000000002,50.9999999999999));
#2847=CARTESIAN_POINT('Origin',(0.,-2.50000000000002,50.9999999999999));
#2848=CARTESIAN_POINT('',(19.,-2.50000000000001,49.9999999999999));
#2849=CARTESIAN_POINT('Origin',(0.,-2.50000000000002,50.9999999999999));
#2850=CARTESIAN_POINT('',(1.54110350074225,-4.62500000000001,50.9999999999999));
#2851=CARTESIAN_POINT('',(-1.54110350074225,-4.62500000000001,50.9999999999999));
#2852=CARTESIAN_POINT('',(-0.75,-4.62500000000001,50.9999999999999));
#2853=CARTESIAN_POINT('Origin',(-2.77555756156289E-16,-2.50000000000002,
50.9999999999999));
#2854=CARTESIAN_POINT('',(10.4280209908108,-9.39248708487803,50.9999999999999));
#2855=CARTESIAN_POINT('',(3.53553390593273,-2.50000000000001,50.9999999999999));
#2856=CARTESIAN_POINT('',(6.09789397188856,-5.06236006595584,50.9999999999999));
#2857=CARTESIAN_POINT('',(10.4280209908108,4.39248708487801,50.9999999999999));
#2858=CARTESIAN_POINT('',(2.65165042944955,-3.3838834764832,50.9999999999999));
#2859=CARTESIAN_POINT('Origin',(-2.77555756156289E-16,-2.50000000000002,
50.9999999999999));
#2860=CARTESIAN_POINT('',(-3.53553390593274,-2.50000000000002,50.9999999999999));
#2861=CARTESIAN_POINT('',(-10.4280209908108,-9.39248708487803,50.9999999999999));
#2862=CARTESIAN_POINT('',(-2.65165042944955,-1.61611652351683,50.9999999999999));
#2863=CARTESIAN_POINT('',(-10.4280209908108,4.392487084878,50.9999999999999));
#2864=CARTESIAN_POINT('Origin',(-2.77555756156289E-16,-2.50000000000002,
50.9999999999999));
#2865=CARTESIAN_POINT('',(-6.09789397188856,0.0623600659558075,50.9999999999999));
#2866=CARTESIAN_POINT('',(-2.22044604925031E-15,-6.03553390593275,50.9999999999999));
#2867=CARTESIAN_POINT('',(6.89248708487802,-12.9280209908108,50.9999999999999));
#2868=CARTESIAN_POINT('',(-0.883883476483185,-5.15165042944957,50.9999999999999));
#2869=CARTESIAN_POINT('',(-6.89248708487801,-12.9280209908108,50.9999999999999));
#2870=CARTESIAN_POINT('Origin',(-2.77555756156289E-16,-2.50000000000002,
50.9999999999999));
#2871=CARTESIAN_POINT('',(-2.56236006595582,-8.59789397188858,50.9999999999999));
#2872=CARTESIAN_POINT('',(-3.33066907387547E-15,1.03553390593272,50.9999999999999));
#2873=CARTESIAN_POINT('',(-6.89248708487802,7.92802099081074,50.9999999999999));
#2874=CARTESIAN_POINT('',(0.883883476483181,0.151650429449531,50.9999999999999));
#2875=CARTESIAN_POINT('',(6.89248708487801,7.92802099081074,50.9999999999999));
#2876=CARTESIAN_POINT('Origin',(-2.77555756156289E-16,-2.50000000000002,
50.9999999999999));
#2877=CARTESIAN_POINT('',(2.56236006595582,3.59789397188854,50.9999999999999));
#2878=CARTESIAN_POINT('Origin',(0.,-2.50000000000002,36.9999999999999));
#2879=CARTESIAN_POINT('',(18.,-2.50000000000001,35.9999999999999));
#2880=CARTESIAN_POINT('Origin',(0.,-2.50000000000002,35.9999999999999));
#2881=CARTESIAN_POINT('',(19.,-2.50000000000002,36.9999999999999));
#2882=CARTESIAN_POINT('Origin',(0.,-2.50000000000002,35.9999999999999));
#2883=CARTESIAN_POINT('',(-1.54110350074225,-4.62500000000001,35.9999999999999));
#2884=CARTESIAN_POINT('',(1.54110350074225,-4.62500000000001,35.9999999999999));
#2885=CARTESIAN_POINT('',(-0.75,-4.62500000000001,35.9999999999999));
#2886=CARTESIAN_POINT('Origin',(-2.77555756156289E-16,-2.50000000000002,
35.9999999999999));
#2887=CARTESIAN_POINT('',(3.53553390593273,-2.50000000000001,35.9999999999999));
#2888=CARTESIAN_POINT('',(10.4280209908108,-9.39248708487803,35.9999999999999));
#2889=CARTESIAN_POINT('',(6.09789397188856,-5.06236006595584,35.9999999999999));
#2890=CARTESIAN_POINT('',(10.4280209908108,4.39248708487801,35.9999999999999));
#2891=CARTESIAN_POINT('Origin',(-2.77555756156289E-16,-2.50000000000002,
35.9999999999999));
#2892=CARTESIAN_POINT('',(2.65165042944955,-3.3838834764832,35.9999999999999));
#2893=CARTESIAN_POINT('',(-10.4280209908108,-9.39248708487803,35.9999999999999));
#2894=CARTESIAN_POINT('',(-3.53553390593274,-2.50000000000002,35.9999999999999));
#2895=CARTESIAN_POINT('',(-2.65165042944955,-1.61611652351683,35.9999999999999));
#2896=CARTESIAN_POINT('',(-10.4280209908108,4.392487084878,35.9999999999999));
#2897=CARTESIAN_POINT('',(-6.09789397188856,0.0623600659558075,35.9999999999999));
#2898=CARTESIAN_POINT('Origin',(-2.77555756156289E-16,-2.50000000000002,
35.9999999999999));
#2899=CARTESIAN_POINT('',(6.89248708487802,-12.9280209908108,35.9999999999999));
#2900=CARTESIAN_POINT('',(-2.22044604925031E-15,-6.03553390593275,35.9999999999999));
#2901=CARTESIAN_POINT('',(-0.883883476483185,-5.15165042944957,35.9999999999999));
#2902=CARTESIAN_POINT('',(-6.89248708487801,-12.9280209908108,35.9999999999999));
#2903=CARTESIAN_POINT('',(-2.56236006595582,-8.59789397188858,35.9999999999999));
#2904=CARTESIAN_POINT('Origin',(-2.77555756156289E-16,-2.50000000000002,
35.9999999999999));
#2905=CARTESIAN_POINT('',(-6.89248708487802,7.92802099081074,35.9999999999999));
#2906=CARTESIAN_POINT('',(-3.33066907387547E-15,1.03553390593272,35.9999999999999));
#2907=CARTESIAN_POINT('',(0.883883476483181,0.151650429449531,35.9999999999999));
#2908=CARTESIAN_POINT('',(6.89248708487801,7.92802099081074,35.9999999999999));
#2909=CARTESIAN_POINT('',(2.56236006595582,3.59789397188854,35.9999999999999));
#2910=CARTESIAN_POINT('Origin',(-2.77555756156289E-16,-2.50000000000002,
35.9999999999999));
#2911=CARTESIAN_POINT('Origin',(0.,-2.50000000000001,41.9999999999999));
#2912=CARTESIAN_POINT('',(-0.440173263615598,-6.47570716954835,41.9999999999999));
#2913=CARTESIAN_POINT('',(-4.34574267735237,-10.3812765832851,41.9999999999999));
#2914=CARTESIAN_POINT('',(-2.56236006595582,-8.59789397188857,41.9999999999999));
#2915=CARTESIAN_POINT('',(-3.97570716954833,-2.94017326361561,41.9999999999999));
#2916=CARTESIAN_POINT('Origin',(0.,-2.50000000000002,41.9999999999999));
#2917=CARTESIAN_POINT('',(-7.88127658328511,-6.84574267735239,41.9999999999999));
#2918=CARTESIAN_POINT('',(-2.65165042944955,-1.61611652351683,41.9999999999999));
#2919=CARTESIAN_POINT('Origin',(0.,-2.50000000000002,41.9999999999999));
#2920=CARTESIAN_POINT('Origin',(0.,-2.50000000000001,41.9999999999999));
#2921=CARTESIAN_POINT('',(4.34574267735237,-10.3812765832851,41.9999999999999));
#2922=CARTESIAN_POINT('',(0.440173263615594,-6.47570716954835,41.9999999999999));
#2923=CARTESIAN_POINT('',(-0.883883476483186,-5.15165042944957,41.9999999999999));
#2924=CARTESIAN_POINT('',(7.88127658328511,-6.84574267735239,41.9999999999999));
#2925=CARTESIAN_POINT('Origin',(0.,-2.50000000000002,41.9999999999999));
#2926=CARTESIAN_POINT('',(3.97570716954833,-2.94017326361561,41.9999999999999));
#2927=CARTESIAN_POINT('',(6.09789397188856,-5.06236006595584,41.9999999999999));
#2928=CARTESIAN_POINT('Origin',(0.,-2.50000000000002,41.9999999999999));
#2929=CARTESIAN_POINT('Origin',(0.,-2.50000000000001,41.9999999999999));
#2930=CARTESIAN_POINT('',(0.440173263615597,1.47570716954831,41.9999999999999));
#2931=CARTESIAN_POINT('',(4.34574267735237,5.3812765832851,41.9999999999999));
#2932=CARTESIAN_POINT('',(2.56236006595582,3.59789397188855,41.9999999999999));
#2933=CARTESIAN_POINT('',(3.97570716954833,-2.05982673638442,41.9999999999999));
#2934=CARTESIAN_POINT('Origin',(0.,-2.50000000000002,41.9999999999999));
#2935=CARTESIAN_POINT('',(7.88127658328511,1.84574267735236,41.9999999999999));
#2936=CARTESIAN_POINT('',(2.65165042944955,-3.3838834764832,41.9999999999999));
#2937=CARTESIAN_POINT('Origin',(0.,-2.50000000000002,41.9999999999999));
#2938=CARTESIAN_POINT('Origin',(0.,-2.50000000000001,41.9999999999999));
#2939=CARTESIAN_POINT('',(-4.34574267735238,5.38127658328509,41.9999999999999));
#2940=CARTESIAN_POINT('',(-0.440173263615602,1.47570716954831,41.9999999999999));
#2941=CARTESIAN_POINT('',(0.88388347648318,0.151650429449531,41.9999999999999));
#2942=CARTESIAN_POINT('',(-7.88127658328511,1.84574267735236,41.9999999999999));
#2943=CARTESIAN_POINT('Origin',(0.,-2.50000000000002,41.9999999999999));
#2944=CARTESIAN_POINT('',(-3.97570716954833,-2.05982673638442,41.9999999999999));
#2945=CARTESIAN_POINT('',(-6.09789397188856,0.0623600659558081,41.9999999999999));
#2946=CARTESIAN_POINT('Origin',(0.,-2.50000000000002,41.9999999999999));
#2947=CARTESIAN_POINT('Origin',(0.,-2.50000000000002,43.4999999999999));
#2948=CARTESIAN_POINT('',(4.34574267735237,5.3812765832851,44.9999999999999));
#2949=CARTESIAN_POINT('',(4.34574267735237,5.3812765832851,43.4999999999999));
#2950=CARTESIAN_POINT('',(7.88127658328511,1.84574267735236,44.9999999999999));
#2951=CARTESIAN_POINT('',(7.88127658328511,1.84574267735236,43.4999999999999));
#2952=CARTESIAN_POINT('Origin',(0.,-2.50000000000002,44.9999999999999));
#2953=CARTESIAN_POINT('Origin',(0.,-2.50000000000002,43.4999999999999));
#2954=CARTESIAN_POINT('',(-4.34574267735237,-10.3812765832851,44.9999999999999));
#2955=CARTESIAN_POINT('',(-4.34574267735237,-10.3812765832851,43.4999999999999));
#2956=CARTESIAN_POINT('',(-7.88127658328511,-6.84574267735239,44.9999999999999));
#2957=CARTESIAN_POINT('',(-7.88127658328511,-6.84574267735239,43.4999999999999));
#2958=CARTESIAN_POINT('Origin',(0.,-2.50000000000002,44.9999999999999));
#2959=CARTESIAN_POINT('Origin',(0.,-2.50000000000002,43.4999999999999));
#2960=CARTESIAN_POINT('',(4.34574267735237,-10.3812765832851,44.9999999999999));
#2961=CARTESIAN_POINT('',(4.34574267735237,-10.3812765832851,43.4999999999999));
#2962=CARTESIAN_POINT('',(7.88127658328511,-6.84574267735239,44.9999999999999));
#2963=CARTESIAN_POINT('Origin',(0.,-2.50000000000002,44.9999999999999));
#2964=CARTESIAN_POINT('',(7.88127658328511,-6.84574267735239,43.4999999999999));
#2965=CARTESIAN_POINT('Origin',(0.,-2.50000000000002,43.4999999999999));
#2966=CARTESIAN_POINT('',(-0.440173263615598,-6.47570716954835,44.9999999999999));
#2967=CARTESIAN_POINT('',(-0.440173263615598,-6.47570716954835,43.4999999999999));
#2968=CARTESIAN_POINT('',(-3.97570716954833,-2.94017326361561,44.9999999999999));
#2969=CARTESIAN_POINT('Origin',(0.,-2.50000000000002,44.9999999999999));
#2970=CARTESIAN_POINT('',(-3.97570716954833,-2.94017326361561,43.4999999999999));
#2971=CARTESIAN_POINT('Origin',(0.,-2.50000000000002,43.4999999999999));
#2972=CARTESIAN_POINT('',(0.440173263615594,-6.47570716954835,44.9999999999999));
#2973=CARTESIAN_POINT('',(0.440173263615594,-6.47570716954835,43.4999999999999));
#2974=CARTESIAN_POINT('',(3.97570716954833,-2.94017326361561,44.9999999999999));
#2975=CARTESIAN_POINT('',(3.97570716954833,-2.94017326361561,43.4999999999999));
#2976=CARTESIAN_POINT('Origin',(0.,-2.50000000000002,44.9999999999999));
#2977=CARTESIAN_POINT('Origin',(0.,-2.50000000000002,43.4999999999999));
#2978=CARTESIAN_POINT('',(0.440173263615597,1.47570716954831,44.9999999999999));
#2979=CARTESIAN_POINT('',(0.440173263615597,1.47570716954831,43.4999999999999));
#2980=CARTESIAN_POINT('',(3.97570716954833,-2.05982673638442,44.9999999999999));
#2981=CARTESIAN_POINT('Origin',(0.,-2.50000000000002,44.9999999999999));
#2982=CARTESIAN_POINT('',(3.97570716954833,-2.05982673638442,43.4999999999999));
#2983=CARTESIAN_POINT('Origin',(0.,-2.50000000000002,43.4999999999999));
#2984=CARTESIAN_POINT('',(-0.440173263615602,1.47570716954831,44.9999999999999));
#2985=CARTESIAN_POINT('',(-0.440173263615602,1.47570716954831,43.4999999999999));
#2986=CARTESIAN_POINT('',(-3.97570716954833,-2.05982673638442,44.9999999999999));
#2987=CARTESIAN_POINT('',(-3.97570716954833,-2.05982673638442,43.4999999999999));
#2988=CARTESIAN_POINT('Origin',(0.,-2.50000000000002,44.9999999999999));
#2989=CARTESIAN_POINT('Origin',(0.,-2.50000000000001,44.9999999999999));
#2990=CARTESIAN_POINT('',(-2.56236006595582,-8.59789397188857,44.9999999999999));
#2991=CARTESIAN_POINT('',(-2.65165042944955,-1.61611652351683,44.9999999999999));
#2992=CARTESIAN_POINT('Origin',(0.,-2.50000000000001,44.9999999999999));
#2993=CARTESIAN_POINT('',(-0.883883476483186,-5.15165042944957,44.9999999999999));
#2994=CARTESIAN_POINT('',(6.09789397188856,-5.06236006595584,44.9999999999999));
#2995=CARTESIAN_POINT('Origin',(0.,-2.50000000000001,44.9999999999999));
#2996=CARTESIAN_POINT('',(2.56236006595582,3.59789397188855,44.9999999999999));
#2997=CARTESIAN_POINT('',(2.65165042944955,-3.3838834764832,44.9999999999999));
#2998=CARTESIAN_POINT('Origin',(0.,-2.50000000000001,44.9999999999999));
#2999=CARTESIAN_POINT('',(-4.34574267735238,5.38127658328509,44.9999999999999));
#3000=CARTESIAN_POINT('',(0.88388347648318,0.151650429449531,44.9999999999999));
#3001=CARTESIAN_POINT('',(-7.88127658328511,1.84574267735236,44.9999999999999));
#3002=CARTESIAN_POINT('',(-6.09789397188856,0.0623600659558081,44.9999999999999));
#3003=CARTESIAN_POINT('Origin',(0.,-2.50000000000002,44.9999999999999));
#3004=CARTESIAN_POINT('Origin',(0.,-2.50000000000002,43.4999999999999));
#3005=CARTESIAN_POINT('',(-4.34574267735238,5.38127658328509,43.4999999999999));
#3006=CARTESIAN_POINT('',(-7.88127658328511,1.84574267735236,43.4999999999999));
#3007=CARTESIAN_POINT('Origin',(-3.33066907387547E-15,1.03553390593272,
50.9999999999999));
#3008=CARTESIAN_POINT('',(-3.33066907387547E-15,1.03553390593272,50.9999999999999));
#3009=CARTESIAN_POINT('',(-6.89248708487802,7.92802099081074,50.9999999999999));
#3010=CARTESIAN_POINT('Origin',(6.89248708487801,7.92802099081074,50.9999999999999));
#3011=CARTESIAN_POINT('',(6.89248708487801,7.92802099081074,50.9999999999999));
#3012=CARTESIAN_POINT('Origin',(-2.77555756156289E-16,-2.50000000000002,
50.9999999999999));
#3013=CARTESIAN_POINT('Origin',(-2.22044604925031E-15,-6.03553390593275,
50.9999999999999));
#3014=CARTESIAN_POINT('',(-2.22044604925031E-15,-6.03553390593275,50.9999999999999));
#3015=CARTESIAN_POINT('',(6.89248708487802,-12.9280209908108,50.9999999999999));
#3016=CARTESIAN_POINT('Origin',(-6.89248708487801,-12.9280209908108,50.9999999999999));
#3017=CARTESIAN_POINT('',(-6.89248708487801,-12.9280209908108,50.9999999999999));
#3018=CARTESIAN_POINT('Origin',(-2.77555756156289E-16,-2.50000000000002,
50.9999999999999));
#3019=CARTESIAN_POINT('Origin',(-3.53553390593274,-2.50000000000002,50.9999999999999));
#3020=CARTESIAN_POINT('',(-3.53553390593274,-2.50000000000002,50.9999999999999));
#3021=CARTESIAN_POINT('',(-10.4280209908108,-9.39248708487803,50.9999999999999));
#3022=CARTESIAN_POINT('Origin',(-10.4280209908108,4.392487084878,50.9999999999999));
#3023=CARTESIAN_POINT('',(-10.4280209908108,4.392487084878,50.9999999999999));
#3024=CARTESIAN_POINT('Origin',(-2.77555756156289E-16,-2.50000000000002,
50.9999999999999));
#3025=CARTESIAN_POINT('Origin',(10.4280209908108,-9.39248708487803,50.9999999999999));
#3026=CARTESIAN_POINT('',(10.4280209908108,-9.39248708487803,50.9999999999999));
#3027=CARTESIAN_POINT('',(3.53553390593273,-2.50000000000001,50.9999999999999));
#3028=CARTESIAN_POINT('Origin',(-2.77555756156289E-16,-2.50000000000002,
50.9999999999999));
#3029=CARTESIAN_POINT('',(10.4280209908108,4.39248708487801,50.9999999999999));
#3030=CARTESIAN_POINT('Origin',(3.53553390593273,-2.50000000000002,50.9999999999999));
#3031=CARTESIAN_POINT('Origin',(-2.77555756156289E-16,-2.50000000000002,
50.9999999999999));
#3032=CARTESIAN_POINT('',(-1.54110350074225,-4.62500000000001,50.9999999999999));
#3033=CARTESIAN_POINT('',(1.54110350074225,-4.62500000000001,50.9999999999999));
#3034=CARTESIAN_POINT('Origin',(-1.5,-4.62500000000001,50.9999999999999));
#3035=UNCERTAINTY_MEASURE_WITH_UNIT(LENGTH_MEASURE(0.01),#3039,
'DISTANCE_ACCURACY_VALUE',
'Maximum model space distance between geometric entities at asserted c
onnectivities');
#3036=UNCERTAINTY_MEASURE_WITH_UNIT(LENGTH_MEASURE(0.01),#3039,
'DISTANCE_ACCURACY_VALUE',
'Maximum model space distance between geometric entities at asserted c
onnectivities');
#3037=(
GEOMETRIC_REPRESENTATION_CONTEXT(3)
GLOBAL_UNCERTAINTY_ASSIGNED_CONTEXT((#3035))
GLOBAL_UNIT_ASSIGNED_CONTEXT((#3039,#3040,#3041))
REPRESENTATION_CONTEXT('','3D')
);
#3038=(
GEOMETRIC_REPRESENTATION_CONTEXT(3)
GLOBAL_UNCERTAINTY_ASSIGNED_CONTEXT((#3036))
GLOBAL_UNIT_ASSIGNED_CONTEXT((#3039,#3040,#3041))
REPRESENTATION_CONTEXT('','3D')
);
#3039=(
LENGTH_UNIT()
NAMED_UNIT(*)
SI_UNIT(.MILLI.,.METRE.)
);
#3040=(
NAMED_UNIT(*)
PLANE_ANGLE_UNIT()
SI_UNIT($,.RADIAN.)
);
#3041=(
NAMED_UNIT(*)
SI_UNIT($,.STERADIAN.)
SOLID_ANGLE_UNIT()
);
#3042=SHAPE_DEFINITION_REPRESENTATION(#3043,#3044);
#3043=PRODUCT_DEFINITION_SHAPE('',$,#3046);
#3044=SHAPE_REPRESENTATION('',(#1081),#3037);
#3045=PRODUCT_DEFINITION_CONTEXT('part definition',#3050,'design');
#3046=PRODUCT_DEFINITION('NEMA 17 Motor Pulley',
'NEMA 17 Motor Pulley v7',#3047,#3045);
#3047=PRODUCT_DEFINITION_FORMATION('',$,#3052);
#3048=PRODUCT_RELATED_PRODUCT_CATEGORY('NEMA 17 Motor Pulley v7',
'NEMA 17 Motor Pulley v7',(#3052));
#3049=APPLICATION_PROTOCOL_DEFINITION('international standard',
'automotive_design',2009,#3050);
#3050=APPLICATION_CONTEXT(
'Core Data for Automotive Mechanical Design Process');
#3051=PRODUCT_CONTEXT('part definition',#3050,'mechanical');
#3052=PRODUCT('NEMA 17 Motor Pulley','NEMA 17 Motor Pulley v7',$,(#3051));
#3053=PRESENTATION_STYLE_ASSIGNMENT((#3054));
#3054=SURFACE_STYLE_USAGE(.BOTH.,#3055);
#3055=SURFACE_SIDE_STYLE('',(#3056));
#3056=SURFACE_STYLE_FILL_AREA(#3057);
#3057=FILL_AREA_STYLE('Steel - Satin',(#3058));
#3058=FILL_AREA_STYLE_COLOUR('Steel - Satin',#3059);
#3059=COLOUR_RGB('Steel - Satin',0.627450980392157,0.627450980392157,0.627450980392157);
ENDSEC;
END-ISO-10303-21;
