ISO-10303-21;
HEADER;
/* Generated by software containing ST-Developer
 * from STEP Tools, Inc. (www.steptools.com) 
 */

FILE_DESCRIPTION(
/* description */ (''),
/* implementation_level */ '2;1');

FILE_NAME(
/* name */ 'NEMA17 Motor Pulley Alternate.step',
/* time_stamp */ '2026-03-10T16:05:20-04:00',
/* author */ (''),
/* organization */ (''),
/* preprocessor_version */ 'ST-DEVELOPER v20.1',
/* originating_system */ 'Autodesk Translation Framework v14.24.0.0',
/* authorisation */ '');

FILE_SCHEMA (('AUTOMOTIVE_DESIGN { 1 0 10303 214 3 1 1 }'));
ENDSEC;

DATA;
#10=MECHANICAL_DESIGN_GEOMETRIC_PRESENTATION_REPRESENTATION('',(#13),#3037);
#11=SHAPE_REPRESENTATION_RELATIONSHIP('SRR','None',#3043,#12);
#12=ADVANCED_BREP_SHAPE_REPRESENTATION('',(#14),#3036);
#13=STYLED_ITEM('',(#3052),#14);
#14=MANIFOLD_SOLID_BREP('Body1',#887);
#15=TOROIDAL_SURFACE('',#917,20.,1.25);
#16=TOROIDAL_SURFACE('',#949,20.,1.25);
#17=CONICAL_SURFACE('',#913,19.8510839162482,0.725253222199819);
#18=CONICAL_SURFACE('',#923,19.8510839162482,0.725253222199819);
#19=CONICAL_SURFACE('',#929,19.8510839162482,0.72525322219983);
#20=CONICAL_SURFACE('',#931,19.8510839162482,0.725253222199829);
#21=CONICAL_SURFACE('',#937,19.,0.785398163397448);
#22=CONICAL_SURFACE('',#940,19.,0.785398163397448);
#23=B_SPLINE_SURFACE_WITH_KNOTS('',3,3,((#1303,#1304,#1305,#1306),(#1307,
#1308,#1309,#1310),(#1311,#1312,#1313,#1314),(#1315,#1316,#1317,#1318),
(#1319,#1320,#1321,#1322),(#1323,#1324,#1325,#1326),(#1327,#1328,#1329,
#1330),(#1331,#1332,#1333,#1334),(#1335,#1336,#1337,#1338),(#1339,#1340,
#1341,#1342)),.UNSPECIFIED.,.F.,.F.,.F.,(4,1,1,1,1,1,1,4),(4,4),(0.,0.142857142857143,
0.285714285714286,0.428571428571429,0.571428571428571,0.857142857142857,
0.892857142857143,1.),(1.,1.5),.UNSPECIFIED.);
#24=B_SPLINE_SURFACE_WITH_KNOTS('',3,3,((#1371,#1372,#1373,#1374),(#1375,
#1376,#1377,#1378),(#1379,#1380,#1381,#1382),(#1383,#1384,#1385,#1386),
(#1387,#1388,#1389,#1390),(#1391,#1392,#1393,#1394),(#1395,#1396,#1397,
#1398),(#1399,#1400,#1401,#1402),(#1403,#1404,#1405,#1406),(#1407,#1408,
#1409,#1410)),.UNSPECIFIED.,.F.,.F.,.F.,(4,1,1,1,1,1,1,4),(4,4),(0.,0.142857142857143,
0.285714285714286,0.428571428571429,0.571428571428571,0.857142857142857,
0.892857142857143,1.),(1.,1.5),.UNSPECIFIED.);
#25=B_SPLINE_SURFACE_WITH_KNOTS('',3,3,((#1441,#1442,#1443,#1444),(#1445,
#1446,#1447,#1448),(#1449,#1450,#1451,#1452),(#1453,#1454,#1455,#1456),
(#1457,#1458,#1459,#1460),(#1461,#1462,#1463,#1464),(#1465,#1466,#1467,
#1468),(#1469,#1470,#1471,#1472),(#1473,#1474,#1475,#1476),(#1477,#1478,
#1479,#1480)),.UNSPECIFIED.,.F.,.F.,.F.,(4,1,1,1,1,1,1,4),(4,4),(0.,0.142857142857143,
0.285714285714286,0.428571428571429,0.571428571428571,0.857142857142857,
0.892857142857143,1.),(1.,1.5),.UNSPECIFIED.);
#26=B_SPLINE_SURFACE_WITH_KNOTS('',3,3,((#1509,#1510,#1511,#1512),(#1513,
#1514,#1515,#1516),(#1517,#1518,#1519,#1520),(#1521,#1522,#1523,#1524),
(#1525,#1526,#1527,#1528),(#1529,#1530,#1531,#1532),(#1533,#1534,#1535,
#1536),(#1537,#1538,#1539,#1540),(#1541,#1542,#1543,#1544),(#1545,#1546,
#1547,#1548)),.UNSPECIFIED.,.F.,.F.,.F.,(4,1,1,1,1,1,1,4),(4,4),(0.,0.142857142857143,
0.285714285714286,0.428571428571429,0.571428571428571,0.857142857142857,
0.892857142857143,1.),(1.,1.5),.UNSPECIFIED.);
#27=B_SPLINE_SURFACE_WITH_KNOTS('',3,3,((#1577,#1578,#1579,#1580,#1581,
#1582,#1583,#1584,#1585,#1586,#1587,#1588,#1589,#1590,#1591,#1592),(#1593,
#1594,#1595,#1596,#1597,#1598,#1599,#1600,#1601,#1602,#1603,#1604,#1605,
#1606,#1607,#1608),(#1609,#1610,#1611,#1612,#1613,#1614,#1615,#1616,#1617,
#1618,#1619,#1620,#1621,#1622,#1623,#1624),(#1625,#1626,#1627,#1628,#1629,
#1630,#1631,#1632,#1633,#1634,#1635,#1636,#1637,#1638,#1639,#1640),(#1641,
#1642,#1643,#1644,#1645,#1646,#1647,#1648,#1649,#1650,#1651,#1652,#1653,
#1654,#1655,#1656),(#1657,#1658,#1659,#1660,#1661,#1662,#1663,#1664,#1665,
#1666,#1667,#1668,#1669,#1670,#1671,#1672)),.UNSPECIFIED.,.F.,.F.,.F.,(4,
1,1,4),(4,1,1,1,1,1,1,1,1,1,1,1,1,4),(0.,0.285714285714286,0.571428571428571,
1.),(0.107393666315947,0.15971412651367,0.212034586711393,0.316675507106839,
0.368995967304562,0.395156197403424,0.421316427502285,0.473636887700009,
0.525957347897732,0.630598268293178,0.656758498392039,0.735239188688624,
0.787559648886347,0.83988010908407),.UNSPECIFIED.);
#28=B_SPLINE_SURFACE_WITH_KNOTS('',3,3,((#1849,#1850,#1851,#1852,#1853),
(#1854,#1855,#1856,#1857,#1858),(#1859,#1860,#1861,#1862,#1863),(#1864,
#1865,#1866,#1867,#1868)),.UNSPECIFIED.,.F.,.F.,.F.,(4,4),(4,1,4),(0.,1.),
(0.589366813025121,0.691015416553197,0.767251869199254),.UNSPECIFIED.);
#29=B_SPLINE_SURFACE_WITH_KNOTS('',3,3,((#2024,#2025,#2026,#2027,#2028,
#2029,#2030,#2031,#2032,#2033,#2034,#2035,#2036,#2037,#2038,#2039),(#2040,
#2041,#2042,#2043,#2044,#2045,#2046,#2047,#2048,#2049,#2050,#2051,#2052,
#2053,#2054,#2055),(#2056,#2057,#2058,#2059,#2060,#2061,#2062,#2063,#2064,
#2065,#2066,#2067,#2068,#2069,#2070,#2071),(#2072,#2073,#2074,#2075,#2076,
#2077,#2078,#2079,#2080,#2081,#2082,#2083,#2084,#2085,#2086,#2087),(#2088,
#2089,#2090,#2091,#2092,#2093,#2094,#2095,#2096,#2097,#2098,#2099,#2100,
#2101,#2102,#2103),(#2104,#2105,#2106,#2107,#2108,#2109,#2110,#2111,#2112,
#2113,#2114,#2115,#2116,#2117,#2118,#2119)),.UNSPECIFIED.,.F.,.F.,.F.,(4,
1,1,4),(4,1,1,1,1,1,1,1,1,1,1,1,1,4),(0.,0.285714285714286,0.571428571428571,
1.),(0.10739366631588,0.159714126513608,0.212034586711335,0.316675507106791,
0.368995967304519,0.395156197403383,0.408236312452815,0.421316427502247,
0.525957347897703,0.630598268293159,0.656758498392023,0.735239188688614,
0.787559648886342,0.83988010908407),.UNSPECIFIED.);
#30=B_SPLINE_SURFACE_WITH_KNOTS('',3,3,((#2179,#2180,#2181,#2182,#2183,
#2184,#2185,#2186,#2187,#2188,#2189,#2190,#2191,#2192,#2193,#2194),(#2195,
#2196,#2197,#2198,#2199,#2200,#2201,#2202,#2203,#2204,#2205,#2206,#2207,
#2208,#2209,#2210),(#2211,#2212,#2213,#2214,#2215,#2216,#2217,#2218,#2219,
#2220,#2221,#2222,#2223,#2224,#2225,#2226),(#2227,#2228,#2229,#2230,#2231,
#2232,#2233,#2234,#2235,#2236,#2237,#2238,#2239,#2240,#2241,#2242),(#2243,
#2244,#2245,#2246,#2247,#2248,#2249,#2250,#2251,#2252,#2253,#2254,#2255,
#2256,#2257,#2258),(#2259,#2260,#2261,#2262,#2263,#2264,#2265,#2266,#2267,
#2268,#2269,#2270,#2271,#2272,#2273,#2274)),.UNSPECIFIED.,.F.,.F.,.F.,(4,
1,1,4),(4,1,1,1,1,1,1,1,1,1,1,1,1,4),(0.,0.285714285714286,0.571428571428571,
1.),(0.107393666315855,0.159714126513585,0.212034586711314,0.316675507106774,
0.368995967304503,0.395156197403368,0.4082363124528,0.421316427502233,0.525957347897692,
0.630598268293151,0.656758498392015,0.73523918868861,0.787559648886339,
0.839880109084069),.UNSPECIFIED.);
#31=B_SPLINE_SURFACE_WITH_KNOTS('',3,3,((#2448,#2449,#2450,#2451,#2452),
(#2453,#2454,#2455,#2456,#2457),(#2458,#2459,#2460,#2461,#2462),(#2463,
#2464,#2465,#2466,#2467)),.UNSPECIFIED.,.F.,.F.,.F.,(4,4),(4,1,4),(0.,1.),
(0.58936681302512,0.665603265671179,0.767251869199257),.UNSPECIFIED.);
#32=B_SPLINE_SURFACE_WITH_KNOTS('',3,3,((#2583,#2584,#2585,#2586,#2587),
(#2588,#2589,#2590,#2591,#2592),(#2593,#2594,#2595,#2596,#2597),(#2598,
#2599,#2600,#2601,#2602)),.UNSPECIFIED.,.F.,.F.,.F.,(4,4),(4,1,4),(0.,1.),
(0.137160585616992,0.213397038263051,0.31504564179113),.UNSPECIFIED.);
#33=B_SPLINE_SURFACE_WITH_KNOTS('',3,3,((#2644,#2645,#2646,#2647,#2648,
#2649,#2650,#2651,#2652,#2653,#2654,#2655,#2656,#2657,#2658,#2659,#2660),
(#2661,#2662,#2663,#2664,#2665,#2666,#2667,#2668,#2669,#2670,#2671,#2672,
#2673,#2674,#2675,#2676,#2677),(#2678,#2679,#2680,#2681,#2682,#2683,#2684,
#2685,#2686,#2687,#2688,#2689,#2690,#2691,#2692,#2693,#2694),(#2695,#2696,
#2697,#2698,#2699,#2700,#2701,#2702,#2703,#2704,#2705,#2706,#2707,#2708,
#2709,#2710,#2711),(#2712,#2713,#2714,#2715,#2716,#2717,#2718,#2719,#2720,
#2721,#2722,#2723,#2724,#2725,#2726,#2727,#2728),(#2729,#2730,#2731,#2732,
#2733,#2734,#2735,#2736,#2737,#2738,#2739,#2740,#2741,#2742,#2743,#2744,
#2745)),.UNSPECIFIED.,.F.,.F.,.F.,(4,1,1,4),(4,1,1,1,1,1,1,1,1,1,1,1,1,
1,4),(0.,0.285714285714286,0.571428571428571,1.),(0.107393666315914,0.15971412651364,
0.212034586711365,0.316675507106816,0.368995967304541,0.395156197403404,
0.408236312452835,0.421316427502266,0.473636887699992,0.525957347897717,
0.630598268293168,0.65675849839203,0.735239188688618,0.787559648886344,
0.839880109084069),.UNSPECIFIED.);
#34=B_SPLINE_SURFACE_WITH_KNOTS('',3,3,((#2923,#2924,#2925,#2926,#2927,
#2928),(#2929,#2930,#2931,#2932,#2933,#2934),(#2935,#2936,#2937,#2938,#2939,
#2940),(#2941,#2942,#2943,#2944,#2945,#2946)),.UNSPECIFIED.,.F.,.F.,.F.,
(4,4),(4,2,4),(0.,1.),(0.137160585616994,0.226103113704062,0.315045641791129),
 .UNSPECIFIED.);
#35=FACE_BOUND('',#105,.T.);
#36=FACE_BOUND('',#134,.T.);
#37=FACE_BOUND('',#137,.T.);
#38=FACE_BOUND('',#138,.T.);
#39=FACE_BOUND('',#139,.T.);
#40=FACE_BOUND('',#140,.T.);
#41=FACE_BOUND('',#141,.T.);
#42=FACE_BOUND('',#145,.T.);
#43=FACE_BOUND('',#146,.T.);
#44=CYLINDRICAL_SURFACE('',#895,4.81745833289037);
#45=CYLINDRICAL_SURFACE('',#919,1.5);
#46=CYLINDRICAL_SURFACE('',#920,1.5);
#47=CYLINDRICAL_SURFACE('',#921,20.);
#48=CYLINDRICAL_SURFACE('',#926,20.);
#49=CYLINDRICAL_SURFACE('',#935,20.);
#50=CYLINDRICAL_SURFACE('',#951,12.5);
#51=CYLINDRICAL_SURFACE('',#952,2.625);
#52=FACE_OUTER_BOUND('',#96,.T.);
#53=FACE_OUTER_BOUND('',#97,.T.);
#54=FACE_OUTER_BOUND('',#98,.T.);
#55=FACE_OUTER_BOUND('',#99,.T.);
#56=FACE_OUTER_BOUND('',#100,.T.);
#57=FACE_OUTER_BOUND('',#101,.T.);
#58=FACE_OUTER_BOUND('',#102,.T.);
#59=FACE_OUTER_BOUND('',#103,.T.);
#60=FACE_OUTER_BOUND('',#104,.T.);
#61=FACE_OUTER_BOUND('',#106,.T.);
#62=FACE_OUTER_BOUND('',#107,.T.);
#63=FACE_OUTER_BOUND('',#108,.T.);
#64=FACE_OUTER_BOUND('',#109,.T.);
#65=FACE_OUTER_BOUND('',#110,.T.);
#66=FACE_OUTER_BOUND('',#111,.T.);
#67=FACE_OUTER_BOUND('',#112,.T.);
#68=FACE_OUTER_BOUND('',#113,.T.);
#69=FACE_OUTER_BOUND('',#114,.T.);
#70=FACE_OUTER_BOUND('',#115,.T.);
#71=FACE_OUTER_BOUND('',#116,.T.);
#72=FACE_OUTER_BOUND('',#117,.T.);
#73=FACE_OUTER_BOUND('',#118,.T.);
#74=FACE_OUTER_BOUND('',#119,.T.);
#75=FACE_OUTER_BOUND('',#120,.T.);
#76=FACE_OUTER_BOUND('',#121,.T.);
#77=FACE_OUTER_BOUND('',#122,.T.);
#78=FACE_OUTER_BOUND('',#123,.T.);
#79=FACE_OUTER_BOUND('',#124,.T.);
#80=FACE_OUTER_BOUND('',#125,.T.);
#81=FACE_OUTER_BOUND('',#126,.T.);
#82=FACE_OUTER_BOUND('',#127,.T.);
#83=FACE_OUTER_BOUND('',#128,.T.);
#84=FACE_OUTER_BOUND('',#129,.T.);
#85=FACE_OUTER_BOUND('',#130,.T.);
#86=FACE_OUTER_BOUND('',#131,.T.);
#87=FACE_OUTER_BOUND('',#132,.T.);
#88=FACE_OUTER_BOUND('',#133,.T.);
#89=FACE_OUTER_BOUND('',#135,.T.);
#90=FACE_OUTER_BOUND('',#136,.T.);
#91=FACE_OUTER_BOUND('',#142,.T.);
#92=FACE_OUTER_BOUND('',#143,.T.);
#93=FACE_OUTER_BOUND('',#144,.T.);
#94=FACE_OUTER_BOUND('',#147,.T.);
#95=FACE_OUTER_BOUND('',#148,.T.);
#96=EDGE_LOOP('',(#555,#556,#557,#558,#559,#560));
#97=EDGE_LOOP('',(#561,#562,#563,#564,#565,#566));
#98=EDGE_LOOP('',(#567,#568,#569,#570,#571,#572,#573));
#99=EDGE_LOOP('',(#574,#575,#576,#577,#578,#579));
#100=EDGE_LOOP('',(#580,#581,#582,#583,#584,#585));
#101=EDGE_LOOP('',(#586,#587,#588,#589));
#102=EDGE_LOOP('',(#590,#591,#592,#593));
#103=EDGE_LOOP('',(#594,#595,#596,#597));
#104=EDGE_LOOP('',(#598));
#105=EDGE_LOOP('',(#599));
#106=EDGE_LOOP('',(#600,#601,#602,#603,#604));
#107=EDGE_LOOP('',(#605,#606,#607,#608));
#108=EDGE_LOOP('',(#609,#610,#611,#612,#613));
#109=EDGE_LOOP('',(#614,#615,#616,#617));
#110=EDGE_LOOP('',(#618,#619,#620,#621,#622));
#111=EDGE_LOOP('',(#623,#624,#625,#626));
#112=EDGE_LOOP('',(#627,#628,#629,#630,#631));
#113=EDGE_LOOP('',(#632,#633,#634,#635));
#114=EDGE_LOOP('',(#636,#637,#638,#639,#640,#641));
#115=EDGE_LOOP('',(#642,#643,#644,#645,#646,#647,#648));
#116=EDGE_LOOP('',(#649,#650,#651,#652,#653,#654,#655));
#117=EDGE_LOOP('',(#656,#657,#658,#659));
#118=EDGE_LOOP('',(#660,#661,#662,#663,#664,#665));
#119=EDGE_LOOP('',(#666,#667,#668,#669,#670,#671));
#120=EDGE_LOOP('',(#672,#673,#674,#675,#676,#677));
#121=EDGE_LOOP('',(#678,#679,#680,#681,#682,#683,#684,#685,#686));
#122=EDGE_LOOP('',(#687,#688,#689,#690,#691,#692,#693));
#123=EDGE_LOOP('',(#694,#695,#696,#697,#698,#699));
#124=EDGE_LOOP('',(#700,#701,#702,#703,#704,#705,#706,#707,#708));
#125=EDGE_LOOP('',(#709,#710,#711,#712,#713,#714));
#126=EDGE_LOOP('',(#715,#716,#717,#718,#719,#720));
#127=EDGE_LOOP('',(#721,#722,#723,#724,#725,#726,#727));
#128=EDGE_LOOP('',(#728,#729,#730,#731,#732,#733,#734,#735));
#129=EDGE_LOOP('',(#736,#737,#738,#739,#740,#741,#742));
#130=EDGE_LOOP('',(#743,#744,#745,#746,#747,#748,#749));
#131=EDGE_LOOP('',(#750,#751,#752,#753,#754,#755));
#132=EDGE_LOOP('',(#756,#757,#758,#759));
#133=EDGE_LOOP('',(#760));
#134=EDGE_LOOP('',(#761,#762));
#135=EDGE_LOOP('',(#763,#764,#765,#766));
#136=EDGE_LOOP('',(#767));
#137=EDGE_LOOP('',(#768,#769));
#138=EDGE_LOOP('',(#770,#771,#772,#773));
#139=EDGE_LOOP('',(#774,#775,#776,#777,#778));
#140=EDGE_LOOP('',(#779,#780,#781,#782));
#141=EDGE_LOOP('',(#783,#784,#785,#786));
#142=EDGE_LOOP('',(#787,#788,#789,#790));
#143=EDGE_LOOP('',(#791,#792,#793,#794));
#144=EDGE_LOOP('',(#795,#796,#797,#798,#799,#800,#801,#802,#803,#804,#805,
#806,#807,#808,#809,#810,#811,#812,#813,#814));
#145=EDGE_LOOP('',(#815,#816));
#146=EDGE_LOOP('',(#817,#818));
#147=EDGE_LOOP('',(#819,#820,#821,#822));
#148=EDGE_LOOP('',(#823,#824,#825,#826));
#149=B_SPLINE_CURVE_WITH_KNOTS('',3,(#1141,#1142,#1143,#1144,#1145,#1146,
#1147,#1148,#1149,#1150,#1151,#1152,#1153),.UNSPECIFIED.,.F.,.F.,(4,3,3,
3,4),(-0.242071604342472,-0.207489946579262,-0.0691633155264207,-0.0518724866448155,
0.),.UNSPECIFIED.);
#150=B_SPLINE_CURVE_WITH_KNOTS('',3,(#1156,#1157,#1158,#1159,#1160,#1161,
#1162,#1163,#1164,#1165,#1166,#1167,#1168),.UNSPECIFIED.,.F.,.F.,(4,3,3,
3,4),(-0.418080376304782,-0.312877422786784,-0.207674469268786,-0.102471515750787,
-0.0498700389917661),.UNSPECIFIED.);
#151=B_SPLINE_CURVE_WITH_KNOTS('',3,(#1176,#1177,#1178,#1179,#1180,#1181,
#1182,#1183,#1184,#1185,#1186,#1187,#1188),.UNSPECIFIED.,.F.,.F.,(4,3,3,
3,4),(-0.242071604342471,-0.207489946579262,-0.0691633155264205,-0.0518724866448154,
0.),.UNSPECIFIED.);
#152=B_SPLINE_CURVE_WITH_KNOTS('',3,(#1191,#1192,#1193,#1194,#1195,#1196,
#1197,#1198,#1199,#1200,#1201,#1202,#1203),.UNSPECIFIED.,.F.,.F.,(4,3,3,
3,4),(-0.418080376304764,-0.312877422786771,-0.207674469268778,-0.102471515750785,
-0.0498700389917663),.UNSPECIFIED.);
#153=B_SPLINE_CURVE_WITH_KNOTS('',3,(#1220,#1221,#1222,#1223,#1224,#1225,
#1226,#1227,#1228,#1229,#1230,#1231,#1232),.UNSPECIFIED.,.F.,.F.,(4,3,3,
3,4),(-0.242071604342467,-0.207489946579258,-0.0691633155264193,-0.0518724866448144,
0.),.UNSPECIFIED.);
#154=B_SPLINE_CURVE_WITH_KNOTS('',3,(#1233,#1234,#1235,#1236,#1237,#1238,
#1239,#1240,#1241,#1242,#1243,#1244,#1245),.UNSPECIFIED.,.F.,.F.,(4,3,3,
3,4),(-0.418080376304688,-0.312877422786716,-0.207674469268745,-0.102471515750774,
-0.0498700389917663),.UNSPECIFIED.);
#155=B_SPLINE_CURVE_WITH_KNOTS('',3,(#1252,#1253,#1254,#1255,#1256,#1257,
#1258,#1259,#1260,#1261,#1262,#1263,#1264),.UNSPECIFIED.,.F.,.F.,(4,3,3,
3,4),(-0.242071604342467,-0.207489946579258,-0.0691633155264193,-0.0518724866448145,
0.),.UNSPECIFIED.);
#156=B_SPLINE_CURVE_WITH_KNOTS('',3,(#1266,#1267,#1268,#1269,#1270,#1271,
#1272,#1273,#1274,#1275,#1276,#1277,#1278),.UNSPECIFIED.,.F.,.F.,(4,3,3,
3,4),(-0.418080376304782,-0.312877422786784,-0.207674469268786,-0.102471515750787,
-0.049870038991766),.UNSPECIFIED.);
#157=B_SPLINE_CURVE_WITH_KNOTS('',3,(#1345,#1346,#1347,#1348,#1349,#1350,
#1351,#1352,#1353,#1354,#1355,#1356,#1357,#1358,#1359,#1360,#1361,#1362,
#1363,#1364,#1365,#1366),.UNSPECIFIED.,.F.,.F.,(4,3,3,3,3,3,3,4),(0.,0.0509976136560978,
0.0679968182081304,0.203990454624391,0.271987272832522,0.339984091040652,
0.407980909248782,0.475977727456913),.UNSPECIFIED.);
#158=B_SPLINE_CURVE_WITH_KNOTS('',3,(#1414,#1415,#1416,#1417,#1418,#1419,
#1420,#1421,#1422,#1423,#1424,#1425,#1426,#1427,#1428,#1429,#1430,#1431,
#1432,#1433,#1434,#1435),.UNSPECIFIED.,.F.,.F.,(4,3,3,3,3,3,3,4),(0.,0.0509976136560978,
0.0679968182081304,0.203990454624391,0.271987272832521,0.339984091040652,
0.407980909248782,0.475977727456912),.UNSPECIFIED.);
#159=B_SPLINE_CURVE_WITH_KNOTS('',3,(#1483,#1484,#1485,#1486,#1487,#1488,
#1489,#1490,#1491,#1492,#1493,#1494,#1495,#1496,#1497,#1498,#1499,#1500,
#1501,#1502,#1503,#1504),.UNSPECIFIED.,.F.,.F.,(4,3,3,3,3,3,3,4),(0.,0.0509976136561299,
0.0679968182081731,0.203990454624519,0.271987272832692,0.339984091040866,
0.407980909249039,0.475977727457212),.UNSPECIFIED.);
#160=B_SPLINE_CURVE_WITH_KNOTS('',3,(#1551,#1552,#1553,#1554,#1555,#1556,
#1557,#1558,#1559,#1560,#1561,#1562,#1563,#1564,#1565,#1566,#1567,#1568,
#1569,#1570,#1571,#1572),.UNSPECIFIED.,.F.,.F.,(4,3,3,3,3,3,3,4),(0.,0.0509976136561171,
0.0679968182081561,0.203990454624468,0.271987272832624,0.33998409104078,
0.407980909248936,0.475977727457092),.UNSPECIFIED.);
#161=B_SPLINE_CURVE_WITH_KNOTS('',3,(#1675,#1676,#1677,#1678,#1679,#1680),
 .UNSPECIFIED.,.F.,.F.,(4,2,4),(0.0260289261755,0.0276691519743814,0.0629182025795952),
 .UNSPECIFIED.);
#162=B_SPLINE_CURVE_WITH_KNOTS('',3,(#1682,#1683,#1684,#1685,#1686,#1687,
#1688,#1689,#1690,#1691,#1692,#1693,#1694,#1695,#1696,#1697,#1698,#1699,
#1700,#1701,#1702,#1703,#1704,#1705,#1706,#1707,#1708,#1709,#1710,#1711,
#1712,#1713,#1714,#1715,#1716,#1717,#1718,#1719,#1720,#1721,#1722,#1723,
#1724,#1725,#1726,#1727,#1728,#1729,#1730,#1731,#1732,#1733,#1734,#1735,
#1736,#1737,#1738,#1739,#1740,#1741,#1742,#1743,#1744,#1745,#1746,#1747,
#1748,#1749,#1750,#1751,#1752,#1753,#1754,#1755,#1756,#1757,#1758,#1759,
#1760,#1761,#1762,#1763,#1764,#1765,#1766,#1767,#1768,#1769,#1770,#1771,
#1772),.UNSPECIFIED.,.F.,.F.,(4,3,3,3,3,3,3,3,3,3,3,3,3,3,3,3,3,3,3,3,3,
3,3,3,3,3,3,3,3,3,4),(-0.811706869269166,-0.787626329374372,-0.741884835639734,
-0.735290174283281,-0.711385103718006,-0.675293462272104,-0.65683321108979,
-0.63067219628121,-0.61065198116893,-0.574385445167376,-0.540372883727778,
-0.538118909165822,-0.525955077308548,-0.501395439678058,-0.478326866737909,
-0.476835802047568,-0.473601994912866,-0.439115123340332,-0.421290793699988,
-0.41578723638683,-0.395134973120443,-0.368975893737815,-0.345195140599929,
-0.316657814790067,-0.264664684496588,-0.248121744450879,-0.212011721879304,
-0.159663100711117,-0.146667214389071,-0.137602641526407,-0.135567966520053),
 .UNSPECIFIED.);
#163=B_SPLINE_CURVE_WITH_KNOTS('',3,(#1774,#1775,#1776,#1777,#1778,#1779,
#1780,#1781,#1782,#1783,#1784,#1785,#1786,#1787,#1788,#1789,#1790,#1791,
#1792,#1793,#1794,#1795,#1796,#1797,#1798),.UNSPECIFIED.,.F.,.F.,(4,3,3,
3,3,3,3,3,4),(0.,0.00627934880913084,0.00760284225095017,0.0139334011960501,
0.0154894104979681,0.0221794941003663,0.0288695777027645,0.0300124526331211,
0.0348058787404995),.UNSPECIFIED.);
#164=B_SPLINE_CURVE_WITH_KNOTS('',3,(#1800,#1801,#1802,#1803,#1804,#1805,
#1806,#1807,#1808,#1809,#1810,#1811,#1812,#1813,#1814,#1815),
 .UNSPECIFIED.,.F.,.F.,(4,3,3,3,3,4),(0.00289280956488013,0.011090482197848,
0.0121981832823847,0.0132237570209268,0.0201370474944273,0.0264103279108102),
 .UNSPECIFIED.);
#165=B_SPLINE_CURVE_WITH_KNOTS('',3,(#1817,#1818,#1819,#1820,#1821,#1822,
#1823,#1824,#1825,#1826,#1827,#1828,#1829,#1830,#1831,#1832),
 .UNSPECIFIED.,.F.,.F.,(4,1,1,1,1,1,1,1,1,1,1,1,1,4),(0.107393666315947,
0.15971412651367,0.212034586711393,0.316675507106839,0.368995967304562,
0.395156197403424,0.421316427502285,0.473636887700009,0.525957347897732,
0.630598268293178,0.656758498392039,0.735239188688624,0.787559648886347,
0.83988010908407),.UNSPECIFIED.);
#166=B_SPLINE_CURVE_WITH_KNOTS('',3,(#1833,#1834,#1835,#1836,#1837,#1838,
#1839,#1840,#1841,#1842,#1843,#1844,#1845,#1846,#1847,#1848),
 .UNSPECIFIED.,.F.,.F.,(4,3,3,3,3,4),(0.,0.0069132381321191,0.0131776580078119,
0.0142026987019038,0.0224021890491652,0.0235018901655632),.UNSPECIFIED.);
#167=B_SPLINE_CURVE_WITH_KNOTS('',3,(#1870,#1871,#1872,#1873,#1874,#1875,
#1876,#1877,#1878,#1879),.UNSPECIFIED.,.F.,.F.,(4,3,3,4),(-0.0449185255077298,
-0.0241324067168224,-0.0224919867086109,-0.00623989038952164),
 .UNSPECIFIED.);
#168=B_SPLINE_CURVE_WITH_KNOTS('',3,(#1881,#1882,#1883,#1884,#1885),
 .UNSPECIFIED.,.F.,.F.,(4,1,4),(-0.75473051397054,-0.691015416553197,-0.601917184426032),
 .UNSPECIFIED.);
#169=B_SPLINE_CURVE_WITH_KNOTS('',3,(#1887,#1888,#1889,#1890,#1891,#1892,
#1893,#1894,#1895,#1896),.UNSPECIFIED.,.F.,.F.,(4,3,3,4),(0.,0.020831228711961,
0.0225486894690679,0.0386803948906144),.UNSPECIFIED.);
#170=B_SPLINE_CURVE_WITH_KNOTS('',3,(#1898,#1899,#1900,#1901,#1902,#1903,
#1904,#1905,#1906,#1907,#1908,#1909,#1910),.UNSPECIFIED.,.F.,.F.,(4,3,3,
3,4),(0.,0.00878962832883028,0.013177658007809,0.0204813731948587,0.023501890165563),
 .UNSPECIFIED.);
#171=B_SPLINE_CURVE_WITH_KNOTS('',3,(#1912,#1913,#1914,#1915),
 .UNSPECIFIED.,.F.,.F.,(4,4),(0.610615175838225,0.678549281558358),
 .UNSPECIFIED.);
#172=B_SPLINE_CURVE_WITH_KNOTS('',3,(#1916,#1917,#1918,#1919,#1920),
 .UNSPECIFIED.,.F.,.F.,(4,1,4),(0.678549281558358,0.691015416553197,0.746077003688434),
 .UNSPECIFIED.);
#173=B_SPLINE_CURVE_WITH_KNOTS('',3,(#1924,#1925,#1926,#1927,#1928,#1929),
 .UNSPECIFIED.,.F.,.F.,(4,2,4),(0.0260289261755067,0.0276691519743922,0.0629182025794306),
 .UNSPECIFIED.);
#174=B_SPLINE_CURVE_WITH_KNOTS('',3,(#1936,#1937,#1938,#1939,#1940,#1941,
#1942,#1943,#1944,#1945,#1946,#1947,#1948,#1949,#1950,#1951,#1952,#1953,
#1954,#1955,#1956,#1957,#1958,#1959,#1960,#1961,#1962,#1963,#1964,#1965,
#1966,#1967,#1968,#1969,#1970,#1971,#1972,#1973,#1974,#1975,#1976,#1977,
#1978,#1979,#1980,#1981,#1982,#1983,#1984,#1985,#1986,#1987,#1988,#1989,
#1990,#1991,#1992,#1993,#1994,#1995,#1996,#1997,#1998,#1999,#2000,#2001,
#2002,#2003,#2004,#2005,#2006,#2007,#2008,#2009,#2010,#2011,#2012,#2013,
#2014,#2015,#2016,#2017,#2018,#2019,#2020,#2021,#2022,#2023),
 .UNSPECIFIED.,.F.,.F.,(4,3,3,3,3,3,3,3,3,3,3,3,3,3,3,3,3,3,3,3,3,3,3,3,
3,3,3,3,3,4),(-0.811706869269164,-0.787640698549634,-0.735336209534833,
-0.711385103717913,-0.678714537897618,-0.656934459707701,-0.630787877768239,
-0.610651981168864,-0.5808974027943,-0.555515371933424,-0.53811890916577,
-0.525968423994824,-0.490751250267223,-0.476835802047519,-0.458569352326676,
-0.43859307722044,-0.421352139843104,-0.415787236386777,-0.40826730743276,
-0.39518774488061,-0.369042126476876,-0.345195140599864,-0.316738114811347,
-0.273453845138671,-0.248121744450788,-0.212046467083512,-0.162897067270141,
-0.159678328158458,-0.136602073626078,-0.135567966520053),.UNSPECIFIED.);
#175=B_SPLINE_CURVE_WITH_KNOTS('',3,(#2121,#2122,#2123,#2124,#2125,#2126,
#2127,#2128,#2129,#2130,#2131,#2132,#2133,#2134,#2135,#2136,#2137,#2138,
#2139,#2140,#2141,#2142,#2143,#2144,#2145),.UNSPECIFIED.,.F.,.F.,(4,3,3,
3,3,3,3,3,4),(0.,0.00627674924524457,0.00760284225091602,0.0139290042393606,
0.0154894104978964,0.0221794941003935,0.0288695777028906,0.0300124526332544,
0.0348058787406992),.UNSPECIFIED.);
#176=B_SPLINE_CURVE_WITH_KNOTS('',3,(#2147,#2148,#2149,#2150,#2151,#2152,
#2153,#2154,#2155,#2156,#2157,#2158,#2159,#2160,#2161,#2162),
 .UNSPECIFIED.,.F.,.F.,(4,3,3,3,3,4),(0.00289280956487992,0.0110986058391831,
0.0121981832823884,0.0132237570209316,0.0201315567059397,0.0264103279108232),
 .UNSPECIFIED.);
#177=B_SPLINE_CURVE_WITH_KNOTS('',3,(#2163,#2164,#2165,#2166,#2167,#2168,
#2169,#2170,#2171,#2172,#2173,#2174,#2175,#2176,#2177,#2178),
 .UNSPECIFIED.,.F.,.F.,(4,1,1,1,1,1,1,1,1,1,1,1,1,4),(0.10739366631588,
0.159714126513608,0.212034586711335,0.316675507106791,0.368995967304519,
0.395156197403383,0.408236312452815,0.421316427502247,0.525957347897703,
0.630598268293159,0.656758498392023,0.735239188688614,0.787559648886342,
0.83988010908407),.UNSPECIFIED.);
#178=B_SPLINE_CURVE_WITH_KNOTS('',3,(#2277,#2278,#2279,#2280,#2281,#2282),
 .UNSPECIFIED.,.F.,.F.,(4,2,4),(0.0260289261755054,0.0276691519743894,0.0629182025795484),
 .UNSPECIFIED.);
#179=B_SPLINE_CURVE_WITH_KNOTS('',3,(#2284,#2285,#2286,#2287,#2288,#2289,
#2290,#2291,#2292,#2293,#2294,#2295,#2296,#2297,#2298,#2299,#2300,#2301,
#2302,#2303,#2304,#2305,#2306,#2307,#2308,#2309,#2310,#2311,#2312,#2313,
#2314,#2315,#2316,#2317,#2318,#2319,#2320,#2321,#2322,#2323,#2324,#2325,
#2326,#2327,#2328,#2329,#2330,#2331,#2332,#2333,#2334,#2335,#2336,#2337,
#2338,#2339,#2340,#2341,#2342,#2343,#2344,#2345,#2346,#2347,#2348,#2349,
#2350,#2351,#2352,#2353,#2354,#2355,#2356,#2357,#2358,#2359,#2360,#2361,
#2362,#2363,#2364,#2365,#2366,#2367,#2368,#2369,#2370,#2371),
 .UNSPECIFIED.,.F.,.F.,(4,3,3,3,3,3,3,3,3,3,3,3,3,3,3,3,3,3,3,3,3,3,3,3,
3,3,3,3,3,4),(-0.811706869269163,-0.787640575266554,-0.735336364252682,
-0.711385103717913,-0.678723612333408,-0.656932972771051,-0.630786390589175,
-0.610651981168864,-0.580952404563155,-0.555585544812618,-0.53811890916577,
-0.525968263276058,-0.49070988751072,-0.476835802047519,-0.458551085623066,
-0.438550770346924,-0.421352201179269,-0.415787236386778,-0.408267142025801,
-0.395187376130235,-0.369041428239667,-0.345195140599865,-0.316736995319119,
-0.273230108392907,-0.248121744450786,-0.212045710559153,-0.162772187038587,
-0.15967806836168,-0.13660207362608,-0.135567966520052),.UNSPECIFIED.);
#180=B_SPLINE_CURVE_WITH_KNOTS('',3,(#2373,#2374,#2375,#2376,#2377,#2378,
#2379,#2380,#2381,#2382,#2383,#2384,#2385,#2386,#2387,#2388,#2389,#2390,
#2391,#2392,#2393,#2394,#2395,#2396,#2397),.UNSPECIFIED.,.F.,.F.,(4,3,3,
3,3,3,3,3,4),(0.,0.00627717533249642,0.0076028422509305,0.0139297013477416,
0.0154894104979311,0.0221794941004005,0.02886957770287,0.0300124526332325,
0.0348058787406751),.UNSPECIFIED.);
#181=B_SPLINE_CURVE_WITH_KNOTS('',3,(#2399,#2400,#2401,#2402,#2403,#2404,
#2405,#2406,#2407,#2408,#2409,#2410,#2411,#2412,#2413,#2414),
 .UNSPECIFIED.,.F.,.F.,(4,3,3,3,3,4),(0.00289280956487894,0.011098190957229,
0.0121981832823878,0.0132237570209313,0.0201317873361734,0.0264103279108183),
 .UNSPECIFIED.);
#182=B_SPLINE_CURVE_WITH_KNOTS('',3,(#2416,#2417,#2418,#2419,#2420,#2421,
#2422,#2423,#2424,#2425,#2426,#2427,#2428,#2429,#2430,#2431),
 .UNSPECIFIED.,.F.,.F.,(4,1,1,1,1,1,1,1,1,1,1,1,1,4),(0.107393666315855,
0.159714126513585,0.212034586711314,0.316675507106774,0.368995967304503,
0.395156197403368,0.4082363124528,0.421316427502233,0.525957347897692,0.630598268293151,
0.656758498392015,0.73523918868861,0.787559648886339,0.839880109084069),
 .UNSPECIFIED.);
#183=B_SPLINE_CURVE_WITH_KNOTS('',3,(#2432,#2433,#2434,#2435,#2436,#2437,
#2438,#2439,#2440,#2441,#2442,#2443,#2444,#2445,#2446,#2447),
 .UNSPECIFIED.,.F.,.F.,(4,3,3,3,3,4),(0.,0.00691507368565527,0.0131776580078251,
0.0142026987019186,0.0223987357861615,0.0235018901655917),.UNSPECIFIED.);
#184=B_SPLINE_CURVE_WITH_KNOTS('',3,(#2469,#2470,#2471,#2472,#2473),
 .UNSPECIFIED.,.F.,.F.,(4,1,4),(0.610541689639626,0.665603265671179,0.746003536323671),
 .UNSPECIFIED.);
#185=B_SPLINE_CURVE_WITH_KNOTS('',3,(#2475,#2476,#2477,#2478,#2479,#2480,
#2481,#2482,#2483,#2484,#2485,#2486,#2487),.UNSPECIFIED.,.F.,.F.,(4,3,3,
3,4),(0.00289280956487758,0.0102014053166373,0.0132237570209092,0.0220192592414464,
0.0264103279107732),.UNSPECIFIED.);
#186=B_SPLINE_CURVE_WITH_KNOTS('',3,(#2489,#2490,#2491,#2492,#2493,#2494,
#2495,#2496,#2497,#2498),.UNSPECIFIED.,.F.,.F.,(4,3,3,4),(-0.0449185255071699,
-0.0240836772811884,-0.0224919867083637,-0.00623989038951586),
 .UNSPECIFIED.);
#187=B_SPLINE_CURVE_WITH_KNOTS('',3,(#2500,#2501,#2502,#2503,#2504),
 .UNSPECIFIED.,.F.,.F.,(4,1,4),(-0.754701509704692,-0.665603265671179,-0.601888171471905),
 .UNSPECIFIED.);
#188=B_SPLINE_CURVE_WITH_KNOTS('',3,(#2505,#2506,#2507,#2508,#2509,#2510,
#2511,#2512,#2513,#2514),.UNSPECIFIED.,.F.,.F.,(4,3,3,4),(0.,0.0207826584626793,
0.0225486894693591,0.0386803948911322),.UNSPECIFIED.);
#189=B_SPLINE_CURVE_WITH_KNOTS('',3,(#2517,#2518,#2519,#2520),
 .UNSPECIFIED.,.F.,.F.,(4,4),(0.225863401340446,0.29379731961227),
 .UNSPECIFIED.);
#190=B_SPLINE_CURVE_WITH_KNOTS('',3,(#2524,#2525,#2526,#2527,#2528,#2529,
#2530,#2531,#2532,#2533,#2534,#2535,#2536,#2537,#2538,#2539,#2540,#2541,
#2542,#2543,#2544,#2545,#2546,#2547,#2548,#2549),.UNSPECIFIED.,.F.,.F.,
(4,2,2,2,2,2,2,2,2,2,2,2,4),(0.,0.0565617542289501,0.1131235084579,0.169684861815526,
0.226246215173152,0.282807568530778,0.339368921888404,0.395930676117354,
0.452492430346304,0.509054184575254,0.565615938804204,0.62217729216183,
0.678738645519456),.UNSPECIFIED.);
#191=B_SPLINE_CURVE_WITH_KNOTS('',3,(#2550,#2551,#2552,#2553,#2554,#2555,
#2556,#2557,#2558,#2559),.UNSPECIFIED.,.F.,.F.,(4,2,2,2,4),(0.678738645519456,
0.735299998877081,0.791861352234707,0.848423106463657,0.904984860692608),
 .UNSPECIFIED.);
#192=B_SPLINE_CURVE_WITH_KNOTS('',3,(#2561,#2562,#2563,#2564,#2565),
 .UNSPECIFIED.,.F.,.F.,(4,1,4),(0.158335466198856,0.213397038263051,0.225863401340446),
 .UNSPECIFIED.);
#193=B_SPLINE_CURVE_WITH_KNOTS('',3,(#2566,#2567,#2568,#2569,#2570,#2571,
#2572,#2573,#2574,#2575,#2576,#2577,#2578,#2579,#2580,#2581,#2582),
 .UNSPECIFIED.,.F.,.F.,(4,1,1,1,1,1,1,1,1,1,1,1,1,1,4),(0.107393666315914,
0.15971412651364,0.212034586711365,0.316675507106816,0.368995967304541,
0.395156197403404,0.408236312452835,0.421316427502266,0.473636887699992,
0.525957347897717,0.630598268293168,0.65675849839203,0.735239188688618,
0.787559648886344,0.839880109084069),.UNSPECIFIED.);
#194=B_SPLINE_CURVE_WITH_KNOTS('',3,(#2604,#2605,#2606,#2607,#2608,#2609,
#2610,#2611,#2612,#2613),.UNSPECIFIED.,.F.,.F.,(4,3,3,4),(-0.0449185255076805,
-0.0240836868061008,-0.022491986708575,-0.00623989038951857),
 .UNSPECIFIED.);
#195=B_SPLINE_CURVE_WITH_KNOTS('',3,(#2615,#2616,#2617,#2618,#2619),
 .UNSPECIFIED.,.F.,.F.,(4,1,4),(-0.302495286550732,-0.213397038263051,-0.149681945213586),
 .UNSPECIFIED.);
#196=B_SPLINE_CURVE_WITH_KNOTS('',3,(#2621,#2622,#2623,#2624,#2625,#2626,
#2627,#2628,#2629,#2630),.UNSPECIFIED.,.F.,.F.,(4,3,3,4),(0.,0.0207826676039078,
0.0225486894692386,0.038680394890719),.UNSPECIFIED.);
#197=B_SPLINE_CURVE_WITH_KNOTS('',3,(#2631,#2632,#2633,#2634,#2635,#2636,
#2637,#2638,#2639,#2640,#2641,#2642,#2643),.UNSPECIFIED.,.F.,.F.,(4,3,3,
3,4),(0.,0.00880694273106846,0.0131776580078052,0.020541993334507,0.0235018901655501),
 .UNSPECIFIED.);
#198=B_SPLINE_CURVE_WITH_KNOTS('',3,(#2747,#2748,#2749,#2750,#2751,#2752),
 .UNSPECIFIED.,.F.,.F.,(4,2,4),(0.0260289261754993,0.0276691519743801,0.0629182025795671),
 .UNSPECIFIED.);
#199=B_SPLINE_CURVE_WITH_KNOTS('',3,(#2754,#2755,#2756,#2757,#2758,#2759,
#2760,#2761,#2762,#2763,#2764,#2765,#2766,#2767,#2768,#2769,#2770,#2771,
#2772,#2773,#2774,#2775,#2776,#2777,#2778,#2779,#2780,#2781,#2782,#2783,
#2784,#2785,#2786,#2787,#2788,#2789,#2790,#2791,#2792,#2793,#2794,#2795,
#2796,#2797,#2798,#2799,#2800,#2801,#2802,#2803,#2804,#2805,#2806,#2807,
#2808,#2809,#2810,#2811,#2812,#2813,#2814,#2815,#2816,#2817,#2818,#2819,
#2820,#2821,#2822,#2823,#2824,#2825,#2826,#2827,#2828,#2829,#2830,#2831,
#2832,#2833,#2834,#2835,#2836,#2837,#2838,#2839,#2840,#2841,#2842,#2843,
#2844,#2845,#2846,#2847),.UNSPECIFIED.,.F.,.F.,(4,3,3,3,3,3,3,3,3,3,3,3,
3,3,3,3,3,3,3,3,3,3,3,3,3,3,3,3,3,3,3,4),(-0.811706869269165,-0.787626770367258,
-0.742671178859829,-0.735291498754811,-0.711385103717972,-0.67561879483185,
-0.656836044266456,-0.630675750837156,-0.610651981168906,-0.574385445167355,
-0.540050616334736,-0.538118909165803,-0.525961672087462,-0.501398737067505,
-0.478368655999728,-0.476835802047549,-0.473607114070155,-0.44001882605092,
-0.421291693018146,-0.415787236386808,-0.408211173296281,-0.395131042814678,
-0.368970804963394,-0.345195140599904,-0.316649188043947,-0.268504683322554,
-0.248121744450846,-0.21201170241361,-0.159668548683775,-0.146808818607512,
-0.137785360839853,-0.135567966520054),.UNSPECIFIED.);
#200=B_SPLINE_CURVE_WITH_KNOTS('',3,(#2848,#2849,#2850,#2851,#2852,#2853,
#2854,#2855,#2856,#2857,#2858,#2859,#2860,#2861,#2862,#2863,#2864,#2865,
#2866,#2867,#2868,#2869,#2870,#2871,#2872),.UNSPECIFIED.,.F.,.F.,(4,3,3,
3,3,3,3,3,4),(0.,0.00627937977259527,0.00760284225091164,0.0139344128180224,
0.01548941049788,0.0221794941003842,0.0288695777028884,0.0300124526332595,
0.0348058787407127),.UNSPECIFIED.);
#201=B_SPLINE_CURVE_WITH_KNOTS('',3,(#2877,#2878,#2879,#2880,#2881,#2882,
#2883,#2884,#2885,#2886),.UNSPECIFIED.,.F.,.F.,(4,2,2,2,4),(0.,0.0565617542289501,
0.1131235084579,0.169684861815526,0.226246215173152),.UNSPECIFIED.);
#202=B_SPLINE_CURVE_WITH_KNOTS('',3,(#2887,#2888,#2889,#2890,#2891,#2892,
#2893,#2894,#2895,#2896,#2897,#2898,#2899,#2900,#2901,#2902,#2903,#2904,
#2905,#2906,#2907,#2908,#2909,#2910,#2911,#2912),.UNSPECIFIED.,.F.,.F.,
(4,2,2,2,2,2,2,2,2,2,2,2,4),(0.226246215173152,0.282807568530778,0.339368921888404,
0.395930676117354,0.452492430346304,0.509054184575254,0.565615938804204,
0.62217729216183,0.678738645519456,0.735299998877081,0.791861352234707,
0.848423106463657,0.904984860692608),.UNSPECIFIED.);
#203=B_SPLINE_CURVE_WITH_KNOTS('',3,(#2913,#2914,#2915,#2916,#2917,#2918),
 .UNSPECIFIED.,.F.,.F.,(4,2,4),(0.158231611239296,0.226103113704062,0.293974616168829),
 .UNSPECIFIED.);
#204=B_SPLINE_CURVE_WITH_KNOTS('',3,(#2948,#2949,#2950,#2951,#2952,#2953,
#2954,#2955,#2956,#2957,#2958,#2959,#2960),.UNSPECIFIED.,.F.,.F.,(4,3,3,
3,4),(-0.0449185255080995,-0.0263436866732605,-0.0224919867086793,-0.00798639388817504,
-0.00623989038952282),.UNSPECIFIED.);
#205=B_SPLINE_CURVE_WITH_KNOTS('',3,(#2962,#2963,#2964,#2965,#2966,#2967),
 .UNSPECIFIED.,.F.,.F.,(4,2,4),(-0.302562124902504,-0.226103113704062,-0.149644102505621),
 .UNSPECIFIED.);
#206=B_SPLINE_CURVE_WITH_KNOTS('',3,(#2968,#2969,#2970,#2971,#2972,#2973,
#2974,#2975,#2976,#2977,#2978,#2979,#2980),.UNSPECIFIED.,.F.,.F.,(4,3,3,
3,4),(0.,0.0185609816414889,0.0225486894694422,0.0370506460022019,0.0386803948912088),
 .UNSPECIFIED.);
#207=CIRCLE('',#890,12.5);
#208=CIRCLE('',#891,4.81745833289037);
#209=CIRCLE('',#893,12.5);
#210=CIRCLE('',#894,4.81745833289037);
#211=CIRCLE('',#896,4.81745833289037);
#212=CIRCLE('',#897,4.81745833289037);
#213=CIRCLE('',#898,4.81745833289037);
#214=CIRCLE('',#900,12.5);
#215=CIRCLE('',#902,12.5);
#216=CIRCLE('',#907,18.);
#217=CIRCLE('',#908,12.5);
#218=CIRCLE('',#914,19.7021678324964);
#219=CIRCLE('',#915,20.);
#220=CIRCLE('',#916,20.);
#221=CIRCLE('',#918,19.7021678324964);
#222=CIRCLE('',#922,20.);
#223=CIRCLE('',#924,20.);
#224=CIRCLE('',#925,20.);
#225=CIRCLE('',#927,20.);
#226=CIRCLE('',#928,20.);
#227=CIRCLE('',#930,19.7021678324964);
#228=CIRCLE('',#932,19.7021678324964);
#229=CIRCLE('',#933,20.);
#230=CIRCLE('',#934,20.);
#231=CIRCLE('',#936,20.);
#232=CIRCLE('',#939,2.625);
#233=CIRCLE('',#941,18.);
#234=CIRCLE('',#943,2.625);
#235=CIRCLE('',#944,12.5);
#236=CIRCLE('',#945,12.5);
#237=CIRCLE('',#946,12.5);
#238=CIRCLE('',#947,12.5);
#239=CIRCLE('',#948,12.5);
#240=LINE('',#1135,#285);
#241=LINE('',#1139,#286);
#242=LINE('',#1174,#287);
#243=LINE('',#1204,#288);
#244=LINE('',#1208,#289);
#245=LINE('',#1215,#290);
#246=LINE('',#1219,#291);
#247=LINE('',#1251,#292);
#248=LINE('',#1279,#293);
#249=LINE('',#1282,#294);
#250=LINE('',#1284,#295);
#251=LINE('',#1285,#296);
#252=LINE('',#1288,#297);
#253=LINE('',#1290,#298);
#254=LINE('',#1291,#299);
#255=LINE('',#1294,#300);
#256=LINE('',#1296,#301);
#257=LINE('',#1297,#302);
#258=LINE('',#1344,#303);
#259=LINE('',#1369,#304);
#260=LINE('',#1370,#305);
#261=LINE('',#1412,#306);
#262=LINE('',#1436,#307);
#263=LINE('',#1439,#308);
#264=LINE('',#1440,#309);
#265=LINE('',#1482,#310);
#266=LINE('',#1507,#311);
#267=LINE('',#1508,#312);
#268=LINE('',#1550,#313);
#269=LINE('',#1575,#314);
#270=LINE('',#1576,#315);
#271=LINE('',#2522,#316);
#272=LINE('',#2875,#317);
#273=LINE('',#2921,#318);
#274=LINE('',#2988,#319);
#275=LINE('',#3000,#320);
#276=LINE('',#3002,#321);
#277=LINE('',#3006,#322);
#278=LINE('',#3011,#323);
#279=LINE('',#3015,#324);
#280=LINE('',#3022,#325);
#281=LINE('',#3027,#326);
#282=LINE('',#3029,#327);
#283=LINE('',#3031,#328);
#284=LINE('',#3032,#329);
#285=VECTOR('',#958,10.);
#286=VECTOR('',#961,10.);
#287=VECTOR('',#968,10.);
#288=VECTOR('',#971,10.);
#289=VECTOR('',#976,4.81745833289037);
#290=VECTOR('',#983,10.);
#291=VECTOR('',#986,10.);
#292=VECTOR('',#991,10.);
#293=VECTOR('',#992,10.);
#294=VECTOR('',#995,10.);
#295=VECTOR('',#996,10.);
#296=VECTOR('',#997,10.);
#297=VECTOR('',#1000,10.);
#298=VECTOR('',#1001,10.);
#299=VECTOR('',#1002,10.);
#300=VECTOR('',#1005,10.);
#301=VECTOR('',#1006,10.);
#302=VECTOR('',#1007,10.);
#303=VECTOR('',#1014,10.);
#304=VECTOR('',#1017,10.);
#305=VECTOR('',#1018,10.);
#306=VECTOR('',#1019,10.);
#307=VECTOR('',#1020,10.);
#308=VECTOR('',#1023,10.);
#309=VECTOR('',#1024,10.);
#310=VECTOR('',#1025,10.);
#311=VECTOR('',#1028,10.);
#312=VECTOR('',#1029,10.);
#313=VECTOR('',#1030,10.);
#314=VECTOR('',#1033,10.);
#315=VECTOR('',#1034,10.);
#316=VECTOR('',#1049,1.5);
#317=VECTOR('',#1052,1.5);
#318=VECTOR('',#1055,20.);
#319=VECTOR('',#1068,20.);
#320=VECTOR('',#1087,20.);
#321=VECTOR('',#1090,19.);
#322=VECTOR('',#1093,10.);
#323=VECTOR('',#1100,19.);
#324=VECTOR('',#1103,10.);
#325=VECTOR('',#1112,10.);
#326=VECTOR('',#1121,10.);
#327=VECTOR('',#1124,12.5);
#328=VECTOR('',#1127,10.);
#329=VECTOR('',#1128,10.);
#330=VERTEX_POINT('',#1133);
#331=VERTEX_POINT('',#1134);
#332=VERTEX_POINT('',#1136);
#333=VERTEX_POINT('',#1138);
#334=VERTEX_POINT('',#1140);
#335=VERTEX_POINT('',#1154);
#336=VERTEX_POINT('',#1170);
#337=VERTEX_POINT('',#1171);
#338=VERTEX_POINT('',#1173);
#339=VERTEX_POINT('',#1175);
#340=VERTEX_POINT('',#1190);
#341=VERTEX_POINT('',#1206);
#342=VERTEX_POINT('',#1209);
#343=VERTEX_POINT('',#1213);
#344=VERTEX_POINT('',#1214);
#345=VERTEX_POINT('',#1216);
#346=VERTEX_POINT('',#1218);
#347=VERTEX_POINT('',#1247);
#348=VERTEX_POINT('',#1248);
#349=VERTEX_POINT('',#1250);
#350=VERTEX_POINT('',#1265);
#351=VERTEX_POINT('',#1281);
#352=VERTEX_POINT('',#1283);
#353=VERTEX_POINT('',#1287);
#354=VERTEX_POINT('',#1289);
#355=VERTEX_POINT('',#1293);
#356=VERTEX_POINT('',#1295);
#357=VERTEX_POINT('',#1299);
#358=VERTEX_POINT('',#1301);
#359=VERTEX_POINT('',#1343);
#360=VERTEX_POINT('',#1368);
#361=VERTEX_POINT('',#1411);
#362=VERTEX_POINT('',#1413);
#363=VERTEX_POINT('',#1438);
#364=VERTEX_POINT('',#1481);
#365=VERTEX_POINT('',#1506);
#366=VERTEX_POINT('',#1549);
#367=VERTEX_POINT('',#1574);
#368=VERTEX_POINT('',#1673);
#369=VERTEX_POINT('',#1674);
#370=VERTEX_POINT('',#1681);
#371=VERTEX_POINT('',#1773);
#372=VERTEX_POINT('',#1799);
#373=VERTEX_POINT('',#1816);
#374=VERTEX_POINT('',#1869);
#375=VERTEX_POINT('',#1880);
#376=VERTEX_POINT('',#1886);
#377=VERTEX_POINT('',#1897);
#378=VERTEX_POINT('',#1911);
#379=VERTEX_POINT('',#1922);
#380=VERTEX_POINT('',#1930);
#381=VERTEX_POINT('',#1934);
#382=VERTEX_POINT('',#2120);
#383=VERTEX_POINT('',#2146);
#384=VERTEX_POINT('',#2275);
#385=VERTEX_POINT('',#2276);
#386=VERTEX_POINT('',#2283);
#387=VERTEX_POINT('',#2372);
#388=VERTEX_POINT('',#2398);
#389=VERTEX_POINT('',#2415);
#390=VERTEX_POINT('',#2468);
#391=VERTEX_POINT('',#2474);
#392=VERTEX_POINT('',#2488);
#393=VERTEX_POINT('',#2499);
#394=VERTEX_POINT('',#2516);
#395=VERTEX_POINT('',#2521);
#396=VERTEX_POINT('',#2523);
#397=VERTEX_POINT('',#2560);
#398=VERTEX_POINT('',#2603);
#399=VERTEX_POINT('',#2614);
#400=VERTEX_POINT('',#2620);
#401=VERTEX_POINT('',#2746);
#402=VERTEX_POINT('',#2753);
#403=VERTEX_POINT('',#2874);
#404=VERTEX_POINT('',#2876);
#405=VERTEX_POINT('',#2920);
#406=VERTEX_POINT('',#2947);
#407=VERTEX_POINT('',#2961);
#408=VERTEX_POINT('',#2982);
#409=VERTEX_POINT('',#2986);
#410=VERTEX_POINT('',#2994);
#411=VERTEX_POINT('',#2998);
#412=VERTEX_POINT('',#3004);
#413=VERTEX_POINT('',#3005);
#414=VERTEX_POINT('',#3009);
#415=VERTEX_POINT('',#3013);
#416=VERTEX_POINT('',#3014);
#417=VERTEX_POINT('',#3018);
#418=VERTEX_POINT('',#3021);
#419=EDGE_CURVE('',#330,#331,#240,.T.);
#420=EDGE_CURVE('',#332,#330,#207,.T.);
#421=EDGE_CURVE('',#333,#332,#241,.T.);
#422=EDGE_CURVE('',#334,#333,#149,.T.);
#423=EDGE_CURVE('',#335,#334,#208,.T.);
#424=EDGE_CURVE('',#331,#335,#150,.T.);
#425=EDGE_CURVE('',#336,#337,#209,.T.);
#426=EDGE_CURVE('',#338,#336,#242,.T.);
#427=EDGE_CURVE('',#339,#338,#151,.T.);
#428=EDGE_CURVE('',#334,#339,#210,.T.);
#429=EDGE_CURVE('',#340,#334,#152,.T.);
#430=EDGE_CURVE('',#337,#340,#243,.T.);
#431=EDGE_CURVE('',#341,#341,#211,.T.);
#432=EDGE_CURVE('',#341,#339,#244,.T.);
#433=EDGE_CURVE('',#339,#342,#212,.T.);
#434=EDGE_CURVE('',#342,#335,#213,.T.);
#435=EDGE_CURVE('',#343,#344,#245,.T.);
#436=EDGE_CURVE('',#345,#343,#214,.T.);
#437=EDGE_CURVE('',#346,#345,#246,.T.);
#438=EDGE_CURVE('',#342,#346,#153,.T.);
#439=EDGE_CURVE('',#344,#339,#154,.T.);
#440=EDGE_CURVE('',#347,#348,#215,.T.);
#441=EDGE_CURVE('',#349,#347,#247,.T.);
#442=EDGE_CURVE('',#335,#349,#155,.T.);
#443=EDGE_CURVE('',#350,#342,#156,.T.);
#444=EDGE_CURVE('',#348,#350,#248,.T.);
#445=EDGE_CURVE('',#351,#344,#249,.T.);
#446=EDGE_CURVE('',#352,#351,#250,.T.);
#447=EDGE_CURVE('',#343,#352,#251,.T.);
#448=EDGE_CURVE('',#353,#340,#252,.T.);
#449=EDGE_CURVE('',#354,#353,#253,.T.);
#450=EDGE_CURVE('',#337,#354,#254,.T.);
#451=EDGE_CURVE('',#355,#331,#255,.T.);
#452=EDGE_CURVE('',#356,#355,#256,.T.);
#453=EDGE_CURVE('',#330,#356,#257,.T.);
#454=EDGE_CURVE('',#357,#357,#216,.T.);
#455=EDGE_CURVE('',#358,#358,#217,.T.);
#456=EDGE_CURVE('',#349,#359,#258,.T.);
#457=EDGE_CURVE('',#359,#355,#157,.T.);
#458=EDGE_CURVE('',#347,#360,#259,.T.);
#459=EDGE_CURVE('',#359,#360,#260,.T.);
#460=EDGE_CURVE('',#346,#361,#261,.T.);
#461=EDGE_CURVE('',#361,#362,#158,.T.);
#462=EDGE_CURVE('',#362,#350,#262,.T.);
#463=EDGE_CURVE('',#345,#363,#263,.T.);
#464=EDGE_CURVE('',#361,#363,#264,.T.);
#465=EDGE_CURVE('',#338,#364,#265,.T.);
#466=EDGE_CURVE('',#364,#351,#159,.T.);
#467=EDGE_CURVE('',#336,#365,#266,.T.);
#468=EDGE_CURVE('',#364,#365,#267,.T.);
#469=EDGE_CURVE('',#333,#366,#268,.T.);
#470=EDGE_CURVE('',#366,#353,#160,.T.);
#471=EDGE_CURVE('',#332,#367,#269,.T.);
#472=EDGE_CURVE('',#366,#367,#270,.T.);
#473=EDGE_CURVE('',#368,#369,#161,.T.);
#474=EDGE_CURVE('',#369,#370,#162,.T.);
#475=EDGE_CURVE('',#370,#371,#163,.T.);
#476=EDGE_CURVE('',#371,#372,#164,.T.);
#477=EDGE_CURVE('',#372,#373,#165,.T.);
#478=EDGE_CURVE('',#373,#368,#166,.T.);
#479=EDGE_CURVE('',#374,#371,#167,.T.);
#480=EDGE_CURVE('',#374,#375,#168,.T.);
#481=EDGE_CURVE('',#375,#376,#169,.T.);
#482=EDGE_CURVE('',#377,#376,#170,.T.);
#483=EDGE_CURVE('',#377,#378,#171,.T.);
#484=EDGE_CURVE('',#378,#372,#172,.T.);
#485=EDGE_CURVE('',#370,#379,#218,.T.);
#486=EDGE_CURVE('',#376,#379,#173,.T.);
#487=EDGE_CURVE('',#375,#380,#219,.T.);
#488=EDGE_CURVE('',#380,#374,#220,.T.);
#489=EDGE_CURVE('',#381,#369,#221,.T.);
#490=EDGE_CURVE('',#379,#381,#174,.T.);
#491=EDGE_CURVE('',#381,#382,#175,.T.);
#492=EDGE_CURVE('',#382,#383,#176,.T.);
#493=EDGE_CURVE('',#383,#377,#177,.T.);
#494=EDGE_CURVE('',#384,#385,#178,.T.);
#495=EDGE_CURVE('',#385,#386,#179,.T.);
#496=EDGE_CURVE('',#386,#387,#180,.T.);
#497=EDGE_CURVE('',#387,#388,#181,.T.);
#498=EDGE_CURVE('',#388,#389,#182,.T.);
#499=EDGE_CURVE('',#389,#384,#183,.T.);
#500=EDGE_CURVE('',#389,#390,#184,.T.);
#501=EDGE_CURVE('',#391,#390,#185,.T.);
#502=EDGE_CURVE('',#392,#391,#186,.T.);
#503=EDGE_CURVE('',#392,#393,#187,.T.);
#504=EDGE_CURVE('',#393,#384,#188,.T.);
#505=EDGE_CURVE('',#394,#388,#189,.T.);
#506=EDGE_CURVE('',#394,#395,#271,.T.);
#507=EDGE_CURVE('',#396,#395,#190,.T.);
#508=EDGE_CURVE('',#395,#396,#191,.T.);
#509=EDGE_CURVE('',#397,#394,#192,.T.);
#510=EDGE_CURVE('',#390,#397,#193,.T.);
#511=EDGE_CURVE('',#398,#387,#194,.T.);
#512=EDGE_CURVE('',#398,#399,#195,.T.);
#513=EDGE_CURVE('',#399,#400,#196,.T.);
#514=EDGE_CURVE('',#397,#400,#197,.T.);
#515=EDGE_CURVE('',#400,#401,#198,.T.);
#516=EDGE_CURVE('',#401,#402,#199,.T.);
#517=EDGE_CURVE('',#402,#391,#200,.T.);
#518=EDGE_CURVE('',#378,#403,#272,.T.);
#519=EDGE_CURVE('',#404,#403,#201,.T.);
#520=EDGE_CURVE('',#403,#404,#202,.T.);
#521=EDGE_CURVE('',#373,#383,#203,.T.);
#522=EDGE_CURVE('',#380,#405,#273,.T.);
#523=EDGE_CURVE('',#405,#405,#222,.T.);
#524=EDGE_CURVE('',#406,#382,#204,.T.);
#525=EDGE_CURVE('',#406,#407,#205,.T.);
#526=EDGE_CURVE('',#407,#368,#206,.T.);
#527=EDGE_CURVE('',#407,#408,#223,.T.);
#528=EDGE_CURVE('',#408,#406,#224,.T.);
#529=EDGE_CURVE('',#409,#392,#225,.T.);
#530=EDGE_CURVE('',#409,#408,#274,.T.);
#531=EDGE_CURVE('',#393,#409,#226,.T.);
#532=EDGE_CURVE('',#402,#385,#227,.T.);
#533=EDGE_CURVE('',#386,#401,#228,.T.);
#534=EDGE_CURVE('',#399,#410,#229,.T.);
#535=EDGE_CURVE('',#410,#398,#230,.T.);
#536=EDGE_CURVE('',#411,#411,#231,.T.);
#537=EDGE_CURVE('',#411,#410,#275,.T.);
#538=EDGE_CURVE('',#357,#405,#276,.T.);
#539=EDGE_CURVE('',#412,#413,#277,.F.);
#540=EDGE_CURVE('',#413,#412,#232,.F.);
#541=EDGE_CURVE('',#414,#414,#233,.T.);
#542=EDGE_CURVE('',#414,#411,#278,.T.);
#543=EDGE_CURVE('',#415,#416,#279,.T.);
#544=EDGE_CURVE('',#416,#415,#234,.T.);
#545=EDGE_CURVE('',#360,#356,#235,.T.);
#546=EDGE_CURVE('',#365,#417,#236,.T.);
#547=EDGE_CURVE('',#417,#352,#237,.T.);
#548=EDGE_CURVE('',#418,#362,#280,.T.);
#549=EDGE_CURVE('',#363,#418,#238,.T.);
#550=EDGE_CURVE('',#367,#354,#239,.T.);
#551=EDGE_CURVE('',#348,#418,#281,.T.);
#552=EDGE_CURVE('',#358,#417,#282,.T.);
#553=EDGE_CURVE('',#413,#415,#283,.F.);
#554=EDGE_CURVE('',#412,#416,#284,.T.);
#555=ORIENTED_EDGE('',*,*,#419,.F.);
#556=ORIENTED_EDGE('',*,*,#420,.F.);
#557=ORIENTED_EDGE('',*,*,#421,.F.);
#558=ORIENTED_EDGE('',*,*,#422,.F.);
#559=ORIENTED_EDGE('',*,*,#423,.F.);
#560=ORIENTED_EDGE('',*,*,#424,.F.);
#561=ORIENTED_EDGE('',*,*,#425,.F.);
#562=ORIENTED_EDGE('',*,*,#426,.F.);
#563=ORIENTED_EDGE('',*,*,#427,.F.);
#564=ORIENTED_EDGE('',*,*,#428,.F.);
#565=ORIENTED_EDGE('',*,*,#429,.F.);
#566=ORIENTED_EDGE('',*,*,#430,.F.);
#567=ORIENTED_EDGE('',*,*,#431,.F.);
#568=ORIENTED_EDGE('',*,*,#432,.T.);
#569=ORIENTED_EDGE('',*,*,#433,.T.);
#570=ORIENTED_EDGE('',*,*,#434,.T.);
#571=ORIENTED_EDGE('',*,*,#423,.T.);
#572=ORIENTED_EDGE('',*,*,#428,.T.);
#573=ORIENTED_EDGE('',*,*,#432,.F.);
#574=ORIENTED_EDGE('',*,*,#435,.F.);
#575=ORIENTED_EDGE('',*,*,#436,.F.);
#576=ORIENTED_EDGE('',*,*,#437,.F.);
#577=ORIENTED_EDGE('',*,*,#438,.F.);
#578=ORIENTED_EDGE('',*,*,#433,.F.);
#579=ORIENTED_EDGE('',*,*,#439,.F.);
#580=ORIENTED_EDGE('',*,*,#440,.F.);
#581=ORIENTED_EDGE('',*,*,#441,.F.);
#582=ORIENTED_EDGE('',*,*,#442,.F.);
#583=ORIENTED_EDGE('',*,*,#434,.F.);
#584=ORIENTED_EDGE('',*,*,#443,.F.);
#585=ORIENTED_EDGE('',*,*,#444,.F.);
#586=ORIENTED_EDGE('',*,*,#435,.T.);
#587=ORIENTED_EDGE('',*,*,#445,.F.);
#588=ORIENTED_EDGE('',*,*,#446,.F.);
#589=ORIENTED_EDGE('',*,*,#447,.F.);
#590=ORIENTED_EDGE('',*,*,#430,.T.);
#591=ORIENTED_EDGE('',*,*,#448,.F.);
#592=ORIENTED_EDGE('',*,*,#449,.F.);
#593=ORIENTED_EDGE('',*,*,#450,.F.);
#594=ORIENTED_EDGE('',*,*,#419,.T.);
#595=ORIENTED_EDGE('',*,*,#451,.F.);
#596=ORIENTED_EDGE('',*,*,#452,.F.);
#597=ORIENTED_EDGE('',*,*,#453,.F.);
#598=ORIENTED_EDGE('',*,*,#454,.F.);
#599=ORIENTED_EDGE('',*,*,#455,.T.);
#600=ORIENTED_EDGE('',*,*,#424,.T.);
#601=ORIENTED_EDGE('',*,*,#442,.T.);
#602=ORIENTED_EDGE('',*,*,#456,.T.);
#603=ORIENTED_EDGE('',*,*,#457,.T.);
#604=ORIENTED_EDGE('',*,*,#451,.T.);
#605=ORIENTED_EDGE('',*,*,#441,.T.);
#606=ORIENTED_EDGE('',*,*,#458,.T.);
#607=ORIENTED_EDGE('',*,*,#459,.F.);
#608=ORIENTED_EDGE('',*,*,#456,.F.);
#609=ORIENTED_EDGE('',*,*,#438,.T.);
#610=ORIENTED_EDGE('',*,*,#460,.T.);
#611=ORIENTED_EDGE('',*,*,#461,.T.);
#612=ORIENTED_EDGE('',*,*,#462,.T.);
#613=ORIENTED_EDGE('',*,*,#443,.T.);
#614=ORIENTED_EDGE('',*,*,#437,.T.);
#615=ORIENTED_EDGE('',*,*,#463,.T.);
#616=ORIENTED_EDGE('',*,*,#464,.F.);
#617=ORIENTED_EDGE('',*,*,#460,.F.);
#618=ORIENTED_EDGE('',*,*,#427,.T.);
#619=ORIENTED_EDGE('',*,*,#465,.T.);
#620=ORIENTED_EDGE('',*,*,#466,.T.);
#621=ORIENTED_EDGE('',*,*,#445,.T.);
#622=ORIENTED_EDGE('',*,*,#439,.T.);
#623=ORIENTED_EDGE('',*,*,#426,.T.);
#624=ORIENTED_EDGE('',*,*,#467,.T.);
#625=ORIENTED_EDGE('',*,*,#468,.F.);
#626=ORIENTED_EDGE('',*,*,#465,.F.);
#627=ORIENTED_EDGE('',*,*,#422,.T.);
#628=ORIENTED_EDGE('',*,*,#469,.T.);
#629=ORIENTED_EDGE('',*,*,#470,.T.);
#630=ORIENTED_EDGE('',*,*,#448,.T.);
#631=ORIENTED_EDGE('',*,*,#429,.T.);
#632=ORIENTED_EDGE('',*,*,#421,.T.);
#633=ORIENTED_EDGE('',*,*,#471,.T.);
#634=ORIENTED_EDGE('',*,*,#472,.F.);
#635=ORIENTED_EDGE('',*,*,#469,.F.);
#636=ORIENTED_EDGE('',*,*,#473,.T.);
#637=ORIENTED_EDGE('',*,*,#474,.T.);
#638=ORIENTED_EDGE('',*,*,#475,.T.);
#639=ORIENTED_EDGE('',*,*,#476,.T.);
#640=ORIENTED_EDGE('',*,*,#477,.T.);
#641=ORIENTED_EDGE('',*,*,#478,.T.);
#642=ORIENTED_EDGE('',*,*,#476,.F.);
#643=ORIENTED_EDGE('',*,*,#479,.F.);
#644=ORIENTED_EDGE('',*,*,#480,.T.);
#645=ORIENTED_EDGE('',*,*,#481,.T.);
#646=ORIENTED_EDGE('',*,*,#482,.F.);
#647=ORIENTED_EDGE('',*,*,#483,.T.);
#648=ORIENTED_EDGE('',*,*,#484,.T.);
#649=ORIENTED_EDGE('',*,*,#475,.F.);
#650=ORIENTED_EDGE('',*,*,#485,.T.);
#651=ORIENTED_EDGE('',*,*,#486,.F.);
#652=ORIENTED_EDGE('',*,*,#481,.F.);
#653=ORIENTED_EDGE('',*,*,#487,.T.);
#654=ORIENTED_EDGE('',*,*,#488,.T.);
#655=ORIENTED_EDGE('',*,*,#479,.T.);
#656=ORIENTED_EDGE('',*,*,#474,.F.);
#657=ORIENTED_EDGE('',*,*,#489,.F.);
#658=ORIENTED_EDGE('',*,*,#490,.F.);
#659=ORIENTED_EDGE('',*,*,#485,.F.);
#660=ORIENTED_EDGE('',*,*,#486,.T.);
#661=ORIENTED_EDGE('',*,*,#490,.T.);
#662=ORIENTED_EDGE('',*,*,#491,.T.);
#663=ORIENTED_EDGE('',*,*,#492,.T.);
#664=ORIENTED_EDGE('',*,*,#493,.T.);
#665=ORIENTED_EDGE('',*,*,#482,.T.);
#666=ORIENTED_EDGE('',*,*,#494,.T.);
#667=ORIENTED_EDGE('',*,*,#495,.T.);
#668=ORIENTED_EDGE('',*,*,#496,.T.);
#669=ORIENTED_EDGE('',*,*,#497,.T.);
#670=ORIENTED_EDGE('',*,*,#498,.T.);
#671=ORIENTED_EDGE('',*,*,#499,.T.);
#672=ORIENTED_EDGE('',*,*,#499,.F.);
#673=ORIENTED_EDGE('',*,*,#500,.T.);
#674=ORIENTED_EDGE('',*,*,#501,.F.);
#675=ORIENTED_EDGE('',*,*,#502,.F.);
#676=ORIENTED_EDGE('',*,*,#503,.T.);
#677=ORIENTED_EDGE('',*,*,#504,.T.);
#678=ORIENTED_EDGE('',*,*,#498,.F.);
#679=ORIENTED_EDGE('',*,*,#505,.F.);
#680=ORIENTED_EDGE('',*,*,#506,.T.);
#681=ORIENTED_EDGE('',*,*,#507,.F.);
#682=ORIENTED_EDGE('',*,*,#508,.F.);
#683=ORIENTED_EDGE('',*,*,#506,.F.);
#684=ORIENTED_EDGE('',*,*,#509,.F.);
#685=ORIENTED_EDGE('',*,*,#510,.F.);
#686=ORIENTED_EDGE('',*,*,#500,.F.);
#687=ORIENTED_EDGE('',*,*,#497,.F.);
#688=ORIENTED_EDGE('',*,*,#511,.F.);
#689=ORIENTED_EDGE('',*,*,#512,.T.);
#690=ORIENTED_EDGE('',*,*,#513,.T.);
#691=ORIENTED_EDGE('',*,*,#514,.F.);
#692=ORIENTED_EDGE('',*,*,#509,.T.);
#693=ORIENTED_EDGE('',*,*,#505,.T.);
#694=ORIENTED_EDGE('',*,*,#515,.T.);
#695=ORIENTED_EDGE('',*,*,#516,.T.);
#696=ORIENTED_EDGE('',*,*,#517,.T.);
#697=ORIENTED_EDGE('',*,*,#501,.T.);
#698=ORIENTED_EDGE('',*,*,#510,.T.);
#699=ORIENTED_EDGE('',*,*,#514,.T.);
#700=ORIENTED_EDGE('',*,*,#477,.F.);
#701=ORIENTED_EDGE('',*,*,#484,.F.);
#702=ORIENTED_EDGE('',*,*,#518,.T.);
#703=ORIENTED_EDGE('',*,*,#519,.F.);
#704=ORIENTED_EDGE('',*,*,#520,.F.);
#705=ORIENTED_EDGE('',*,*,#518,.F.);
#706=ORIENTED_EDGE('',*,*,#483,.F.);
#707=ORIENTED_EDGE('',*,*,#493,.F.);
#708=ORIENTED_EDGE('',*,*,#521,.F.);
#709=ORIENTED_EDGE('',*,*,#480,.F.);
#710=ORIENTED_EDGE('',*,*,#488,.F.);
#711=ORIENTED_EDGE('',*,*,#522,.T.);
#712=ORIENTED_EDGE('',*,*,#523,.F.);
#713=ORIENTED_EDGE('',*,*,#522,.F.);
#714=ORIENTED_EDGE('',*,*,#487,.F.);
#715=ORIENTED_EDGE('',*,*,#478,.F.);
#716=ORIENTED_EDGE('',*,*,#521,.T.);
#717=ORIENTED_EDGE('',*,*,#492,.F.);
#718=ORIENTED_EDGE('',*,*,#524,.F.);
#719=ORIENTED_EDGE('',*,*,#525,.T.);
#720=ORIENTED_EDGE('',*,*,#526,.T.);
#721=ORIENTED_EDGE('',*,*,#473,.F.);
#722=ORIENTED_EDGE('',*,*,#526,.F.);
#723=ORIENTED_EDGE('',*,*,#527,.T.);
#724=ORIENTED_EDGE('',*,*,#528,.T.);
#725=ORIENTED_EDGE('',*,*,#524,.T.);
#726=ORIENTED_EDGE('',*,*,#491,.F.);
#727=ORIENTED_EDGE('',*,*,#489,.T.);
#728=ORIENTED_EDGE('',*,*,#503,.F.);
#729=ORIENTED_EDGE('',*,*,#529,.F.);
#730=ORIENTED_EDGE('',*,*,#530,.T.);
#731=ORIENTED_EDGE('',*,*,#527,.F.);
#732=ORIENTED_EDGE('',*,*,#525,.F.);
#733=ORIENTED_EDGE('',*,*,#528,.F.);
#734=ORIENTED_EDGE('',*,*,#530,.F.);
#735=ORIENTED_EDGE('',*,*,#531,.F.);
#736=ORIENTED_EDGE('',*,*,#494,.F.);
#737=ORIENTED_EDGE('',*,*,#504,.F.);
#738=ORIENTED_EDGE('',*,*,#531,.T.);
#739=ORIENTED_EDGE('',*,*,#529,.T.);
#740=ORIENTED_EDGE('',*,*,#502,.T.);
#741=ORIENTED_EDGE('',*,*,#517,.F.);
#742=ORIENTED_EDGE('',*,*,#532,.T.);
#743=ORIENTED_EDGE('',*,*,#496,.F.);
#744=ORIENTED_EDGE('',*,*,#533,.T.);
#745=ORIENTED_EDGE('',*,*,#515,.F.);
#746=ORIENTED_EDGE('',*,*,#513,.F.);
#747=ORIENTED_EDGE('',*,*,#534,.T.);
#748=ORIENTED_EDGE('',*,*,#535,.T.);
#749=ORIENTED_EDGE('',*,*,#511,.T.);
#750=ORIENTED_EDGE('',*,*,#536,.F.);
#751=ORIENTED_EDGE('',*,*,#537,.T.);
#752=ORIENTED_EDGE('',*,*,#534,.F.);
#753=ORIENTED_EDGE('',*,*,#512,.F.);
#754=ORIENTED_EDGE('',*,*,#535,.F.);
#755=ORIENTED_EDGE('',*,*,#537,.F.);
#756=ORIENTED_EDGE('',*,*,#454,.T.);
#757=ORIENTED_EDGE('',*,*,#538,.T.);
#758=ORIENTED_EDGE('',*,*,#523,.T.);
#759=ORIENTED_EDGE('',*,*,#538,.F.);
#760=ORIENTED_EDGE('',*,*,#431,.T.);
#761=ORIENTED_EDGE('',*,*,#539,.T.);
#762=ORIENTED_EDGE('',*,*,#540,.T.);
#763=ORIENTED_EDGE('',*,*,#541,.T.);
#764=ORIENTED_EDGE('',*,*,#542,.T.);
#765=ORIENTED_EDGE('',*,*,#536,.T.);
#766=ORIENTED_EDGE('',*,*,#542,.F.);
#767=ORIENTED_EDGE('',*,*,#541,.F.);
#768=ORIENTED_EDGE('',*,*,#543,.T.);
#769=ORIENTED_EDGE('',*,*,#544,.T.);
#770=ORIENTED_EDGE('',*,*,#459,.T.);
#771=ORIENTED_EDGE('',*,*,#545,.T.);
#772=ORIENTED_EDGE('',*,*,#452,.T.);
#773=ORIENTED_EDGE('',*,*,#457,.F.);
#774=ORIENTED_EDGE('',*,*,#446,.T.);
#775=ORIENTED_EDGE('',*,*,#466,.F.);
#776=ORIENTED_EDGE('',*,*,#468,.T.);
#777=ORIENTED_EDGE('',*,*,#546,.T.);
#778=ORIENTED_EDGE('',*,*,#547,.T.);
#779=ORIENTED_EDGE('',*,*,#548,.T.);
#780=ORIENTED_EDGE('',*,*,#461,.F.);
#781=ORIENTED_EDGE('',*,*,#464,.T.);
#782=ORIENTED_EDGE('',*,*,#549,.T.);
#783=ORIENTED_EDGE('',*,*,#449,.T.);
#784=ORIENTED_EDGE('',*,*,#470,.F.);
#785=ORIENTED_EDGE('',*,*,#472,.T.);
#786=ORIENTED_EDGE('',*,*,#550,.T.);
#787=ORIENTED_EDGE('',*,*,#495,.F.);
#788=ORIENTED_EDGE('',*,*,#532,.F.);
#789=ORIENTED_EDGE('',*,*,#516,.F.);
#790=ORIENTED_EDGE('',*,*,#533,.F.);
#791=ORIENTED_EDGE('',*,*,#444,.T.);
#792=ORIENTED_EDGE('',*,*,#462,.F.);
#793=ORIENTED_EDGE('',*,*,#548,.F.);
#794=ORIENTED_EDGE('',*,*,#551,.F.);
#795=ORIENTED_EDGE('',*,*,#455,.F.);
#796=ORIENTED_EDGE('',*,*,#552,.T.);
#797=ORIENTED_EDGE('',*,*,#546,.F.);
#798=ORIENTED_EDGE('',*,*,#467,.F.);
#799=ORIENTED_EDGE('',*,*,#425,.T.);
#800=ORIENTED_EDGE('',*,*,#450,.T.);
#801=ORIENTED_EDGE('',*,*,#550,.F.);
#802=ORIENTED_EDGE('',*,*,#471,.F.);
#803=ORIENTED_EDGE('',*,*,#420,.T.);
#804=ORIENTED_EDGE('',*,*,#453,.T.);
#805=ORIENTED_EDGE('',*,*,#545,.F.);
#806=ORIENTED_EDGE('',*,*,#458,.F.);
#807=ORIENTED_EDGE('',*,*,#440,.T.);
#808=ORIENTED_EDGE('',*,*,#551,.T.);
#809=ORIENTED_EDGE('',*,*,#549,.F.);
#810=ORIENTED_EDGE('',*,*,#463,.F.);
#811=ORIENTED_EDGE('',*,*,#436,.T.);
#812=ORIENTED_EDGE('',*,*,#447,.T.);
#813=ORIENTED_EDGE('',*,*,#547,.F.);
#814=ORIENTED_EDGE('',*,*,#552,.F.);
#815=ORIENTED_EDGE('',*,*,#507,.T.);
#816=ORIENTED_EDGE('',*,*,#508,.T.);
#817=ORIENTED_EDGE('',*,*,#519,.T.);
#818=ORIENTED_EDGE('',*,*,#520,.T.);
#819=ORIENTED_EDGE('',*,*,#540,.F.);
#820=ORIENTED_EDGE('',*,*,#553,.T.);
#821=ORIENTED_EDGE('',*,*,#544,.F.);
#822=ORIENTED_EDGE('',*,*,#554,.F.);
#823=ORIENTED_EDGE('',*,*,#539,.F.);
#824=ORIENTED_EDGE('',*,*,#554,.T.);
#825=ORIENTED_EDGE('',*,*,#543,.F.);
#826=ORIENTED_EDGE('',*,*,#553,.F.);
#827=PLANE('',#889);
#828=PLANE('',#892);
#829=PLANE('',#899);
#830=PLANE('',#901);
#831=PLANE('',#903);
#832=PLANE('',#904);
#833=PLANE('',#905);
#834=PLANE('',#906);
#835=PLANE('',#909);
#836=PLANE('',#910);
#837=PLANE('',#911);
#838=PLANE('',#912);
#839=PLANE('',#938);
#840=PLANE('',#942);
#841=PLANE('',#950);
#842=PLANE('',#953);
#843=ADVANCED_FACE('',(#52),#827,.T.);
#844=ADVANCED_FACE('',(#53),#828,.T.);
#845=ADVANCED_FACE('',(#54),#44,.T.);
#846=ADVANCED_FACE('',(#55),#829,.T.);
#847=ADVANCED_FACE('',(#56),#830,.T.);
#848=ADVANCED_FACE('',(#57),#831,.F.);
#849=ADVANCED_FACE('',(#58),#832,.F.);
#850=ADVANCED_FACE('',(#59),#833,.F.);
#851=ADVANCED_FACE('',(#60,#35),#834,.T.);
#852=ADVANCED_FACE('',(#61),#23,.T.);
#853=ADVANCED_FACE('',(#62),#835,.F.);
#854=ADVANCED_FACE('',(#63),#24,.T.);
#855=ADVANCED_FACE('',(#64),#836,.F.);
#856=ADVANCED_FACE('',(#65),#25,.T.);
#857=ADVANCED_FACE('',(#66),#837,.F.);
#858=ADVANCED_FACE('',(#67),#26,.T.);
#859=ADVANCED_FACE('',(#68),#838,.F.);
#860=ADVANCED_FACE('',(#69),#27,.F.);
#861=ADVANCED_FACE('',(#70),#28,.T.);
#862=ADVANCED_FACE('',(#71),#17,.T.);
#863=ADVANCED_FACE('',(#72),#15,.F.);
#864=ADVANCED_FACE('',(#73),#29,.F.);
#865=ADVANCED_FACE('',(#74),#30,.F.);
#866=ADVANCED_FACE('',(#75),#31,.T.);
#867=ADVANCED_FACE('',(#76),#45,.F.);
#868=ADVANCED_FACE('',(#77),#32,.T.);
#869=ADVANCED_FACE('',(#78),#33,.F.);
#870=ADVANCED_FACE('',(#79),#46,.F.);
#871=ADVANCED_FACE('',(#80),#47,.T.);
#872=ADVANCED_FACE('',(#81),#34,.T.);
#873=ADVANCED_FACE('',(#82),#18,.T.);
#874=ADVANCED_FACE('',(#83),#48,.T.);
#875=ADVANCED_FACE('',(#84),#19,.T.);
#876=ADVANCED_FACE('',(#85),#20,.T.);
#877=ADVANCED_FACE('',(#86),#49,.T.);
#878=ADVANCED_FACE('',(#87),#21,.T.);
#879=ADVANCED_FACE('',(#88,#36),#839,.T.);
#880=ADVANCED_FACE('',(#89),#22,.T.);
#881=ADVANCED_FACE('',(#90,#37,#38,#39,#40,#41),#840,.F.);
#882=ADVANCED_FACE('',(#91),#16,.F.);
#883=ADVANCED_FACE('',(#92),#841,.F.);
#884=ADVANCED_FACE('',(#93,#42,#43),#50,.F.);
#885=ADVANCED_FACE('',(#94),#51,.F.);
#886=ADVANCED_FACE('',(#95),#842,.T.);
#887=CLOSED_SHELL('',(#843,#844,#845,#846,#847,#848,#849,#850,#851,#852,
#853,#854,#855,#856,#857,#858,#859,#860,#861,#862,#863,#864,#865,#866,#867,
#868,#869,#870,#871,#872,#873,#874,#875,#876,#877,#878,#879,#880,#881,#882,
#883,#884,#885,#886));
#888=AXIS2_PLACEMENT_3D('',#1131,#954,#955);
#889=AXIS2_PLACEMENT_3D('',#1132,#956,#957);
#890=AXIS2_PLACEMENT_3D('',#1137,#959,#960);
#891=AXIS2_PLACEMENT_3D('',#1155,#962,#963);
#892=AXIS2_PLACEMENT_3D('',#1169,#964,#965);
#893=AXIS2_PLACEMENT_3D('',#1172,#966,#967);
#894=AXIS2_PLACEMENT_3D('',#1189,#969,#970);
#895=AXIS2_PLACEMENT_3D('',#1205,#972,#973);
#896=AXIS2_PLACEMENT_3D('',#1207,#974,#975);
#897=AXIS2_PLACEMENT_3D('',#1210,#977,#978);
#898=AXIS2_PLACEMENT_3D('',#1211,#979,#980);
#899=AXIS2_PLACEMENT_3D('',#1212,#981,#982);
#900=AXIS2_PLACEMENT_3D('',#1217,#984,#985);
#901=AXIS2_PLACEMENT_3D('',#1246,#987,#988);
#902=AXIS2_PLACEMENT_3D('',#1249,#989,#990);
#903=AXIS2_PLACEMENT_3D('',#1280,#993,#994);
#904=AXIS2_PLACEMENT_3D('',#1286,#998,#999);
#905=AXIS2_PLACEMENT_3D('',#1292,#1003,#1004);
#906=AXIS2_PLACEMENT_3D('',#1298,#1008,#1009);
#907=AXIS2_PLACEMENT_3D('',#1300,#1010,#1011);
#908=AXIS2_PLACEMENT_3D('',#1302,#1012,#1013);
#909=AXIS2_PLACEMENT_3D('',#1367,#1015,#1016);
#910=AXIS2_PLACEMENT_3D('',#1437,#1021,#1022);
#911=AXIS2_PLACEMENT_3D('',#1505,#1026,#1027);
#912=AXIS2_PLACEMENT_3D('',#1573,#1031,#1032);
#913=AXIS2_PLACEMENT_3D('',#1921,#1035,#1036);
#914=AXIS2_PLACEMENT_3D('',#1923,#1037,#1038);
#915=AXIS2_PLACEMENT_3D('',#1931,#1039,#1040);
#916=AXIS2_PLACEMENT_3D('',#1932,#1041,#1042);
#917=AXIS2_PLACEMENT_3D('',#1933,#1043,#1044);
#918=AXIS2_PLACEMENT_3D('',#1935,#1045,#1046);
#919=AXIS2_PLACEMENT_3D('',#2515,#1047,#1048);
#920=AXIS2_PLACEMENT_3D('',#2873,#1050,#1051);
#921=AXIS2_PLACEMENT_3D('',#2919,#1053,#1054);
#922=AXIS2_PLACEMENT_3D('',#2922,#1056,#1057);
#923=AXIS2_PLACEMENT_3D('',#2981,#1058,#1059);
#924=AXIS2_PLACEMENT_3D('',#2983,#1060,#1061);
#925=AXIS2_PLACEMENT_3D('',#2984,#1062,#1063);
#926=AXIS2_PLACEMENT_3D('',#2985,#1064,#1065);
#927=AXIS2_PLACEMENT_3D('',#2987,#1066,#1067);
#928=AXIS2_PLACEMENT_3D('',#2989,#1069,#1070);
#929=AXIS2_PLACEMENT_3D('',#2990,#1071,#1072);
#930=AXIS2_PLACEMENT_3D('',#2991,#1073,#1074);
#931=AXIS2_PLACEMENT_3D('',#2992,#1075,#1076);
#932=AXIS2_PLACEMENT_3D('',#2993,#1077,#1078);
#933=AXIS2_PLACEMENT_3D('',#2995,#1079,#1080);
#934=AXIS2_PLACEMENT_3D('',#2996,#1081,#1082);
#935=AXIS2_PLACEMENT_3D('',#2997,#1083,#1084);
#936=AXIS2_PLACEMENT_3D('',#2999,#1085,#1086);
#937=AXIS2_PLACEMENT_3D('',#3001,#1088,#1089);
#938=AXIS2_PLACEMENT_3D('',#3003,#1091,#1092);
#939=AXIS2_PLACEMENT_3D('',#3007,#1094,#1095);
#940=AXIS2_PLACEMENT_3D('',#3008,#1096,#1097);
#941=AXIS2_PLACEMENT_3D('',#3010,#1098,#1099);
#942=AXIS2_PLACEMENT_3D('',#3012,#1101,#1102);
#943=AXIS2_PLACEMENT_3D('',#3016,#1104,#1105);
#944=AXIS2_PLACEMENT_3D('',#3017,#1106,#1107);
#945=AXIS2_PLACEMENT_3D('',#3019,#1108,#1109);
#946=AXIS2_PLACEMENT_3D('',#3020,#1110,#1111);
#947=AXIS2_PLACEMENT_3D('',#3023,#1113,#1114);
#948=AXIS2_PLACEMENT_3D('',#3024,#1115,#1116);
#949=AXIS2_PLACEMENT_3D('',#3025,#1117,#1118);
#950=AXIS2_PLACEMENT_3D('',#3026,#1119,#1120);
#951=AXIS2_PLACEMENT_3D('',#3028,#1122,#1123);
#952=AXIS2_PLACEMENT_3D('',#3030,#1125,#1126);
#953=AXIS2_PLACEMENT_3D('',#3033,#1129,#1130);
#954=DIRECTION('axis',(0.,0.,1.));
#955=DIRECTION('refdir',(1.,0.,0.));
#956=DIRECTION('center_axis',(0.,0.,1.));
#957=DIRECTION('ref_axis',(1.,0.,0.));
#958=DIRECTION('',(-0.707106781186548,-0.707106781186548,0.));
#959=DIRECTION('center_axis',(0.,0.,-1.));
#960=DIRECTION('ref_axis',(1.,0.,0.));
#961=DIRECTION('',(0.707106781186547,0.707106781186548,0.));
#962=DIRECTION('center_axis',(0.,0.,1.));
#963=DIRECTION('ref_axis',(1.,0.,0.));
#964=DIRECTION('center_axis',(0.,0.,1.));
#965=DIRECTION('ref_axis',(1.,0.,0.));
#966=DIRECTION('center_axis',(0.,0.,-1.));
#967=DIRECTION('ref_axis',(1.,0.,0.));
#968=DIRECTION('',(-0.707106781186548,0.707106781186547,0.));
#969=DIRECTION('center_axis',(0.,0.,1.));
#970=DIRECTION('ref_axis',(1.,0.,0.));
#971=DIRECTION('',(0.707106781186547,-0.707106781186548,0.));
#972=DIRECTION('center_axis',(0.,0.,-1.));
#973=DIRECTION('ref_axis',(1.,0.,0.));
#974=DIRECTION('center_axis',(0.,0.,1.));
#975=DIRECTION('ref_axis',(1.,0.,0.));
#976=DIRECTION('',(0.,0.,-1.));
#977=DIRECTION('center_axis',(0.,0.,1.));
#978=DIRECTION('ref_axis',(1.,0.,0.));
#979=DIRECTION('center_axis',(0.,0.,1.));
#980=DIRECTION('ref_axis',(1.,0.,0.));
#981=DIRECTION('center_axis',(0.,0.,1.));
#982=DIRECTION('ref_axis',(1.,0.,0.));
#983=DIRECTION('',(0.707106781186548,0.707106781186547,0.));
#984=DIRECTION('center_axis',(0.,0.,-1.));
#985=DIRECTION('ref_axis',(1.,0.,0.));
#986=DIRECTION('',(-0.707106781186547,-0.707106781186548,0.));
#987=DIRECTION('center_axis',(0.,0.,1.));
#988=DIRECTION('ref_axis',(1.,0.,0.));
#989=DIRECTION('center_axis',(0.,0.,-1.));
#990=DIRECTION('ref_axis',(1.,0.,0.));
#991=DIRECTION('',(0.707106781186548,-0.707106781186547,0.));
#992=DIRECTION('',(-0.707106781186548,0.707106781186547,0.));
#993=DIRECTION('center_axis',(0.707106781186547,-0.707106781186548,0.));
#994=DIRECTION('ref_axis',(-0.707106781186548,-0.707106781186547,0.));
#995=DIRECTION('',(0.,0.,1.));
#996=DIRECTION('',(0.707106781186548,0.707106781186547,0.));
#997=DIRECTION('',(0.,0.,-1.));
#998=DIRECTION('center_axis',(-0.707106781186548,-0.707106781186547,0.));
#999=DIRECTION('ref_axis',(-0.707106781186547,0.707106781186548,0.));
#1000=DIRECTION('',(0.,0.,1.));
#1001=DIRECTION('',(0.707106781186547,-0.707106781186548,0.));
#1002=DIRECTION('',(0.,0.,-1.));
#1003=DIRECTION('center_axis',(-0.707106781186548,0.707106781186548,0.));
#1004=DIRECTION('ref_axis',(0.707106781186548,0.707106781186548,0.));
#1005=DIRECTION('',(0.,0.,1.));
#1006=DIRECTION('',(-0.707106781186548,-0.707106781186548,0.));
#1007=DIRECTION('',(0.,0.,-1.));
#1008=DIRECTION('center_axis',(0.,0.,1.));
#1009=DIRECTION('ref_axis',(-1.,0.,0.));
#1010=DIRECTION('center_axis',(0.,0.,-1.));
#1011=DIRECTION('ref_axis',(-1.,0.,0.));
#1012=DIRECTION('center_axis',(0.,0.,-1.));
#1013=DIRECTION('ref_axis',(1.,0.,0.));
#1014=DIRECTION('',(0.,0.,-1.));
#1015=DIRECTION('center_axis',(-0.707106781186547,-0.707106781186548,0.));
#1016=DIRECTION('ref_axis',(-0.707106781186548,0.707106781186547,0.));
#1017=DIRECTION('',(0.,0.,-1.));
#1018=DIRECTION('',(0.707106781186548,-0.707106781186547,0.));
#1019=DIRECTION('',(0.,0.,-1.));
#1020=DIRECTION('',(0.,0.,1.));
#1021=DIRECTION('center_axis',(-0.707106781186548,0.707106781186547,0.));
#1022=DIRECTION('ref_axis',(0.707106781186547,0.707106781186548,0.));
#1023=DIRECTION('',(0.,0.,-1.));
#1024=DIRECTION('',(-0.707106781186547,-0.707106781186548,0.));
#1025=DIRECTION('',(0.,0.,-1.));
#1026=DIRECTION('center_axis',(0.707106781186547,0.707106781186548,0.));
#1027=DIRECTION('ref_axis',(0.707106781186548,-0.707106781186547,0.));
#1028=DIRECTION('',(0.,0.,-1.));
#1029=DIRECTION('',(-0.707106781186548,0.707106781186547,0.));
#1030=DIRECTION('',(0.,0.,-1.));
#1031=DIRECTION('center_axis',(0.707106781186548,-0.707106781186547,0.));
#1032=DIRECTION('ref_axis',(-0.707106781186547,-0.707106781186548,0.));
#1033=DIRECTION('',(0.,0.,-1.));
#1034=DIRECTION('',(0.707106781186547,0.707106781186548,0.));
#1035=DIRECTION('center_axis',(0.,0.,1.));
#1036=DIRECTION('ref_axis',(1.83697019872103E-16,1.,0.));
#1037=DIRECTION('center_axis',(0.,0.,1.));
#1038=DIRECTION('ref_axis',(-1.,0.,0.));
#1039=DIRECTION('center_axis',(0.,0.,-1.));
#1040=DIRECTION('ref_axis',(-1.,0.,0.));
#1041=DIRECTION('center_axis',(0.,0.,-1.));
#1042=DIRECTION('ref_axis',(-1.,0.,0.));
#1043=DIRECTION('center_axis',(0.,0.,1.));
#1044=DIRECTION('ref_axis',(1.83697019872103E-16,-1.,0.));
#1045=DIRECTION('center_axis',(0.,0.,-1.));
#1046=DIRECTION('ref_axis',(-1.,0.,0.));
#1047=DIRECTION('center_axis',(2.44929359829471E-16,-1.,0.));
#1048=DIRECTION('ref_axis',(0.,0.,1.));
#1049=DIRECTION('',(2.44929359829471E-16,-1.,0.));
#1050=DIRECTION('center_axis',(-1.22464679914735E-16,1.,0.));
#1051=DIRECTION('ref_axis',(0.,0.,-1.));
#1052=DIRECTION('',(-1.22464679914735E-16,1.,0.));
#1053=DIRECTION('center_axis',(0.,0.,-1.));
#1054=DIRECTION('ref_axis',(-1.,0.,0.));
#1055=DIRECTION('',(0.,0.,1.));
#1056=DIRECTION('center_axis',(0.,0.,1.));
#1057=DIRECTION('ref_axis',(-1.,0.,0.));
#1058=DIRECTION('center_axis',(0.,0.,-1.));
#1059=DIRECTION('ref_axis',(1.83697019872103E-16,1.,0.));
#1060=DIRECTION('center_axis',(0.,0.,1.));
#1061=DIRECTION('ref_axis',(-1.,0.,0.));
#1062=DIRECTION('center_axis',(0.,0.,1.));
#1063=DIRECTION('ref_axis',(-1.,0.,0.));
#1064=DIRECTION('center_axis',(0.,0.,-1.));
#1065=DIRECTION('ref_axis',(-1.,0.,0.));
#1066=DIRECTION('center_axis',(0.,0.,-1.));
#1067=DIRECTION('ref_axis',(-1.,0.,0.));
#1068=DIRECTION('',(0.,0.,1.));
#1069=DIRECTION('center_axis',(0.,0.,-1.));
#1070=DIRECTION('ref_axis',(-1.,0.,0.));
#1071=DIRECTION('center_axis',(0.,0.,1.));
#1072=DIRECTION('ref_axis',(1.83697019872103E-16,-1.,0.));
#1073=DIRECTION('center_axis',(0.,0.,1.));
#1074=DIRECTION('ref_axis',(-1.,0.,0.));
#1075=DIRECTION('center_axis',(0.,0.,-1.));
#1076=DIRECTION('ref_axis',(1.83697019872103E-16,-1.,0.));
#1077=DIRECTION('center_axis',(0.,0.,-1.));
#1078=DIRECTION('ref_axis',(-1.,0.,0.));
#1079=DIRECTION('center_axis',(0.,0.,1.));
#1080=DIRECTION('ref_axis',(-1.,0.,0.));
#1081=DIRECTION('center_axis',(0.,0.,1.));
#1082=DIRECTION('ref_axis',(-1.,0.,0.));
#1083=DIRECTION('center_axis',(0.,0.,-1.));
#1084=DIRECTION('ref_axis',(-1.,0.,0.));
#1085=DIRECTION('center_axis',(0.,0.,-1.));
#1086=DIRECTION('ref_axis',(-1.,0.,0.));
#1087=DIRECTION('',(0.,0.,1.));
#1088=DIRECTION('center_axis',(0.,0.,-1.));
#1089=DIRECTION('ref_axis',(-1.,0.,0.));
#1090=DIRECTION('',(0.707106781186547,8.65956056235493E-17,-0.707106781186548));
#1091=DIRECTION('center_axis',(0.,0.,1.));
#1092=DIRECTION('ref_axis',(-1.,0.,0.));
#1093=DIRECTION('',(1.,0.,0.));
#1094=DIRECTION('center_axis',(0.,0.,1.));
#1095=DIRECTION('ref_axis',(0.6,-0.8,0.));
#1096=DIRECTION('center_axis',(0.,0.,1.));
#1097=DIRECTION('ref_axis',(-1.,0.,0.));
#1098=DIRECTION('center_axis',(0.,0.,1.));
#1099=DIRECTION('ref_axis',(-1.,0.,0.));
#1100=DIRECTION('',(0.707106781186547,-8.65956056235493E-17,0.707106781186548));
#1101=DIRECTION('center_axis',(0.,0.,1.));
#1102=DIRECTION('ref_axis',(-1.,0.,0.));
#1103=DIRECTION('',(1.,0.,0.));
#1104=DIRECTION('center_axis',(0.,0.,1.));
#1105=DIRECTION('ref_axis',(0.6,-0.8,0.));
#1106=DIRECTION('center_axis',(0.,0.,1.));
#1107=DIRECTION('ref_axis',(1.,0.,0.));
#1108=DIRECTION('center_axis',(0.,0.,1.));
#1109=DIRECTION('ref_axis',(1.,0.,0.));
#1110=DIRECTION('center_axis',(0.,0.,1.));
#1111=DIRECTION('ref_axis',(1.,0.,0.));
#1112=DIRECTION('',(-0.707106781186548,0.707106781186547,0.));
#1113=DIRECTION('center_axis',(0.,0.,1.));
#1114=DIRECTION('ref_axis',(1.,0.,0.));
#1115=DIRECTION('center_axis',(0.,0.,1.));
#1116=DIRECTION('ref_axis',(1.,0.,0.));
#1117=DIRECTION('center_axis',(0.,0.,-1.));
#1118=DIRECTION('ref_axis',(1.83697019872103E-16,-1.,0.));
#1119=DIRECTION('center_axis',(0.707106781186547,0.707106781186548,0.));
#1120=DIRECTION('ref_axis',(0.707106781186548,-0.707106781186547,0.));
#1121=DIRECTION('',(0.,0.,-1.));
#1122=DIRECTION('center_axis',(0.,0.,-1.));
#1123=DIRECTION('ref_axis',(1.,0.,0.));
#1124=DIRECTION('',(0.,0.,-1.));
#1125=DIRECTION('center_axis',(0.,0.,-1.));
#1126=DIRECTION('ref_axis',(-3.1720657846433E-16,1.,0.));
#1127=DIRECTION('',(0.,0.,1.));
#1128=DIRECTION('',(0.,0.,-1.));
#1129=DIRECTION('center_axis',(0.,1.,0.));
#1130=DIRECTION('ref_axis',(1.,0.,0.));
#1131=CARTESIAN_POINT('',(0.,0.,0.));
#1132=CARTESIAN_POINT('Origin',(5.2137454738951,2.71374547389509,40.9999999999999));
#1133=CARTESIAN_POINT('',(10.4280209908107,4.39248708487801,40.9999999999999));
#1134=CARTESIAN_POINT('',(6.01040764008565,-0.0251262658470975,40.9999999999999));
#1135=CARTESIAN_POINT('',(5.2585231663971,-0.777010739535649,40.9999999999999));
#1136=CARTESIAN_POINT('',(6.89248708487801,7.92802099081074,40.9999999999999));
#1137=CARTESIAN_POINT('Origin',(-2.77555756156289E-16,-2.50000000000002,
40.9999999999999));
#1138=CARTESIAN_POINT('',(2.47487373415291,3.51040764008564,40.9999999999999));
#1139=CARTESIAN_POINT('',(5.16923280290337,6.2047667088361,40.9999999999999));
#1140=CARTESIAN_POINT('',(7.16159310377388E-5,2.31749593494928,40.9999999999999));
#1141=CARTESIAN_POINT('Ctrl Pts',(0.000143231861895049,2.31753353700821,
40.9999999999999));
#1142=CARTESIAN_POINT('Ctrl Pts',(0.145142350202403,2.31736378539382,40.9999999999999));
#1143=CARTESIAN_POINT('Ctrl Pts',(0.289972539541946,2.3268045869825,40.9999999999999));
#1144=CARTESIAN_POINT('Ctrl Pts',(0.430968688577305,2.34606851815119,40.9999999999999));
#1145=CARTESIAN_POINT('Ctrl Pts',(0.99495328471875,2.42312424282596,40.9999999999999));
#1146=CARTESIAN_POINT('Ctrl Pts',(1.49759323599325,2.65735004078095,41.));
#1147=CARTESIAN_POINT('Ctrl Pts',(1.90262711043412,2.9812833102822,40.9999999999999));
#1148=CARTESIAN_POINT('Ctrl Pts',(1.95325634473923,3.02177496896986,40.9999999999999));
#1149=CARTESIAN_POINT('Ctrl Pts',(2.00236048409381,3.06366830690042,40.9999999999999));
#1150=CARTESIAN_POINT('Ctrl Pts',(2.05083613487087,3.10647701207185,40.9999999999999));
#1151=CARTESIAN_POINT('Ctrl Pts',(2.19626308720204,3.23490312758614,40.9999999999999));
#1152=CARTESIAN_POINT('Ctrl Pts',(2.33603364233546,3.37156754826819,40.9999999999999));
#1153=CARTESIAN_POINT('Ctrl Pts',(2.47487373415291,3.51040764008564,40.9999999999999));
#1154=CARTESIAN_POINT('',(4.81750462928265,-2.50005038824803,40.9999999999999));
#1155=CARTESIAN_POINT('Origin',(-2.77555756156289E-16,-2.50000000000002,
40.9999999999999));
#1156=CARTESIAN_POINT('Ctrl Pts',(6.01040764008565,-0.0251262658470977,
40.9999999999999));
#1157=CARTESIAN_POINT('Ctrl Pts',(5.82528751766238,-0.210246388270363,40.9999999999999));
#1158=CARTESIAN_POINT('Ctrl Pts',(5.64321401721644,-0.39421430801544,40.9999999999999));
#1159=CARTESIAN_POINT('Ctrl Pts',(5.48147485904746,-0.597537352659817,40.9999999999999));
#1160=CARTESIAN_POINT('Ctrl Pts',(5.31973570087849,-0.800860397304194,40.9999999999999));
#1161=CARTESIAN_POINT('Ctrl Pts',(5.17833088498649,-1.02353856684787,40.9999999999999));
#1162=CARTESIAN_POINT('Ctrl Pts',(5.0696552086978,-1.26955495857043,40.9999999999999));
#1163=CARTESIAN_POINT('Ctrl Pts',(4.96097953240912,-1.51557135029298,40.9999999999999));
#1164=CARTESIAN_POINT('Ctrl Pts',(4.88503299572376,-1.78492596419441,41.));
#1165=CARTESIAN_POINT('Ctrl Pts',(4.84667775814484,-2.068266182144,41.));
#1166=CARTESIAN_POINT('Ctrl Pts',(4.82750013935537,-2.20993629111886,41.));
#1167=CARTESIAN_POINT('Ctrl Pts',(4.81772034534253,-2.35510280110576,40.9999999999999));
#1168=CARTESIAN_POINT('Ctrl Pts',(4.81755092567492,-2.50010077649605,40.9999999999999));
#1169=CARTESIAN_POINT('Origin',(-5.2137454738951,2.71374547389508,40.9999999999999));
#1170=CARTESIAN_POINT('',(-10.4280209908108,4.392487084878,40.9999999999999));
#1171=CARTESIAN_POINT('',(-6.89248708487802,7.92802099081073,40.9999999999999));
#1172=CARTESIAN_POINT('Origin',(-2.77555756156289E-16,-2.50000000000002,
40.9999999999999));
#1173=CARTESIAN_POINT('',(-6.01040764008566,-0.0251262658471152,40.9999999999999));
#1174=CARTESIAN_POINT('',(-8.70476670883611,2.66923280290335,40.9999999999999));
#1175=CARTESIAN_POINT('',(-4.81750462928265,-2.499949611752,40.9999999999999));
#1176=CARTESIAN_POINT('Ctrl Pts',(-4.81755092567493,-2.49989922350416,40.9999999999999));
#1177=CARTESIAN_POINT('Ctrl Pts',(-4.81738150600732,-2.35490124811393,40.9999999999999));
#1178=CARTESIAN_POINT('Ctrl Pts',(-4.82682246068494,-2.21007180732031,40.9999999999999));
#1179=CARTESIAN_POINT('Ctrl Pts',(-4.84608633927643,-2.06907583673194,40.9999999999999));
#1180=CARTESIAN_POINT('Ctrl Pts',(-4.92314185364239,-1.50509195437846,40.9999999999999));
#1181=CARTESIAN_POINT('Ctrl Pts',(-5.15736415063013,-1.00244359530905,40.9999999999999));
#1182=CARTESIAN_POINT('Ctrl Pts',(-5.48129361423388,-0.597399765679221,
40.9999999999999));
#1183=CARTESIAN_POINT('Ctrl Pts',(-5.52178479718435,-0.546769286975493,
40.9999999999999));
#1184=CARTESIAN_POINT('Ctrl Pts',(-5.56367765461319,-0.497663879044257,
40.9999999999999));
#1185=CARTESIAN_POINT('Ctrl Pts',(-5.60648550527036,-0.449185991996707,
40.9999999999999));
#1186=CARTESIAN_POINT('Ctrl Pts',(-5.73490905724185,-0.303752330854055,
40.9999999999999));
#1187=CARTESIAN_POINT('Ctrl Pts',(-5.87156754826822,-0.163966357664563,
40.9999999999999));
#1188=CARTESIAN_POINT('Ctrl Pts',(-6.01040764008567,-0.0251262658471152,
40.9999999999999));
#1189=CARTESIAN_POINT('Origin',(-2.77555756156289E-16,-2.50000000000002,
40.9999999999999));
#1190=CARTESIAN_POINT('',(-2.47487373415292,3.51040764008564,40.9999999999999));
#1191=CARTESIAN_POINT('Ctrl Pts',(-2.47487373415292,3.51040764008564,40.9999999999999));
#1192=CARTESIAN_POINT('Ctrl Pts',(-2.28975361172966,3.32528751766237,40.9999999999999));
#1193=CARTESIAN_POINT('Ctrl Pts',(-2.10578258929846,3.1432113862999,40.9999999999999));
#1194=CARTESIAN_POINT('Ctrl Pts',(-1.90245473871775,2.98147000805477,40.9999999999999));
#1195=CARTESIAN_POINT('Ctrl Pts',(-1.69912688813705,2.81972862980964,40.9999999999999));
#1196=CARTESIAN_POINT('Ctrl Pts',(-1.47644220940684,2.67832200468185,40.9999999999999));
#1197=CARTESIAN_POINT('Ctrl Pts',(-1.23042036960702,2.56964445682214,40.9999999999999));
#1198=CARTESIAN_POINT('Ctrl Pts',(-0.984398529807196,2.46096690896242,40.9999999999999));
#1199=CARTESIAN_POINT('Ctrl Pts',(-0.715039528937766,2.38501843837079,40.9999999999999));
#1200=CARTESIAN_POINT('Ctrl Pts',(-0.431695798859322,2.34666187508363,40.9999999999999));
#1201=CARTESIAN_POINT('Ctrl Pts',(-0.290023933820038,2.32748359344005,40.9999999999999));
#1202=CARTESIAN_POINT('Ctrl Pts',(-0.144855886478498,2.31770328862259,40.9999999999999));
#1203=CARTESIAN_POINT('Ctrl Pts',(0.00014323186207546,2.31753353700821,
40.9999999999999));
#1204=CARTESIAN_POINT('',(-1.72298926046437,2.75852316639708,40.9999999999999));
#1205=CARTESIAN_POINT('Origin',(-2.77555756156289E-16,-2.50000000000002,
50.9999999999999));
#1206=CARTESIAN_POINT('',(-4.81745833289038,-2.50000000000001,50.9999999999999));
#1207=CARTESIAN_POINT('Origin',(-2.77555756156289E-16,-2.50000000000002,
50.9999999999999));
#1208=CARTESIAN_POINT('',(-4.81745833289037,-2.50000000000001,50.9999999999999));
#1209=CARTESIAN_POINT('',(-5.03882480171451E-5,-7.31750462928266,40.9999999999999));
#1210=CARTESIAN_POINT('Origin',(-2.77555756156289E-16,-2.50000000000002,
40.9999999999999));
#1211=CARTESIAN_POINT('Origin',(-2.77555756156289E-16,-2.50000000000002,
40.9999999999999));
#1212=CARTESIAN_POINT('Origin',(-5.2137454738951,-7.71374547389511,40.9999999999999));
#1213=CARTESIAN_POINT('',(-10.4280209908108,-9.39248708487803,40.9999999999999));
#1214=CARTESIAN_POINT('',(-6.01040764008565,-4.97487373415293,40.9999999999999));
#1215=CARTESIAN_POINT('',(-5.2585231663971,-4.22298926046438,40.9999999999999));
#1216=CARTESIAN_POINT('',(-6.89248708487801,-12.9280209908108,40.9999999999999));
#1217=CARTESIAN_POINT('Origin',(-2.77555756156289E-16,-2.50000000000002,
40.9999999999999));
#1218=CARTESIAN_POINT('',(-2.47487373415291,-8.51040764008569,40.9999999999999));
#1219=CARTESIAN_POINT('',(-5.16923280290337,-11.2047667088361,40.9999999999999));
#1220=CARTESIAN_POINT('Ctrl Pts',(-0.000100776495853064,-7.31755092567494,
40.9999999999999));
#1221=CARTESIAN_POINT('Ctrl Pts',(-0.145098751886083,-7.31738150600733,
40.9999999999999));
#1222=CARTESIAN_POINT('Ctrl Pts',(-0.289928192679707,-7.32682246068496,
40.9999999999999));
#1223=CARTESIAN_POINT('Ctrl Pts',(-0.430924163268076,-7.34608633927644,
40.9999999999999));
#1224=CARTESIAN_POINT('Ctrl Pts',(-0.994908045621558,-7.4231418536424,40.9999999999999));
#1225=CARTESIAN_POINT('Ctrl Pts',(-1.49755640469097,-7.65736415063015,40.9999999999999));
#1226=CARTESIAN_POINT('Ctrl Pts',(-1.9026002343208,-7.9812936142339,40.9999999999999));
#1227=CARTESIAN_POINT('Ctrl Pts',(-1.95323071302453,-8.02178479718437,40.9999999999999));
#1228=CARTESIAN_POINT('Ctrl Pts',(-2.00233612095577,-8.06367765461322,40.9999999999999));
#1229=CARTESIAN_POINT('Ctrl Pts',(-2.05081400800332,-8.10648550527038,40.9999999999999));
#1230=CARTESIAN_POINT('Ctrl Pts',(-2.19624766914597,-8.23490905724187,40.9999999999999));
#1231=CARTESIAN_POINT('Ctrl Pts',(-2.33603364233546,-8.37156754826824,40.9999999999999));
#1232=CARTESIAN_POINT('Ctrl Pts',(-2.47487373415291,-8.51040764008569,40.9999999999999));
#1233=CARTESIAN_POINT('Ctrl Pts',(-6.01040764008565,-4.97487373415293,40.9999999999999));
#1234=CARTESIAN_POINT('Ctrl Pts',(-5.82528751766239,-4.78975361172967,40.9999999999999));
#1235=CARTESIAN_POINT('Ctrl Pts',(-5.64321401721644,-4.60578569198459,40.9999999999999));
#1236=CARTESIAN_POINT('Ctrl Pts',(-5.48147485904747,-4.40246264734022,40.9999999999999));
#1237=CARTESIAN_POINT('Ctrl Pts',(-5.31973570087849,-4.19913960269584,40.9999999999999));
#1238=CARTESIAN_POINT('Ctrl Pts',(-5.17833088498649,-3.97646143315216,40.9999999999999));
#1239=CARTESIAN_POINT('Ctrl Pts',(-5.06965520869781,-3.73044504142961,40.9999999999999));
#1240=CARTESIAN_POINT('Ctrl Pts',(-4.96097953240912,-3.48442864970705,40.9999999999999));
#1241=CARTESIAN_POINT('Ctrl Pts',(-4.88503299572376,-3.21507403580563,40.9999999999999));
#1242=CARTESIAN_POINT('Ctrl Pts',(-4.84667775814484,-2.93173381785603,40.9999999999999));
#1243=CARTESIAN_POINT('Ctrl Pts',(-4.82750013935537,-2.79006370888118,40.9999999999999));
#1244=CARTESIAN_POINT('Ctrl Pts',(-4.81772034534253,-2.64489719889428,40.9999999999999));
#1245=CARTESIAN_POINT('Ctrl Pts',(-4.81755092567493,-2.49989922350398,40.9999999999999));
#1246=CARTESIAN_POINT('Origin',(5.2137454738951,-7.71374547389511,40.9999999999999));
#1247=CARTESIAN_POINT('',(10.4280209908108,-9.39248708487803,40.9999999999999));
#1248=CARTESIAN_POINT('',(6.89248708487801,-12.9280209908108,40.9999999999999));
#1249=CARTESIAN_POINT('Origin',(-2.77555756156289E-16,-2.50000000000002,
40.9999999999999));
#1250=CARTESIAN_POINT('',(6.01040764008567,-4.97487373415293,40.9999999999999));
#1251=CARTESIAN_POINT('',(8.70476670883611,-7.66923280290339,40.9999999999999));
#1252=CARTESIAN_POINT('Ctrl Pts',(4.81755092567492,-2.50010077649587,40.9999999999999));
#1253=CARTESIAN_POINT('Ctrl Pts',(4.81738150600731,-2.6450987518861,40.9999999999999));
#1254=CARTESIAN_POINT('Ctrl Pts',(4.82682246068494,-2.78992819267972,40.9999999999999));
#1255=CARTESIAN_POINT('Ctrl Pts',(4.84608633927643,-2.93092416326809,40.9999999999999));
#1256=CARTESIAN_POINT('Ctrl Pts',(4.92314185364238,-3.49490804562157,40.9999999999999));
#1257=CARTESIAN_POINT('Ctrl Pts',(5.15736415063013,-3.99755640469099,40.9999999999999));
#1258=CARTESIAN_POINT('Ctrl Pts',(5.48129361423388,-4.40260023432082,40.9999999999999));
#1259=CARTESIAN_POINT('Ctrl Pts',(5.52178479718435,-4.45323071302455,40.9999999999999));
#1260=CARTESIAN_POINT('Ctrl Pts',(5.5636776546132,-4.50233612095578,40.9999999999999));
#1261=CARTESIAN_POINT('Ctrl Pts',(5.60648550527036,-4.55081400800333,40.9999999999999));
#1262=CARTESIAN_POINT('Ctrl Pts',(5.73490905724185,-4.69624766914599,40.9999999999999));
#1263=CARTESIAN_POINT('Ctrl Pts',(5.87156754826822,-4.83603364233548,40.9999999999999));
#1264=CARTESIAN_POINT('Ctrl Pts',(6.01040764008567,-4.97487373415293,40.9999999999999));
#1265=CARTESIAN_POINT('',(2.47487373415292,-8.51040764008567,40.9999999999999));
#1266=CARTESIAN_POINT('Ctrl Pts',(2.47487373415292,-8.51040764008567,40.9999999999999));
#1267=CARTESIAN_POINT('Ctrl Pts',(2.28975361172965,-8.3252875176624,40.9999999999999));
#1268=CARTESIAN_POINT('Ctrl Pts',(2.10578569198457,-8.14321401721645,40.9999999999999));
#1269=CARTESIAN_POINT('Ctrl Pts',(1.9024626473402,-7.98147485904748,40.9999999999999));
#1270=CARTESIAN_POINT('Ctrl Pts',(1.69913960269582,-7.81973570087851,40.9999999999999));
#1271=CARTESIAN_POINT('Ctrl Pts',(1.47646143315214,-7.6783308849865,40.9999999999999));
#1272=CARTESIAN_POINT('Ctrl Pts',(1.23044504142959,-7.56965520869782,40.9999999999999));
#1273=CARTESIAN_POINT('Ctrl Pts',(0.984428649707035,-7.46097953240914,40.9999999999999));
#1274=CARTESIAN_POINT('Ctrl Pts',(0.715074035805607,-7.38503299572377,40.9999999999999));
#1275=CARTESIAN_POINT('Ctrl Pts',(0.431733817856014,-7.34667775814486,40.9999999999999));
#1276=CARTESIAN_POINT('Ctrl Pts',(0.290063708881158,-7.32750013935539,40.9999999999999));
#1277=CARTESIAN_POINT('Ctrl Pts',(0.144897198894258,-7.31772034534254,40.9999999999999));
#1278=CARTESIAN_POINT('Ctrl Pts',(-0.000100776496034308,-7.31755092567494,
40.9999999999999));
#1279=CARTESIAN_POINT('',(1.72298926046436,-7.75852316639711,40.9999999999999));
#1280=CARTESIAN_POINT('Origin',(-3.53553390593274,-2.50000000000002,50.9999999999999));
#1281=CARTESIAN_POINT('',(-6.01040764008565,-4.97487373415293,35.9999999999999));
#1282=CARTESIAN_POINT('',(-6.01040764008565,-4.97487373415293,50.9999999999999));
#1283=CARTESIAN_POINT('',(-10.4280209908108,-9.39248708487803,35.9999999999999));
#1284=CARTESIAN_POINT('',(-2.65165042944955,-1.61611652351683,35.9999999999999));
#1285=CARTESIAN_POINT('',(-10.4280209908108,-9.39248708487803,50.9999999999999));
#1286=CARTESIAN_POINT('Origin',(-3.33066907387547E-15,1.03553390593272,
50.9999999999999));
#1287=CARTESIAN_POINT('',(-2.47487373415292,3.51040764008564,35.9999999999999));
#1288=CARTESIAN_POINT('',(-2.47487373415292,3.51040764008564,50.9999999999999));
#1289=CARTESIAN_POINT('',(-6.89248708487802,7.92802099081074,35.9999999999999));
#1290=CARTESIAN_POINT('',(0.883883476483181,0.151650429449531,35.9999999999999));
#1291=CARTESIAN_POINT('',(-6.89248708487802,7.92802099081074,50.9999999999999));
#1292=CARTESIAN_POINT('Origin',(3.53553390593273,-2.50000000000002,50.9999999999999));
#1293=CARTESIAN_POINT('',(6.01040764008565,-0.025126265847098,35.9999999999999));
#1294=CARTESIAN_POINT('',(6.01040764008565,-0.0251262658470969,50.9999999999999));
#1295=CARTESIAN_POINT('',(10.4280209908108,4.39248708487801,35.9999999999999));
#1296=CARTESIAN_POINT('',(2.65165042944955,-3.3838834764832,35.9999999999999));
#1297=CARTESIAN_POINT('',(10.4280209908108,4.39248708487801,50.9999999999999));
#1298=CARTESIAN_POINT('Origin',(0.,-2.50000000000002,50.9999999999999));
#1299=CARTESIAN_POINT('',(18.,-2.50000000000002,50.9999999999999));
#1300=CARTESIAN_POINT('Origin',(0.,-2.50000000000002,50.9999999999999));
#1301=CARTESIAN_POINT('',(-12.5,-2.50000000000001,50.9999999999999));
#1302=CARTESIAN_POINT('Origin',(-2.77555756156289E-16,-2.50000000000002,
50.9999999999999));
#1303=CARTESIAN_POINT('Ctrl Pts',(6.01040764008565,-0.0251262658470977,
40.9999999999999));
#1304=CARTESIAN_POINT('Ctrl Pts',(6.01040764008565,-0.0251262658470977,
39.3333333333333));
#1305=CARTESIAN_POINT('Ctrl Pts',(6.01040764008565,-0.0251262658470977,
37.6666666666666));
#1306=CARTESIAN_POINT('Ctrl Pts',(6.01040764008565,-0.0251262658470977,
35.9999999999999));
#1307=CARTESIAN_POINT('Ctrl Pts',(5.82528751766238,-0.210246388270363,40.9999999999999));
#1308=CARTESIAN_POINT('Ctrl Pts',(5.82528751766238,-0.210246388270363,39.3333333333333));
#1309=CARTESIAN_POINT('Ctrl Pts',(5.82528751766238,-0.210246388270363,37.6666666666666));
#1310=CARTESIAN_POINT('Ctrl Pts',(5.82528751766238,-0.210246388270363,35.9999999999999));
#1311=CARTESIAN_POINT('Ctrl Pts',(5.46114051677049,-0.578182227760516,40.9999999999999));
#1312=CARTESIAN_POINT('Ctrl Pts',(5.46114051677049,-0.578182227760516,39.3333333333333));
#1313=CARTESIAN_POINT('Ctrl Pts',(5.46114051677049,-0.578182227760516,37.6666666666666));
#1314=CARTESIAN_POINT('Ctrl Pts',(5.46114051677049,-0.578182227760516,35.9999999999999));
#1315=CARTESIAN_POINT('Ctrl Pts',(5.03692606909449,-1.24621673639155,40.9999999999999));
#1316=CARTESIAN_POINT('Ctrl Pts',(5.03692606909449,-1.24621673639155,39.3333333333333));
#1317=CARTESIAN_POINT('Ctrl Pts',(5.03692606909449,-1.24621673639155,37.6666666666666));
#1318=CARTESIAN_POINT('Ctrl Pts',(5.03692606909449,-1.24621673639155,35.9999999999999));
#1319=CARTESIAN_POINT('Ctrl Pts',(4.80908645903839,-2.05428057809584,41.));
#1320=CARTESIAN_POINT('Ctrl Pts',(4.80908645903839,-2.05428057809584,39.3333333333333));
#1321=CARTESIAN_POINT('Ctrl Pts',(4.80908645903839,-2.05428057809584,37.6666666666666));
#1322=CARTESIAN_POINT('Ctrl Pts',(4.80908645903839,-2.05428057809584,35.9999999999999));
#1323=CARTESIAN_POINT('Ctrl Pts',(4.80603070514851,-3.24358386608687,40.9999999999999));
#1324=CARTESIAN_POINT('Ctrl Pts',(4.80603070514851,-3.24358386608687,39.3333333333333));
#1325=CARTESIAN_POINT('Ctrl Pts',(4.80603070514851,-3.24358386608687,37.6666666666666));
#1326=CARTESIAN_POINT('Ctrl Pts',(4.80603070514851,-3.24358386608687,35.9999999999999));
#1327=CARTESIAN_POINT('Ctrl Pts',(5.1866419377536,-4.06038744957466,40.9999999999999));
#1328=CARTESIAN_POINT('Ctrl Pts',(5.1866419377536,-4.06038744957466,39.3333333333333));
#1329=CARTESIAN_POINT('Ctrl Pts',(5.1866419377536,-4.06038744957466,37.6666666666666));
#1330=CARTESIAN_POINT('Ctrl Pts',(5.1866419377536,-4.06038744957466,35.9999999999999));
#1331=CARTESIAN_POINT('Ctrl Pts',(5.68935622689973,-4.64965234474949,40.9999999999999));
#1332=CARTESIAN_POINT('Ctrl Pts',(5.68935622689973,-4.64965234474949,39.3333333333333));
#1333=CARTESIAN_POINT('Ctrl Pts',(5.68935622689973,-4.64965234474949,37.6666666666666));
#1334=CARTESIAN_POINT('Ctrl Pts',(5.68935622689973,-4.64965234474949,35.9999999999999));
#1335=CARTESIAN_POINT('Ctrl Pts',(5.87156754826822,-4.83603364233548,40.9999999999999));
#1336=CARTESIAN_POINT('Ctrl Pts',(5.87156754826822,-4.83603364233548,39.3333333333333));
#1337=CARTESIAN_POINT('Ctrl Pts',(5.87156754826822,-4.83603364233548,37.6666666666666));
#1338=CARTESIAN_POINT('Ctrl Pts',(5.87156754826822,-4.83603364233548,35.9999999999999));
#1339=CARTESIAN_POINT('Ctrl Pts',(6.01040764008567,-4.97487373415293,40.9999999999999));
#1340=CARTESIAN_POINT('Ctrl Pts',(6.01040764008567,-4.97487373415293,39.3333333333333));
#1341=CARTESIAN_POINT('Ctrl Pts',(6.01040764008567,-4.97487373415293,37.6666666666666));
#1342=CARTESIAN_POINT('Ctrl Pts',(6.01040764008567,-4.97487373415293,35.9999999999999));
#1343=CARTESIAN_POINT('',(6.01040764008565,-4.97487373415293,35.9999999999999));
#1344=CARTESIAN_POINT('',(6.01040764008565,-4.97487373415293,50.9999999999999));
#1345=CARTESIAN_POINT('Ctrl Pts',(6.01040764008567,-4.97487373415293,35.9999999999999));
#1346=CARTESIAN_POINT('Ctrl Pts',(5.87156754826822,-4.83603364233548,35.9999999999999));
#1347=CARTESIAN_POINT('Ctrl Pts',(5.73490905724185,-4.69624766914599,35.9999999999999));
#1348=CARTESIAN_POINT('Ctrl Pts',(5.60648550527036,-4.55081400800333,35.9999999999999));
#1349=CARTESIAN_POINT('Ctrl Pts',(5.5636776546132,-4.50233612095578,35.9999999999999));
#1350=CARTESIAN_POINT('Ctrl Pts',(5.52178479718435,-4.45323071302455,35.9999999999999));
#1351=CARTESIAN_POINT('Ctrl Pts',(5.48129361423388,-4.40260023432082,35.9999999999999));
#1352=CARTESIAN_POINT('Ctrl Pts',(5.15736415063013,-3.99755640469099,35.9999999999999));
#1353=CARTESIAN_POINT('Ctrl Pts',(4.92314185364238,-3.49490804562157,35.9999999999999));
#1354=CARTESIAN_POINT('Ctrl Pts',(4.84608633927643,-2.93092416326809,35.9999999999999));
#1355=CARTESIAN_POINT('Ctrl Pts',(4.80755858209345,-2.64893222209135,35.9999999999999));
#1356=CARTESIAN_POINT('Ctrl Pts',(4.80832252056592,-2.35160640009359,35.9999999999999));
#1357=CARTESIAN_POINT('Ctrl Pts',(4.84667775814484,-2.068266182144,35.9999999999999));
#1358=CARTESIAN_POINT('Ctrl Pts',(4.88503299572376,-1.78492596419441,35.9999999999999));
#1359=CARTESIAN_POINT('Ctrl Pts',(4.96097953240912,-1.51557135029298,35.9999999999999));
#1360=CARTESIAN_POINT('Ctrl Pts',(5.0696552086978,-1.26955495857043,35.9999999999999));
#1361=CARTESIAN_POINT('Ctrl Pts',(5.17833088498649,-1.02353856684787,35.9999999999999));
#1362=CARTESIAN_POINT('Ctrl Pts',(5.31973570087849,-0.800860397304194,35.9999999999999));
#1363=CARTESIAN_POINT('Ctrl Pts',(5.48147485904746,-0.597537352659817,35.9999999999999));
#1364=CARTESIAN_POINT('Ctrl Pts',(5.64321401721644,-0.394214308015439,35.9999999999999));
#1365=CARTESIAN_POINT('Ctrl Pts',(5.82528751766238,-0.210246388270363,35.9999999999999));
#1366=CARTESIAN_POINT('Ctrl Pts',(6.01040764008565,-0.0251262658470977,
35.9999999999999));
#1367=CARTESIAN_POINT('Origin',(10.4280209908108,-9.39248708487803,50.9999999999999));
#1368=CARTESIAN_POINT('',(10.4280209908108,-9.39248708487803,35.9999999999999));
#1369=CARTESIAN_POINT('',(10.4280209908108,-9.39248708487803,50.9999999999999));
#1370=CARTESIAN_POINT('',(6.09789397188856,-5.06236006595584,35.9999999999999));
#1371=CARTESIAN_POINT('Ctrl Pts',(2.47487373415292,-8.51040764008567,40.9999999999999));
#1372=CARTESIAN_POINT('Ctrl Pts',(2.47487373415292,-8.51040764008567,39.3333333333333));
#1373=CARTESIAN_POINT('Ctrl Pts',(2.47487373415292,-8.51040764008567,37.6666666666666));
#1374=CARTESIAN_POINT('Ctrl Pts',(2.47487373415292,-8.51040764008567,35.9999999999999));
#1375=CARTESIAN_POINT('Ctrl Pts',(2.28975361172965,-8.3252875176624,40.9999999999999));
#1376=CARTESIAN_POINT('Ctrl Pts',(2.28975361172965,-8.3252875176624,39.3333333333333));
#1377=CARTESIAN_POINT('Ctrl Pts',(2.28975361172965,-8.3252875176624,37.6666666666666));
#1378=CARTESIAN_POINT('Ctrl Pts',(2.28975361172965,-8.3252875176624,35.9999999999999));
#1379=CARTESIAN_POINT('Ctrl Pts',(1.9218177722395,-7.9611405167705,40.9999999999999));
#1380=CARTESIAN_POINT('Ctrl Pts',(1.9218177722395,-7.9611405167705,39.3333333333333));
#1381=CARTESIAN_POINT('Ctrl Pts',(1.9218177722395,-7.9611405167705,37.6666666666666));
#1382=CARTESIAN_POINT('Ctrl Pts',(1.9218177722395,-7.9611405167705,35.9999999999999));
#1383=CARTESIAN_POINT('Ctrl Pts',(1.25378326360846,-7.5369260690945,40.9999999999999));
#1384=CARTESIAN_POINT('Ctrl Pts',(1.25378326360846,-7.5369260690945,39.3333333333333));
#1385=CARTESIAN_POINT('Ctrl Pts',(1.25378326360846,-7.5369260690945,37.6666666666666));
#1386=CARTESIAN_POINT('Ctrl Pts',(1.25378326360846,-7.5369260690945,35.9999999999999));
#1387=CARTESIAN_POINT('Ctrl Pts',(0.44571942190418,-7.30908645903841,40.9999999999999));
#1388=CARTESIAN_POINT('Ctrl Pts',(0.44571942190418,-7.30908645903841,39.3333333333333));
#1389=CARTESIAN_POINT('Ctrl Pts',(0.44571942190418,-7.30908645903841,37.6666666666666));
#1390=CARTESIAN_POINT('Ctrl Pts',(0.44571942190418,-7.30908645903841,35.9999999999999));
#1391=CARTESIAN_POINT('Ctrl Pts',(-0.743583866086851,-7.30603070514852,
40.9999999999999));
#1392=CARTESIAN_POINT('Ctrl Pts',(-0.743583866086851,-7.30603070514852,
39.3333333333332));
#1393=CARTESIAN_POINT('Ctrl Pts',(-0.743583866086851,-7.30603070514852,
37.6666666666666));
#1394=CARTESIAN_POINT('Ctrl Pts',(-0.743583866086851,-7.30603070514852,
35.9999999999999));
#1395=CARTESIAN_POINT('Ctrl Pts',(-1.56038744957465,-7.68664193775362,40.9999999999999));
#1396=CARTESIAN_POINT('Ctrl Pts',(-1.56038744957465,-7.68664193775362,39.3333333333333));
#1397=CARTESIAN_POINT('Ctrl Pts',(-1.56038744957465,-7.68664193775362,37.6666666666666));
#1398=CARTESIAN_POINT('Ctrl Pts',(-1.56038744957465,-7.68664193775362,35.9999999999999));
#1399=CARTESIAN_POINT('Ctrl Pts',(-2.14965234474947,-8.18935622689975,40.9999999999999));
#1400=CARTESIAN_POINT('Ctrl Pts',(-2.14965234474947,-8.18935622689975,39.3333333333333));
#1401=CARTESIAN_POINT('Ctrl Pts',(-2.14965234474947,-8.18935622689975,37.6666666666666));
#1402=CARTESIAN_POINT('Ctrl Pts',(-2.14965234474947,-8.18935622689975,35.9999999999999));
#1403=CARTESIAN_POINT('Ctrl Pts',(-2.33603364233546,-8.37156754826824,40.9999999999999));
#1404=CARTESIAN_POINT('Ctrl Pts',(-2.33603364233546,-8.37156754826824,39.3333333333333));
#1405=CARTESIAN_POINT('Ctrl Pts',(-2.33603364233546,-8.37156754826824,37.6666666666666));
#1406=CARTESIAN_POINT('Ctrl Pts',(-2.33603364233546,-8.37156754826824,35.9999999999999));
#1407=CARTESIAN_POINT('Ctrl Pts',(-2.47487373415291,-8.51040764008569,40.9999999999999));
#1408=CARTESIAN_POINT('Ctrl Pts',(-2.47487373415291,-8.51040764008569,39.3333333333333));
#1409=CARTESIAN_POINT('Ctrl Pts',(-2.47487373415291,-8.51040764008569,37.6666666666666));
#1410=CARTESIAN_POINT('Ctrl Pts',(-2.47487373415291,-8.51040764008569,35.9999999999999));
#1411=CARTESIAN_POINT('',(-2.47487373415292,-8.51040764008567,35.9999999999999));
#1412=CARTESIAN_POINT('',(-2.47487373415292,-8.51040764008567,50.9999999999999));
#1413=CARTESIAN_POINT('',(2.47487373415292,-8.51040764008567,35.9999999999999));
#1414=CARTESIAN_POINT('Ctrl Pts',(-2.47487373415291,-8.51040764008569,35.9999999999999));
#1415=CARTESIAN_POINT('Ctrl Pts',(-2.33603364233546,-8.37156754826824,35.9999999999999));
#1416=CARTESIAN_POINT('Ctrl Pts',(-2.19624766914597,-8.23490905724187,35.9999999999999));
#1417=CARTESIAN_POINT('Ctrl Pts',(-2.05081400800332,-8.10648550527038,35.9999999999999));
#1418=CARTESIAN_POINT('Ctrl Pts',(-2.00233612095577,-8.06367765461322,35.9999999999999));
#1419=CARTESIAN_POINT('Ctrl Pts',(-1.95323071302453,-8.02178479718437,35.9999999999999));
#1420=CARTESIAN_POINT('Ctrl Pts',(-1.9026002343208,-7.9812936142339,35.9999999999999));
#1421=CARTESIAN_POINT('Ctrl Pts',(-1.49755640469097,-7.65736415063015,35.9999999999999));
#1422=CARTESIAN_POINT('Ctrl Pts',(-0.994908045621558,-7.4231418536424,35.9999999999999));
#1423=CARTESIAN_POINT('Ctrl Pts',(-0.430924163268076,-7.34608633927644,
35.9999999999999));
#1424=CARTESIAN_POINT('Ctrl Pts',(-0.148932222091335,-7.30755858209347,
35.9999999999999));
#1425=CARTESIAN_POINT('Ctrl Pts',(0.148393599906422,-7.30832252056594,35.9999999999999));
#1426=CARTESIAN_POINT('Ctrl Pts',(0.431733817856015,-7.34667775814486,35.9999999999999));
#1427=CARTESIAN_POINT('Ctrl Pts',(0.715074035805608,-7.38503299572377,35.9999999999999));
#1428=CARTESIAN_POINT('Ctrl Pts',(0.984428649707035,-7.46097953240914,35.9999999999999));
#1429=CARTESIAN_POINT('Ctrl Pts',(1.23044504142959,-7.56965520869782,35.9999999999999));
#1430=CARTESIAN_POINT('Ctrl Pts',(1.47646143315214,-7.6783308849865,35.9999999999999));
#1431=CARTESIAN_POINT('Ctrl Pts',(1.69913960269582,-7.81973570087851,35.9999999999999));
#1432=CARTESIAN_POINT('Ctrl Pts',(1.9024626473402,-7.98147485904748,35.9999999999999));
#1433=CARTESIAN_POINT('Ctrl Pts',(2.10578569198457,-8.14321401721645,35.9999999999999));
#1434=CARTESIAN_POINT('Ctrl Pts',(2.28975361172965,-8.3252875176624,35.9999999999999));
#1435=CARTESIAN_POINT('Ctrl Pts',(2.47487373415292,-8.51040764008567,35.9999999999999));
#1436=CARTESIAN_POINT('',(2.47487373415292,-8.51040764008567,50.9999999999999));
#1437=CARTESIAN_POINT('Origin',(-6.89248708487801,-12.9280209908108,50.9999999999999));
#1438=CARTESIAN_POINT('',(-6.89248708487801,-12.9280209908108,35.9999999999999));
#1439=CARTESIAN_POINT('',(-6.89248708487801,-12.9280209908108,50.9999999999999));
#1440=CARTESIAN_POINT('',(-2.56236006595582,-8.59789397188858,35.9999999999999));
#1441=CARTESIAN_POINT('Ctrl Pts',(-6.01040764008565,-4.97487373415293,40.9999999999999));
#1442=CARTESIAN_POINT('Ctrl Pts',(-6.01040764008565,-4.97487373415293,39.3333333333333));
#1443=CARTESIAN_POINT('Ctrl Pts',(-6.01040764008565,-4.97487373415293,37.6666666666666));
#1444=CARTESIAN_POINT('Ctrl Pts',(-6.01040764008565,-4.97487373415293,35.9999999999999));
#1445=CARTESIAN_POINT('Ctrl Pts',(-5.82528751766239,-4.78975361172967,40.9999999999999));
#1446=CARTESIAN_POINT('Ctrl Pts',(-5.82528751766239,-4.78975361172967,39.3333333333333));
#1447=CARTESIAN_POINT('Ctrl Pts',(-5.82528751766239,-4.78975361172967,37.6666666666666));
#1448=CARTESIAN_POINT('Ctrl Pts',(-5.82528751766239,-4.78975361172967,35.9999999999999));
#1449=CARTESIAN_POINT('Ctrl Pts',(-5.46114051677049,-4.42181777223952,40.9999999999999));
#1450=CARTESIAN_POINT('Ctrl Pts',(-5.46114051677049,-4.42181777223952,39.3333333333333));
#1451=CARTESIAN_POINT('Ctrl Pts',(-5.46114051677049,-4.42181777223952,37.6666666666666));
#1452=CARTESIAN_POINT('Ctrl Pts',(-5.46114051677049,-4.42181777223952,35.9999999999999));
#1453=CARTESIAN_POINT('Ctrl Pts',(-5.03692606909449,-3.75378326360848,40.9999999999999));
#1454=CARTESIAN_POINT('Ctrl Pts',(-5.03692606909449,-3.75378326360848,39.3333333333333));
#1455=CARTESIAN_POINT('Ctrl Pts',(-5.03692606909449,-3.75378326360848,37.6666666666666));
#1456=CARTESIAN_POINT('Ctrl Pts',(-5.03692606909449,-3.75378326360848,35.9999999999999));
#1457=CARTESIAN_POINT('Ctrl Pts',(-4.80908645903839,-2.9457194219042,41.));
#1458=CARTESIAN_POINT('Ctrl Pts',(-4.80908645903839,-2.9457194219042,39.3333333333333));
#1459=CARTESIAN_POINT('Ctrl Pts',(-4.80908645903839,-2.9457194219042,37.6666666666666));
#1460=CARTESIAN_POINT('Ctrl Pts',(-4.80908645903839,-2.9457194219042,36.));
#1461=CARTESIAN_POINT('Ctrl Pts',(-4.80603070514851,-1.75641613391317,40.9999999999999));
#1462=CARTESIAN_POINT('Ctrl Pts',(-4.80603070514851,-1.75641613391317,39.3333333333333));
#1463=CARTESIAN_POINT('Ctrl Pts',(-4.80603070514851,-1.75641613391317,37.6666666666666));
#1464=CARTESIAN_POINT('Ctrl Pts',(-4.80603070514851,-1.75641613391317,35.9999999999999));
#1465=CARTESIAN_POINT('Ctrl Pts',(-5.1866419377536,-0.939612550425375,40.9999999999999));
#1466=CARTESIAN_POINT('Ctrl Pts',(-5.1866419377536,-0.939612550425375,39.3333333333333));
#1467=CARTESIAN_POINT('Ctrl Pts',(-5.1866419377536,-0.939612550425375,37.6666666666666));
#1468=CARTESIAN_POINT('Ctrl Pts',(-5.1866419377536,-0.939612550425375,35.9999999999999));
#1469=CARTESIAN_POINT('Ctrl Pts',(-5.68935622689973,-0.350347655250552,
40.9999999999999));
#1470=CARTESIAN_POINT('Ctrl Pts',(-5.68935622689973,-0.350347655250552,
39.3333333333333));
#1471=CARTESIAN_POINT('Ctrl Pts',(-5.68935622689973,-0.350347655250552,
37.6666666666666));
#1472=CARTESIAN_POINT('Ctrl Pts',(-5.68935622689973,-0.350347655250552,
35.9999999999999));
#1473=CARTESIAN_POINT('Ctrl Pts',(-5.87156754826822,-0.163966357664563,
40.9999999999999));
#1474=CARTESIAN_POINT('Ctrl Pts',(-5.87156754826822,-0.163966357664563,
39.3333333333333));
#1475=CARTESIAN_POINT('Ctrl Pts',(-5.87156754826822,-0.163966357664563,
37.6666666666666));
#1476=CARTESIAN_POINT('Ctrl Pts',(-5.87156754826822,-0.163966357664563,
35.9999999999999));
#1477=CARTESIAN_POINT('Ctrl Pts',(-6.01040764008567,-0.0251262658471152,
40.9999999999999));
#1478=CARTESIAN_POINT('Ctrl Pts',(-6.01040764008567,-0.0251262658471152,
39.3333333333333));
#1479=CARTESIAN_POINT('Ctrl Pts',(-6.01040764008567,-0.0251262658471152,
37.6666666666666));
#1480=CARTESIAN_POINT('Ctrl Pts',(-6.01040764008567,-0.0251262658471152,
35.9999999999999));
#1481=CARTESIAN_POINT('',(-6.01040764008565,-0.025126265847099,35.9999999999999));
#1482=CARTESIAN_POINT('',(-6.01040764008565,-0.0251262658470983,50.9999999999999));
#1483=CARTESIAN_POINT('Ctrl Pts',(-6.01040764008567,-0.0251262658471152,
35.9999999999999));
#1484=CARTESIAN_POINT('Ctrl Pts',(-5.87156754826822,-0.163966357664563,
35.9999999999999));
#1485=CARTESIAN_POINT('Ctrl Pts',(-5.73490905724185,-0.303752330854055,
35.9999999999999));
#1486=CARTESIAN_POINT('Ctrl Pts',(-5.60648550527036,-0.449185991996707,
35.9999999999999));
#1487=CARTESIAN_POINT('Ctrl Pts',(-5.56367765461319,-0.497663879044258,
35.9999999999999));
#1488=CARTESIAN_POINT('Ctrl Pts',(-5.52178479718435,-0.546769286975493,
35.9999999999999));
#1489=CARTESIAN_POINT('Ctrl Pts',(-5.48129361423388,-0.597399765679222,
35.9999999999999));
#1490=CARTESIAN_POINT('Ctrl Pts',(-5.15736415063013,-1.00244359530905,35.9999999999999));
#1491=CARTESIAN_POINT('Ctrl Pts',(-4.92314185364239,-1.50509195437846,35.9999999999999));
#1492=CARTESIAN_POINT('Ctrl Pts',(-4.84608633927643,-2.06907583673194,35.9999999999999));
#1493=CARTESIAN_POINT('Ctrl Pts',(-4.80755858209345,-2.35106777790869,35.9999999999999));
#1494=CARTESIAN_POINT('Ctrl Pts',(-4.80832252056592,-2.64839359990644,35.9999999999999));
#1495=CARTESIAN_POINT('Ctrl Pts',(-4.84667775814484,-2.93173381785603,35.9999999999999));
#1496=CARTESIAN_POINT('Ctrl Pts',(-4.88503299572376,-3.21507403580563,35.9999999999999));
#1497=CARTESIAN_POINT('Ctrl Pts',(-4.96097953240912,-3.48442864970705,35.9999999999999));
#1498=CARTESIAN_POINT('Ctrl Pts',(-5.06965520869781,-3.73044504142961,35.9999999999999));
#1499=CARTESIAN_POINT('Ctrl Pts',(-5.17833088498649,-3.97646143315216,35.9999999999999));
#1500=CARTESIAN_POINT('Ctrl Pts',(-5.31973570087849,-4.19913960269584,35.9999999999999));
#1501=CARTESIAN_POINT('Ctrl Pts',(-5.48147485904747,-4.40246264734022,35.9999999999999));
#1502=CARTESIAN_POINT('Ctrl Pts',(-5.64321401721644,-4.60578569198459,35.9999999999999));
#1503=CARTESIAN_POINT('Ctrl Pts',(-5.82528751766239,-4.78975361172967,35.9999999999999));
#1504=CARTESIAN_POINT('Ctrl Pts',(-6.01040764008565,-4.97487373415293,35.9999999999999));
#1505=CARTESIAN_POINT('Origin',(-10.4280209908108,4.392487084878,50.9999999999999));
#1506=CARTESIAN_POINT('',(-10.4280209908108,4.392487084878,35.9999999999999));
#1507=CARTESIAN_POINT('',(-10.4280209908108,4.392487084878,50.9999999999999));
#1508=CARTESIAN_POINT('',(-6.09789397188856,0.0623600659558075,35.9999999999999));
#1509=CARTESIAN_POINT('Ctrl Pts',(-2.47487373415292,3.51040764008564,40.9999999999999));
#1510=CARTESIAN_POINT('Ctrl Pts',(-2.47487373415292,3.51040764008564,39.3333333333333));
#1511=CARTESIAN_POINT('Ctrl Pts',(-2.47487373415292,3.51040764008564,37.6666666666666));
#1512=CARTESIAN_POINT('Ctrl Pts',(-2.47487373415292,3.51040764008564,35.9999999999999));
#1513=CARTESIAN_POINT('Ctrl Pts',(-2.28975361172966,3.32528751766237,40.9999999999999));
#1514=CARTESIAN_POINT('Ctrl Pts',(-2.28975361172966,3.32528751766237,39.3333333333333));
#1515=CARTESIAN_POINT('Ctrl Pts',(-2.28975361172966,3.32528751766237,37.6666666666666));
#1516=CARTESIAN_POINT('Ctrl Pts',(-2.28975361172966,3.32528751766237,35.9999999999999));
#1517=CARTESIAN_POINT('Ctrl Pts',(-1.92181156686726,2.96113525493742,40.9999999999999));
#1518=CARTESIAN_POINT('Ctrl Pts',(-1.92181156686726,2.96113525493742,39.3333333333333));
#1519=CARTESIAN_POINT('Ctrl Pts',(-1.92181156686726,2.96113525493742,37.6666666666666));
#1520=CARTESIAN_POINT('Ctrl Pts',(-1.92181156686726,2.96113525493742,35.9999999999999));
#1521=CARTESIAN_POINT('Ctrl Pts',(-1.25375753067662,2.53691537955406,40.9999999999999));
#1522=CARTESIAN_POINT('Ctrl Pts',(-1.25375753067662,2.53691537955406,39.3333333333333));
#1523=CARTESIAN_POINT('Ctrl Pts',(-1.25375753067662,2.53691537955406,37.6666666666666));
#1524=CARTESIAN_POINT('Ctrl Pts',(-1.25375753067662,2.53691537955406,35.9999999999999));
#1525=CARTESIAN_POINT('Ctrl Pts',(-0.445680528068337,2.30906996777915,41.));
#1526=CARTESIAN_POINT('Ctrl Pts',(-0.445680528068337,2.30906996777915,39.3333333333333));
#1527=CARTESIAN_POINT('Ctrl Pts',(-0.445680528068337,2.30906996777915,37.6666666666666));
#1528=CARTESIAN_POINT('Ctrl Pts',(-0.445680528068337,2.30906996777915,35.9999999999999));
#1529=CARTESIAN_POINT('Ctrl Pts',(0.743633309081501,2.30601134384846,40.9999999999999));
#1530=CARTESIAN_POINT('Ctrl Pts',(0.743633309081501,2.30601134384846,39.3333333333333));
#1531=CARTESIAN_POINT('Ctrl Pts',(0.743633309081501,2.30601134384846,37.6666666666666));
#1532=CARTESIAN_POINT('Ctrl Pts',(0.743633309081501,2.30601134384846,35.9999999999999));
#1533=CARTESIAN_POINT('Ctrl Pts',(1.56042322990256,2.68662826552532,41.));
#1534=CARTESIAN_POINT('Ctrl Pts',(1.56042322990256,2.68662826552532,39.3333333333333));
#1535=CARTESIAN_POINT('Ctrl Pts',(1.56042322990256,2.68662826552532,37.6666666666666));
#1536=CARTESIAN_POINT('Ctrl Pts',(1.56042322990256,2.68662826552532,35.9999999999999));
#1537=CARTESIAN_POINT('Ctrl Pts',(2.14967290215757,3.18934832069212,40.9999999999999));
#1538=CARTESIAN_POINT('Ctrl Pts',(2.14967290215757,3.18934832069212,39.3333333333333));
#1539=CARTESIAN_POINT('Ctrl Pts',(2.14967290215757,3.18934832069212,37.6666666666666));
#1540=CARTESIAN_POINT('Ctrl Pts',(2.14967290215757,3.18934832069212,35.9999999999999));
#1541=CARTESIAN_POINT('Ctrl Pts',(2.33603364233546,3.37156754826819,40.9999999999999));
#1542=CARTESIAN_POINT('Ctrl Pts',(2.33603364233546,3.37156754826819,39.3333333333333));
#1543=CARTESIAN_POINT('Ctrl Pts',(2.33603364233546,3.37156754826819,37.6666666666666));
#1544=CARTESIAN_POINT('Ctrl Pts',(2.33603364233546,3.37156754826819,35.9999999999999));
#1545=CARTESIAN_POINT('Ctrl Pts',(2.47487373415291,3.51040764008564,40.9999999999999));
#1546=CARTESIAN_POINT('Ctrl Pts',(2.47487373415291,3.51040764008564,39.3333333333333));
#1547=CARTESIAN_POINT('Ctrl Pts',(2.47487373415291,3.51040764008564,37.6666666666666));
#1548=CARTESIAN_POINT('Ctrl Pts',(2.47487373415291,3.51040764008564,35.9999999999999));
#1549=CARTESIAN_POINT('',(2.47487373415292,3.51040764008564,35.9999999999999));
#1550=CARTESIAN_POINT('',(2.47487373415292,3.51040764008564,50.9999999999999));
#1551=CARTESIAN_POINT('Ctrl Pts',(2.47487373415291,3.51040764008564,35.9999999999999));
#1552=CARTESIAN_POINT('Ctrl Pts',(2.33603364233546,3.37156754826819,35.9999999999999));
#1553=CARTESIAN_POINT('Ctrl Pts',(2.19626308720204,3.23490312758614,35.9999999999999));
#1554=CARTESIAN_POINT('Ctrl Pts',(2.05083613487087,3.10647701207185,35.9999999999999));
#1555=CARTESIAN_POINT('Ctrl Pts',(2.00236048409381,3.06366830690042,35.9999999999999));
#1556=CARTESIAN_POINT('Ctrl Pts',(1.95325634473923,3.02177496896986,35.9999999999999));
#1557=CARTESIAN_POINT('Ctrl Pts',(1.90262711043412,2.9812833102822,35.9999999999999));
#1558=CARTESIAN_POINT('Ctrl Pts',(1.49759323599325,2.65735004078095,35.9999999999999));
#1559=CARTESIAN_POINT('Ctrl Pts',(0.99495328471875,2.42312424282596,35.9999999999999));
#1560=CARTESIAN_POINT('Ctrl Pts',(0.430968688577305,2.34606851815119,35.9999999999999));
#1561=CARTESIAN_POINT('Ctrl Pts',(0.148976390506582,2.3075406558138,35.9999999999999));
#1562=CARTESIAN_POINT('Ctrl Pts',(-0.148352068780878,2.30830531179648,35.9999999999999));
#1563=CARTESIAN_POINT('Ctrl Pts',(-0.431695798859322,2.34666187508363,35.9999999999999));
#1564=CARTESIAN_POINT('Ctrl Pts',(-0.715039528937767,2.38501843837079,35.9999999999999));
#1565=CARTESIAN_POINT('Ctrl Pts',(-0.984398529807196,2.46096690896242,35.9999999999999));
#1566=CARTESIAN_POINT('Ctrl Pts',(-1.23042036960702,2.56964445682214,35.9999999999999));
#1567=CARTESIAN_POINT('Ctrl Pts',(-1.47644220940684,2.67832200468185,35.9999999999999));
#1568=CARTESIAN_POINT('Ctrl Pts',(-1.69912688813705,2.81972862980964,35.9999999999999));
#1569=CARTESIAN_POINT('Ctrl Pts',(-1.90245473871775,2.98147000805477,35.9999999999999));
#1570=CARTESIAN_POINT('Ctrl Pts',(-2.10578258929846,3.1432113862999,35.9999999999999));
#1571=CARTESIAN_POINT('Ctrl Pts',(-2.28975361172966,3.32528751766237,35.9999999999999));
#1572=CARTESIAN_POINT('Ctrl Pts',(-2.47487373415292,3.51040764008564,35.9999999999999));
#1573=CARTESIAN_POINT('Origin',(6.89248708487801,7.92802099081074,50.9999999999999));
#1574=CARTESIAN_POINT('',(6.89248708487801,7.92802099081074,35.9999999999999));
#1575=CARTESIAN_POINT('',(6.89248708487801,7.92802099081074,50.9999999999999));
#1576=CARTESIAN_POINT('',(2.56236006595582,3.59789397188854,35.9999999999999));
#1577=CARTESIAN_POINT('Ctrl Pts',(0.674986396178416,-22.1884689846665,47.3395496873852));
#1578=CARTESIAN_POINT('Ctrl Pts',(0.699661518347055,-22.0202725816303,47.327116127104));
#1579=CARTESIAN_POINT('Ctrl Pts',(0.784652972215297,-21.7062575290443,47.2822773004239));
#1580=CARTESIAN_POINT('Ctrl Pts',(0.996391879927725,-21.1556614059997,47.1356146070812));
#1581=CARTESIAN_POINT('Ctrl Pts',(1.21449549707072,-20.6799851893578,46.9097216150746));
#1582=CARTESIAN_POINT('Ctrl Pts',(1.36502106062328,-20.3581752007163,46.6341975254546));
#1583=CARTESIAN_POINT('Ctrl Pts',(1.43198377871102,-20.2165995570269,46.4544247504771));
#1584=CARTESIAN_POINT('Ctrl Pts',(1.4830338769833,-20.1087178029574,46.2615325784368));
#1585=CARTESIAN_POINT('Ctrl Pts',(1.51127933467562,-20.0490981706024,46.0004366190404));
#1586=CARTESIAN_POINT('Ctrl Pts',(1.46605058887993,-20.144690498112,45.5811568828732));
#1587=CARTESIAN_POINT('Ctrl Pts',(1.32742634610919,-20.4365628175468,45.2752175604227));
#1588=CARTESIAN_POINT('Ctrl Pts',(1.13291631575853,-20.8590533444454,45.0059748311315));
#1589=CARTESIAN_POINT('Ctrl Pts',(0.969807228555426,-21.2243704307504,44.845820536903));
#1590=CARTESIAN_POINT('Ctrl Pts',(0.78467877576104,-21.7064993077857,44.7177980658909));
#1591=CARTESIAN_POINT('Ctrl Pts',(0.699662602200817,-22.02026519361,44.6728844190395));
#1592=CARTESIAN_POINT('Ctrl Pts',(0.674986396178417,-22.1884689846665,44.6604503126146));
#1593=CARTESIAN_POINT('Ctrl Pts',(0.715077294340455,-22.2007604031865,47.3193482636346));
#1594=CARTESIAN_POINT('Ctrl Pts',(0.741073061433489,-22.0399265044351,47.3053224938437));
#1595=CARTESIAN_POINT('Ctrl Pts',(0.829897399146408,-21.7399342616334,47.254897768667));
#1596=CARTESIAN_POINT('Ctrl Pts',(1.04715607483204,-21.2167179745659,47.0926708365473));
#1597=CARTESIAN_POINT('Ctrl Pts',(1.26056229488924,-20.7719144033305,46.8478079764737));
#1598=CARTESIAN_POINT('Ctrl Pts',(1.39311756636473,-20.4822958244351,46.5718379256474));
#1599=CARTESIAN_POINT('Ctrl Pts',(1.44806096079698,-20.3583493600148,46.401758368658));
#1600=CARTESIAN_POINT('Ctrl Pts',(1.48781180321735,-20.2657274856467,46.2257610758307));
#1601=CARTESIAN_POINT('Ctrl Pts',(1.50740168732202,-20.2166951856981,46.0003405262068));
#1602=CARTESIAN_POINT('Ctrl Pts',(1.47624446846042,-20.2951367927329,45.6386422766704));
#1603=CARTESIAN_POINT('Ctrl Pts',(1.36317475470242,-20.5502091154395,45.3403372525286));
#1604=CARTESIAN_POINT('Ctrl Pts',(1.18073761270853,-20.9394341731625,45.0604289595141));
#1605=CARTESIAN_POINT('Ctrl Pts',(1.02002297999242,-21.2818649350054,44.8870003330384));
#1606=CARTESIAN_POINT('Ctrl Pts',(0.829921006825962,-21.7401800395326,44.7450904823666));
#1607=CARTESIAN_POINT('Ctrl Pts',(0.741074203296527,-22.0399194398125,44.6946781222375));
#1608=CARTESIAN_POINT('Ctrl Pts',(0.715077294340456,-22.2007604031865,44.6806517363653));
#1609=CARTESIAN_POINT('Ctrl Pts',(0.798188762462641,-22.2253427011069,47.2847638956916));
#1610=CARTESIAN_POINT('Ctrl Pts',(0.827409243727923,-22.0792334002238,47.2684460671238));
#1611=CARTESIAN_POINT('Ctrl Pts',(0.926066874168275,-21.8072788137981,47.2099460516273));
#1612=CARTESIAN_POINT('Ctrl Pts',(1.16314193166108,-21.3387975448421,47.0250073550247));
#1613=CARTESIAN_POINT('Ctrl Pts',(1.38510978975722,-20.955643740556,46.7512045798527));
#1614=CARTESIAN_POINT('Ctrl Pts',(1.50424614811813,-20.730207967941,46.4735294129254));
#1615=CARTESIAN_POINT('Ctrl Pts',(1.54745946452891,-20.6413799126937,46.3182155308486));
#1616=CARTESIAN_POINT('Ctrl Pts',(1.57517202071973,-20.5791441968004,46.168590549998));
#1617=CARTESIAN_POINT('Ctrl Pts',(1.58447779725058,-20.551178186138,46.0002393569645));
#1618=CARTESIAN_POINT('Ctrl Pts',(1.57011044724308,-20.5954934068747,45.730469509114));
#1619=CARTESIAN_POINT('Ctrl Pts',(1.48200245928032,-20.7772670271021,45.4424358642149));
#1620=CARTESIAN_POINT('Ctrl Pts',(1.30201870426065,-21.1001072730778,45.1456154249634));
#1621=CARTESIAN_POINT('Ctrl Pts',(1.1337543028258,-21.3968229250865,44.9521110890323));
#1622=CARTESIAN_POINT('Ctrl Pts',(0.926072997197389,-21.8075332902021,44.7899004127744));
#1623=CARTESIAN_POINT('Ctrl Pts',(0.827410527236403,-22.0792269823786,44.731554649636));
#1624=CARTESIAN_POINT('Ctrl Pts',(0.798188762462642,-22.2253427011069,44.7152361043082));
#1625=CARTESIAN_POINT('Ctrl Pts',(0.951054137028801,-22.2675259166498,47.2457511535691));
#1626=CARTESIAN_POINT('Ctrl Pts',(0.987388815681435,-22.1465483016287,47.2288027850792));
#1627=CARTESIAN_POINT('Ctrl Pts',(1.10877756622018,-21.9217010759754,47.1680885383143));
#1628=CARTESIAN_POINT('Ctrl Pts',(1.40349179825915,-21.5395158480498,46.9772571155395));
#1629=CARTESIAN_POINT('Ctrl Pts',(1.6894926906502,-21.2415200472236,46.6963654083985));
#1630=CARTESIAN_POINT('Ctrl Pts',(1.85565374872894,-21.0892763011651,46.4228893883922));
#1631=CARTESIAN_POINT('Ctrl Pts',(1.91987265512943,-21.0371625738625,46.276629854183));
#1632=CARTESIAN_POINT('Ctrl Pts',(1.96358999311963,-21.0052443021729,46.1409526839135));
#1633=CARTESIAN_POINT('Ctrl Pts',(1.9815396409509,-20.9967188263832,46.0001954310435));
#1634=CARTESIAN_POINT('Ctrl Pts',(1.95335663939763,-21.0096524750691,45.7748006488435));
#1635=CARTESIAN_POINT('Ctrl Pts',(1.82131151804731,-21.114939158421,45.4961140990364));
#1636=CARTESIAN_POINT('Ctrl Pts',(1.58234275651999,-21.3539638042195,45.1975512489181));
#1637=CARTESIAN_POINT('Ctrl Pts',(1.36691236448245,-21.5866113102217,44.9992389429337));
#1638=CARTESIAN_POINT('Ctrl Pts',(1.10876404972997,-21.9219249561801,44.831697477503));
#1639=CARTESIAN_POINT('Ctrl Pts',(0.987390411680751,-22.1465429876918,44.7711979593771));
#1640=CARTESIAN_POINT('Ctrl Pts',(0.951054137028802,-22.2675259166498,44.7542488464308));
#1641=CARTESIAN_POINT('Ctrl Pts',(1.06421479482746,-22.2961734537753,47.2378053550922));
#1642=CARTESIAN_POINT('Ctrl Pts',(1.10639159248246,-22.1920217065785,47.2235519878194));
#1643=CARTESIAN_POINT('Ctrl Pts',(1.24688535831414,-21.9972105952893,47.1724014682849));
#1644=CARTESIAN_POINT('Ctrl Pts',(1.59481045399009,-21.660047359924,47.0092881331187));
#1645=CARTESIAN_POINT('Ctrl Pts',(1.95238473773887,-21.383677905717,46.7658658016128));
#1646=CARTESIAN_POINT('Ctrl Pts',(2.19221550059301,-21.221167180882,46.5041724034947));
#1647=CARTESIAN_POINT('Ctrl Pts',(2.29608907613546,-21.156837993848,46.3489030446551));
#1648=CARTESIAN_POINT('Ctrl Pts',(2.37373312600405,-21.1115583004544,46.1923581995077));
#1649=CARTESIAN_POINT('Ctrl Pts',(2.41469941935574,-21.090842456691,46.0002764330657));
#1650=CARTESIAN_POINT('Ctrl Pts',(2.34928823631803,-21.1236985476233,45.6923073944669));
#1651=CARTESIAN_POINT('Ctrl Pts',(2.134149079378,-21.2552598216892,45.4143357909123));
#1652=CARTESIAN_POINT('Ctrl Pts',(1.8184833420373,-21.4878625126475,45.1427200810605));
#1653=CARTESIAN_POINT('Ctrl Pts',(1.55129599558144,-21.7018213447347,44.9703919354668));
#1654=CARTESIAN_POINT('Ctrl Pts',(1.24688811165416,-21.9973864355983,44.8275389137151));
#1655=CARTESIAN_POINT('Ctrl Pts',(1.10639344509662,-22.1920171317171,44.7764486382591));
#1656=CARTESIAN_POINT('Ctrl Pts',(1.06421479482746,-22.2961734537753,44.7621946449077));
#1657=CARTESIAN_POINT('Ctrl Pts',(1.1320615900884,-22.3124521898924,47.240323784616));
#1658=CARTESIAN_POINT('Ctrl Pts',(1.17770322776356,-22.2177073025541,47.2288112288));
#1659=CARTESIAN_POINT('Ctrl Pts',(1.32951017578585,-22.038834857282,47.1872937966888));
#1660=CARTESIAN_POINT('Ctrl Pts',(1.70857241360437,-21.7192606378844,47.0514950065566));
#1661=CARTESIAN_POINT('Ctrl Pts',(2.10673172832561,-21.4352275436528,46.8423348287728));
#1662=CARTESIAN_POINT('Ctrl Pts',(2.38705740533519,-21.2389527434806,46.5872199309765));
#1663=CARTESIAN_POINT('Ctrl Pts',(2.51260208832461,-21.1519002682837,46.4207636578492));
#1664=CARTESIAN_POINT('Ctrl Pts',(2.60875170456565,-21.0852492693999,46.2421597948489));
#1665=CARTESIAN_POINT('Ctrl Pts',(2.66227544182877,-21.0481684215381,46.0004042768893));
#1666=CARTESIAN_POINT('Ctrl Pts',(2.57655023798,-21.1076286805356,45.6121822989567));
#1667=CARTESIAN_POINT('Ctrl Pts',(2.31611099073305,-21.2875396527733,45.3289051485395));
#1668=CARTESIAN_POINT('Ctrl Pts',(1.95768718666999,-21.5421702176599,45.0796063251217));
#1669=CARTESIAN_POINT('Ctrl Pts',(1.66100105870744,-21.7591422932153,44.9313153119471));
#1670=CARTESIAN_POINT('Ctrl Pts',(1.32952791920431,-22.0389831495694,44.8127759869361));
#1671=CARTESIAN_POINT('Ctrl Pts',(1.17770523257068,-22.2177031408887,44.7711892768885));
#1672=CARTESIAN_POINT('Ctrl Pts',(1.1320615900884,-22.3124521898924,44.7596762153839));
#1673=CARTESIAN_POINT('',(0.890592429943375,-22.2233818630282,44.7393951756246));
#1674=CARTESIAN_POINT('',(1.2293216549887,-22.1637785170713,44.7859999999999));
#1675=CARTESIAN_POINT('Ctrl Pts',(0.890592429943375,-22.2233818630282,44.7393951756246));
#1676=CARTESIAN_POINT('Ctrl Pts',(0.895669830978902,-22.2219331484424,44.7407694991694));
#1677=CARTESIAN_POINT('Ctrl Pts',(0.900760162762378,-22.2205067924353,44.7421157045382));
#1678=CARTESIAN_POINT('Ctrl Pts',(1.01552183739338,-22.1889342258179,44.7717555309873));
#1679=CARTESIAN_POINT('Ctrl Pts',(1.12693134526182,-22.1701796583829,44.7859999999999));
#1680=CARTESIAN_POINT('Ctrl Pts',(1.22932165498873,-22.1637785170712,44.7859999999999));
#1681=CARTESIAN_POINT('',(1.22932165497025,-22.1637785170828,47.2140000000051));
#1682=CARTESIAN_POINT('Ctrl Pts',(1.22910200670335,-22.1636812125032,44.785986855322));
#1683=CARTESIAN_POINT('Ctrl Pts',(1.26236973807643,-22.122628422377,44.7955342527079));
#1684=CARTESIAN_POINT('Ctrl Pts',(1.29965334023295,-22.0826522895689,44.8067334637073));
#1685=CARTESIAN_POINT('Ctrl Pts',(1.33891485889499,-22.043680787046,44.819315525741));
#1686=CARTESIAN_POINT('Ctrl Pts',(1.41349294218292,-21.969653595535,44.8432154181105));
#1687=CARTESIAN_POINT('Ctrl Pts',(1.49520629122777,-21.8992500907721,44.8721055162023));
#1688=CARTESIAN_POINT('Ctrl Pts',(1.57893551736568,-21.8313538454775,44.9057697216393));
#1689=CARTESIAN_POINT('Ctrl Pts',(1.59100696162635,-21.8215650802114,44.9106231712442));
#1690=CARTESIAN_POINT('Ctrl Pts',(1.60312038862704,-21.8118284617044,44.9155758460232));
#1691=CARTESIAN_POINT('Ctrl Pts',(1.61526053318902,-21.8021406688548,44.9206270888354));
#1692=CARTESIAN_POINT('Ctrl Pts',(1.65926749529677,-21.7670232671908,44.9389374021846));
#1693=CARTESIAN_POINT('Ctrl Pts',(1.7036253630243,-21.7325474634375,44.9585429352877));
#1694=CARTESIAN_POINT('Ctrl Pts',(1.74794258184884,-21.6987934184983,44.979455928713));
#1695=CARTESIAN_POINT('Ctrl Pts',(1.81485228484793,-21.6478318919901,45.0110301613933));
#1696=CARTESIAN_POINT('Ctrl Pts',(1.88174624875154,-21.5984132185786,45.0456564601666));
#1697=CARTESIAN_POINT('Ctrl Pts',(1.94713286555469,-21.5509133927906,45.0833422355462));
#1698=CARTESIAN_POINT('Ctrl Pts',(1.98057699061499,-21.5266180523728,45.1026178586998));
#1699=CARTESIAN_POINT('Ctrl Pts',(2.0136267166043,-21.5028244505647,45.1226931619903));
#1700=CARTESIAN_POINT('Ctrl Pts',(2.04608433775804,-21.4795805589032,45.1435645378153));
#1701=CARTESIAN_POINT('Ctrl Pts',(2.0920817783816,-21.4466403898904,45.1731424870339));
#1702=CARTESIAN_POINT('Ctrl Pts',(2.13688927973822,-21.4148047757714,45.2043199694138));
#1703=CARTESIAN_POINT('Ctrl Pts',(2.18012427103869,-21.3842376255451,45.2373060501011));
#1704=CARTESIAN_POINT('Ctrl Pts',(2.21321067202682,-21.3608455313401,45.2625492769371));
#1705=CARTESIAN_POINT('Ctrl Pts',(2.24537612903492,-21.3381963317267,45.2888511685271));
#1706=CARTESIAN_POINT('Ctrl Pts',(2.27629457135485,-21.3164968366284,45.3161309828747));
#1707=CARTESIAN_POINT('Ctrl Pts',(2.33230320039402,-21.2771882919507,45.3655482525496));
#1708=CARTESIAN_POINT('Ctrl Pts',(2.3844320444725,-21.2408190669698,45.4183983355784));
#1709=CARTESIAN_POINT('Ctrl Pts',(2.43073954064533,-21.2086173465262,45.4743828122264));
#1710=CARTESIAN_POINT('Ctrl Pts',(2.47416901399301,-21.1784169713096,45.5268878392179));
#1711=CARTESIAN_POINT('Ctrl Pts',(2.51247845277841,-21.1518821566573,45.5821497116726));
#1712=CARTESIAN_POINT('Ctrl Pts',(2.54402601525588,-21.1300522160911,45.6399219414604));
#1713=CARTESIAN_POINT('Ctrl Pts',(2.54611663708224,-21.1286055702448,45.6437504427792));
#1714=CARTESIAN_POINT('Ctrl Pts',(2.54817754742586,-21.127179596464,45.6475899685915));
#1715=CARTESIAN_POINT('Ctrl Pts',(2.5502082613581,-21.1257746017135,45.651440447234));
#1716=CARTESIAN_POINT('Ctrl Pts',(2.56116724165849,-21.1181923866372,45.6722199961999));
#1717=CARTESIAN_POINT('Ctrl Pts',(2.57122623990912,-21.1112353695997,45.6932791823298));
#1718=CARTESIAN_POINT('Ctrl Pts',(2.58032099609752,-21.1049430231408,45.7146109828634));
#1719=CARTESIAN_POINT('Ctrl Pts',(2.59868395268436,-21.0922383301881,45.7576813982766));
#1720=CARTESIAN_POINT('Ctrl Pts',(2.61311905462957,-21.0822412015565,45.8018620733821));
#1721=CARTESIAN_POINT('Ctrl Pts',(2.62327818025002,-21.0751969261265,45.8466403966233));
#1722=CARTESIAN_POINT('Ctrl Pts',(2.632820525048,-21.068580322738,45.8887001383577));
#1723=CARTESIAN_POINT('Ctrl Pts',(2.63859045415497,-21.0645688659271,45.9312881392582));
#1724=CARTESIAN_POINT('Ctrl Pts',(2.64025920030873,-21.0633934247587,45.9739850224821));
#1725=CARTESIAN_POINT('Ctrl Pts',(2.64036706170412,-21.0633174487186,45.976744786388));
#1726=CARTESIAN_POINT('Ctrl Pts',(2.6404577739016,-21.0632533313258,45.9795050043806));
#1727=CARTESIAN_POINT('Ctrl Pts',(2.64053124172218,-21.0632011392417,45.9822655626726));
#1728=CARTESIAN_POINT('Ctrl Pts',(2.64069057804333,-21.0630879455387,45.9882526356399));
#1729=CARTESIAN_POINT('Ctrl Pts',(2.64076964185173,-21.0630307330379,45.9942404193264));
#1730=CARTESIAN_POINT('Ctrl Pts',(2.64076747889014,-21.0630301445091,46.0002276220561));
#1731=CARTESIAN_POINT('Ctrl Pts',(2.64074441202947,-21.0630238681558,46.0640780259351));
#1732=CARTESIAN_POINT('Ctrl Pts',(2.6314824130195,-21.0694578956351,46.1278665097157));
#1733=CARTESIAN_POINT('Ctrl Pts',(2.61394690121335,-21.0816279324692,46.1902261644253));
#1734=CARTESIAN_POINT('Ctrl Pts',(2.60488377868026,-21.0879179419243,46.2224563723601));
#1735=CARTESIAN_POINT('Ctrl Pts',(2.59361076975664,-21.0957400874637,46.254303999166));
#1736=CARTESIAN_POINT('Ctrl Pts',(2.58026372091784,-21.1049947739911,46.2855758902519));
#1737=CARTESIAN_POINT('Ctrl Pts',(2.57614259828782,-21.107852311904,46.295231605129));
#1738=CARTESIAN_POINT('Ctrl Pts',(2.57182376087029,-21.1108464060459,46.3048324172415));
#1739=CARTESIAN_POINT('Ctrl Pts',(2.56731418601761,-21.1139720534193,46.3143754974198));
#1740=CARTESIAN_POINT('Ctrl Pts',(2.55039187163478,-21.1257011385835,46.3501861909407));
#1741=CARTESIAN_POINT('Ctrl Pts',(2.53080171024668,-21.1392813829323,46.3851888888329));
#1742=CARTESIAN_POINT('Ctrl Pts',(2.50892228203026,-21.1544505724666,46.4192434400514));
#1743=CARTESIAN_POINT('Ctrl Pts',(2.48120882069301,-21.1736645456801,46.4623784561595));
#1744=CARTESIAN_POINT('Ctrl Pts',(2.44982247836541,-21.1954278183687,46.5039922560359));
#1745=CARTESIAN_POINT('Ctrl Pts',(2.41555023527701,-21.2192812836241,46.5438802470789));
#1746=CARTESIAN_POINT('Ctrl Pts',(2.38439394952072,-21.2409660440249,46.5801417092767));
#1747=CARTESIAN_POINT('Ctrl Pts',(2.35085265824016,-21.2643781935547,46.6149768972066));
#1748=CARTESIAN_POINT('Ctrl Pts',(2.31540159516217,-21.2891984050634,46.6483882734004));
#1749=CARTESIAN_POINT('Ctrl Pts',(2.27285969030758,-21.3189830993657,46.688482517795));
#1750=CARTESIAN_POINT('Ctrl Pts',(2.22755866831725,-21.3508088475518,46.7265456383206));
#1751=CARTESIAN_POINT('Ctrl Pts',(2.18032384288731,-21.3841212014244,46.7625696719115));
#1752=CARTESIAN_POINT('Ctrl Pts',(2.09426509830376,-21.4448141187223,46.828203091268));
#1753=CARTESIAN_POINT('Ctrl Pts',(2.0017862478486,-21.5104428163513,46.887065248402));
#1754=CARTESIAN_POINT('Ctrl Pts',(1.90690847146786,-21.579963955754,46.9394836559907));
#1755=CARTESIAN_POINT('Ctrl Pts',(1.87672068786112,-21.6020838788007,46.956161908851));
#1756=CARTESIAN_POINT('Ctrl Pts',(1.84629024378965,-21.6245976503562,46.9721881469454));
#1757=CARTESIAN_POINT('Ctrl Pts',(1.81574689453613,-21.6474712220317,46.9875738154415));
#1758=CARTESIAN_POINT('Ctrl Pts',(1.7490767000055,-21.6973997829293,47.021157739166));
#1759=CARTESIAN_POINT('Ctrl Pts',(1.68185759964122,-21.7490545683522,47.0516989081874));
#1760=CARTESIAN_POINT('Ctrl Pts',(1.61539827722496,-21.8021159531643,47.0793312551187));
#1761=CARTESIAN_POINT('Ctrl Pts',(1.51905234209388,-21.8790389272965,47.1193898083536));
#1762=CARTESIAN_POINT('Ctrl Pts',(1.42430009153003,-21.9589171372691,47.1533362916822));
#1763=CARTESIAN_POINT('Ctrl Pts',(1.33894121850759,-22.0436061911753,47.1806983059501));
#1764=CARTESIAN_POINT('Ctrl Pts',(1.31775032205945,-22.0646308006631,47.18749110429));
#1765=CARTESIAN_POINT('Ctrl Pts',(1.29713855053446,-22.0859520146497,47.1938779650015));
#1766=CARTESIAN_POINT('Ctrl Pts',(1.27742494241558,-22.1075789686158,47.1998181524257));
#1767=CARTESIAN_POINT('Ctrl Pts',(1.26367478850137,-22.1226636727417,47.2039614067133));
#1768=CARTESIAN_POINT('Ctrl Pts',(1.25036160301779,-22.1378971211557,47.2078873511647));
#1769=CARTESIAN_POINT('Ctrl Pts',(1.23759386581789,-22.1532824398225,47.2115821106603));
#1770=CARTESIAN_POINT('Ctrl Pts',(1.23472796180212,-22.1567358980087,47.2124114530809));
#1771=CARTESIAN_POINT('Ctrl Pts',(1.2318896595884,-22.1601968574033,47.2132291134288));
#1772=CARTESIAN_POINT('Ctrl Pts',(1.22907944855154,-22.1636662775188,47.2140351454322));
#1773=CARTESIAN_POINT('',(0.890592429943374,-22.2233818630282,47.2606048243752));
#1774=CARTESIAN_POINT('Ctrl Pts',(1.22886789237393,-22.1639275413537,47.2140958177749));
#1775=CARTESIAN_POINT('Ctrl Pts',(1.20798993359504,-22.1652409780944,47.2140860693426));
#1776=CARTESIAN_POINT('Ctrl Pts',(1.18709957651086,-22.1670458966983,47.2146736761765));
#1777=CARTESIAN_POINT('Ctrl Pts',(1.16632473007724,-22.1692816778261,47.2157941243154));
#1778=CARTESIAN_POINT('Ctrl Pts',(1.16194603192789,-22.1697529116674,47.2160302802941));
#1779=CARTESIAN_POINT('Ctrl Pts',(1.15757231544674,-22.1702431814256,47.2162900858596));
#1780=CARTESIAN_POINT('Ctrl Pts',(1.15320453525298,-22.1707517405475,47.2165729154406));
#1781=CARTESIAN_POINT('Ctrl Pts',(1.13231248614858,-22.17318429019,47.2179257512592));
#1782=CARTESIAN_POINT('Ctrl Pts',(1.11146423295827,-22.1760483709816,47.2198118592332));
#1783=CARTESIAN_POINT('Ctrl Pts',(1.09076440921283,-22.1793006043624,47.2221824710096));
#1784=CARTESIAN_POINT('Ctrl Pts',(1.08567653015266,-22.1800999817059,47.222765151624));
#1785=CARTESIAN_POINT('Ctrl Pts',(1.08059743344421,-22.1809226488455,47.2233770867125));
#1786=CARTESIAN_POINT('Ctrl Pts',(1.07552831076112,-22.1817676284517,47.2240175410136));
#1787=CARTESIAN_POINT('Ctrl Pts',(1.05373354738864,-22.185400630003,47.2267711831756));
#1788=CARTESIAN_POINT('Ctrl Pts',(1.03201303478386,-22.1894541890408,47.2300646824461));
#1789=CARTESIAN_POINT('Ctrl Pts',(1.01046233074689,-22.1939230174607,47.2338654275534));
#1790=CARTESIAN_POINT('Ctrl Pts',(0.988911626709918,-22.1983918458805,47.2376661726607));
#1791=CARTESIAN_POINT('Ctrl Pts',(0.967530500586443,-22.2032765609049,47.2419734191459));
#1792=CARTESIAN_POINT('Ctrl Pts',(0.946381576087249,-22.2085291485114,47.2467551407831));
#1793=CARTESIAN_POINT('Ctrl Pts',(0.942768680187792,-22.2094264542929,47.2475720079716));
#1794=CARTESIAN_POINT('Ctrl Pts',(0.939162488650925,-22.2103343827891,47.2484027382331));
#1795=CARTESIAN_POINT('Ctrl Pts',(0.935563222936187,-22.2112525538713,47.2492471709649));
#1796=CARTESIAN_POINT('Ctrl Pts',(0.920473419990592,-22.2151019558883,47.2527874273764));
#1797=CARTESIAN_POINT('Ctrl Pts',(0.905468920459968,-22.2191574756194,47.2565785089428));
#1798=CARTESIAN_POINT('Ctrl Pts',(0.890578028889786,-22.223395356345,47.2606098721733));
#1799=CARTESIAN_POINT('',(0.674833694566885,-22.1884312700665,47.3392509477266));
#1800=CARTESIAN_POINT('Ctrl Pts',(0.890578028889786,-22.223395356345,47.2606098721733));
#1801=CARTESIAN_POINT('Ctrl Pts',(0.865442077300277,-22.214677381825,47.2663083578858));
#1802=CARTESIAN_POINT('Ctrl Pts',(0.840213560625859,-22.2074564198842,47.2732787605737));
#1803=CARTESIAN_POINT('Ctrl Pts',(0.81488606881579,-22.2018693030877,47.281521496058));
#1804=CARTESIAN_POINT('Ctrl Pts',(0.811463720619818,-22.2011143503576,47.2826352862084));
#1805=CARTESIAN_POINT('Ctrl Pts',(0.808039574492038,-22.2003891533355,47.283772318469));
#1806=CARTESIAN_POINT('Ctrl Pts',(0.804613622192524,-22.199693982017,47.2849326103951));
#1807=CARTESIAN_POINT('Ctrl Pts',(0.801441677380943,-22.1990503521984,47.2860068757769));
#1808=CARTESIAN_POINT('Ctrl Pts',(0.798268184309408,-22.1984324606205,47.2871010796565));
#1809=CARTESIAN_POINT('Ctrl Pts',(0.795093129580036,-22.1978405113081,47.2882152221439));
#1810=CARTESIAN_POINT('Ctrl Pts',(0.773690476891131,-22.1938502539352,47.2957255193628));
#1811=CARTESIAN_POINT('Ctrl Pts',(0.752490940857161,-22.1910909619034,47.3040448808999));
#1812=CARTESIAN_POINT('Ctrl Pts',(0.731517441307565,-22.1895712956436,47.3131031517872));
#1813=CARTESIAN_POINT('Ctrl Pts',(0.712485600465375,-22.1881923151677,47.3213228372728));
#1814=CARTESIAN_POINT('Ctrl Pts',(0.693639512689977,-22.1878334609547,47.3301505587003));
#1815=CARTESIAN_POINT('Ctrl Pts',(0.674986396178416,-22.1884689846665,47.3395496873852));
#1816=CARTESIAN_POINT('',(0.674816831617132,-22.1888816284255,44.6608193750915));
#1817=CARTESIAN_POINT('Ctrl Pts',(0.674986396178416,-22.1884689846665,47.3395496873852));
#1818=CARTESIAN_POINT('Ctrl Pts',(0.699661518347055,-22.0202725816303,47.327116127104));
#1819=CARTESIAN_POINT('Ctrl Pts',(0.784652972215297,-21.7062575290443,47.2822773004239));
#1820=CARTESIAN_POINT('Ctrl Pts',(0.996391879927725,-21.1556614059997,47.1356146070812));
#1821=CARTESIAN_POINT('Ctrl Pts',(1.21449549707072,-20.6799851893578,46.9097216150746));
#1822=CARTESIAN_POINT('Ctrl Pts',(1.36502106062328,-20.3581752007163,46.6341975254546));
#1823=CARTESIAN_POINT('Ctrl Pts',(1.43198377871102,-20.2165995570269,46.4544247504771));
#1824=CARTESIAN_POINT('Ctrl Pts',(1.4830338769833,-20.1087178029574,46.2615325784368));
#1825=CARTESIAN_POINT('Ctrl Pts',(1.51127933467562,-20.0490981706024,46.0004366190404));
#1826=CARTESIAN_POINT('Ctrl Pts',(1.46605058887993,-20.144690498112,45.5811568828732));
#1827=CARTESIAN_POINT('Ctrl Pts',(1.32742634610919,-20.4365628175468,45.2752175604227));
#1828=CARTESIAN_POINT('Ctrl Pts',(1.13291631575853,-20.8590533444454,45.0059748311315));
#1829=CARTESIAN_POINT('Ctrl Pts',(0.969807228555426,-21.2243704307504,44.845820536903));
#1830=CARTESIAN_POINT('Ctrl Pts',(0.78467877576104,-21.7064993077857,44.7177980658909));
#1831=CARTESIAN_POINT('Ctrl Pts',(0.699662602200817,-22.02026519361,44.6728844190395));
#1832=CARTESIAN_POINT('Ctrl Pts',(0.674986396178417,-22.1884689846665,44.6604503126146));
#1833=CARTESIAN_POINT('Ctrl Pts',(0.674986396178418,-22.1884689846665,44.6604503126146));
#1834=CARTESIAN_POINT('Ctrl Pts',(0.695556045999219,-22.1877681634285,44.6708151642763));
#1835=CARTESIAN_POINT('Ctrl Pts',(0.716360554507091,-22.1882774544516,44.6804855837152));
#1836=CARTESIAN_POINT('Ctrl Pts',(0.737389645022251,-22.1900291146642,44.6894110332094));
#1837=CARTESIAN_POINT('Ctrl Pts',(0.756445122364896,-22.1916163788148,44.6974988152506));
#1838=CARTESIAN_POINT('Ctrl Pts',(0.775685027531571,-22.1942232574097,44.7049739800758));
#1839=CARTESIAN_POINT('Ctrl Pts',(0.795091736355215,-22.1978415883357,44.7117837319188));
#1840=CARTESIAN_POINT('Ctrl Pts',(0.79826724766139,-22.198433654248,44.7128980086447));
#1841=CARTESIAN_POINT('Ctrl Pts',(0.801441196715074,-22.1990516680079,44.7139923409289));
#1842=CARTESIAN_POINT('Ctrl Pts',(0.804613596968153,-22.1996954251414,44.7150667294004));
#1843=CARTESIAN_POINT('Ctrl Pts',(0.829990214113892,-22.2048449576744,44.7236609617581));
#1844=CARTESIAN_POINT('Ctrl Pts',(0.855267286149237,-22.2116456996898,44.730980008869));
#1845=CARTESIAN_POINT('Ctrl Pts',(0.880450397595839,-22.2199673099219,44.7370253938416));
#1846=CARTESIAN_POINT('Ctrl Pts',(0.883827911880182,-22.2210833895409,44.7378361901621));
#1847=CARTESIAN_POINT('Ctrl Pts',(0.887203745639296,-22.2222267502097,44.7386240667035));
#1848=CARTESIAN_POINT('Ctrl Pts',(0.890577923297047,-22.2233970031653,44.7393890239812));
#1849=CARTESIAN_POINT('Ctrl Pts',(-1.04700337200246,-22.4725757963017,47.4640228320615));
#1850=CARTESIAN_POINT('Ctrl Pts',(-0.700624553055768,-22.4907336841538,
47.7119278041304));
#1851=CARTESIAN_POINT('Ctrl Pts',(0.0569307094143838,-22.5113523172079,
47.9181151039482));
#1852=CARTESIAN_POINT('Ctrl Pts',(0.787219257792526,-22.4861942121908,47.6499515611131));
#1853=CARTESIAN_POINT('Ctrl Pts',(1.04700337200246,-22.4725757963017,47.4640228320615));
#1854=CARTESIAN_POINT('Ctrl Pts',(-0.986027867557167,-22.375429614672,47.3847220141728));
#1855=CARTESIAN_POINT('Ctrl Pts',(-0.658800515717063,-22.3917204245824,
47.6178626841549));
#1856=CARTESIAN_POINT('Ctrl Pts',(0.0533495388641304,-22.4101513146433,
47.8104104012582));
#1857=CARTESIAN_POINT('Ctrl Pts',(0.740607353677171,-22.3876477221048,47.5595775166594));
#1858=CARTESIAN_POINT('Ctrl Pts',(0.986027867557171,-22.375429614672,47.3847220141728));
#1859=CARTESIAN_POINT('Ctrl Pts',(-0.925052363111877,-22.2782834330424,
47.3054211962842));
#1860=CARTESIAN_POINT('Ctrl Pts',(-0.616976478378358,-22.2927071650111,
47.5237975641795));
#1861=CARTESIAN_POINT('Ctrl Pts',(0.0497683683138761,-22.3089503120786,
47.7027056985681));
#1862=CARTESIAN_POINT('Ctrl Pts',(0.693995449561816,-22.2891012320189,47.4692034722056));
#1863=CARTESIAN_POINT('Ctrl Pts',(0.925052363111881,-22.2782834330424,47.3054211962842));
#1864=CARTESIAN_POINT('Ctrl Pts',(-0.864076858666586,-22.1811372514127,
47.2261203783955));
#1865=CARTESIAN_POINT('Ctrl Pts',(-0.575152441039654,-22.1936939054397,
47.4297324442041));
#1866=CARTESIAN_POINT('Ctrl Pts',(0.0461871977636221,-22.207749309514,47.5950009958781));
#1867=CARTESIAN_POINT('Ctrl Pts',(0.647383545446461,-22.1905547419329,47.3788294277519));
#1868=CARTESIAN_POINT('Ctrl Pts',(0.864076858666591,-22.1811372514127,47.2261203783955));
#1869=CARTESIAN_POINT('',(0.914908084549611,-22.4790317849349,47.549818239634));
#1870=CARTESIAN_POINT('Ctrl Pts',(0.91505739247012,-22.4790250014874,47.5497304870687));
#1871=CARTESIAN_POINT('Ctrl Pts',(0.912562656669266,-22.4331394348122,47.4979927348957));
#1872=CARTESIAN_POINT('Ctrl Pts',(0.909082327687654,-22.3872456412938,47.4461702862799));
#1873=CARTESIAN_POINT('Ctrl Pts',(0.904591781809089,-22.3414667166619,47.3943765988432));
#1874=CARTESIAN_POINT('Ctrl Pts',(0.904237392354227,-22.3378538890496,47.3902890920784));
#1875=CARTESIAN_POINT('Ctrl Pts',(0.903876688445152,-22.3342417798531,47.3862017781138));
#1876=CARTESIAN_POINT('Ctrl Pts',(0.903509646895379,-22.3306304511194,47.382114719877));
#1877=CARTESIAN_POINT('Ctrl Pts',(0.89987326195917,-22.2948519911194,47.3416230725008));
#1878=CARTESIAN_POINT('Ctrl Pts',(0.895580810350711,-22.2590796887683,47.3010925113212));
#1879=CARTESIAN_POINT('Ctrl Pts',(0.890592429942712,-22.2233818630272,47.2606048243745));
#1880=CARTESIAN_POINT('',(-0.914955527132171,-22.4789677111004,47.5497615548336));
#1881=CARTESIAN_POINT('Ctrl Pts',(0.914908084549611,-22.4790317849349,47.549818239634));
#1882=CARTESIAN_POINT('Ctrl Pts',(0.684273921075415,-22.4895091642691,47.6853534027985));
#1883=CARTESIAN_POINT('Ctrl Pts',(0.05526593771961,-22.508353321102,47.8870374833676));
#1884=CARTESIAN_POINT('Ctrl Pts',(-0.593864286839459,-22.4934152421342,
47.7386609721607));
#1885=CARTESIAN_POINT('Ctrl Pts',(-0.914926263204562,-22.4789938422788,
47.5498521511564));
#1886=CARTESIAN_POINT('',(-0.89059242994336,-22.2233818630282,47.2606048243752));
#1887=CARTESIAN_POINT('Ctrl Pts',(-0.915388538909446,-22.4789730721022,
47.549580203856));
#1888=CARTESIAN_POINT('Ctrl Pts',(-0.912777628807177,-22.4330082235064,
47.4977862087237));
#1889=CARTESIAN_POINT('Ctrl Pts',(-0.909200584995628,-22.3870303609164,
47.4458930502954));
#1890=CARTESIAN_POINT('Ctrl Pts',(-0.904638976905898,-22.341162792287,47.3940137066246));
#1891=CARTESIAN_POINT('Ctrl Pts',(-0.90426288853436,-22.3373811743021,47.389736439158));
#1892=CARTESIAN_POINT('Ctrl Pts',(-0.903880083674401,-22.3336003095424,
47.3854592816004));
#1893=CARTESIAN_POINT('Ctrl Pts',(-0.903490539687507,-22.3298202690304,
47.381182306116));
#1894=CARTESIAN_POINT('Ctrl Pts',(-0.899831642104337,-22.2943152129682,
47.3410096535026));
#1895=CARTESIAN_POINT('Ctrl Pts',(-0.895543781416993,-22.2588134855859,
47.3007904787587));
#1896=CARTESIAN_POINT('Ctrl Pts',(-0.890592429942772,-22.2233818630273,
47.2606048243746));
#1897=CARTESIAN_POINT('',(-0.675257174281514,-22.1884389911937,47.3393650053202));
#1898=CARTESIAN_POINT('Ctrl Pts',(-0.676283577376172,-22.1883200706079,
47.3386528470382));
#1899=CARTESIAN_POINT('Ctrl Pts',(-0.70205867784562,-22.1874615328474,47.3256820771501));
#1900=CARTESIAN_POINT('Ctrl Pts',(-0.728286641437905,-22.1885698378989,
47.3138215243992));
#1901=CARTESIAN_POINT('Ctrl Pts',(-0.75495780606777,-22.1916683126445,47.3031497312325));
#1902=CARTESIAN_POINT('Ctrl Pts',(-0.768272801604601,-22.1932151583852,
47.2978220719287));
#1903=CARTESIAN_POINT('Ctrl Pts',(-0.781698267632758,-22.1952580202968,
47.2927913937645));
#1904=CARTESIAN_POINT('Ctrl Pts',(-0.79523223201278,-22.19779995929,47.2880724541133));
#1905=CARTESIAN_POINT('Ctrl Pts',(-0.817759064331421,-22.202030931964,47.2802179364525));
#1906=CARTESIAN_POINT('Ctrl Pts',(-0.840271784691131,-22.2075827017284,
47.2733334548899));
#1907=CARTESIAN_POINT('Ctrl Pts',(-0.862741696283634,-22.2143568316812,
47.2674271185742));
#1908=CARTESIAN_POINT('Ctrl Pts',(-0.872034329903264,-22.2171583339249,
47.264984500178));
#1909=CARTESIAN_POINT('Ctrl Pts',(-0.881319199634283,-22.2201689376901,
47.2627095927881));
#1910=CARTESIAN_POINT('Ctrl Pts',(-0.890592429932512,-22.2233818630096,
47.2606048243595));
#1911=CARTESIAN_POINT('',(-4.89405699126422E-8,-22.1999024768258,47.4995463535044));
#1912=CARTESIAN_POINT('Ctrl Pts',(-0.674884344135844,-22.188366628163,47.3393560636695));
#1913=CARTESIAN_POINT('Ctrl Pts',(-0.465436280017259,-22.1953283562669,
47.4444816861855));
#1914=CARTESIAN_POINT('Ctrl Pts',(-0.23324052990429,-22.1997387269188,47.4994087110788));
#1915=CARTESIAN_POINT('Ctrl Pts',(-4.89405698744783E-8,-22.1999024768258,
47.4995463535044));
#1916=CARTESIAN_POINT('Ctrl Pts',(-4.89405698744783E-8,-22.1999024768258,
47.4995463535044));
#1917=CARTESIAN_POINT('Ctrl Pts',(0.0428003572932795,-22.19993252548,47.4995716113486));
#1918=CARTESIAN_POINT('Ctrl Pts',(0.274836152396181,-22.1993206883673,47.4897145394559));
#1919=CARTESIAN_POINT('Ctrl Pts',(0.503969156957888,-22.1942055095916,47.4248892518348));
#1920=CARTESIAN_POINT('Ctrl Pts',(0.674833694566885,-22.1884312700665,47.3392509477266));
#1921=CARTESIAN_POINT('Origin',(0.,-2.50000000000001,47.382));
#1922=CARTESIAN_POINT('',(-1.2293216549887,-22.1637785170713,47.214));
#1923=CARTESIAN_POINT('Origin',(0.,-2.50000000000001,47.214));
#1924=CARTESIAN_POINT('Ctrl Pts',(-0.89059242994336,-22.2233818630282,47.2606048243752));
#1925=CARTESIAN_POINT('Ctrl Pts',(-0.895669830978894,-22.2219331484424,
47.2592305008305));
#1926=CARTESIAN_POINT('Ctrl Pts',(-0.90076016276237,-22.2205067924353,47.2578842954617));
#1927=CARTESIAN_POINT('Ctrl Pts',(-1.01552183739269,-22.1889342258181,47.2282444690127));
#1928=CARTESIAN_POINT('Ctrl Pts',(-1.1269313452612,-22.1701796583829,47.214));
#1929=CARTESIAN_POINT('Ctrl Pts',(-1.22932165498874,-22.1637785170712,47.214));
#1930=CARTESIAN_POINT('',(20.,-2.50000000000002,47.5499999999999));
#1931=CARTESIAN_POINT('Origin',(0.,-2.50000000000001,47.5499999999999));
#1932=CARTESIAN_POINT('Origin',(0.,-2.50000000000001,47.5499999999999));
#1933=CARTESIAN_POINT('Origin',(0.,-2.50000000000001,45.9999999999999));
#1934=CARTESIAN_POINT('',(-1.22932165497026,-22.1637785170828,44.7859999999948));
#1935=CARTESIAN_POINT('Origin',(0.,-2.50000000000001,44.7859999999999));
#1936=CARTESIAN_POINT('Ctrl Pts',(-1.22909271852675,-22.1636776531597,47.2140109892444));
#1937=CARTESIAN_POINT('Ctrl Pts',(-1.26233609055075,-22.1226474598592,47.2044674956041));
#1938=CARTESIAN_POINT('Ctrl Pts',(-1.29959508918757,-22.0826907290455,47.193272154375));
#1939=CARTESIAN_POINT('Ctrl Pts',(-1.33882675215192,-22.0437439215866,47.1806945773091));
#1940=CARTESIAN_POINT('Ctrl Pts',(-1.42409133821615,-21.9590984295124,47.1533589554876));
#1941=CARTESIAN_POINT('Ctrl Pts',(-1.51867173137913,-21.8792227464975,47.1194929846146));
#1942=CARTESIAN_POINT('Ctrl Pts',(-1.61496494911493,-21.8023801538047,47.0794203889108));
#1943=CARTESIAN_POINT('Ctrl Pts',(-1.65905923415401,-21.7671926373315,47.0610704729066));
#1944=CARTESIAN_POINT('Ctrl Pts',(-1.70351330908104,-21.7326413068058,47.0414193440307));
#1945=CARTESIAN_POINT('Ctrl Pts',(-1.74790484818815,-21.6988219033773,47.0204589097729));
#1946=CARTESIAN_POINT('Ctrl Pts',(-1.8084572381842,-21.6526904615074,46.9918677769761));
#1947=CARTESIAN_POINT('Ctrl Pts',(-1.86907204566772,-21.607778205869,46.9607468048857));
#1948=CARTESIAN_POINT('Ctrl Pts',(-1.92853151342031,-21.5644413315777,46.9271124036118));
#1949=CARTESIAN_POINT('Ctrl Pts',(-1.96817061437453,-21.5355504786992,46.9046897772746));
#1950=CARTESIAN_POINT('Ctrl Pts',(-2.00729564474183,-21.5073594316607,46.8811509981035));
#1951=CARTESIAN_POINT('Ctrl Pts',(-2.04554862865099,-21.4799672739129,46.8565120182248));
#1952=CARTESIAN_POINT('Ctrl Pts',(-2.09147062991695,-21.447083494029,46.8269333775659));
#1953=CARTESIAN_POINT('Ctrl Pts',(-2.13613520829089,-21.4153513978185,46.7957682079855));
#1954=CARTESIAN_POINT('Ctrl Pts',(-2.17930674495041,-21.3848252241093,46.7628088993623));
#1955=CARTESIAN_POINT('Ctrl Pts',(-2.21255382865049,-21.3613165345679,46.7374264141121));
#1956=CARTESIAN_POINT('Ctrl Pts',(-2.24491504173615,-21.3385233167457,46.7109806733811));
#1957=CARTESIAN_POINT('Ctrl Pts',(-2.27601450411702,-21.316684687202,46.6835713225492));
#1958=CARTESIAN_POINT('Ctrl Pts',(-2.3219698151334,-21.2844140003148,46.6430688461137));
#1959=CARTESIAN_POINT('Ctrl Pts',(-2.36535228856288,-21.2540783795213,46.600276901271));
#1960=CARTESIAN_POINT('Ctrl Pts',(-2.4050595408034,-21.2263989113626,46.5553372760838));
#1961=CARTESIAN_POINT('Ctrl Pts',(-2.4389316625684,-21.2027870454448,46.517001698311));
#1962=CARTESIAN_POINT('Ctrl Pts',(-2.47012981058313,-21.1811078579779,46.4771032015527));
#1963=CARTESIAN_POINT('Ctrl Pts',(-2.49793962934726,-21.16182775497,46.435718019446));
#1964=CARTESIAN_POINT('Ctrl Pts',(-2.51700006148357,-21.1486134619148,46.4073532371478));
#1965=CARTESIAN_POINT('Ctrl Pts',(-2.53446825314219,-21.1365264732337,46.3782898712892));
#1966=CARTESIAN_POINT('Ctrl Pts',(-2.55010238974492,-21.1257243329098,46.3485484835234));
#1967=CARTESIAN_POINT('Ctrl Pts',(-2.56102198572769,-21.1181796241047,46.3277757381763));
#1968=CARTESIAN_POINT('Ctrl Pts',(-2.57101001539794,-21.1112801482879,46.306717012252));
#1969=CARTESIAN_POINT('Ctrl Pts',(-2.57999077736088,-21.105074255717,46.2853869361533));
#1970=CARTESIAN_POINT('Ctrl Pts',(-2.6060207712093,-21.0870869907042,46.2235634793098));
#1971=CARTESIAN_POINT('Ctrl Pts',(-2.62359054268537,-21.0749255133495,46.1594643224567));
#1972=CARTESIAN_POINT('Ctrl Pts',(-2.63248671795173,-21.0687584410862,46.0946934112798));
#1973=CARTESIAN_POINT('Ctrl Pts',(-2.63600188550123,-21.066321630699,46.0691003223058));
#1974=CARTESIAN_POINT('Ctrl Pts',(-2.63816266391371,-21.0648208190717,46.0434018163149));
#1975=CARTESIAN_POINT('Ctrl Pts',(-2.6389550456554,-21.0642668975011,46.0176948070922));
#1976=CARTESIAN_POINT('Ctrl Pts',(-2.63999518471636,-21.063539778952,45.9839498795825));
#1977=CARTESIAN_POINT('Ctrl Pts',(-2.63851421848878,-21.0644673905466,45.9500862621123));
#1978=CARTESIAN_POINT('Ctrl Pts',(-2.63456554019691,-21.067078918517,45.916390509891));
#1979=CARTESIAN_POINT('Ctrl Pts',(-2.63024724709288,-21.0699348977566,45.8795406771884));
#1980=CARTESIAN_POINT('Ctrl Pts',(-2.62297843648036,-21.0748035486735,45.8428925711877));
#1981=CARTESIAN_POINT('Ctrl Pts',(-2.61285821014774,-21.0817028690606,45.8067630024269));
#1982=CARTESIAN_POINT('Ctrl Pts',(-2.60412373950608,-21.0876574702115,45.7755806308805));
#1983=CARTESIAN_POINT('Ctrl Pts',(-2.59326639509159,-21.0951235741026,45.7447827928805));
#1984=CARTESIAN_POINT('Ctrl Pts',(-2.58035564155598,-21.1041158651221,45.7145425768945));
#1985=CARTESIAN_POINT('Ctrl Pts',(-2.57618840311636,-21.1070183309382,45.704781861524));
#1986=CARTESIAN_POINT('Ctrl Pts',(-2.57180723437975,-21.1100798870242,45.695079078724));
#1987=CARTESIAN_POINT('Ctrl Pts',(-2.56724996769215,-21.1132773527081,45.6854336250596));
#1988=CARTESIAN_POINT('Ctrl Pts',(-2.56109167186831,-21.1175981311302,45.672399593678));
#1989=CARTESIAN_POINT('Ctrl Pts',(-2.55455288926414,-21.1221754233432,45.6594717341414));
#1990=CARTESIAN_POINT('Ctrl Pts',(-2.54772092058812,-21.1269514549533,45.6466519765016));
#1991=CARTESIAN_POINT('Ctrl Pts',(-2.53583794108143,-21.135258502078,45.6243543161143));
#1992=CARTESIAN_POINT('Ctrl Pts',(-2.52306819882633,-21.1441665154005,45.6023838461083));
#1993=CARTESIAN_POINT('Ctrl Pts',(-2.50930295522998,-21.1537426001618,45.5807980160294));
#1994=CARTESIAN_POINT('Ctrl Pts',(-2.4817866828111,-21.1728848808744,45.5376486466282));
#1995=CARTESIAN_POINT('Ctrl Pts',(-2.45029260843303,-21.1946961244234,45.4960382214351));
#1996=CARTESIAN_POINT('Ctrl Pts',(-2.41594235565658,-21.2185786258414,45.4561613483208));
#1997=CARTESIAN_POINT('Ctrl Pts',(-2.38461205854205,-21.2403614601667,45.4197903122531));
#1998=CARTESIAN_POINT('Ctrl Pts',(-2.35090617436613,-21.2638675036587,45.3848597227648));
#1999=CARTESIAN_POINT('Ctrl Pts',(-2.31535793313826,-21.2887822783634,45.3513538954078));
#2000=CARTESIAN_POINT('Ctrl Pts',(-2.27293759446002,-21.3185135152561,45.3113708049627));
#2001=CARTESIAN_POINT('Ctrl Pts',(-2.22781454526301,-21.3502703064596,45.27340445158));
#2002=CARTESIAN_POINT('Ctrl Pts',(-2.18075855953413,-21.3835169987205,45.2374689357668));
#2003=CARTESIAN_POINT('Ctrl Pts',(-2.1091845309923,-21.4340865418711,45.182809584897));
#2004=CARTESIAN_POINT('Ctrl Pts',(-2.03313733585499,-21.4881031456299,45.1328511660103));
#2005=CARTESIAN_POINT('Ctrl Pts',(-1.95492386847875,-21.5449205169361,45.0874196055342));
#2006=CARTESIAN_POINT('Ctrl Pts',(-1.90914946947175,-21.5781728596841,45.0608308038034));
#2007=CARTESIAN_POINT('Ctrl Pts',(-1.86263392364021,-21.6123839867126,45.0357917622095));
#2008=CARTESIAN_POINT('Ctrl Pts',(-1.81584383579718,-21.6474232102786,45.0122606968425));
#2009=CARTESIAN_POINT('Ctrl Pts',(-1.7492103805708,-21.697322337258,44.9787502619867));
#2010=CARTESIAN_POINT('Ctrl Pts',(-1.6820387814402,-21.7489493007027,44.9482584043919));
#2011=CARTESIAN_POINT('Ctrl Pts',(-1.61563358803788,-21.8019664014552,44.9206639019739));
#2012=CARTESIAN_POINT('Ctrl Pts',(-1.52516233907182,-21.8741975489889,44.8830688138425));
#2013=CARTESIAN_POINT('Ctrl Pts',(-1.43611105711035,-21.9490075050491,44.8508516076903));
#2014=CARTESIAN_POINT('Ctrl Pts',(-1.35490001861223,-22.0279677207873,44.8244137789129));
#2015=CARTESIAN_POINT('Ctrl Pts',(-1.34958159871479,-22.0331387368247,44.8226823951354));
#2016=CARTESIAN_POINT('Ctrl Pts',(-1.34429682175206,-22.0383275607065,44.8209757987397));
#2017=CARTESIAN_POINT('Ctrl Pts',(-1.33904749905548,-22.0435346377795,44.8192941030385));
#2018=CARTESIAN_POINT('Ctrl Pts',(-1.301413288122,-22.0808659752188,44.8072374446079));
#2019=CARTESIAN_POINT('Ctrl Pts',(-1.26560085321332,-22.1191353853842,44.7964605834238));
#2020=CARTESIAN_POINT('Ctrl Pts',(-1.23340133316389,-22.1583868110902,44.7871910407162));
#2021=CARTESIAN_POINT('Ctrl Pts',(-1.23195838875335,-22.1601457697716,44.7867756483496));
#2022=CARTESIAN_POINT('Ctrl Pts',(-1.2305225735796,-22.1619068646339,44.786363244315));
#2023=CARTESIAN_POINT('Ctrl Pts',(-1.22909404911414,-22.1636701060247,44.7859538496713));
#2024=CARTESIAN_POINT('Ctrl Pts',(-0.67498639617841,-22.1884689846665,44.6604503126146));
#2025=CARTESIAN_POINT('Ctrl Pts',(-0.699661518347126,-22.0202725816298,
44.672883872896));
#2026=CARTESIAN_POINT('Ctrl Pts',(-0.784710506865276,-21.7061150525184,
44.7177127540301));
#2027=CARTESIAN_POINT('Ctrl Pts',(-0.9965687615366,-21.1555556284626,44.8643575416661));
#2028=CARTESIAN_POINT('Ctrl Pts',(-1.21486297752882,-20.6791025021975,45.0902248375952));
#2029=CARTESIAN_POINT('Ctrl Pts',(-1.36530083438781,-20.3572306935556,45.3657003202572));
#2030=CARTESIAN_POINT('Ctrl Pts',(-1.42407559603566,-20.2330805626103,45.522982717001));
#2031=CARTESIAN_POINT('Ctrl Pts',(-1.45140993397501,-20.1752398859997,45.6178139975149));
#2032=CARTESIAN_POINT('Ctrl Pts',(-1.510596046352,-20.0503274942888,45.8620009993816));
#2033=CARTESIAN_POINT('Ctrl Pts',(-1.50699067567503,-20.0582972060184,46.331068624035));
#2034=CARTESIAN_POINT('Ctrl Pts',(-1.32668943256483,-20.4380518705221,46.7249502654293));
#2035=CARTESIAN_POINT('Ctrl Pts',(-1.13280324105407,-20.8592331220184,46.994041186633));
#2036=CARTESIAN_POINT('Ctrl Pts',(-0.969560638283237,-21.2248571538757,
47.1542333151795));
#2037=CARTESIAN_POINT('Ctrl Pts',(-0.784656983400966,-21.7065327344855,
47.2822047769361));
#2038=CARTESIAN_POINT('Ctrl Pts',(-0.699662602200814,-22.02026519361,47.3271155809603));
#2039=CARTESIAN_POINT('Ctrl Pts',(-0.674986396178411,-22.1884689846665,
47.3395496873852));
#2040=CARTESIAN_POINT('Ctrl Pts',(-0.715077294340449,-22.2007604031865,
44.6806517363653));
#2041=CARTESIAN_POINT('Ctrl Pts',(-0.741073061433565,-22.0399265044346,
44.6946775061562));
#2042=CARTESIAN_POINT('Ctrl Pts',(-0.829882814584873,-21.7398614616221,
44.7450984199614));
#2043=CARTESIAN_POINT('Ctrl Pts',(-1.047186753131,-21.2167639898545,44.9072353403099));
#2044=CARTESIAN_POINT('Ctrl Pts',(-1.26047601853981,-20.7714706573838,45.1521684046498));
#2045=CARTESIAN_POINT('Ctrl Pts',(-1.39297245786136,-20.481757340408,45.4280914383241));
#2046=CARTESIAN_POINT('Ctrl Pts',(-1.44106572251778,-20.3731974065645,45.5769391298825));
#2047=CARTESIAN_POINT('Ctrl Pts',(-1.46283117990933,-20.3231133010864,45.6641588733342));
#2048=CARTESIAN_POINT('Ctrl Pts',(-1.50736171950958,-20.2172810641638,45.884958722266));
#2049=CARTESIAN_POINT('Ctrl Pts',(-1.50830601236471,-20.2207995589909,46.2759977094384));
#2050=CARTESIAN_POINT('Ctrl Pts',(-1.36327349605914,-20.5508737206348,46.6598113584665));
#2051=CARTESIAN_POINT('Ctrl Pts',(-1.18074216441047,-20.9394956294557,46.9396152121377));
#2052=CARTESIAN_POINT('Ctrl Pts',(-1.02005350897288,-21.2820777164377,47.1130544683704));
#2053=CARTESIAN_POINT('Ctrl Pts',(-0.829921618195073,-21.7401908680533,
47.2549185658411));
#2054=CARTESIAN_POINT('Ctrl Pts',(-0.741074203296526,-22.0399194398124,
47.3053218777624));
#2055=CARTESIAN_POINT('Ctrl Pts',(-0.71507729434045,-22.2007604031865,47.3193482636346));
#2056=CARTESIAN_POINT('Ctrl Pts',(-0.798188762462636,-22.2253427011069,
44.7152361043082));
#2057=CARTESIAN_POINT('Ctrl Pts',(-0.827409243728012,-22.0792334002233,
44.7315539328761));
#2058=CARTESIAN_POINT('Ctrl Pts',(-0.92595288912047,-21.8073455625796,44.7900592364223));
#2059=CARTESIAN_POINT('Ctrl Pts',(-1.16294177878982,-21.3391412316733,44.9747764161988));
#2060=CARTESIAN_POINT('Ctrl Pts',(-1.38439785235997,-20.9560796093775,45.2488142629962));
#2061=CARTESIAN_POINT('Ctrl Pts',(-1.50352166847811,-20.7304824675136,45.5264359590088));
#2062=CARTESIAN_POINT('Ctrl Pts',(-1.54111400994928,-20.6529776248965,45.6624460703525));
#2063=CARTESIAN_POINT('Ctrl Pts',(-1.55714167087221,-20.6183417764628,45.7378177322157));
#2064=CARTESIAN_POINT('Ctrl Pts',(-1.58536327324253,-20.5504938012299,45.9218742404236));
#2065=CARTESIAN_POINT('Ctrl Pts',(-1.59281596889404,-20.5451669522536,46.1874580681047));
#2066=CARTESIAN_POINT('Ctrl Pts',(-1.48330242444116,-20.7762978448183,46.5577095413823));
#2067=CARTESIAN_POINT('Ctrl Pts',(-1.30219912151745,-21.0999363064465,46.8544825653352));
#2068=CARTESIAN_POINT('Ctrl Pts',(-1.13418478960309,-21.3964933297376,47.0479555256491));
#2069=CARTESIAN_POINT('Ctrl Pts',(-0.926107290117294,-21.8074997832497,
47.2101203685979));
#2070=CARTESIAN_POINT('Ctrl Pts',(-0.827410527236406,-22.0792269823785,
47.2684453503639));
#2071=CARTESIAN_POINT('Ctrl Pts',(-0.798188762462637,-22.2253427011069,
47.2847638956916));
#2072=CARTESIAN_POINT('Ctrl Pts',(-0.951054137028796,-22.2675259166498,
44.7542488464308));
#2073=CARTESIAN_POINT('Ctrl Pts',(-0.987388815681551,-22.1465483016283,
44.7711972149207));
#2074=CARTESIAN_POINT('Ctrl Pts',(-1.10867889025782,-21.9218665283,44.8319205492923));
#2075=CARTESIAN_POINT('Ctrl Pts',(-1.40330709714505,-21.5400641788421,45.0224786338818));
#2076=CARTESIAN_POINT('Ctrl Pts',(-1.68887633047131,-21.2425736987915,45.3036709980127));
#2077=CARTESIAN_POINT('Ctrl Pts',(-1.85501903096507,-21.0901433758574,45.5770906224065));
#2078=CARTESIAN_POINT('Ctrl Pts',(-1.91102861987229,-21.0449970060748,45.705212273062));
#2079=CARTESIAN_POINT('Ctrl Pts',(-1.93564280298543,-21.0260750908025,45.7741756990751));
#2080=CARTESIAN_POINT('Ctrl Pts',(-1.98226936488929,-20.9950832417463,45.939201280072));
#2081=CARTESIAN_POINT('Ctrl Pts',(-1.98893916143817,-20.9833999063526,46.1459327974384));
#2082=CARTESIAN_POINT('Ctrl Pts',(-1.82245133462671,-21.1127787996928,46.5040333797576));
#2083=CARTESIAN_POINT('Ctrl Pts',(-1.58250390315647,-21.3536207337902,46.8025687904838));
#2084=CARTESIAN_POINT('Ctrl Pts',(-1.36729051956709,-21.5858856463073,47.0008335215981));
#2085=CARTESIAN_POINT('Ctrl Pts',(-1.10879476161274,-21.921858548255,47.168328097825));
#2086=CARTESIAN_POINT('Ctrl Pts',(-0.987390411680762,-22.1465429876917,
47.2288020406228));
#2087=CARTESIAN_POINT('Ctrl Pts',(-0.951054137028797,-22.2675259166498,
47.2457511535691));
#2088=CARTESIAN_POINT('Ctrl Pts',(-1.06421479482746,-22.2961734537753,44.7621946449077));
#2089=CARTESIAN_POINT('Ctrl Pts',(-1.1063915924826,-22.1920217065781,44.7764480121805));
#2090=CARTESIAN_POINT('Ctrl Pts',(-1.24692626784352,-21.9972589668222,44.82759834873));
#2091=CARTESIAN_POINT('Ctrl Pts',(-1.59495047502449,-21.6602388767074,44.9905755553139));
#2092=CARTESIAN_POINT('Ctrl Pts',(-1.95264786944224,-21.3839957101447,45.2341283360793));
#2093=CARTESIAN_POINT('Ctrl Pts',(-2.19238285422922,-21.2213727713305,45.4957774339624));
#2094=CARTESIAN_POINT('Ctrl Pts',(-2.28343439597297,-21.1652167926118,45.6316940726027));
#2095=CARTESIAN_POINT('Ctrl Pts',(-2.32537571450306,-21.1400791067853,45.7097283858308));
#2096=CARTESIAN_POINT('Ctrl Pts',(-2.41408344664649,-21.0904782171606,45.9048107873454));
#2097=CARTESIAN_POINT('Ctrl Pts',(-2.41174191064809,-21.0871355482313,46.2283074824622));
#2098=CARTESIAN_POINT('Ctrl Pts',(-2.13359998382874,-21.2546849298703,46.5857909001368));
#2099=CARTESIAN_POINT('Ctrl Pts',(-1.81839758171472,-21.4877724323636,46.8573404691643));
#2100=CARTESIAN_POINT('Ctrl Pts',(-1.55111189865066,-21.7016285258552,47.0296602144991));
#2101=CARTESIAN_POINT('Ctrl Pts',(-1.24687154557903,-21.9973690283034,47.1724737858211));
#2102=CARTESIAN_POINT('Ctrl Pts',(-1.10639344509664,-22.1920171317171,47.2235513617408));
#2103=CARTESIAN_POINT('Ctrl Pts',(-1.06421479482746,-22.2961734537753,47.2378053550922));
#2104=CARTESIAN_POINT('Ctrl Pts',(-1.13206159008839,-22.3124521898924,44.7596762153839));
#2105=CARTESIAN_POINT('Ctrl Pts',(-1.17770322776371,-22.2177073025538,44.7711887712));
#2106=CARTESIAN_POINT('Ctrl Pts',(-1.32962849049,-22.0387411821195,44.8126969944723));
#2107=CARTESIAN_POINT('Ctrl Pts',(-1.70888961795606,-21.7191843413522,44.9484792052464));
#2108=CARTESIAN_POINT('Ctrl Pts',(-2.10748384330045,-21.4346467306817,45.1576155903658));
#2109=CARTESIAN_POINT('Ctrl Pts',(-2.38766611776597,-21.2383372304158,45.4126854817196));
#2110=CARTESIAN_POINT('Ctrl Pts',(-2.4978684477316,-21.1619841183834,45.5583173305565));
#2111=CARTESIAN_POINT('Ctrl Pts',(-2.54926588121087,-21.1263162719047,45.6461240717731));
#2112=CARTESIAN_POINT('Ctrl Pts',(-2.66093263706194,-21.0489861736448,45.8722231475756));
#2113=CARTESIAN_POINT('Ctrl Pts',(-2.65366137438876,-21.0542457995962,46.3065450222546));
#2114=CARTESIAN_POINT('Ctrl Pts',(-2.31464277259261,-21.2885255424006,46.6712502457678));
#2115=CARTESIAN_POINT('Ctrl Pts',(-1.95746882498231,-21.5422904077254,46.9204085061416));
#2116=CARTESIAN_POINT('Ctrl Pts',(-1.66051139803825,-21.7594648238796,47.0687345510921));
#2117=CARTESIAN_POINT('Ctrl Pts',(-1.32948600901508,-22.0390055339296,47.1872266453112));
#2118=CARTESIAN_POINT('Ctrl Pts',(-1.1777052325707,-22.2177031408886,47.2288107231114));
#2119=CARTESIAN_POINT('Ctrl Pts',(-1.13206159008839,-22.3124521898923,47.240323784616));
#2120=CARTESIAN_POINT('',(-0.890592429943364,-22.2233818630282,44.7393951756246));
#2121=CARTESIAN_POINT('Ctrl Pts',(-1.22890938102597,-22.1638981057391,44.7859009315681));
#2122=CARTESIAN_POINT('Ctrl Pts',(-1.20803107993384,-22.1652228797577,44.7859110741132));
#2123=CARTESIAN_POINT('Ctrl Pts',(-1.18714168829505,-22.1670355107706,44.7853244076947));
#2124=CARTESIAN_POINT('Ctrl Pts',(-1.16636915553614,-22.1692760812369,44.7842052820843));
#2125=CARTESIAN_POINT('Ctrl Pts',(-1.1619805286649,-22.169749448056,44.7839688436691));
#2126=CARTESIAN_POINT('Ctrl Pts',(-1.15759696640605,-22.1702418125104,44.7837086601389));
#2127=CARTESIAN_POINT('Ctrl Pts',(-1.15321942889428,-22.170752431424,44.7834253601728));
#2128=CARTESIAN_POINT('Ctrl Pts',(-1.13233626965013,-22.1731883525456,44.7820738701421));
#2129=CARTESIAN_POINT('Ctrl Pts',(-1.11149832257484,-22.1760527780473,44.7801898041872));
#2130=CARTESIAN_POINT('Ctrl Pts',(-1.0908098357213,-22.1793033239865,44.7778217905843));
#2131=CARTESIAN_POINT('Ctrl Pts',(-1.08570682943963,-22.1801051011519,44.7772376981673));
#2132=CARTESIAN_POINT('Ctrl Pts',(-1.08061272931525,-22.1809302101212,44.7766241788342));
#2133=CARTESIAN_POINT('Ctrl Pts',(-1.0755287318937,-22.1817776797318,44.7759819739748));
#2134=CARTESIAN_POINT('Ctrl Pts',(-1.05373160848499,-22.1854111197509,44.7732285857622));
#2135=CARTESIAN_POINT('Ctrl Pts',(-1.03201006750248,-22.1894636945568,44.7699352478527));
#2136=CARTESIAN_POINT('Ctrl Pts',(-1.010459118715,-22.1939311369852,44.7661345888751));
#2137=CARTESIAN_POINT('Ctrl Pts',(-0.988908169927518,-22.1983985794136,
44.7623339298976));
#2138=CARTESIAN_POINT('Ctrl Pts',(-0.967527564997807,-22.2032815266835,
44.7580266963103));
#2139=CARTESIAN_POINT('Ctrl Pts',(-0.946379290500154,-22.208532686662,44.7532449604545));
#2140=CARTESIAN_POINT('Ctrl Pts',(-0.942766505641263,-22.2094297485601,
44.752428090837));
#2141=CARTESIAN_POINT('Ctrl Pts',(-0.939160429080071,-22.2103374420122,
44.7515973573777));
#2142=CARTESIAN_POINT('Ctrl Pts',(-0.935561279426541,-22.2112553890815,
44.7507529209208));
#2143=CARTESIAN_POINT('Ctrl Pts',(-0.920471963063617,-22.2151038519318,
44.7472126488917));
#2144=CARTESIAN_POINT('Ctrl Pts',(-0.905467964286285,-22.2191586351513,
44.7434215428382));
#2145=CARTESIAN_POINT('Ctrl Pts',(-0.890577430560162,-22.2233960483921,
44.7393901608511));
#2146=CARTESIAN_POINT('',(-0.674855470152917,-22.1887875996347,44.6607352771313));
#2147=CARTESIAN_POINT('Ctrl Pts',(-0.890577430560162,-22.2233960483921,
44.7393901608511));
#2148=CARTESIAN_POINT('Ctrl Pts',(-0.865416486583107,-22.2146694289727,
44.7336860289129));
#2149=CARTESIAN_POINT('Ctrl Pts',(-0.840162926787524,-22.2074426243086,
44.7267074507317));
#2150=CARTESIAN_POINT('Ctrl Pts',(-0.814810279521948,-22.2018530101628,
44.7184540119488));
#2151=CARTESIAN_POINT('Ctrl Pts',(-0.81141302249449,-22.2011040013615,44.7173480504051));
#2152=CARTESIAN_POINT('Ctrl Pts',(-0.808013994955474,-22.200384315418,44.7162191862785));
#2153=CARTESIAN_POINT('Ctrl Pts',(-0.804613188435049,-22.1996942169064,
44.7150674023988));
#2154=CARTESIAN_POINT('Ctrl Pts',(-0.801441262820561,-22.1990505633693,
44.7139931358187));
#2155=CARTESIAN_POINT('Ctrl Pts',(-0.798267789634648,-22.1984326485398,
44.7128989307488));
#2156=CARTESIAN_POINT('Ctrl Pts',(-0.795092755097186,-22.1978406768658,
44.7117847871009));
#2157=CARTESIAN_POINT('Ctrl Pts',(-0.773707237182018,-22.193853438085,44.7042804470181));
#2158=CARTESIAN_POINT('Ctrl Pts',(-0.752524515961142,-22.1910952617815,
44.6959683271399));
#2159=CARTESIAN_POINT('Ctrl Pts',(-0.731567378518653,-22.1895748411122,
44.6869184254368));
#2160=CARTESIAN_POINT('Ctrl Pts',(-0.712518610877596,-22.1881928708825,
44.6786926133386));
#2161=CARTESIAN_POINT('Ctrl Pts',(-0.69365583912698,-22.1878329047024,44.6698576680365));
#2162=CARTESIAN_POINT('Ctrl Pts',(-0.67498639617841,-22.1884689846665,44.6604503126146));
#2163=CARTESIAN_POINT('Ctrl Pts',(-0.67498639617841,-22.1884689846665,44.6604503126146));
#2164=CARTESIAN_POINT('Ctrl Pts',(-0.699661518347126,-22.0202725816298,
44.672883872896));
#2165=CARTESIAN_POINT('Ctrl Pts',(-0.784710506865276,-21.7061150525184,
44.7177127540301));
#2166=CARTESIAN_POINT('Ctrl Pts',(-0.9965687615366,-21.1555556284626,44.8643575416661));
#2167=CARTESIAN_POINT('Ctrl Pts',(-1.21486297752882,-20.6791025021975,45.0902248375952));
#2168=CARTESIAN_POINT('Ctrl Pts',(-1.36530083438781,-20.3572306935556,45.3657003202572));
#2169=CARTESIAN_POINT('Ctrl Pts',(-1.42407559603566,-20.2330805626103,45.522982717001));
#2170=CARTESIAN_POINT('Ctrl Pts',(-1.45140993397501,-20.1752398859997,45.6178139975149));
#2171=CARTESIAN_POINT('Ctrl Pts',(-1.510596046352,-20.0503274942888,45.8620009993816));
#2172=CARTESIAN_POINT('Ctrl Pts',(-1.50699067567503,-20.0582972060184,46.331068624035));
#2173=CARTESIAN_POINT('Ctrl Pts',(-1.32668943256483,-20.4380518705221,46.7249502654293));
#2174=CARTESIAN_POINT('Ctrl Pts',(-1.13280324105407,-20.8592331220184,46.994041186633));
#2175=CARTESIAN_POINT('Ctrl Pts',(-0.969560638283237,-21.2248571538757,
47.1542333151795));
#2176=CARTESIAN_POINT('Ctrl Pts',(-0.784656983400966,-21.7065327344855,
47.2822047769361));
#2177=CARTESIAN_POINT('Ctrl Pts',(-0.699662602200814,-22.02026519361,47.3271155809603));
#2178=CARTESIAN_POINT('Ctrl Pts',(-0.674986396178411,-22.1884689846665,
47.3395496873852));
#2179=CARTESIAN_POINT('Ctrl Pts',(0.674986396178409,17.1884689846664,39.6604503126146));
#2180=CARTESIAN_POINT('Ctrl Pts',(0.699661518347126,17.0202725816298,39.6728838728959));
#2181=CARTESIAN_POINT('Ctrl Pts',(0.784710406957905,16.7061165888056,39.7177141539934));
#2182=CARTESIAN_POINT('Ctrl Pts',(0.996566042336326,16.1555634134556,39.8643610438374));
#2183=CARTESIAN_POINT('Ctrl Pts',(1.21485790314977,15.6791159143095,40.0902305760135));
#2184=CARTESIAN_POINT('Ctrl Pts',(1.36529552071045,15.3572421077432,40.3657057382801));
#2185=CARTESIAN_POINT('Ctrl Pts',(1.42407057732101,15.2330901895273,40.5229879121575));
#2186=CARTESIAN_POINT('Ctrl Pts',(1.45140488988979,15.1752491701197,40.6178191283016));
#2187=CARTESIAN_POINT('Ctrl Pts',(1.51059327362483,15.0503283470984,40.8620046398957));
#2188=CARTESIAN_POINT('Ctrl Pts',(1.50699033947118,15.0582774056024,41.3310684833715));
#2189=CARTESIAN_POINT('Ctrl Pts',(1.3266878840034,15.4380323423111,41.7249477535297));
#2190=CARTESIAN_POINT('Ctrl Pts',(1.13279298881939,15.8591830156627,41.9940266784932));
#2191=CARTESIAN_POINT('Ctrl Pts',(0.969570506854219,16.2248849383278,42.1542452381679));
#2192=CARTESIAN_POINT('Ctrl Pts',(0.784658008719531,16.7065261113658,42.2822033462407));
#2193=CARTESIAN_POINT('Ctrl Pts',(0.699662602200812,17.02026519361,42.3271155809603));
#2194=CARTESIAN_POINT('Ctrl Pts',(0.67498639617841,17.1884689846665,42.3395496873852));
#2195=CARTESIAN_POINT('Ctrl Pts',(0.715077294340449,17.2007604031865,39.6806517363653));
#2196=CARTESIAN_POINT('Ctrl Pts',(0.741073061433565,17.0399265044345,39.6946775061562));
#2197=CARTESIAN_POINT('Ctrl Pts',(0.829885768495351,16.7398605429144,39.7450988537854));
#2198=CARTESIAN_POINT('Ctrl Pts',(1.04719358775789,16.2167640320316,39.9072356447535));
#2199=CARTESIAN_POINT('Ctrl Pts',(1.26048739441919,15.7714708818963,40.152168623569));
#2200=CARTESIAN_POINT('Ctrl Pts',(1.39298395777498,15.4817556087514,40.4280915257897));
#2201=CARTESIAN_POINT('Ctrl Pts',(1.44107728755852,15.373194316345,40.5769391364319));
#2202=CARTESIAN_POINT('Ctrl Pts',(1.46284269845168,15.3231099254291,40.6641588778704));
#2203=CARTESIAN_POINT('Ctrl Pts',(1.50737186109845,15.2172729543935,40.8849584287914));
#2204=CARTESIAN_POINT('Ctrl Pts',(1.50831148837631,15.2207782246921,41.275996850592));
#2205=CARTESIAN_POINT('Ctrl Pts',(1.36327442450099,15.5508546622441,41.6598094185346));
#2206=CARTESIAN_POINT('Ctrl Pts',(1.18072398987581,15.9394558977694,41.939607014462));
#2207=CARTESIAN_POINT('Ctrl Pts',(1.02007341124725,16.2820962483382,42.1130601852422));
#2208=CARTESIAN_POINT('Ctrl Pts',(0.829922006047852,16.7401853834065,42.2549175468731));
#2209=CARTESIAN_POINT('Ctrl Pts',(0.741074203296522,17.0399194398124,42.3053218777624));
#2210=CARTESIAN_POINT('Ctrl Pts',(0.715077294340449,17.2007604031865,42.3193482636346));
#2211=CARTESIAN_POINT('Ctrl Pts',(0.798188751187831,17.2253427064142,39.7152361697615));
#2212=CARTESIAN_POINT('Ctrl Pts',(0.827409232453206,17.0792334055307,39.7315539983293));
#2213=CARTESIAN_POINT('Ctrl Pts',(0.925958996894472,16.8073395331912,39.7900583764538));
#2214=CARTESIAN_POINT('Ctrl Pts',(1.16295789922828,16.3391249986657,39.974772245041));
#2215=CARTESIAN_POINT('Ctrl Pts',(1.38442451441728,15.9560518858264,40.2488066867726));
#2216=CARTESIAN_POINT('Ctrl Pts',(1.5035475473693,15.7304524180482,40.5264284533088));
#2217=CARTESIAN_POINT('Ctrl Pts',(1.54113893676781,15.6529468465263,40.662438587462));
#2218=CARTESIAN_POINT('Ctrl Pts',(1.55716638239291,15.6183107763768,40.7378103172699));
#2219=CARTESIAN_POINT('Ctrl Pts',(1.58538084034348,15.5504651478895,40.9218679750671));
#2220=CARTESIAN_POINT('Ctrl Pts',(1.5928165437165,15.5451389446261,41.1874549491336));
#2221=CARTESIAN_POINT('Ctrl Pts',(1.48329727141501,15.7762771015457,41.5577072398637));
#2222=CARTESIAN_POINT('Ctrl Pts',(1.30215775380767,16.0999132420732,41.8544813818561));
#2223=CARTESIAN_POINT('Ctrl Pts',(1.13422033023965,16.3964946296302,42.0479528565654));
#2224=CARTESIAN_POINT('Ctrl Pts',(0.926105257398121,16.8074961455949,42.2101196260947));
#2225=CARTESIAN_POINT('Ctrl Pts',(0.827410515961593,17.0792269876859,42.2684452849107));
#2226=CARTESIAN_POINT('Ctrl Pts',(0.798188751187831,17.2253427064142,42.2847638302384));
#2227=CARTESIAN_POINT('Ctrl Pts',(0.951054122703684,17.267525927684,39.7542489644194));
#2228=CARTESIAN_POINT('Ctrl Pts',(0.987388801356434,17.1465483126625,39.7711973329093));
#2229=CARTESIAN_POINT('Ctrl Pts',(1.10868464319732,16.9218590387794,39.8319196537554));
#2230=CARTESIAN_POINT('Ctrl Pts',(1.40332151962891,16.5400438129426,40.0224742359542));
#2231=CARTESIAN_POINT('Ctrl Pts',(1.6888999037967,16.2425401654784,40.3036630772215));
#2232=CARTESIAN_POINT('Ctrl Pts',(1.85504160831103,16.0901101959255,40.5770828519172));
#2233=CARTESIAN_POINT('Ctrl Pts',(1.91105020194634,16.0449649589178,40.7052043726833));
#2234=CARTESIAN_POINT('Ctrl Pts',(1.93566415019314,16.0260431716269,40.7741678409107));
#2235=CARTESIAN_POINT('Ctrl Pts',(1.98228407172461,15.9950602308038,40.9391941864025));
#2236=CARTESIAN_POINT('Ctrl Pts',(1.98893734600484,15.9833927046754,41.1459271934371));
#2237=CARTESIAN_POINT('Ctrl Pts',(1.82244420841061,16.1127754626282,41.5040295593047));
#2238=CARTESIAN_POINT('Ctrl Pts',(1.58245866937667,16.3536339364354,41.8025684833155));
#2239=CARTESIAN_POINT('Ctrl Pts',(1.36732816898116,16.5858709396105,42.0008278329038));
#2240=CARTESIAN_POINT('Ctrl Pts',(1.10879268934605,16.9218593519672,42.168327144575));
#2241=CARTESIAN_POINT('Ctrl Pts',(0.987390397355634,17.1465429987259,42.2288019226342));
#2242=CARTESIAN_POINT('Ctrl Pts',(0.951054122703685,17.267525927684,42.2457510355805));
#2243=CARTESIAN_POINT('Ctrl Pts',(1.06421479482746,17.2961734537753,39.7621946449077));
#2244=CARTESIAN_POINT('Ctrl Pts',(1.10639159248259,17.1920217065781,39.7764480121805));
#2245=CARTESIAN_POINT('Ctrl Pts',(1.24692803838166,16.9972513992211,39.8275972548205));
#2246=CARTESIAN_POINT('Ctrl Pts',(1.59495244798104,16.6602155867167,39.9905708386479));
#2247=CARTESIAN_POINT('Ctrl Pts',(1.95265076288465,16.383953625414,40.2341197257823));
#2248=CARTESIAN_POINT('Ctrl Pts',(2.19238585618149,16.2213244632945,40.4957688149508));
#2249=CARTESIAN_POINT('Ctrl Pts',(2.28343775560149,16.1651657352484,40.6316858238349));
#2250=CARTESIAN_POINT('Ctrl Pts',(2.32537904747097,16.140027430543,40.7097202752975));
#2251=CARTESIAN_POINT('Ctrl Pts',(2.41408794174668,16.0904258563899,40.9048049502692));
#2252=CARTESIAN_POINT('Ctrl Pts',(2.41174567229672,16.0870759655391,41.2283089991919));
#2253=CARTESIAN_POINT('Ctrl Pts',(2.13359932419642,16.2546417768853,41.5857917913654));
#2254=CARTESIAN_POINT('Ctrl Pts',(1.81837638626818,16.4877210471442,41.8573397535748));
#2255=CARTESIAN_POINT('Ctrl Pts',(1.55113422568637,16.7016328497165,42.029661271574));
#2256=CARTESIAN_POINT('Ctrl Pts',(1.24687261727155,16.9973618500031,42.172473601474));
#2257=CARTESIAN_POINT('Ctrl Pts',(1.10639344509662,17.1920171317171,42.2235513617408));
#2258=CARTESIAN_POINT('Ctrl Pts',(1.06421479482746,17.2961734537753,42.2378053550922));
#2259=CARTESIAN_POINT('Ctrl Pts',(1.13206159008839,17.3124521898923,39.7596762153839));
#2260=CARTESIAN_POINT('Ctrl Pts',(1.1777032277637,17.2177073025538,39.7711887711999));
#2261=CARTESIAN_POINT('Ctrl Pts',(1.32962735166663,17.038742528651,39.8126982907346));
#2262=CARTESIAN_POINT('Ctrl Pts',(1.70888217326144,16.7191902543896,39.9484824479976));
#2263=CARTESIAN_POINT('Ctrl Pts',(2.1074704787505,16.4346568727867,40.1576209037162));
#2264=CARTESIAN_POINT('Ctrl Pts',(2.38765244513597,16.2383461901116,40.4126904984075));
#2265=CARTESIAN_POINT('Ctrl Pts',(2.4978553795902,16.1619919916909,40.5583221408866));
#2266=CARTESIAN_POINT('Ctrl Pts',(2.54925279456779,16.1263239378822,40.6461288225015));
#2267=CARTESIAN_POINT('Ctrl Pts',(2.66092447673308,16.0489884064742,40.872226518422));
#2268=CARTESIAN_POINT('Ctrl Pts',(2.65365941395817,16.0542351037937,41.3065448920106));
#2269=CARTESIAN_POINT('Ctrl Pts',(2.31463934120873,16.2885147608903,41.6712479199349));
#2270=CARTESIAN_POINT('Ctrl Pts',(1.95745268797297,16.5422613689189,41.9203950726789));
#2271=CARTESIAN_POINT('Ctrl Pts',(1.66052640189155,16.7594812840851,42.0687455908962));
#2272=CARTESIAN_POINT('Ctrl Pts',(1.32948778268623,17.0390016757436,42.1872253205933));
#2273=CARTESIAN_POINT('Ctrl Pts',(1.17770523257067,17.2177031408887,42.2288107231114));
#2274=CARTESIAN_POINT('Ctrl Pts',(1.13206159008839,17.3124521898923,42.240323784616));
#2275=CARTESIAN_POINT('',(0.890592429943365,17.2233818630282,42.2606048243752));
#2276=CARTESIAN_POINT('',(1.22932165498871,17.1637785170712,42.214));
#2277=CARTESIAN_POINT('Ctrl Pts',(0.890592429943365,17.2233818630282,42.2606048243752));
#2278=CARTESIAN_POINT('Ctrl Pts',(0.895669830978896,17.2219331484424,42.2592305008305));
#2279=CARTESIAN_POINT('Ctrl Pts',(0.900760162762373,17.2205067924353,42.2578842954617));
#2280=CARTESIAN_POINT('Ctrl Pts',(1.01552183739311,17.188934225818,42.2282444690126));
#2281=CARTESIAN_POINT('Ctrl Pts',(1.12693134526157,17.1701796583828,42.214));
#2282=CARTESIAN_POINT('Ctrl Pts',(1.22932165498873,17.1637785170712,42.214));
#2283=CARTESIAN_POINT('',(1.22932165497025,17.1637785170828,39.7859999999948));
#2284=CARTESIAN_POINT('Ctrl Pts',(1.2290929022565,17.1636777167378,42.214011039215));
#2285=CARTESIAN_POINT('Ctrl Pts',(1.26233668429929,17.1226473903211,42.2044676236076));
#2286=CARTESIAN_POINT('Ctrl Pts',(1.29959609727448,17.0826900739113,42.1932723507161));
#2287=CARTESIAN_POINT('Ctrl Pts',(1.33882830752576,17.0437431345999,42.1806950344111));
#2288=CARTESIAN_POINT('Ctrl Pts',(1.42409319306657,16.9590982394671,42.1533602646315));
#2289=CARTESIAN_POINT('Ctrl Pts',(1.5186739507439,16.8792251139065,42.1194957696449));
#2290=CARTESIAN_POINT('Ctrl Pts',(1.61496263837936,16.8023804392764,42.0794216829113));
#2291=CARTESIAN_POINT('Ctrl Pts',(1.65905536818837,16.7671915551101,42.061070868064));
#2292=CARTESIAN_POINT('Ctrl Pts',(1.70350693028784,16.7326379286373,42.0414182756198));
#2293=CARTESIAN_POINT('Ctrl Pts',(1.74789642909439,16.6988169294966,42.0204572238861));
#2294=CARTESIAN_POINT('Ctrl Pts',(1.80842882699169,16.6526964227933,41.9918733750479));
#2295=CARTESIAN_POINT('Ctrl Pts',(1.8690229712403,16.6077923913934,41.9607603351525));
#2296=CARTESIAN_POINT('Ctrl Pts',(1.92846415723334,16.5644638703574,41.9271359042613));
#2297=CARTESIAN_POINT('Ctrl Pts',(1.96812130098972,16.5355565503103,41.9047028241116));
#2298=CARTESIAN_POINT('Ctrl Pts',(2.00726464975256,16.5073501703318,41.8811527960697));
#2299=CARTESIAN_POINT('Ctrl Pts',(2.04553631477556,16.4799449232391,41.8565022499859));
#2300=CARTESIAN_POINT('Ctrl Pts',(2.09145847469645,16.4470613750865,41.8269240667864));
#2301=CARTESIAN_POINT('Ctrl Pts',(2.13612494500578,16.4153316225805,41.7957604330376));
#2302=CARTESIAN_POINT('Ctrl Pts',(2.17929816854569,16.3848071181158,41.7628021352759));
#2303=CARTESIAN_POINT('Ctrl Pts',(2.21254409540147,16.3613014504929,41.7374223033608));
#2304=CARTESIAN_POINT('Ctrl Pts',(2.24490416519874,16.338510751035,41.7109790638413));
#2305=CARTESIAN_POINT('Ctrl Pts',(2.27600264003504,16.3166742228042,41.6835720936658));
#2306=CARTESIAN_POINT('Ctrl Pts',(2.32187493340311,16.2844639091339,41.6431450121824));
#2307=CARTESIAN_POINT('Ctrl Pts',(2.36518397481189,16.2541812831856,41.6004369605859));
#2308=CARTESIAN_POINT('Ctrl Pts',(2.40483313860622,16.2265434475305,41.5555887202572));
#2309=CARTESIAN_POINT('Ctrl Pts',(2.43869809198751,16.2029375520601,41.5172831565928));
#2310=CARTESIAN_POINT('Ctrl Pts',(2.46989355696174,16.1812608925862,41.4774162120997));
#2311=CARTESIAN_POINT('Ctrl Pts',(2.4977061382053,16.1619791692887,41.4360638765911));
#2312=CARTESIAN_POINT('Ctrl Pts',(2.516856802803,16.1487025225616,41.4075902624119));
#2313=CARTESIAN_POINT('Ctrl Pts',(2.53440302426186,16.1365616830757,41.3784121920308));
#2314=CARTESIAN_POINT('Ctrl Pts',(2.550099901699,16.1257161950919,41.3485504799212));
#2315=CARTESIAN_POINT('Ctrl Pts',(2.56101941723531,16.1181715432964,41.327777212714));
#2316=CARTESIAN_POINT('Ctrl Pts',(2.57100735906592,16.1112721843507,41.3067179615391));
#2317=CARTESIAN_POINT('Ctrl Pts',(2.57998800694301,16.1050664889578,41.2853873699031));
#2318=CARTESIAN_POINT('Ctrl Pts',(2.60604777860787,16.087058990259,41.2234909059599));
#2319=CARTESIAN_POINT('Ctrl Pts',(2.62362750915143,16.074891445913,41.1593135582298));
#2320=CARTESIAN_POINT('Ctrl Pts',(2.63251281582392,16.0687328514719,41.094465115934));
#2321=CARTESIAN_POINT('Ctrl Pts',(2.63600916247815,16.0663094594763,41.0689474109622));
#2322=CARTESIAN_POINT('Ctrl Pts',(2.63815908092723,16.0648165885106,41.0433252597732));
#2323=CARTESIAN_POINT('Ctrl Pts',(2.63894868511039,16.0642650132669,41.0176947331613));
#2324=CARTESIAN_POINT('Ctrl Pts',(2.63998930783215,16.0635380899,40.9839161527892));
#2325=CARTESIAN_POINT('Ctrl Pts',(2.63850476359588,16.0644690688427,40.9500187815117));
#2326=CARTESIAN_POINT('Ctrl Pts',(2.6345480853598,16.0670872789229,40.9162898232455));
#2327=CARTESIAN_POINT('Ctrl Pts',(2.63022016414237,16.0699511476233,40.8793961802926));
#2328=CARTESIAN_POINT('Ctrl Pts',(2.6229352341927,16.074832472245,40.842705001512));
#2329=CARTESIAN_POINT('Ctrl Pts',(2.61279205456459,16.0817494268676,40.8065341999929));
#2330=CARTESIAN_POINT('Ctrl Pts',(2.60406978324009,16.0876974192299,40.7754303887186));
#2331=CARTESIAN_POINT('Ctrl Pts',(2.59323508165001,16.0951495546492,40.7447096510099));
#2332=CARTESIAN_POINT('Ctrl Pts',(2.58035648115305,16.1041204466265,40.7145439555517));
#2333=CARTESIAN_POINT('Ctrl Pts',(2.57618933459316,16.1070231705406,40.7047831997859));
#2334=CARTESIAN_POINT('Ctrl Pts',(2.57180819397673,16.1100849935614,40.6950803961271));
#2335=CARTESIAN_POINT('Ctrl Pts',(2.56725089987909,16.1132827157341,40.6854349446114));
#2336=CARTESIAN_POINT('Ctrl Pts',(2.5610924994358,16.117603888172,40.6724007731015));
#2337=CARTESIAN_POINT('Ctrl Pts',(2.55455358334859,16.1221815497978,40.6594727666282));
#2338=CARTESIAN_POINT('Ctrl Pts',(2.54772151303976,16.1269578767677,40.6466528478811));
#2339=CARTESIAN_POINT('Ctrl Pts',(2.5358384333958,16.135265384042,40.6243550510764));
#2340=CARTESIAN_POINT('Ctrl Pts',(2.52306869968867,16.144173624643,40.6023843978573));
#2341=CARTESIAN_POINT('Ctrl Pts',(2.50930332473402,16.1537499852386,40.5807984147926));
#2342=CARTESIAN_POINT('Ctrl Pts',(2.48178687075984,16.1728927609666,40.5376488666368));
#2343=CARTESIAN_POINT('Ctrl Pts',(2.45029207855503,16.1947046766645,40.496038380125));
#2344=CARTESIAN_POINT('Ctrl Pts',(2.41594104600943,16.2185877868773,40.4561615152392));
#2345=CARTESIAN_POINT('Ctrl Pts',(2.38461134986549,16.2403702641564,40.4197920099444));
#2346=CARTESIAN_POINT('Ctrl Pts',(2.35090621516769,16.2638757543584,40.3848628837261));
#2347=CARTESIAN_POINT('Ctrl Pts',(2.31535898991236,16.2887898159492,40.351358376506));
#2348=CARTESIAN_POINT('Ctrl Pts',(2.27293695274147,16.3185222420188,40.3113741178059));
#2349=CARTESIAN_POINT('Ctrl Pts',(2.22781134588879,16.3502801797822,40.2734069674488));
#2350=CARTESIAN_POINT('Ctrl Pts',(2.18075262485245,16.3835278881124,40.2374707366318));
#2351=CARTESIAN_POINT('Ctrl Pts',(2.10880912906864,16.4343570715539,40.1825313329819));
#2352=CARTESIAN_POINT('Ctrl Pts',(2.03234628657655,16.488668300326,40.1323411450276));
#2353=CARTESIAN_POINT('Ctrl Pts',(1.9537079490079,16.5458060117413,40.0867227562193));
#2354=CARTESIAN_POINT('Ctrl Pts',(1.90832478926067,16.578780893522,40.0603958183578));
#2355=CARTESIAN_POINT('Ctrl Pts',(1.86221787899989,16.6126966506786,40.035590797073));
#2356=CARTESIAN_POINT('Ctrl Pts',(1.81584166416747,16.647426184859,40.0122670020989));
#2357=CARTESIAN_POINT('Ctrl Pts',(1.74920769701944,16.6973260451214,39.9787550608229));
#2358=CARTESIAN_POINT('Ctrl Pts',(1.68203507148112,16.7489537439399,39.9482619272781));
#2359=CARTESIAN_POINT('Ctrl Pts',(1.61562876019716,16.8019716257377,39.920666328147));
#2360=CARTESIAN_POINT('Ctrl Pts',(1.52492940697023,16.8743847367139,39.8829755884461));
#2361=CARTESIAN_POINT('Ctrl Pts',(1.43565697143116,16.9493896835676,39.8506900287235));
#2362=CARTESIAN_POINT('Ctrl Pts',(1.3542809008376,17.0285701241006,39.8242141092926));
#2363=CARTESIAN_POINT('Ctrl Pts',(1.34917091068697,17.0335422402066,39.8225515605048));
#2364=CARTESIAN_POINT('Ctrl Pts',(1.34409207367913,17.0385308286226,39.8209119209973));
#2365=CARTESIAN_POINT('Ctrl Pts',(1.33904599883336,17.0435362849734,39.8192952914193));
#2366=CARTESIAN_POINT('Ctrl Pts',(1.30141227862551,17.0808670716896,39.8072384379093));
#2367=CARTESIAN_POINT('Ctrl Pts',(1.26560030412229,17.1191359565337,39.7964613573387));
#2368=CARTESIAN_POINT('Ctrl Pts',(1.23340120312565,17.1583868873463,39.7871916341297));
#2369=CARTESIAN_POINT('Ctrl Pts',(1.23195826124904,17.1601458436529,39.7867762289977));
#2370=CARTESIAN_POINT('Ctrl Pts',(1.23052244856974,17.1619069362089,39.7863638123519));
#2371=CARTESIAN_POINT('Ctrl Pts',(1.22909392656123,17.1636701753611,39.7859544052568));
#2372=CARTESIAN_POINT('',(0.890592429943366,17.2233818630282,39.7393951756246));
#2373=CARTESIAN_POINT('Ctrl Pts',(1.22890889596542,17.1638986228696,39.7859013815808));
#2374=CARTESIAN_POINT('Ctrl Pts',(1.20802943548194,17.1652227955391,39.7859113121939));
#2375=CARTESIAN_POINT('Ctrl Pts',(1.18713881843214,17.1670351894521,39.7853244358091));
#2376=CARTESIAN_POINT('Ctrl Pts',(1.16636502668159,17.1692757532684,39.7842050830134));
#2377=CARTESIAN_POINT('Ctrl Pts',(1.16197784183563,17.1697489344641,39.7839686886333));
#2378=CARTESIAN_POINT('Ctrl Pts',(1.15759571614943,17.1702411087971,39.7837085668633));
#2379=CARTESIAN_POINT('Ctrl Pts',(1.1532196089429,17.1707515327497,39.7834253454939));
#2380=CARTESIAN_POINT('Ctrl Pts',(1.13233426187471,17.1731875748527,39.7820736472112));
#2381=CARTESIAN_POINT('Ctrl Pts',(1.11149408315803,17.1760523706825,39.7801892999525));
#2382=CARTESIAN_POINT('Ctrl Pts',(1.0908033692339,17.1793034264186,39.7778209226864));
#2383=CARTESIAN_POINT('Ctrl Pts',(1.08570265569854,17.1801048827655,39.7772370658885));
#2384=CARTESIAN_POINT('Ctrl Pts',(1.08061083861515,17.180929653461,39.776623809973));
#2385=CARTESIAN_POINT('Ctrl Pts',(1.07552911318403,17.1817767674932,39.7759818950267));
#2386=CARTESIAN_POINT('Ctrl Pts',(1.05373199288447,17.1854103062816,39.7732285197223));
#2387=CARTESIAN_POINT('Ctrl Pts',(1.03201041787619,17.1894630261906,39.7699352099547));
#2388=CARTESIAN_POINT('Ctrl Pts',(1.01045942102697,17.1939306005543,39.7661345773814));
#2389=CARTESIAN_POINT('Ctrl Pts',(0.988908424177755,17.198398174918,39.7623339448081));
#2390=CARTESIAN_POINT('Ctrl Pts',(0.967527757635314,17.203281241444,39.7580267360479));
#2391=CARTESIAN_POINT('Ctrl Pts',(0.946379429255985,17.2085324885907,39.7532450164821));
#2392=CARTESIAN_POINT('Ctrl Pts',(0.942766635192412,17.2094295653798,39.7524281496475));
#2393=CARTESIAN_POINT('Ctrl Pts',(0.939160549637663,17.2103372728671,39.7515974187412));
#2394=CARTESIAN_POINT('Ctrl Pts',(0.935561391285044,17.2112552331262,39.7507529846137));
#2395=CARTESIAN_POINT('Ctrl Pts',(0.920472038451463,17.2151037512741,39.7472127223508));
#2396=CARTESIAN_POINT('Ctrl Pts',(0.905468008456952,17.2191585750938,39.7434216221754));
#2397=CARTESIAN_POINT('Ctrl Pts',(0.890577453283651,17.223396014929,39.739390242472));
#2398=CARTESIAN_POINT('',(0.67498639617841,17.1884689846664,39.6604503126146));
#2399=CARTESIAN_POINT('Ctrl Pts',(0.89057745328365,17.223396014929,39.739390242472));
#2400=CARTESIAN_POINT('Ctrl Pts',(0.865417785211328,17.2146698346474,39.7336863955129));
#2401=CARTESIAN_POINT('Ctrl Pts',(0.840165505266886,17.2074433237043,39.7267082259667));
#2402=CARTESIAN_POINT('Ctrl Pts',(0.81481414471022,17.2018538347219,39.7184553220932));
#2403=CARTESIAN_POINT('Ctrl Pts',(0.811415606517874,17.2011045222052,39.7173489590264));
#2404=CARTESIAN_POINT('Ctrl Pts',(0.808015296434488,17.200384554618,39.7162196760423));
#2405=CARTESIAN_POINT('Ctrl Pts',(0.804613205997202,17.199694196817,39.7150674559552));
#2406=CARTESIAN_POINT('Ctrl Pts',(0.801441279676601,17.199050544298,39.7139931878578));
#2407=CARTESIAN_POINT('Ctrl Pts',(0.79826780575879,17.1984326305053,39.7128989812258));
#2408=CARTESIAN_POINT('Ctrl Pts',(0.795092770474952,17.1978406598671,39.7117848359817));
#2409=CARTESIAN_POINT('Ctrl Pts',(0.773706533535572,17.1938532949409,39.7042802346008));
#2410=CARTESIAN_POINT('Ctrl Pts',(0.752523106458458,17.191095074148,39.6959677980667));
#2411=CARTESIAN_POINT('Ctrl Pts',(0.731565281589733,17.1895746875734,39.6869175350086));
#2412=CARTESIAN_POINT('Ctrl Pts',(0.712517224793534,17.1881928452301,39.6786919712475));
#2413=CARTESIAN_POINT('Ctrl Pts',(0.693655153365735,17.1878329280667,39.6698573224879));
#2414=CARTESIAN_POINT('Ctrl Pts',(0.674986396178409,17.1884689846664,39.6604503126146));
#2415=CARTESIAN_POINT('',(0.674966696092923,17.1884641189746,42.3395111470117));
#2416=CARTESIAN_POINT('Ctrl Pts',(0.674986396178409,17.1884689846664,39.6604503126146));
#2417=CARTESIAN_POINT('Ctrl Pts',(0.699661518347126,17.0202725816298,39.6728838728959));
#2418=CARTESIAN_POINT('Ctrl Pts',(0.784710406957905,16.7061165888056,39.7177141539934));
#2419=CARTESIAN_POINT('Ctrl Pts',(0.996566042336326,16.1555634134556,39.8643610438374));
#2420=CARTESIAN_POINT('Ctrl Pts',(1.21485790314977,15.6791159143095,40.0902305760135));
#2421=CARTESIAN_POINT('Ctrl Pts',(1.36529552071045,15.3572421077432,40.3657057382801));
#2422=CARTESIAN_POINT('Ctrl Pts',(1.42407057732101,15.2330901895273,40.5229879121575));
#2423=CARTESIAN_POINT('Ctrl Pts',(1.45140488988979,15.1752491701197,40.6178191283016));
#2424=CARTESIAN_POINT('Ctrl Pts',(1.51059327362483,15.0503283470984,40.8620046398957));
#2425=CARTESIAN_POINT('Ctrl Pts',(1.50699033947118,15.0582774056024,41.3310684833715));
#2426=CARTESIAN_POINT('Ctrl Pts',(1.3266878840034,15.4380323423111,41.7249477535297));
#2427=CARTESIAN_POINT('Ctrl Pts',(1.13279298881939,15.8591830156627,41.9940266784932));
#2428=CARTESIAN_POINT('Ctrl Pts',(0.969570506854219,16.2248849383278,42.1542452381679));
#2429=CARTESIAN_POINT('Ctrl Pts',(0.784658008719531,16.7065261113658,42.2822033462407));
#2430=CARTESIAN_POINT('Ctrl Pts',(0.699662602200812,17.02026519361,42.3271155809603));
#2431=CARTESIAN_POINT('Ctrl Pts',(0.67498639617841,17.1884689846665,42.3395496873852));
#2432=CARTESIAN_POINT('Ctrl Pts',(0.67498639617841,17.1884689846665,42.3395496873852));
#2433=CARTESIAN_POINT('Ctrl Pts',(0.695561507505491,17.1877679773515,42.3291820837223));
#2434=CARTESIAN_POINT('Ctrl Pts',(0.716371592887941,17.1882777426141,42.3195092756137));
#2435=CARTESIAN_POINT('Ctrl Pts',(0.737406404582695,17.1900305058922,42.3105818579435));
#2436=CARTESIAN_POINT('Ctrl Pts',(0.756456423125899,17.1916178827338,42.3024968094711));
#2437=CARTESIAN_POINT('Ctrl Pts',(0.775690777512354,17.1942242496788,42.2950240401445));
#2438=CARTESIAN_POINT('Ctrl Pts',(0.795091837680076,17.1978414633006,42.2882162953403));
#2439=CARTESIAN_POINT('Ctrl Pts',(0.798267355165566,17.198433519869,42.2871020205287));
#2440=CARTESIAN_POINT('Ctrl Pts',(0.801441310346689,17.1990515240823,42.2860076901615));
#2441=CARTESIAN_POINT('Ctrl Pts',(0.804613716549006,17.1996952716261,42.2849333035689));
#2442=CARTESIAN_POINT('Ctrl Pts',(0.829979693753906,17.2048425587257,42.2763427057453));
#2443=CARTESIAN_POINT('Ctrl Pts',(0.855246192457906,17.2116396623467,42.2690262153255));
#2444=CARTESIAN_POINT('Ctrl Pts',(0.880418760169124,17.219956483599,42.2629822955731));
#2445=CARTESIAN_POINT('Ctrl Pts',(0.883806888849693,17.2210758950527,42.2621688077283));
#2446=CARTESIAN_POINT('Ctrl Pts',(0.887193325656845,17.2222227614837,42.2613783835401));
#2447=CARTESIAN_POINT('Ctrl Pts',(0.890578095301294,17.2233966905091,42.2606110225047));
#2448=CARTESIAN_POINT('Ctrl Pts',(1.04700337200246,17.4725757963017,42.4640228320615));
#2449=CARTESIAN_POINT('Ctrl Pts',(0.787219257792543,17.4861942121907,42.6499515611131));
#2450=CARTESIAN_POINT('Ctrl Pts',(0.0569350980835352,17.511353051179,42.9181199757611));
#2451=CARTESIAN_POINT('Ctrl Pts',(-0.700624553055797,17.4907336841538,42.7119278041303));
#2452=CARTESIAN_POINT('Ctrl Pts',(-1.0470033720025,17.4725757963017,42.4640228320615));
#2453=CARTESIAN_POINT('Ctrl Pts',(0.986027867557169,17.375429614672,42.3847220141728));
#2454=CARTESIAN_POINT('Ctrl Pts',(0.740607353677185,17.3876477221048,42.5595775166593));
#2455=CARTESIAN_POINT('Ctrl Pts',(0.0533536361074205,17.4101519717647,42.810414913997));
#2456=CARTESIAN_POINT('Ctrl Pts',(-0.65880051571709,17.3917204245824,42.6178626841549));
#2457=CARTESIAN_POINT('Ctrl Pts',(-0.986027867557209,17.375429614672,42.3847220141728));
#2458=CARTESIAN_POINT('Ctrl Pts',(0.925052363111877,17.2782834330424,42.3054211962842));
#2459=CARTESIAN_POINT('Ctrl Pts',(0.693995449561827,17.2891012320189,42.4692034722056));
#2460=CARTESIAN_POINT('Ctrl Pts',(0.049772174131304,17.3089508923503,42.7027098522329));
#2461=CARTESIAN_POINT('Ctrl Pts',(-0.616976478378383,17.292707165011,42.5237975641795));
#2462=CARTESIAN_POINT('Ctrl Pts',(-0.925052363111916,17.2782834330424,42.3054211962841));
#2463=CARTESIAN_POINT('Ctrl Pts',(0.864076858666586,17.1811372514127,42.2261203783955));
#2464=CARTESIAN_POINT('Ctrl Pts',(0.64738354544647,17.1905547419329,42.3788294277519));
#2465=CARTESIAN_POINT('Ctrl Pts',(0.0461907121551896,17.2077498129359,42.5950047904689));
#2466=CARTESIAN_POINT('Ctrl Pts',(-0.575152441039676,17.1936939054396,42.4297324442041));
#2467=CARTESIAN_POINT('Ctrl Pts',(-0.864076858666623,17.1811372514127,42.2261203783955));
#2468=CARTESIAN_POINT('',(-0.67526375674495,17.188332138115,42.3391148294721));
#2469=CARTESIAN_POINT('Ctrl Pts',(0.674833879847692,17.1884313149077,42.3392513111998));
#2470=CARTESIAN_POINT('Ctrl Pts',(0.503969818692471,17.1942056168586,42.4248900690088));
#2471=CARTESIAN_POINT('Ctrl Pts',(0.0443268554275179,17.2044670497243,42.5549329661548));
#2472=CARTESIAN_POINT('Ctrl Pts',(-0.427001330665524,17.1966059590217,42.4637733465149));
#2473=CARTESIAN_POINT('Ctrl Pts',(-0.674884397087833,17.188366651039,42.3393561664927));
#2474=CARTESIAN_POINT('',(-0.890592429943395,17.2233818630282,42.2606048243752));
#2475=CARTESIAN_POINT('Ctrl Pts',(-0.890592429932545,17.2233818630096,42.2606048243595));
#2476=CARTESIAN_POINT('Ctrl Pts',(-0.868169361694669,17.2156128718694,42.2656942445678));
#2477=CARTESIAN_POINT('Ctrl Pts',(-0.845680766607503,17.2090265814823,42.2717758505452));
#2478=CARTESIAN_POINT('Ctrl Pts',(-0.823170682237035,17.2037199575772,42.2788264414066));
#2479=CARTESIAN_POINT('Ctrl Pts',(-0.813862000491433,17.2015254889886,42.2817420993565));
#2480=CARTESIAN_POINT('Ctrl Pts',(-0.804549209261987,17.1995499007318,42.2848239092634));
#2481=CARTESIAN_POINT('Ctrl Pts',(-0.79523356043756,17.1978002232,42.2880720225474));
#2482=CARTESIAN_POINT('Ctrl Pts',(-0.768123659798193,17.1927084056644,42.2975245072916));
#2483=CARTESIAN_POINT('Ctrl Pts',(-0.741449832547263,17.1896189522451,42.3082242783221));
#2484=CARTESIAN_POINT('Ctrl Pts',(-0.715224857178963,17.1885078156145,42.3200670042434));
#2485=CARTESIAN_POINT('Ctrl Pts',(-0.702132294093171,17.1879530914926,42.3259793696148));
#2486=CARTESIAN_POINT('Ctrl Pts',(-0.689151393405233,17.1878914804241,42.3321775049947));
#2487=CARTESIAN_POINT('Ctrl Pts',(-0.676283356328257,17.188320102272,42.33865308571));
#2488=CARTESIAN_POINT('',(-0.914955581432692,17.4789677308573,42.5497616114049));
#2489=CARTESIAN_POINT('Ctrl Pts',(-0.915388435011184,17.4789730894783,42.5495803191923));
#2490=CARTESIAN_POINT('Ctrl Pts',(-0.912776988146389,17.4329981612967,42.4977749335129));
#2491=CARTESIAN_POINT('Ctrl Pts',(-0.909199047098096,17.3870105195508,42.445870661803));
#2492=CARTESIAN_POINT('Ctrl Pts',(-0.904636054750841,17.3411335347527,42.3939806290436));
#2493=CARTESIAN_POINT('Ctrl Pts',(-0.904287462247347,17.3376287353214,42.3900164592512));
#2494=CARTESIAN_POINT('Ctrl Pts',(-0.903933100104904,17.3341245847339,42.3860523863223));
#2495=CARTESIAN_POINT('Ctrl Pts',(-0.903572950314527,17.3306211395142,42.382088467696));
#2496=CARTESIAN_POINT('Ctrl Pts',(-0.899895606806689,17.2948488806426,42.3416145015427));
#2497=CARTESIAN_POINT('Ctrl Pts',(-0.895580810350659,17.2590796887679,42.3010925113206));
#2498=CARTESIAN_POINT('Ctrl Pts',(-0.890592429942719,17.2233818630272,42.2606048243745));
#2499=CARTESIAN_POINT('',(0.914908186341337,17.4790318093908,42.5498184119616));
#2500=CARTESIAN_POINT('Ctrl Pts',(-0.914926287341438,17.4789938539868,42.5498521915517));
#2501=CARTESIAN_POINT('Ctrl Pts',(-0.593863812414709,17.4934153360674,42.738661587982));
#2502=CARTESIAN_POINT('Ctrl Pts',(0.0552696887467868,17.5083539600686,42.8870417295096));
#2503=CARTESIAN_POINT('Ctrl Pts',(0.684274468931633,17.4895092611181,42.6853540488709));
#2504=CARTESIAN_POINT('Ctrl Pts',(0.914908186341337,17.4790318093908,42.5498184119616));
#2505=CARTESIAN_POINT('Ctrl Pts',(0.91505752892465,17.4790250243084,42.5497306385454));
#2506=CARTESIAN_POINT('Ctrl Pts',(0.912563275605936,17.4331491706086,42.4980037956468));
#2507=CARTESIAN_POINT('Ctrl Pts',(0.909083786681956,17.3872647925675,42.4461919937217));
#2508=CARTESIAN_POINT('Ctrl Pts',(0.904594567706813,17.341494926489,42.3944085506298));
#2509=CARTESIAN_POINT('Ctrl Pts',(0.904213091009782,17.3376055779337,42.3900081912486));
#2510=CARTESIAN_POINT('Ctrl Pts',(0.903824296880829,17.3337170597248,42.3856080524724));
#2511=CARTESIAN_POINT('Ctrl Pts',(0.903428156370545,17.3298294492949,42.3812082128236));
#2512=CARTESIAN_POINT('Ctrl Pts',(0.899809631989034,17.2943182789876,42.3410181120116));
#2513=CARTESIAN_POINT('Ctrl Pts',(0.895543781417007,17.258813485586,42.3007904787588));
#2514=CARTESIAN_POINT('Ctrl Pts',(0.890592429942763,17.2233818630273,42.2606048243746));
#2515=CARTESIAN_POINT('Origin',(-2.99681151695371E-15,12.2354115449459,
40.9999999999999));
#2516=CARTESIAN_POINT('',(4.83415060412162E-8,17.1999028117825,39.5004511106824));
#2517=CARTESIAN_POINT('Ctrl Pts',(4.83415060203995E-8,17.1999028117825,
39.5004511106824));
#2518=CARTESIAN_POINT('Ctrl Pts',(0.233240070424641,17.1997390063509,39.50058932762));
#2519=CARTESIAN_POINT('Ctrl Pts',(0.465436365998419,17.1953284558215,39.555517766122));
#2520=CARTESIAN_POINT('Ctrl Pts',(0.674884416007654,17.1883666592127,39.6606437967683));
#2521=CARTESIAN_POINT('',(-2.46853536571344E-15,9.99999999999998,39.4999999999999));
#2522=CARTESIAN_POINT('',(-2.81311449708161E-15,12.2354115449459,39.4999999999999));
#2523=CARTESIAN_POINT('',(-1.5,9.90967364599084,41.0000000000001));
#2524=CARTESIAN_POINT('Ctrl Pts',(-1.5,9.90967364599084,40.9999999999999));
#2525=CARTESIAN_POINT('Ctrl Pts',(-1.5,9.90967364599084,41.1885391807631));
#2526=CARTESIAN_POINT('Ctrl Pts',(-1.46228316094915,9.9144135436962,41.3895200844808));
#2527=CARTESIAN_POINT('Ctrl Pts',(-1.30914645082575,9.93149513171706,41.7590346190388));
#2528=CARTESIAN_POINT('Ctrl Pts',(-1.193736448868,9.94358593886034,41.9275838946916));
#2529=CARTESIAN_POINT('Ctrl Pts',(-0.927584837845974,9.96625139498296,42.1937355057136));
#2530=CARTESIAN_POINT('Ctrl Pts',(-0.759035151523378,9.97830410532978,42.309146246199));
#2531=CARTESIAN_POINT('Ctrl Pts',(-0.389519229112745,9.99529841482578,42.4622834993874));
#2532=CARTESIAN_POINT('Ctrl Pts',(-0.188537844525422,9.99999999999998,42.4999999999999));
#2533=CARTESIAN_POINT('Ctrl Pts',(0.188537844525417,9.99999999999998,42.4999999999999));
#2534=CARTESIAN_POINT('Ctrl Pts',(0.389519229112734,9.99529841482578,42.4622834993874));
#2535=CARTESIAN_POINT('Ctrl Pts',(0.759035151523374,9.97830410532978,42.309146246199));
#2536=CARTESIAN_POINT('Ctrl Pts',(0.927584837845969,9.96625139498296,42.1937355057136));
#2537=CARTESIAN_POINT('Ctrl Pts',(1.193736448868,9.94358593886034,41.9275838946916));
#2538=CARTESIAN_POINT('Ctrl Pts',(1.30914645082574,9.93149513171706,41.7590346190388));
#2539=CARTESIAN_POINT('Ctrl Pts',(1.46228316094914,9.9144135436962,41.3895200844808));
#2540=CARTESIAN_POINT('Ctrl Pts',(1.5,9.90967364599084,41.1885391807631));
#2541=CARTESIAN_POINT('Ctrl Pts',(1.5,9.90967364599084,40.8114608192368));
#2542=CARTESIAN_POINT('Ctrl Pts',(1.46228316094914,9.9144135436962,40.610479915519));
#2543=CARTESIAN_POINT('Ctrl Pts',(1.30914645082574,9.93149513171706,40.2409653809611));
#2544=CARTESIAN_POINT('Ctrl Pts',(1.193736448868,9.94358593886034,40.0724161053083));
#2545=CARTESIAN_POINT('Ctrl Pts',(0.92758483784597,9.96625139498296,39.8062644942863));
#2546=CARTESIAN_POINT('Ctrl Pts',(0.759035151523373,9.97830410532978,39.6908537538009));
#2547=CARTESIAN_POINT('Ctrl Pts',(0.389519229112736,9.99529841482578,39.5377165006125));
#2548=CARTESIAN_POINT('Ctrl Pts',(0.188537844525417,9.99999999999998,39.4999999999999));
#2549=CARTESIAN_POINT('Ctrl Pts',(-2.56739074444567E-15,9.99999999999998,
39.4999999999999));
#2550=CARTESIAN_POINT('Ctrl Pts',(-2.74086309204336E-15,9.99999999999998,
39.4999999999999));
#2551=CARTESIAN_POINT('Ctrl Pts',(-0.188537844525422,9.99999999999998,39.4999999999999));
#2552=CARTESIAN_POINT('Ctrl Pts',(-0.389519229112735,9.99529841482578,39.5377165006125));
#2553=CARTESIAN_POINT('Ctrl Pts',(-0.759035151523373,9.97830410532978,39.6908537538009));
#2554=CARTESIAN_POINT('Ctrl Pts',(-0.927584837845974,9.96625139498296,39.8062644942863));
#2555=CARTESIAN_POINT('Ctrl Pts',(-1.193736448868,9.94358593886034,40.0724161053083));
#2556=CARTESIAN_POINT('Ctrl Pts',(-1.30914645082575,9.93149513171706,40.2409653809611));
#2557=CARTESIAN_POINT('Ctrl Pts',(-1.46228316094915,9.9144135436962,40.6104799155191));
#2558=CARTESIAN_POINT('Ctrl Pts',(-1.5,9.90967364599084,40.8114608192368));
#2559=CARTESIAN_POINT('Ctrl Pts',(-1.5,9.90967364599084,40.9999999999999));
#2560=CARTESIAN_POINT('',(-0.674858741132683,17.1884141343069,39.6609041804019));
#2561=CARTESIAN_POINT('Ctrl Pts',(-0.674833946049379,17.1884313309296,39.66074855893));
#2562=CARTESIAN_POINT('Ctrl Pts',(-0.503970055132427,17.1942056551854,39.5751096390124));
#2563=CARTESIAN_POINT('Ctrl Pts',(-0.274837706836173,17.1993210467274,39.510282669473));
#2564=CARTESIAN_POINT('Ctrl Pts',(-0.0428011748682847,17.1999328712585,
39.5004257468793));
#2565=CARTESIAN_POINT('Ctrl Pts',(4.83415060203995E-8,17.1999028117825,
39.5004511106824));
#2566=CARTESIAN_POINT('Ctrl Pts',(-0.67498639617842,17.1884689846664,42.3395496873852));
#2567=CARTESIAN_POINT('Ctrl Pts',(-0.699661518347069,17.0202725816302,42.327116127104));
#2568=CARTESIAN_POINT('Ctrl Pts',(-0.784654311465615,16.706134840361,42.2822782191724));
#2569=CARTESIAN_POINT('Ctrl Pts',(-0.996377932344583,16.1556411116151,42.1356321374146));
#2570=CARTESIAN_POINT('Ctrl Pts',(-1.21457118326215,15.6804593941686,41.9096306187355));
#2571=CARTESIAN_POINT('Ctrl Pts',(-1.36502685506415,15.358310284108,41.6341837135064));
#2572=CARTESIAN_POINT('Ctrl Pts',(-1.42365034418794,15.2344822154089,41.4768638895323));
#2573=CARTESIAN_POINT('Ctrl Pts',(-1.45113486096203,15.1762994009273,41.3820727934923));
#2574=CARTESIAN_POINT('Ctrl Pts',(-1.48590762261443,15.1029289496379,41.2353756080641));
#2575=CARTESIAN_POINT('Ctrl Pts',(-1.51129532638783,15.0492192309149,41.000412275258));
#2576=CARTESIAN_POINT('Ctrl Pts',(-1.46608417733531,15.144813670489,40.5811225543283));
#2577=CARTESIAN_POINT('Ctrl Pts',(-1.3274418259765,15.4366328811853,40.275201335558));
#2578=CARTESIAN_POINT('Ctrl Pts',(-1.13293164444444,15.8591003389246,40.00596382848));
#2579=CARTESIAN_POINT('Ctrl Pts',(-0.969816624891216,16.2244002733061,39.8458138444922));
#2580=CARTESIAN_POINT('Ctrl Pts',(-0.784683594649132,16.7065069826074,39.7177964255384));
#2581=CARTESIAN_POINT('Ctrl Pts',(-0.699662602200819,17.02026519361,39.6728844190395));
#2582=CARTESIAN_POINT('Ctrl Pts',(-0.674986396178417,17.1884689846664,39.6604503126146));
#2583=CARTESIAN_POINT('Ctrl Pts',(-1.0470033720025,17.4725757963017,39.5359771679384));
#2584=CARTESIAN_POINT('Ctrl Pts',(-0.78721925779251,17.4861942121908,39.3500484388868));
#2585=CARTESIAN_POINT('Ctrl Pts',(-0.0569366661676735,17.511353313429,39.081878283526));
#2586=CARTESIAN_POINT('Ctrl Pts',(0.700624553055795,17.4907336841538,39.2880721958695));
#2587=CARTESIAN_POINT('Ctrl Pts',(1.04700337200246,17.4725757963017,39.5359771679384));
#2588=CARTESIAN_POINT('Ctrl Pts',(-0.986027867557206,17.375429614672,39.6152779858271));
#2589=CARTESIAN_POINT('Ctrl Pts',(-0.740607353677155,17.3876477221048,39.4404224833405));
#2590=CARTESIAN_POINT('Ctrl Pts',(-0.0533551000642601,17.410152206556,39.1895834735883));
#2591=CARTESIAN_POINT('Ctrl Pts',(0.65880051571709,17.3917204245824,39.382137315845));
#2592=CARTESIAN_POINT('Ctrl Pts',(0.986027867557174,17.375429614672,39.615277985827));
#2593=CARTESIAN_POINT('Ctrl Pts',(-0.925052363111913,17.2782834330424,39.6945788037157));
#2594=CARTESIAN_POINT('Ctrl Pts',(-0.693995449561801,17.2891012320189,39.5307965277942));
#2595=CARTESIAN_POINT('Ctrl Pts',(-0.0497735339608482,17.308951099683,39.2972886636505));
#2596=CARTESIAN_POINT('Ctrl Pts',(0.616976478378383,17.292707165011,39.4762024358204));
#2597=CARTESIAN_POINT('Ctrl Pts',(0.925052363111884,17.2782834330424,39.6945788037157));
#2598=CARTESIAN_POINT('Ctrl Pts',(-0.864076858666621,17.1811372514127,39.7738796216044));
#2599=CARTESIAN_POINT('Ctrl Pts',(-0.647383545446446,17.1905547419329,39.6211705722479));
#2600=CARTESIAN_POINT('Ctrl Pts',(-0.0461919678574351,17.20774999281,39.4049938537128));
#2601=CARTESIAN_POINT('Ctrl Pts',(0.575152441039677,17.1936939054396,39.5702675557958));
#2602=CARTESIAN_POINT('Ctrl Pts',(0.864076858666594,17.1811372514127,39.7738796216044));
#2603=CARTESIAN_POINT('',(0.914955600827684,17.4789677379162,39.4502383683805));
#2604=CARTESIAN_POINT('Ctrl Pts',(0.915388397888044,17.4789730956869,39.4504196395976));
#2605=CARTESIAN_POINT('Ctrl Pts',(0.912776964875303,17.4329981862949,39.5022250157859));
#2606=CARTESIAN_POINT('Ctrl Pts',(0.909199035679178,17.3870105639401,39.5541292745789));
#2607=CARTESIAN_POINT('Ctrl Pts',(0.90463605266524,17.3411335989848,39.6060192906324));
#2608=CARTESIAN_POINT('Ctrl Pts',(0.904287458629437,17.3376287784945,39.6099834846824));
#2609=CARTESIAN_POINT('Ctrl Pts',(0.90393309486565,17.3341246068589,39.6139475818456));
#2610=CARTESIAN_POINT('Ctrl Pts',(0.903572943364307,17.3306211406031,39.6179115246814));
#2611=CARTESIAN_POINT('Ctrl Pts',(0.899895604391704,17.2948488810019,39.6583854958328));
#2612=CARTESIAN_POINT('Ctrl Pts',(0.895580810350692,17.2590796887683,39.6989074886788));
#2613=CARTESIAN_POINT('Ctrl Pts',(0.890592429942701,17.2233818630272,39.7393951756254));
#2614=CARTESIAN_POINT('',(-0.914908222712038,17.4790318181289,39.4501815264652));
#2615=CARTESIAN_POINT('Ctrl Pts',(0.914926295965609,17.47899385817,39.4501477940148));
#2616=CARTESIAN_POINT('Ctrl Pts',(0.59386364290157,17.49341536963,39.2613381919835));
#2617=CARTESIAN_POINT('Ctrl Pts',(-0.0552710289997903,17.5083541883732,
39.1129567533315));
#2618=CARTESIAN_POINT('Ctrl Pts',(-0.684274664682412,17.4895092957226,39.3146457202853));
#2619=CARTESIAN_POINT('Ctrl Pts',(-0.914908222712038,17.4790318181289,39.4501815264652));
#2620=CARTESIAN_POINT('',(-0.890592429943388,17.2233818630282,39.7393951756246));
#2621=CARTESIAN_POINT('Ctrl Pts',(-0.915057577680213,17.4790250324623,39.4502693073314));
#2622=CARTESIAN_POINT('Ctrl Pts',(-0.912563306814344,17.4331491556898,39.5019961914243));
#2623=CARTESIAN_POINT('Ctrl Pts',(-0.909083803106494,17.387264755311,39.5538080304215));
#2624=CARTESIAN_POINT('Ctrl Pts',(-0.904594572894437,17.3414948678432,39.6055915055034));
#2625=CARTESIAN_POINT('Ctrl Pts',(-0.904213097384935,17.3376055393132,39.6099918428903));
#2626=CARTESIAN_POINT('Ctrl Pts',(-0.903824304551354,17.333717041127,39.6143919596379));
#2627=CARTESIAN_POINT('Ctrl Pts',(-0.903428165445278,17.3298294507161,39.6187917772246));
#2628=CARTESIAN_POINT('Ctrl Pts',(-0.899809635160221,17.2943182794591,39.6589818845426));
#2629=CARTESIAN_POINT('Ctrl Pts',(-0.895543781417048,17.2588134855862,39.6992095212408));
#2630=CARTESIAN_POINT('Ctrl Pts',(-0.89059242994278,17.2233818630273,39.7393951756253));
#2631=CARTESIAN_POINT('Ctrl Pts',(-0.675558440220612,17.1884068338943,39.6611119281145));
#2632=CARTESIAN_POINT('Ctrl Pts',(-0.701557867922698,17.1875272645799,39.6741606864352));
#2633=CARTESIAN_POINT('Ctrl Pts',(-0.727986038060364,17.1886244173982,39.686088957486));
#2634=CARTESIAN_POINT('Ctrl Pts',(-0.754826583549751,17.1917229981892,39.6968145653842));
#2635=CARTESIAN_POINT('Ctrl Pts',(-0.768147026953178,17.193260763883,39.7021374770602));
#2636=CARTESIAN_POINT('Ctrl Pts',(-0.781569084637788,17.1952914774051,39.7071634716734));
#2637=CARTESIAN_POINT('Ctrl Pts',(-0.795090268518411,17.1978183012262,39.7118775909059));
#2638=CARTESIAN_POINT('Ctrl Pts',(-0.817872516912281,17.202075822494,39.7198205518376));
#2639=CARTESIAN_POINT('Ctrl Pts',(-0.840615215253628,17.2076790238244,39.7267696458686));
#2640=CARTESIAN_POINT('Ctrl Pts',(-0.863289823127085,17.214527294183,39.7327155356136));
#2641=CARTESIAN_POINT('Ctrl Pts',(-0.872403272883567,17.217279772558,39.7351053263324));
#2642=CARTESIAN_POINT('Ctrl Pts',(-0.881505308343899,17.2202334193611,39.7373326487742));
#2643=CARTESIAN_POINT('Ctrl Pts',(-0.89059242993254,17.2233818630096,39.7393951756404));
#2644=CARTESIAN_POINT('Ctrl Pts',(-0.67498639617842,17.1884689846664,42.3395496873852));
#2645=CARTESIAN_POINT('Ctrl Pts',(-0.699661518347069,17.0202725816302,42.327116127104));
#2646=CARTESIAN_POINT('Ctrl Pts',(-0.784654311465615,16.706134840361,42.2822782191724));
#2647=CARTESIAN_POINT('Ctrl Pts',(-0.996377932344583,16.1556411116151,42.1356321374146));
#2648=CARTESIAN_POINT('Ctrl Pts',(-1.21457118326215,15.6804593941686,41.9096306187355));
#2649=CARTESIAN_POINT('Ctrl Pts',(-1.36502685506415,15.358310284108,41.6341837135064));
#2650=CARTESIAN_POINT('Ctrl Pts',(-1.42365034418794,15.2344822154089,41.4768638895323));
#2651=CARTESIAN_POINT('Ctrl Pts',(-1.45113486096203,15.1762994009273,41.3820727934923));
#2652=CARTESIAN_POINT('Ctrl Pts',(-1.48590762261443,15.1029289496379,41.2353756080641));
#2653=CARTESIAN_POINT('Ctrl Pts',(-1.51129532638783,15.0492192309149,41.000412275258));
#2654=CARTESIAN_POINT('Ctrl Pts',(-1.46608417733531,15.144813670489,40.5811225543283));
#2655=CARTESIAN_POINT('Ctrl Pts',(-1.3274418259765,15.4366328811853,40.275201335558));
#2656=CARTESIAN_POINT('Ctrl Pts',(-1.13293164444444,15.8591003389246,40.00596382848));
#2657=CARTESIAN_POINT('Ctrl Pts',(-0.969816624891216,16.2244002733061,39.8458138444922));
#2658=CARTESIAN_POINT('Ctrl Pts',(-0.784683594649132,16.7065069826074,39.7177964255384));
#2659=CARTESIAN_POINT('Ctrl Pts',(-0.699662602200819,17.02026519361,39.6728844190395));
#2660=CARTESIAN_POINT('Ctrl Pts',(-0.674986396178417,17.1884689846664,39.6604503126146));
#2661=CARTESIAN_POINT('Ctrl Pts',(-0.71507729434046,17.2007604031865,42.3193482636346));
#2662=CARTESIAN_POINT('Ctrl Pts',(-0.741073061433504,17.039926504435,42.3053224938437));
#2663=CARTESIAN_POINT('Ctrl Pts',(-0.829890821153536,16.7398205662075,42.2548697710591));
#2664=CARTESIAN_POINT('Ctrl Pts',(-1.04714635249579,16.2166945746099,42.0926919742168));
#2665=CARTESIAN_POINT('Ctrl Pts',(-1.26069495028209,15.7723408010812,41.8478401978414));
#2666=CARTESIAN_POINT('Ctrl Pts',(-1.39315307719398,15.4824066692242,41.5718914924828));
#2667=CARTESIAN_POINT('Ctrl Pts',(-1.44127144220359,15.3739950166192,41.4230121285174));
#2668=CARTESIAN_POINT('Ctrl Pts',(-1.4630077036162,15.3237448663127,41.3358183905098));
#2669=CARTESIAN_POINT('Ctrl Pts',(-1.48985496001059,15.2609711612745,41.2031936903225));
#2670=CARTESIAN_POINT('Ctrl Pts',(-1.50744527907756,15.2167952816081,41.0003708759929));
#2671=CARTESIAN_POINT('Ctrl Pts',(-1.47630832730349,15.295237379561,40.638628672571));
#2672=CARTESIAN_POINT('Ctrl Pts',(-1.36320887812804,15.5502654037221,40.3403456126605));
#2673=CARTESIAN_POINT('Ctrl Pts',(-1.18076547865532,15.9394722780127,40.060429881544));
#2674=CARTESIAN_POINT('Ctrl Pts',(-1.02004066558259,16.2818888743059,39.8870031974594));
#2675=CARTESIAN_POINT('Ctrl Pts',(-0.829928370265316,16.7401860469578,39.7450911495519));
#2676=CARTESIAN_POINT('Ctrl Pts',(-0.74107420329653,17.0399194398124,39.6946781222375));
#2677=CARTESIAN_POINT('Ctrl Pts',(-0.715077294340457,17.2007604031865,39.6806517363653));
#2678=CARTESIAN_POINT('Ctrl Pts',(-0.798188751187842,17.2253427064142,42.2847638302384));
#2679=CARTESIAN_POINT('Ctrl Pts',(-0.827409232453136,17.0792334055311,42.2684460016706));
#2680=CARTESIAN_POINT('Ctrl Pts',(-0.926049742966679,16.8071810983586,42.2098675798175));
#2681=CARTESIAN_POINT('Ctrl Pts',(-1.16313141987614,16.3387654327899,42.0250347912115));
#2682=CARTESIAN_POINT('Ctrl Pts',(-1.38530663504577,15.9559799523402,41.7514397826248));
#2683=CARTESIAN_POINT('Ctrl Pts',(-1.50430943756866,15.7302690858109,41.4737010605256));
#2684=CARTESIAN_POINT('Ctrl Pts',(-1.54217969109835,15.6525677691453,41.3376625959065));
#2685=CARTESIAN_POINT('Ctrl Pts',(-1.55792251886053,15.6181152482541,41.2622990861634));
#2686=CARTESIAN_POINT('Ctrl Pts',(-1.57621997005272,15.5764404425803,41.1517582309996));
#2687=CARTESIAN_POINT('Ctrl Pts',(-1.58454424025744,15.5512341141862,41.0003635549672));
#2688=CARTESIAN_POINT('Ctrl Pts',(-1.57020184351974,15.5955466186725,40.7304860781027));
#2689=CARTESIAN_POINT('Ctrl Pts',(-1.48205227680086,15.7772943146213,40.4424861530907));
#2690=CARTESIAN_POINT('Ctrl Pts',(-1.3020569827424,16.1001267452389,40.1456363423409));
#2691=CARTESIAN_POINT('Ctrl Pts',(-1.13377889455874,16.3968345077968,39.9521303689284));
#2692=CARTESIAN_POINT('Ctrl Pts',(-0.926082525469103,16.8075358298543,39.7899050393123));
#2693=CARTESIAN_POINT('Ctrl Pts',(-0.827410515961603,17.0792269876859,39.7315547150892));
#2694=CARTESIAN_POINT('Ctrl Pts',(-0.798188751187838,17.2253427064142,39.7152361697615));
#2695=CARTESIAN_POINT('Ctrl Pts',(-0.951054122703697,17.2675259276839,42.2457510355805));
#2696=CARTESIAN_POINT('Ctrl Pts',(-0.987388801356345,17.1465483126628,42.2288026670907));
#2697=CARTESIAN_POINT('Ctrl Pts',(-1.10876914950377,16.9216377721869,42.1679875052206));
#2698=CARTESIAN_POINT('Ctrl Pts',(-1.40347836891478,16.539494232969,41.9772836695715));
#2699=CARTESIAN_POINT('Ctrl Pts',(-1.68966564178481,16.2417237255716,41.6966855382187));
#2700=CARTESIAN_POINT('Ctrl Pts',(-1.85570534848842,16.0893022442187,41.423108437638));
#2701=CARTESIAN_POINT('Ctrl Pts',(-1.91195945220569,16.0437086097474,41.2949599775501));
#2702=CARTESIAN_POINT('Ctrl Pts',(-1.93632424626476,16.0252268534673,41.2259980594174));
#2703=CARTESIAN_POINT('Ctrl Pts',(-1.96549688571978,16.0044434216689,41.1268883971303));
#2704=CARTESIAN_POINT('Ctrl Pts',(-1.98159683363909,15.9967492335047,41.0003583951436));
#2705=CARTESIAN_POINT('Ctrl Pts',(-1.95344322402099,16.0096775505996,40.7748304835434));
#2706=CARTESIAN_POINT('Ctrl Pts',(-1.82135695414052,16.1149514133652,40.4961840734638));
#2707=CARTESIAN_POINT('Ctrl Pts',(-1.58237880925844,16.353973409696,40.1975826026968));
#2708=CARTESIAN_POINT('Ctrl Pts',(-1.36693535251819,16.5866164656703,39.9992664910257));
#2709=CARTESIAN_POINT('Ctrl Pts',(-1.10877343308365,16.9219257455382,39.8317042710393));
#2710=CARTESIAN_POINT('Ctrl Pts',(-0.987390397355647,17.1465429987259,39.7711980773656));
#2711=CARTESIAN_POINT('Ctrl Pts',(-0.951054122703691,17.267525927684,39.7542489644194));
#2712=CARTESIAN_POINT('Ctrl Pts',(-1.06421479482747,17.2961734537753,42.2378053550922));
#2713=CARTESIAN_POINT('Ctrl Pts',(-1.10639159248249,17.1920217065784,42.2235519878194));
#2714=CARTESIAN_POINT('Ctrl Pts',(-1.24689473046102,16.9971282695891,42.1723607825224));
#2715=CARTESIAN_POINT('Ctrl Pts',(-1.59479349161078,16.6600031540463,42.0093170086269));
#2716=CARTESIAN_POINT('Ctrl Pts',(-1.95248428314526,16.3839243292603,41.7659684682368));
#2717=CARTESIAN_POINT('Ctrl Pts',(-2.19223007796561,16.2211837014953,41.5042676759979));
#2718=CARTESIAN_POINT('Ctrl Pts',(-2.28317191449218,16.1649093810787,41.3683231285802));
#2719=CARTESIAN_POINT('Ctrl Pts',(-2.32522234759487,16.1398812027187,41.2903042582103));
#2720=CARTESIAN_POINT('Ctrl Pts',(-2.37791066640019,16.1095193627648,41.1731436775548));
#2721=CARTESIAN_POINT('Ctrl Pts',(-2.41472924721695,16.090846962458,41.0003388659098));
#2722=CARTESIAN_POINT('Ctrl Pts',(-2.34934764316898,16.1237011876901,40.6923046314609));
#2723=CARTESIAN_POINT('Ctrl Pts',(-2.13417738947348,16.2552549564177,40.4143540306562));
#2724=CARTESIAN_POINT('Ctrl Pts',(-1.8185093159287,16.4878599409443,40.1427237782897));
#2725=CARTESIAN_POINT('Ctrl Pts',(-1.55131206522806,16.7018188156289,39.9703975214093));
#2726=CARTESIAN_POINT('Ctrl Pts',(-1.24689584750643,16.9973849983624,39.8275398916698));
#2727=CARTESIAN_POINT('Ctrl Pts',(-1.10639344509663,17.1920171317171,39.7764486382591));
#2728=CARTESIAN_POINT('Ctrl Pts',(-1.06421479482747,17.2961734537753,39.7621946449077));
#2729=CARTESIAN_POINT('Ctrl Pts',(-1.13206159008841,17.3124521898923,42.240323784616));
#2730=CARTESIAN_POINT('Ctrl Pts',(-1.17770322776358,17.2177073025541,42.2288112288));
#2731=CARTESIAN_POINT('Ctrl Pts',(-1.32952413218869,17.0387596509845,42.1872946473818));
#2732=CARTESIAN_POINT('Ctrl Pts',(-1.7085479108759,16.7192493821619,42.0515112383469));
#2733=CARTESIAN_POINT('Ctrl Pts',(-2.10680480447094,16.4355214977785,41.8422505729032));
#2734=CARTESIAN_POINT('Ctrl Pts',(-2.38704883270273,16.2390382059023,41.5872071421355));
#2735=CARTESIAN_POINT('Ctrl Pts',(-2.49694819533981,16.1628975334411,41.4415406384557));
#2736=CARTESIAN_POINT('Ctrl Pts',(-2.54864968639766,16.1270043878171,41.3537711050854));
#2737=CARTESIAN_POINT('Ctrl Pts',(-2.61416554798991,16.0816485881403,41.217940377837));
#2738=CARTESIAN_POINT('Ctrl Pts',(-2.66228562921397,16.048244878376,41.0003817363501));
#2739=CARTESIAN_POINT('Ctrl Pts',(-2.57659045796253,16.1077056916955,40.612150513267));
#2740=CARTESIAN_POINT('Ctrl Pts',(-2.31612657841968,16.2875841002141,40.3288901255167));
#2741=CARTESIAN_POINT('Ctrl Pts',(-1.95770552504568,16.5422000839175,40.0795961374815));
#2742=CARTESIAN_POINT('Ctrl Pts',(-1.66101192093359,16.7591613682634,39.9313091152705));
#2743=CARTESIAN_POINT('Ctrl Pts',(-1.32953436239762,17.0389881631212,39.8127744680911));
#2744=CARTESIAN_POINT('Ctrl Pts',(-1.17770523257069,17.2177031408886,39.7711892768885));
#2745=CARTESIAN_POINT('Ctrl Pts',(-1.1320615900884,17.3124521898923,39.7596762153839));
#2746=CARTESIAN_POINT('',(-1.22932165498871,17.1637785170712,39.7859999999999));
#2747=CARTESIAN_POINT('Ctrl Pts',(-0.890592429943388,17.2233818630282,39.7393951756246));
#2748=CARTESIAN_POINT('Ctrl Pts',(-0.895669830978912,17.2219331484424,39.7407694991694));
#2749=CARTESIAN_POINT('Ctrl Pts',(-0.900760162762386,17.2205067924353,39.7421157045382));
#2750=CARTESIAN_POINT('Ctrl Pts',(-1.01552183739332,17.1889342258179,39.7717555309873));
#2751=CARTESIAN_POINT('Ctrl Pts',(-1.12693134526176,17.1701796583828,39.7859999999999));
#2752=CARTESIAN_POINT('Ctrl Pts',(-1.22932165498874,17.1637785170712,39.7859999999999));
#2753=CARTESIAN_POINT('',(-1.22932165497026,17.1637785170828,42.2140000000051));
#2754=CARTESIAN_POINT('Ctrl Pts',(-1.2291048189472,17.1636823142964,39.7859864549697));
#2755=CARTESIAN_POINT('Ctrl Pts',(-1.26237333364634,17.1226309290726,39.7955334715563));
#2756=CARTESIAN_POINT('Ctrl Pts',(-1.29965721497963,17.0826560769968,39.8067322817601));
#2757=CARTESIAN_POINT('Ctrl Pts',(-1.33891841489297,17.0436856459327,39.8193140804455));
#2758=CARTESIAN_POINT('Ctrl Pts',(-1.41221589064611,16.9709310120368,39.8428032780784));
#2759=CARTESIAN_POINT('Ctrl Pts',(-1.49240365368647,16.9016759975404,39.8711135112004));
#2760=CARTESIAN_POINT('Ctrl Pts',(-1.57462539042885,16.8348624609001,39.9040387394488));
#2761=CARTESIAN_POINT('Ctrl Pts',(-1.58812249044448,16.8238946922521,39.9094435766161));
#2762=CARTESIAN_POINT('Ctrl Pts',(-1.60167450448317,16.8129927551492,39.9149727573471));
#2763=CARTESIAN_POINT('Ctrl Pts',(-1.61526006639469,16.8021520054545,39.9206253488658));
#2764=CARTESIAN_POINT('Ctrl Pts',(-1.65927034939239,16.7670335123749,39.938936858837));
#2765=CARTESIAN_POINT('Ctrl Pts',(-1.70363250969858,16.7325571786234,39.9585435321799));
#2766=CARTESIAN_POINT('Ctrl Pts',(-1.7479557867964,16.6988035564803,39.9794570038731));
#2767=CARTESIAN_POINT('Ctrl Pts',(-1.81426775131815,16.6483048311921,40.0107456062453));
#2768=CARTESIAN_POINT('Ctrl Pts',(-1.88056050016451,16.5993193737175,40.0450328459392));
#2769=CARTESIAN_POINT('Ctrl Pts',(-1.94538399156587,16.5522146717605,40.0823258143866));
#2770=CARTESIAN_POINT('Ctrl Pts',(-1.97942618120435,16.527477540788,40.1019102933558));
#2771=CARTESIAN_POINT('Ctrl Pts',(-2.01306312961615,16.5032588525511,40.1223229567756));
#2772=CARTESIAN_POINT('Ctrl Pts',(-2.04608701392364,16.4796093715383,40.1435598114455));
#2773=CARTESIAN_POINT('Ctrl Pts',(-2.09208211462262,16.4466707792596,40.1731381390576));
#2774=CARTESIAN_POINT('Ctrl Pts',(-2.13688715358416,16.4148369361812,40.2043160132113));
#2775=CARTESIAN_POINT('Ctrl Pts',(-2.18012267970095,16.3842726114336,40.2373012186193));
#2776=CARTESIAN_POINT('Ctrl Pts',(-2.21321627701811,16.3608778815363,40.2625489536012));
#2777=CARTESIAN_POINT('Ctrl Pts',(-2.24539032060799,16.3382269642562,40.2888550314573));
#2778=CARTESIAN_POINT('Ctrl Pts',(-2.27631947942998,16.3165264759297,40.3161383919699));
#2779=CARTESIAN_POINT('Ctrl Pts',(-2.33233757544784,16.2772231102705,40.3655533119709));
#2780=CARTESIAN_POINT('Ctrl Pts',(-2.38447381081731,16.2408584857161,40.4184026900339));
#2781=CARTESIAN_POINT('Ctrl Pts',(-2.43078482535565,16.2086615549701,40.4743875891573));
#2782=CARTESIAN_POINT('Ctrl Pts',(-2.47462912184901,16.178179567221,40.5273904987413));
#2783=CARTESIAN_POINT('Ctrl Pts',(-2.51325247394418,16.1514331059371,40.5832037021837));
#2784=CARTESIAN_POINT('Ctrl Pts',(-2.54496553092092,16.1294911730476,40.6415724765099));
#2785=CARTESIAN_POINT('Ctrl Pts',(-2.54674973493747,16.128256700924,40.6448563542411));
#2786=CARTESIAN_POINT('Ctrl Pts',(-2.54851205411563,16.1270374438881,40.6481483210852));
#2787=CARTESIAN_POINT('Ctrl Pts',(-2.55025218328411,16.1258335950169,40.6514483317104));
#2788=CARTESIAN_POINT('Ctrl Pts',(-2.5612037204469,16.1182571484575,40.672217013515));
#2789=CARTESIAN_POINT('Ctrl Pts',(-2.57125614262445,16.1113052068792,40.6932647714836));
#2790=CARTESIAN_POINT('Ctrl Pts',(-2.58034520894371,16.1050170700359,40.7145847324645));
#2791=CARTESIAN_POINT('Ctrl Pts',(-2.59870909737933,16.0923122839334,40.7576603764473));
#2792=CARTESIAN_POINT('Ctrl Pts',(-2.61314347017596,16.0823151630909,40.8018461248896));
#2793=CARTESIAN_POINT('Ctrl Pts',(-2.62330136437177,16.0752719244662,40.8466291597101));
#2794=CARTESIAN_POINT('Ctrl Pts',(-2.6328253535293,16.0686682202927,40.8886175019639));
#2795=CARTESIAN_POINT('Ctrl Pts',(-2.63859004211238,16.0646612102105,40.9311318959076));
#2796=CARTESIAN_POINT('Ctrl Pts',(-2.64026900112573,16.0634815857122,40.9737546630325));
#2797=CARTESIAN_POINT('Ctrl Pts',(-2.64038075057861,16.0634030713523,40.9765915821405));
#2798=CARTESIAN_POINT('Ctrl Pts',(-2.64047438394282,16.0633370933444,40.9794289803222));
#2799=CARTESIAN_POINT('Ctrl Pts',(-2.64054979797888,16.0632837244201,40.9822667337574));
#2800=CARTESIAN_POINT('Ctrl Pts',(-2.6407086444177,16.0631713121423,40.9882439636074));
#2801=CARTESIAN_POINT('Ctrl Pts',(-2.64078758183912,16.0631147177064,40.9942218866377));
#2802=CARTESIAN_POINT('Ctrl Pts',(-2.64078566055772,16.0631145840648,41.0001992124792));
#2803=CARTESIAN_POINT('Ctrl Pts',(-2.64076567332037,16.0631131937818,41.0623817904658));
#2804=CARTESIAN_POINT('Ctrl Pts',(-2.63199356447381,16.0692228376484,41.1245036729839));
#2805=CARTESIAN_POINT('Ctrl Pts',(-2.61533994059415,16.0807862738563,41.1853054829909));
#2806=CARTESIAN_POINT('Ctrl Pts',(-2.6060547210053,16.0872334618779,41.2192055014731));
#2807=CARTESIAN_POINT('Ctrl Pts',(-2.5943197095387,16.0953758870775,41.2526941938765));
#2808=CARTESIAN_POINT('Ctrl Pts',(-2.58028952731438,16.1050963566988,41.2855479618801));
#2809=CARTESIAN_POINT('Ctrl Pts',(-2.57616564303116,16.1079534893614,41.2952046531011));
#2810=CARTESIAN_POINT('Ctrl Pts',(-2.57184349184364,16.1109469338717,41.3048064750388));
#2811=CARTESIAN_POINT('Ctrl Pts',(-2.56733120860802,16.1140719545807,41.3143501669364));
#2812=CARTESIAN_POINT('Ctrl Pts',(-2.56112072412881,16.1183730792214,41.3274856345721));
#2813=CARTESIAN_POINT('Ctrl Pts',(-2.55455198371879,16.1229236077433,41.3405126299151));
#2814=CARTESIAN_POINT('Ctrl Pts',(-2.54764659178257,16.1277113846704,41.3534230515709));
#2815=CARTESIAN_POINT('Ctrl Pts',(-2.53572438014401,16.1359775179082,41.3757129926408));
#2816=CARTESIAN_POINT('Ctrl Pts',(-2.52279865673481,16.1449508572267,41.3976554453321));
#2817=CARTESIAN_POINT('Ctrl Pts',(-2.50894747979874,16.1545589248348,41.4192202224068));
#2818=CARTESIAN_POINT('Ctrl Pts',(-2.4812451504009,16.173775043074,41.4623497384522));
#2819=CARTESIAN_POINT('Ctrl Pts',(-2.44984085321673,16.1955301868108,41.5039684609357));
#2820=CARTESIAN_POINT('Ctrl Pts',(-2.41555690230457,16.2193877861495,41.5438547812518));
#2821=CARTESIAN_POINT('Ctrl Pts',(-2.38439802238247,16.2410707034692,41.5801053600853));
#2822=CARTESIAN_POINT('Ctrl Pts',(-2.35086061132504,16.2644901878409,41.6149249701625));
#2823=CARTESIAN_POINT('Ctrl Pts',(-2.31541779294452,16.2893157548132,41.6483174457909));
#2824=CARTESIAN_POINT('Ctrl Pts',(-2.27286381857511,16.319122259739,41.688409701908));
#2825=CARTESIAN_POINT('Ctrl Pts',(-2.22756197131816,16.350974034596,41.7264737118731));
#2826=CARTESIAN_POINT('Ctrl Pts',(-2.18032304158663,16.3843020881389,41.762505211128));
#2827=CARTESIAN_POINT('Ctrl Pts',(-2.10065168113596,16.4405119003007,41.82327455076));
#2828=CARTESIAN_POINT('Ctrl Pts',(-2.01546891172684,16.5009217854711,41.8782600348676));
#2829=CARTESIAN_POINT('Ctrl Pts',(-1.92795494857011,16.5647275724928,41.9277012729038));
#2830=CARTESIAN_POINT('Ctrl Pts',(-1.89090416215602,16.591741028422,41.9486332097565));
#2831=CARTESIAN_POINT('Ctrl Pts',(-1.85343599734753,16.6193628253607,41.9685718409329));
#2832=CARTESIAN_POINT('Ctrl Pts',(-1.81579306555401,16.6475309635593,41.9875374589531));
#2833=CARTESIAN_POINT('Ctrl Pts',(-1.74910553545717,16.697433122461,42.0211366012694));
#2834=CARTESIAN_POINT('Ctrl Pts',(-1.68186680034774,16.7490630949314,42.0516928224451));
#2835=CARTESIAN_POINT('Ctrl Pts',(-1.61539472577975,16.8021088147375,42.0793339859049));
#2836=CARTESIAN_POINT('Ctrl Pts',(-1.51904042039662,16.879001006213,42.1194011136793));
#2837=CARTESIAN_POINT('Ctrl Pts',(-1.42429493066696,16.9588673444226,42.153344033994));
#2838=CARTESIAN_POINT('Ctrl Pts',(-1.33894687841832,17.043557780274,42.180700866607));
#2839=CARTESIAN_POINT('Ctrl Pts',(-1.31797846447602,17.064364630215,42.1874219267281));
#2840=CARTESIAN_POINT('Ctrl Pts',(-1.29757740397911,17.0854627334109,42.193745361624));
#2841=CARTESIAN_POINT('Ctrl Pts',(-1.27805296615807,17.1068597501822,42.1996317459981));
#2842=CARTESIAN_POINT('Ctrl Pts',(-1.26435299430247,17.121873679405,42.203762123579));
#2843=CARTESIAN_POINT('Ctrl Pts',(-1.25108464366873,17.137034782799,42.2076773129568));
#2844=CARTESIAN_POINT('Ctrl Pts',(-1.23835491144479,17.1523457254196,42.2113636564654));
#2845=CARTESIAN_POINT('Ctrl Pts',(-1.23522674964111,17.1561081852295,42.2122695261849));
#2846=CARTESIAN_POINT('Ctrl Pts',(-1.23213128433785,17.1598794783434,42.2131615280018));
#2847=CARTESIAN_POINT('Ctrl Pts',(-1.22906919586035,17.1636607799712,42.2140397184727));
#2848=CARTESIAN_POINT('Ctrl Pts',(-1.22887157776386,17.1639048851346,42.2140963883909));
#2849=CARTESIAN_POINT('Ctrl Pts',(-1.20799302006586,17.1652195681013,42.2140841555519));
#2850=CARTESIAN_POINT('Ctrl Pts',(-1.18710201996472,17.1670261796413,42.2146698757127));
#2851=CARTESIAN_POINT('Ctrl Pts',(-1.16632657404677,17.1692637723456,42.2157890582666));
#2852=CARTESIAN_POINT('Ctrl Pts',(-1.16194787357978,17.1697353746524,42.2160249408171));
#2853=CARTESIAN_POINT('Ctrl Pts',(-1.15757415632265,17.1702260173258,42.2162844986553));
#2854=CARTESIAN_POINT('Ctrl Pts',(-1.1532063774391,17.1707349512781,42.2165671056064));
#2855=CARTESIAN_POINT('Ctrl Pts',(-1.1323105071928,17.1731697397863,42.2179191241812));
#2856=CARTESIAN_POINT('Ctrl Pts',(-1.11145850335423,17.1760362613489,42.2198051912937));
#2857=CARTESIAN_POINT('Ctrl Pts',(-1.09075508931625,17.179290903176,42.2221763764558));
#2858=CARTESIAN_POINT('Ctrl Pts',(-1.085670448712,17.1800902246771,42.2227587260303));
#2859=CARTESIAN_POINT('Ctrl Pts',(-1.08059458555783,17.180912796733,42.2233703191085));
#2860=CARTESIAN_POINT('Ctrl Pts',(-1.07552868935659,17.1817576418391,42.224010418649));
#2861=CARTESIAN_POINT('Ctrl Pts',(-1.05373362847202,17.1853924282216,42.2267643259348));
#2862=CARTESIAN_POINT('Ctrl Pts',(-1.03201293044401,17.1894475770179,42.2300585470443));
#2863=CARTESIAN_POINT('Ctrl Pts',(-1.01046213754593,17.1939177269453,42.2338601745909));
#2864=CARTESIAN_POINT('Ctrl Pts',(-0.988911344647862,17.1983878768727,42.2376618021374));
#2865=CARTESIAN_POINT('Ctrl Pts',(-0.967530224412479,17.2032736501438,42.2419700819128));
#2866=CARTESIAN_POINT('Ctrl Pts',(-0.946381342782981,17.2085270512889,42.2467526834859));
#2867=CARTESIAN_POINT('Ctrl Pts',(-0.942768454207015,17.2094244960482,42.2475697009949));
#2868=CARTESIAN_POINT('Ctrl Pts',(-0.9391622710179,17.2103325564837,42.2484005772909));
#2869=CARTESIAN_POINT('Ctrl Pts',(-0.935563014335012,17.2112508527131,42.2492451505108));
#2870=CARTESIAN_POINT('Ctrl Pts',(-0.9204732492551,17.2151007794055,42.252785995914));
#2871=CARTESIAN_POINT('Ctrl Pts',(-0.905468799429965,17.2191567091566,42.2565775666249));
#2872=CARTESIAN_POINT('Ctrl Pts',(-0.890577946793937,17.2233948801456,42.2606092614253));
#2873=CARTESIAN_POINT('Origin',(2.11072915805054E-15,-17.2354115449459,
45.9999999999999));
#2874=CARTESIAN_POINT('',(1.77361193872636E-15,-15.,47.4999999999999));
#2875=CARTESIAN_POINT('',(2.29442617792264E-15,-17.2354115449459,47.4999999999999));
#2876=CARTESIAN_POINT('',(1.5,-14.9096736459909,45.9999999999999));
#2877=CARTESIAN_POINT('Ctrl Pts',(1.5,-14.9096736459909,45.9999999999999));
#2878=CARTESIAN_POINT('Ctrl Pts',(1.5,-14.9096736459909,46.1885391807631));
#2879=CARTESIAN_POINT('Ctrl Pts',(1.46228316094915,-14.9144135436962,46.3895200844808));
#2880=CARTESIAN_POINT('Ctrl Pts',(1.30914645082575,-14.9314951317171,46.7590346190388));
#2881=CARTESIAN_POINT('Ctrl Pts',(1.193736448868,-14.9435859388604,46.9275838946916));
#2882=CARTESIAN_POINT('Ctrl Pts',(0.927584837845973,-14.966251394983,47.1937355057136));
#2883=CARTESIAN_POINT('Ctrl Pts',(0.759035151523378,-14.9783041053298,47.309146246199));
#2884=CARTESIAN_POINT('Ctrl Pts',(0.389519229112744,-14.9952984148258,47.4622834993874));
#2885=CARTESIAN_POINT('Ctrl Pts',(0.188537844525422,-15.,47.4999999999999));
#2886=CARTESIAN_POINT('Ctrl Pts',(2.22044604925031E-15,-15.,47.4999999999999));
#2887=CARTESIAN_POINT('Ctrl Pts',(1.49186218934005E-15,-15.,47.4999999999999));
#2888=CARTESIAN_POINT('Ctrl Pts',(-0.188537844525418,-15.,47.4999999999999));
#2889=CARTESIAN_POINT('Ctrl Pts',(-0.389519229112728,-14.9952984148258,
47.4622834993874));
#2890=CARTESIAN_POINT('Ctrl Pts',(-0.759035151523369,-14.9783041053298,
47.309146246199));
#2891=CARTESIAN_POINT('Ctrl Pts',(-0.927584837845969,-14.966251394983,47.1937355057136));
#2892=CARTESIAN_POINT('Ctrl Pts',(-1.193736448868,-14.9435859388604,46.9275838946916));
#2893=CARTESIAN_POINT('Ctrl Pts',(-1.30914645082574,-14.9314951317171,46.7590346190388));
#2894=CARTESIAN_POINT('Ctrl Pts',(-1.46228316094914,-14.9144135436962,46.3895200844808));
#2895=CARTESIAN_POINT('Ctrl Pts',(-1.5,-14.9096736459909,46.1885391807631));
#2896=CARTESIAN_POINT('Ctrl Pts',(-1.5,-14.9096736459909,45.8114608192368));
#2897=CARTESIAN_POINT('Ctrl Pts',(-1.46228316094914,-14.9144135436962,45.6104799155191));
#2898=CARTESIAN_POINT('Ctrl Pts',(-1.30914645082574,-14.9314951317171,45.2409653809611));
#2899=CARTESIAN_POINT('Ctrl Pts',(-1.193736448868,-14.9435859388604,45.0724161053083));
#2900=CARTESIAN_POINT('Ctrl Pts',(-0.927584837845969,-14.966251394983,44.8062644942863));
#2901=CARTESIAN_POINT('Ctrl Pts',(-0.759035151523369,-14.9783041053298,
44.6908537538009));
#2902=CARTESIAN_POINT('Ctrl Pts',(-0.389519229112729,-14.9952984148258,
44.5377165006125));
#2903=CARTESIAN_POINT('Ctrl Pts',(-0.188537844525418,-15.,44.4999999999999));
#2904=CARTESIAN_POINT('Ctrl Pts',(0.188537844525421,-15.,44.4999999999999));
#2905=CARTESIAN_POINT('Ctrl Pts',(0.389519229112735,-14.9952984148258,44.5377165006125));
#2906=CARTESIAN_POINT('Ctrl Pts',(0.759035151523375,-14.9783041053298,44.6908537538009));
#2907=CARTESIAN_POINT('Ctrl Pts',(0.927584837845972,-14.966251394983,44.8062644942863));
#2908=CARTESIAN_POINT('Ctrl Pts',(1.193736448868,-14.9435859388604,45.0724161053083));
#2909=CARTESIAN_POINT('Ctrl Pts',(1.30914645082575,-14.9314951317171,45.2409653809611));
#2910=CARTESIAN_POINT('Ctrl Pts',(1.46228316094915,-14.9144135436962,45.6104799155191));
#2911=CARTESIAN_POINT('Ctrl Pts',(1.5,-14.9096736459909,45.8114608192368));
#2912=CARTESIAN_POINT('Ctrl Pts',(1.5,-14.9096736459909,45.9999999999999));
#2913=CARTESIAN_POINT('Ctrl Pts',(0.674816831617132,-22.1888816284255,44.6608193750915));
#2914=CARTESIAN_POINT('Ctrl Pts',(0.461997281921059,-22.1959491177908,44.5551380571552));
#2915=CARTESIAN_POINT('Ctrl Pts',(0.223530746538594,-22.2005528811231,44.4992443305781));
#2916=CARTESIAN_POINT('Ctrl Pts',(-0.223530746538581,-22.2005528811231,
44.4992443305781));
#2917=CARTESIAN_POINT('Ctrl Pts',(-0.461997281921041,-22.1959491177908,
44.5551380571552));
#2918=CARTESIAN_POINT('Ctrl Pts',(-0.67481683161712,-22.1888816284255,44.6608193750915));
#2919=CARTESIAN_POINT('Origin',(0.,-2.50000000000002,50.9999999999999));
#2920=CARTESIAN_POINT('',(20.,-2.50000000000001,48.9999999999999));
#2921=CARTESIAN_POINT('',(20.,-2.50000000000002,50.9999999999999));
#2922=CARTESIAN_POINT('Origin',(0.,-2.50000000000002,48.9999999999999));
#2923=CARTESIAN_POINT('Ctrl Pts',(1.04700337200248,-22.4725757963017,44.5359771679384));
#2924=CARTESIAN_POINT('Ctrl Pts',(0.743921905424167,-22.4884639481723,44.3190603173781));
#2925=CARTESIAN_POINT('Ctrl Pts',(0.356893845031043,-22.5000367494219,44.1997033639878));
#2926=CARTESIAN_POINT('Ctrl Pts',(-0.356893845031024,-22.5000367494219,
44.1997033639878));
#2927=CARTESIAN_POINT('Ctrl Pts',(-0.743921905424126,-22.4884639481723,
44.3190603173781));
#2928=CARTESIAN_POINT('Ctrl Pts',(-1.04700337200246,-22.4725757963017,44.5359771679384));
#2929=CARTESIAN_POINT('Ctrl Pts',(0.98602786755719,-22.375429614672,44.615277985827));
#2930=CARTESIAN_POINT('Ctrl Pts',(0.699485755888159,-22.3896294451459,44.411533235445));
#2931=CARTESIAN_POINT('Ctrl Pts',(0.335528734648724,-22.4000243109808,44.2997630456635));
#2932=CARTESIAN_POINT('Ctrl Pts',(-0.335528734648706,-22.4000243109808,
44.2997630456635));
#2933=CARTESIAN_POINT('Ctrl Pts',(-0.699485755888117,-22.3896294451459,
44.411533235445));
#2934=CARTESIAN_POINT('Ctrl Pts',(-0.986027867557171,-22.375429614672,44.615277985827));
#2935=CARTESIAN_POINT('Ctrl Pts',(0.925052363111898,-22.2782834330424,44.6945788037157));
#2936=CARTESIAN_POINT('Ctrl Pts',(0.655704142779083,-22.2909588267127,44.503246145955));
#2937=CARTESIAN_POINT('Ctrl Pts',(0.314179062485118,-22.3000365363798,44.3997136810849));
#2938=CARTESIAN_POINT('Ctrl Pts',(-0.314179062485097,-22.3000365363798,
44.3997136810849));
#2939=CARTESIAN_POINT('Ctrl Pts',(-0.655704142779047,-22.2909588267127,
44.503246145955));
#2940=CARTESIAN_POINT('Ctrl Pts',(-0.92505236311188,-22.2782834330424,44.6945788037157));
#2941=CARTESIAN_POINT('Ctrl Pts',(0.864076858666606,-22.1811372514127,44.7738796216044));
#2942=CARTESIAN_POINT('Ctrl Pts',(0.611267993243075,-22.1921243236863,44.5957190640219));
#2943=CARTESIAN_POINT('Ctrl Pts',(0.292813952102798,-22.2000240979387,44.4997733627605));
#2944=CARTESIAN_POINT('Ctrl Pts',(-0.292813952102779,-22.2000240979386,
44.4997733627605));
#2945=CARTESIAN_POINT('Ctrl Pts',(-0.611267993243038,-22.1921243236863,
44.5957190640218));
#2946=CARTESIAN_POINT('Ctrl Pts',(-0.864076858666589,-22.1811372514127,
44.7738796216044));
#2947=CARTESIAN_POINT('',(-0.914875222744361,-22.4790024536893,44.4504043843115));
#2948=CARTESIAN_POINT('Ctrl Pts',(-0.914477213045331,-22.479002445397,44.4503134439744));
#2949=CARTESIAN_POINT('Ctrl Pts',(-0.912384710251529,-22.4379981126537,
44.496566053612));
#2950=CARTESIAN_POINT('Ctrl Pts',(-0.909520081130044,-22.3969963906899,
44.5428404734861));
#2951=CARTESIAN_POINT('Ctrl Pts',(-0.905810129755694,-22.3560730582126,
44.5891106291575));
#2952=CARTESIAN_POINT('Ctrl Pts',(-0.905040829967726,-22.3475871488782,
44.5987052619049));
#2953=CARTESIAN_POINT('Ctrl Pts',(-0.904235156879249,-22.3391046466364,
44.6082995438059));
#2954=CARTESIAN_POINT('Ctrl Pts',(-0.903392468878844,-22.330626294942,44.6178929286841));
#2955=CARTESIAN_POINT('Ctrl Pts',(-0.900218883892774,-22.2986966013534,
44.6540218663224));
#2956=CARTESIAN_POINT('Ctrl Pts',(-0.896491013745629,-22.2667691257251,
44.6901915021274));
#2957=CARTESIAN_POINT('Ctrl Pts',(-0.892176362142451,-22.2348932525102,
44.7263395379273));
#2958=CARTESIAN_POINT('Ctrl Pts',(-0.8916568691294,-22.2310553311801,44.7306918365045));
#2959=CARTESIAN_POINT('Ctrl Pts',(-0.891128900820376,-22.227218169247,44.7350437680331));
#2960=CARTESIAN_POINT('Ctrl Pts',(-0.890592429942727,-22.2233818630272,
44.7393951756254));
#2961=CARTESIAN_POINT('',(0.914875222744372,-22.4790024536893,44.4504043843115));
#2962=CARTESIAN_POINT('Ctrl Pts',(-0.914740802430142,-22.4789906378558,
44.4504670669761));
#2963=CARTESIAN_POINT('Ctrl Pts',(-0.635872988554344,-22.4914845679075,
44.2879069292599));
#2964=CARTESIAN_POINT('Ctrl Pts',(-0.306802056122913,-22.5000367494219,
44.1997033639878));
#2965=CARTESIAN_POINT('Ctrl Pts',(0.306802056122925,-22.5000367494219,44.1997033639878));
#2966=CARTESIAN_POINT('Ctrl Pts',(0.635872988554367,-22.4914845679075,44.2879069292598));
#2967=CARTESIAN_POINT('Ctrl Pts',(0.914740802430153,-22.4789906378558,44.4504670669761));
#2968=CARTESIAN_POINT('Ctrl Pts',(0.91447721304534,-22.479002445397,44.4503134439744));
#2969=CARTESIAN_POINT('Ctrl Pts',(0.912386366205905,-22.438030562457,44.4965294504536));
#2970=CARTESIAN_POINT('Ctrl Pts',(0.909524558883217,-22.3970610458212,44.5427674739038));
#2971=CARTESIAN_POINT('Ctrl Pts',(0.905818849550178,-22.3561695036227,44.5890015700285));
#2972=CARTESIAN_POINT('Ctrl Pts',(0.905022701673902,-22.3473842181205,44.5989346689667));
#2973=CARTESIAN_POINT('Ctrl Pts',(0.904187573225071,-22.338602570538,44.6088674084056));
#2974=CARTESIAN_POINT('Ctrl Pts',(0.903312753383049,-22.329825386418,44.6187991805181));
#2975=CARTESIAN_POINT('Ctrl Pts',(0.900131324781674,-22.2979056890615,44.6549177301248));
#2976=CARTESIAN_POINT('Ctrl Pts',(0.896394972765464,-22.2659884331738,44.6910764261741));
#2977=CARTESIAN_POINT('Ctrl Pts',(0.892072043684329,-22.2341230209963,44.727213040939));
#2978=CARTESIAN_POINT('Ctrl Pts',(0.891586227246297,-22.2305419441963,44.7312741210858));
#2979=CARTESIAN_POINT('Ctrl Pts',(0.891093029736601,-22.2269615321029,44.7353348750778));
#2980=CARTESIAN_POINT('Ctrl Pts',(0.890592429942775,-22.2233818630273,44.7393951756253));
#2981=CARTESIAN_POINT('Origin',(0.,-2.50000000000001,44.6179999999999));
#2982=CARTESIAN_POINT('',(20.,-2.50000000000002,44.4499999999999));
#2983=CARTESIAN_POINT('Origin',(0.,-2.50000000000001,44.4499999999999));
#2984=CARTESIAN_POINT('Origin',(0.,-2.50000000000001,44.4499999999999));
#2985=CARTESIAN_POINT('Origin',(0.,-2.50000000000002,50.9999999999999));
#2986=CARTESIAN_POINT('',(20.,-2.50000000000002,42.5499999999999));
#2987=CARTESIAN_POINT('Origin',(0.,-2.50000000000001,42.5499999999999));
#2988=CARTESIAN_POINT('',(20.,-2.50000000000002,50.9999999999999));
#2989=CARTESIAN_POINT('Origin',(0.,-2.50000000000001,42.5499999999999));
#2990=CARTESIAN_POINT('Origin',(0.,-2.50000000000001,42.382));
#2991=CARTESIAN_POINT('Origin',(0.,-2.50000000000001,42.214));
#2992=CARTESIAN_POINT('Origin',(0.,-2.50000000000001,39.6179999999999));
#2993=CARTESIAN_POINT('Origin',(0.,-2.50000000000001,39.7859999999999));
#2994=CARTESIAN_POINT('',(20.,-2.50000000000002,39.4499999999999));
#2995=CARTESIAN_POINT('Origin',(0.,-2.50000000000001,39.4499999999999));
#2996=CARTESIAN_POINT('Origin',(0.,-2.50000000000001,39.4499999999999));
#2997=CARTESIAN_POINT('Origin',(0.,-2.50000000000002,50.9999999999999));
#2998=CARTESIAN_POINT('',(20.,-2.50000000000002,37.9999999999999));
#2999=CARTESIAN_POINT('Origin',(0.,-2.50000000000002,37.9999999999999));
#3000=CARTESIAN_POINT('',(20.,-2.50000000000002,50.9999999999999));
#3001=CARTESIAN_POINT('Origin',(0.,-2.50000000000002,49.9999999999999));
#3002=CARTESIAN_POINT('',(19.,-2.50000000000001,49.9999999999999));
#3003=CARTESIAN_POINT('Origin',(0.,-2.50000000000002,50.9999999999999));
#3004=CARTESIAN_POINT('',(1.54110350074225,-4.62500000000001,50.9999999999999));
#3005=CARTESIAN_POINT('',(-1.54110350074225,-4.62500000000001,50.9999999999999));
#3006=CARTESIAN_POINT('',(-0.75,-4.62500000000001,50.9999999999999));
#3007=CARTESIAN_POINT('Origin',(-2.77555756156289E-16,-2.50000000000002,
50.9999999999999));
#3008=CARTESIAN_POINT('Origin',(0.,-2.50000000000002,36.9999999999999));
#3009=CARTESIAN_POINT('',(18.,-2.50000000000001,35.9999999999999));
#3010=CARTESIAN_POINT('Origin',(0.,-2.50000000000002,35.9999999999999));
#3011=CARTESIAN_POINT('',(19.,-2.50000000000002,36.9999999999999));
#3012=CARTESIAN_POINT('Origin',(0.,-2.50000000000002,35.9999999999999));
#3013=CARTESIAN_POINT('',(-1.54110350074225,-4.62500000000001,35.9999999999999));
#3014=CARTESIAN_POINT('',(1.54110350074225,-4.62500000000001,35.9999999999999));
#3015=CARTESIAN_POINT('',(-0.75,-4.62500000000001,35.9999999999999));
#3016=CARTESIAN_POINT('Origin',(-2.77555756156289E-16,-2.50000000000002,
35.9999999999999));
#3017=CARTESIAN_POINT('Origin',(-2.77555756156289E-16,-2.50000000000002,
35.9999999999999));
#3018=CARTESIAN_POINT('',(-12.5,-2.50000000000001,35.9999999999999));
#3019=CARTESIAN_POINT('Origin',(-2.77555756156289E-16,-2.50000000000002,
35.9999999999999));
#3020=CARTESIAN_POINT('Origin',(-2.77555756156289E-16,-2.50000000000002,
35.9999999999999));
#3021=CARTESIAN_POINT('',(6.89248708487802,-12.9280209908108,35.9999999999999));
#3022=CARTESIAN_POINT('',(-0.883883476483185,-5.15165042944957,35.9999999999999));
#3023=CARTESIAN_POINT('Origin',(-2.77555756156289E-16,-2.50000000000002,
35.9999999999999));
#3024=CARTESIAN_POINT('Origin',(-2.77555756156289E-16,-2.50000000000002,
35.9999999999999));
#3025=CARTESIAN_POINT('Origin',(0.,-2.50000000000001,40.9999999999999));
#3026=CARTESIAN_POINT('Origin',(-2.22044604925031E-15,-6.03553390593275,
50.9999999999999));
#3027=CARTESIAN_POINT('',(6.89248708487802,-12.9280209908108,50.9999999999999));
#3028=CARTESIAN_POINT('Origin',(-2.77555756156289E-16,-2.50000000000002,
50.9999999999999));
#3029=CARTESIAN_POINT('',(-12.5,-2.50000000000001,50.9999999999999));
#3030=CARTESIAN_POINT('Origin',(-2.77555756156289E-16,-2.50000000000002,
50.9999999999999));
#3031=CARTESIAN_POINT('',(-1.54110350074225,-4.62500000000001,50.9999999999999));
#3032=CARTESIAN_POINT('',(1.54110350074225,-4.62500000000001,50.9999999999999));
#3033=CARTESIAN_POINT('Origin',(-1.5,-4.62500000000001,50.9999999999999));
#3034=UNCERTAINTY_MEASURE_WITH_UNIT(LENGTH_MEASURE(0.01),#3038,
'DISTANCE_ACCURACY_VALUE',
'Maximum model space distance between geometric entities at asserted c
onnectivities');
#3035=UNCERTAINTY_MEASURE_WITH_UNIT(LENGTH_MEASURE(0.01),#3038,
'DISTANCE_ACCURACY_VALUE',
'Maximum model space distance between geometric entities at asserted c
onnectivities');
#3036=(
GEOMETRIC_REPRESENTATION_CONTEXT(3)
GLOBAL_UNCERTAINTY_ASSIGNED_CONTEXT((#3034))
GLOBAL_UNIT_ASSIGNED_CONTEXT((#3038,#3039,#3040))
REPRESENTATION_CONTEXT('','3D')
);
#3037=(
GEOMETRIC_REPRESENTATION_CONTEXT(3)
GLOBAL_UNCERTAINTY_ASSIGNED_CONTEXT((#3035))
GLOBAL_UNIT_ASSIGNED_CONTEXT((#3038,#3039,#3040))
REPRESENTATION_CONTEXT('','3D')
);
#3038=(
LENGTH_UNIT()
NAMED_UNIT(*)
SI_UNIT(.MILLI.,.METRE.)
);
#3039=(
NAMED_UNIT(*)
PLANE_ANGLE_UNIT()
SI_UNIT($,.RADIAN.)
);
#3040=(
NAMED_UNIT(*)
SI_UNIT($,.STERADIAN.)
SOLID_ANGLE_UNIT()
);
#3041=SHAPE_DEFINITION_REPRESENTATION(#3042,#3043);
#3042=PRODUCT_DEFINITION_SHAPE('',$,#3045);
#3043=SHAPE_REPRESENTATION('',(#888),#3036);
#3044=PRODUCT_DEFINITION_CONTEXT('part definition',#3049,'design');
#3045=PRODUCT_DEFINITION('NEMA17 Motor Pulley','NEMA17 Motor Pulley v2',
#3046,#3044);
#3046=PRODUCT_DEFINITION_FORMATION('',$,#3051);
#3047=PRODUCT_RELATED_PRODUCT_CATEGORY('NEMA17 Motor Pulley v2',
'NEMA17 Motor Pulley v2',(#3051));
#3048=APPLICATION_PROTOCOL_DEFINITION('international standard',
'automotive_design',2009,#3049);
#3049=APPLICATION_CONTEXT(
'Core Data for Automotive Mechanical Design Process');
#3050=PRODUCT_CONTEXT('part definition',#3049,'mechanical');
#3051=PRODUCT('NEMA17 Motor Pulley','NEMA17 Motor Pulley v2',$,(#3050));
#3052=PRESENTATION_STYLE_ASSIGNMENT((#3053));
#3053=SURFACE_STYLE_USAGE(.BOTH.,#3054);
#3054=SURFACE_SIDE_STYLE('',(#3055));
#3055=SURFACE_STYLE_FILL_AREA(#3056);
#3056=FILL_AREA_STYLE('Steel - Satin',(#3057));
#3057=FILL_AREA_STYLE_COLOUR('Steel - Satin',#3058);
#3058=COLOUR_RGB('Steel - Satin',0.627450980392157,0.627450980392157,0.627450980392157);
ENDSEC;
END-ISO-10303-21;
