ISO-10303-21;
HEADER;
/* Generated by software containing ST-Developer
 * from STEP Tools, Inc. (www.steptools.com) 
 */

FILE_DESCRIPTION(
/* description */ (''),
/* implementation_level */ '2;1');

FILE_NAME(
/* name */ 'Power Supply Case.step',
/* time_stamp */ '2026-03-10T16:00:07-04:00',
/* author */ (''),
/* organization */ (''),
/* preprocessor_version */ 'ST-DEVELOPER v20.1',
/* originating_system */ 'Autodesk Translation Framework v14.24.0.0',
/* authorisation */ '');

FILE_SCHEMA (('AUTOMOTIVE_DESIGN { 1 0 10303 214 3 1 1 }'));
ENDSEC;

DATA;
#10=MECHANICAL_DESIGN_GEOMETRIC_PRESENTATION_REPRESENTATION('',(#13),#5726);
#11=SHAPE_REPRESENTATION_RELATIONSHIP('SRR','None',#5733,#12);
#12=ADVANCED_BREP_SHAPE_REPRESENTATION('',(#14),#5725);
#13=STYLED_ITEM('',(#5742),#14);
#14=MANIFOLD_SOLID_BREP('Body1',#2716);
#15=CONICAL_SURFACE('',#2759,0.6,1.02974425867665);
#16=CONICAL_SURFACE('',#2773,0.6,1.02974425867665);
#17=CONICAL_SURFACE('',#2787,0.6,1.02974425867665);
#18=CONICAL_SURFACE('',#2801,0.6,1.02974425867665);
#19=CYLINDRICAL_SURFACE('',#2756,1.2);
#20=CYLINDRICAL_SURFACE('',#2760,1.2);
#21=CYLINDRICAL_SURFACE('',#2770,1.2);
#22=CYLINDRICAL_SURFACE('',#2774,1.2);
#23=CYLINDRICAL_SURFACE('',#2784,1.2);
#24=CYLINDRICAL_SURFACE('',#2788,1.2);
#25=CYLINDRICAL_SURFACE('',#2798,1.2);
#26=CYLINDRICAL_SURFACE('',#2802,1.2);
#27=CIRCLE('',#2750,1.2);
#28=CIRCLE('',#2751,1.2);
#29=CIRCLE('',#2752,1.2);
#30=CIRCLE('',#2753,1.2);
#31=CIRCLE('',#2757,1.2);
#32=CIRCLE('',#2758,1.2);
#33=CIRCLE('',#2761,1.2);
#34=CIRCLE('',#2771,1.2);
#35=CIRCLE('',#2772,1.2);
#36=CIRCLE('',#2775,1.2);
#37=CIRCLE('',#2785,1.2);
#38=CIRCLE('',#2786,1.2);
#39=CIRCLE('',#2789,1.2);
#40=CIRCLE('',#2799,1.2);
#41=CIRCLE('',#2800,1.2);
#42=CIRCLE('',#2803,1.2);
#43=FACE_BOUND('',#359,.T.);
#44=FACE_BOUND('',#361,.T.);
#45=FACE_BOUND('',#362,.T.);
#46=FACE_BOUND('',#363,.T.);
#47=FACE_BOUND('',#378,.T.);
#48=FACE_BOUND('',#379,.T.);
#49=FACE_BOUND('',#380,.T.);
#50=FACE_BOUND('',#381,.T.);
#51=FACE_BOUND('',#396,.T.);
#52=FACE_BOUND('',#398,.T.);
#53=FACE_BOUND('',#409,.T.);
#54=FACE_BOUND('',#411,.T.);
#55=FACE_BOUND('',#422,.T.);
#56=FACE_BOUND('',#424,.T.);
#57=FACE_BOUND('',#435,.T.);
#58=FACE_BOUND('',#437,.T.);
#59=B_SPLINE_SURFACE_WITH_KNOTS('',3,1,((#3261,#3262),(#3263,#3264),(#3265,
#3266),(#3267,#3268),(#3269,#3270)),.UNSPECIFIED.,.F.,.F.,.F.,(4,1,4),(2,
2),(0.,0.0871115438915119,0.209750139737659),(0.,0.0005),.UNSPECIFIED.);
#60=B_SPLINE_SURFACE_WITH_KNOTS('',3,1,((#3284,#3285),(#3286,#3287),(#3288,
#3289),(#3290,#3291),(#3292,#3293)),.UNSPECIFIED.,.F.,.F.,.F.,(4,1,4),(2,
2),(0.,0.139462654811415,0.31833258227565),(0.,0.0005),.UNSPECIFIED.);
#61=B_SPLINE_SURFACE_WITH_KNOTS('',3,1,((#3307,#3308),(#3309,#3310),(#3311,
#3312),(#3313,#3314),(#3315,#3316)),.UNSPECIFIED.,.F.,.F.,.F.,(4,1,4),(2,
2),(0.,0.0961692714557621,0.181635838233936),(0.,0.0005),.UNSPECIFIED.);
#62=B_SPLINE_SURFACE_WITH_KNOTS('',3,1,((#3330,#3331),(#3332,#3333),(#3334,
#3335),(#3336,#3337),(#3338,#3339)),.UNSPECIFIED.,.F.,.F.,.F.,(4,1,4),(2,
2),(0.,0.0989670863745968,0.189232248928633),(0.,0.0005),.UNSPECIFIED.);
#63=B_SPLINE_SURFACE_WITH_KNOTS('',3,1,((#3353,#3354),(#3355,#3356),(#3357,
#3358),(#3359,#3360),(#3361,#3362)),.UNSPECIFIED.,.F.,.F.,.F.,(4,1,4),(2,
2),(0.,0.0845832421536204,0.135329065476223),(0.,0.0005),.UNSPECIFIED.);
#64=B_SPLINE_SURFACE_WITH_KNOTS('',3,1,((#3386,#3387),(#3388,#3389),(#3390,
#3391),(#3392,#3393),(#3394,#3395)),.UNSPECIFIED.,.F.,.F.,.F.,(4,1,4),(2,
2),(0.,0.665021991857465,1.96995442745185),(0.,0.0005),.UNSPECIFIED.);
#65=B_SPLINE_SURFACE_WITH_KNOTS('',3,1,((#3409,#3410),(#3411,#3412),(#3413,
#3414),(#3415,#3416),(#3417,#3418)),.UNSPECIFIED.,.F.,.F.,.F.,(4,1,4),(2,
2),(0.,0.78940602361662,1.38521954329928),(0.,0.0005),.UNSPECIFIED.);
#66=B_SPLINE_SURFACE_WITH_KNOTS('',3,1,((#3438,#3439),(#3440,#3441),(#3442,
#3443),(#3444,#3445),(#3446,#3447)),.UNSPECIFIED.,.F.,.F.,.F.,(4,1,4),(2,
2),(0.,0.136853952497113,0.354749554078384),(0.,0.0005),.UNSPECIFIED.);
#67=B_SPLINE_SURFACE_WITH_KNOTS('',3,1,((#3461,#3462),(#3463,#3464),(#3465,
#3466),(#3467,#3468),(#3469,#3470)),.UNSPECIFIED.,.F.,.F.,.F.,(4,1,4),(2,
2),(0.,0.109914626654245,0.207933394729592),(0.,0.0005),.UNSPECIFIED.);
#68=B_SPLINE_SURFACE_WITH_KNOTS('',3,1,((#3484,#3485),(#3486,#3487),(#3488,
#3489),(#3490,#3491),(#3492,#3493)),.UNSPECIFIED.,.F.,.F.,.F.,(4,1,4),(2,
2),(0.,0.131280138398621,0.217285157663352),(0.,0.0005),.UNSPECIFIED.);
#69=B_SPLINE_SURFACE_WITH_KNOTS('',3,1,((#3507,#3508),(#3509,#3510),(#3511,
#3512),(#3513,#3514),(#3515,#3516)),.UNSPECIFIED.,.F.,.F.,.F.,(4,1,4),(2,
2),(0.,0.213987139977673,0.382460740639012),(0.,0.0005),.UNSPECIFIED.);
#70=B_SPLINE_SURFACE_WITH_KNOTS('',3,1,((#3530,#3531),(#3532,#3533),(#3534,
#3535),(#3536,#3537),(#3538,#3539)),.UNSPECIFIED.,.F.,.F.,.F.,(4,1,4),(2,
2),(0.,0.322364777970902,0.8581770302931),(0.,0.0005),.UNSPECIFIED.);
#71=B_SPLINE_SURFACE_WITH_KNOTS('',3,1,((#3553,#3554),(#3555,#3556),(#3557,
#3558),(#3559,#3560),(#3561,#3562)),.UNSPECIFIED.,.F.,.F.,.F.,(4,1,4),(2,
2),(0.,0.346910508702063,0.775762835182521),(0.,0.0005),.UNSPECIFIED.);
#72=B_SPLINE_SURFACE_WITH_KNOTS('',3,1,((#3576,#3577),(#3578,#3579),(#3580,
#3581),(#3582,#3583),(#3584,#3585)),.UNSPECIFIED.,.F.,.F.,.F.,(4,1,4),(2,
2),(0.,0.465432365544399,0.862403434973354),(0.,0.0005),.UNSPECIFIED.);
#73=B_SPLINE_SURFACE_WITH_KNOTS('',3,1,((#3599,#3600),(#3601,#3602),(#3603,
#3604),(#3605,#3606),(#3607,#3608)),.UNSPECIFIED.,.F.,.F.,.F.,(4,1,4),(2,
2),(0.,1.4907235666321,2.39473106611946),(0.,0.0005),.UNSPECIFIED.);
#74=B_SPLINE_SURFACE_WITH_KNOTS('',3,1,((#3620,#3621),(#3622,#3623),(#3624,
#3625),(#3626,#3627),(#3628,#3629)),.UNSPECIFIED.,.F.,.F.,.F.,(4,1,4),(2,
2),(0.,0.297905735516166,0.582336727583172),(0.,0.0005),.UNSPECIFIED.);
#75=B_SPLINE_SURFACE_WITH_KNOTS('',3,1,((#3646,#3647),(#3648,#3649),(#3650,
#3651),(#3652,#3653),(#3654,#3655)),.UNSPECIFIED.,.F.,.F.,.F.,(4,1,4),(2,
2),(0.,0.3821732858021,0.78599240573504),(0.,0.0005),.UNSPECIFIED.);
#76=B_SPLINE_SURFACE_WITH_KNOTS('',3,1,((#3669,#3670),(#3671,#3672),(#3673,
#3674),(#3675,#3676),(#3677,#3678)),.UNSPECIFIED.,.F.,.F.,.F.,(4,1,4),(2,
2),(0.,0.373740324077721,0.769635906929163),(0.,0.0005),.UNSPECIFIED.);
#77=B_SPLINE_SURFACE_WITH_KNOTS('',3,1,((#3692,#3693),(#3694,#3695),(#3696,
#3697),(#3698,#3699),(#3700,#3701)),.UNSPECIFIED.,.F.,.F.,.F.,(4,1,4),(2,
2),(0.,0.264263950618671,0.529902739657348),(0.,0.0005),.UNSPECIFIED.);
#78=B_SPLINE_SURFACE_WITH_KNOTS('',3,1,((#3715,#3716),(#3717,#3718),(#3719,
#3720),(#3721,#3722),(#3723,#3724)),.UNSPECIFIED.,.F.,.F.,.F.,(4,1,4),(2,
2),(0.,0.353175556110867,0.663302712857262),(0.,0.0005),.UNSPECIFIED.);
#79=B_SPLINE_SURFACE_WITH_KNOTS('',3,1,((#3738,#3739),(#3740,#3741),(#3742,
#3743),(#3744,#3745),(#3746,#3747)),.UNSPECIFIED.,.F.,.F.,.F.,(4,1,4),(2,
2),(0.,0.138212922115589,0.362754740366781),(0.,0.0005),.UNSPECIFIED.);
#80=B_SPLINE_SURFACE_WITH_KNOTS('',3,1,((#3761,#3762),(#3763,#3764),(#3765,
#3766),(#3767,#3768),(#3769,#3770)),.UNSPECIFIED.,.F.,.F.,.F.,(4,1,4),(2,
2),(0.,0.135048923411335,0.338448801693202),(0.,0.0005),.UNSPECIFIED.);
#81=B_SPLINE_SURFACE_WITH_KNOTS('',3,1,((#3784,#3785),(#3786,#3787),(#3788,
#3789),(#3790,#3791),(#3792,#3793)),.UNSPECIFIED.,.F.,.F.,.F.,(4,1,4),(2,
2),(0.,0.202437845515863,0.38094319261726),(0.,0.0005),.UNSPECIFIED.);
#82=B_SPLINE_SURFACE_WITH_KNOTS('',3,1,((#3807,#3808),(#3809,#3810),(#3811,
#3812),(#3813,#3814),(#3815,#3816)),.UNSPECIFIED.,.F.,.F.,.F.,(4,1,4),(2,
2),(0.,0.246388100767106,0.472065215544297),(0.,0.0005),.UNSPECIFIED.);
#83=B_SPLINE_SURFACE_WITH_KNOTS('',3,1,((#3830,#3831),(#3832,#3833),(#3834,
#3835),(#3836,#3837),(#3838,#3839)),.UNSPECIFIED.,.F.,.F.,.F.,(4,1,4),(2,
2),(0.,0.152500534659045,0.264833812653573),(0.,0.0005),.UNSPECIFIED.);
#84=B_SPLINE_SURFACE_WITH_KNOTS('',3,1,((#3853,#3854),(#3855,#3856),(#3857,
#3858),(#3859,#3860),(#3861,#3862)),.UNSPECIFIED.,.F.,.F.,.F.,(4,1,4),(2,
2),(0.,0.0934750471494211,0.239814389003004),(0.,0.0005),.UNSPECIFIED.);
#85=B_SPLINE_SURFACE_WITH_KNOTS('',3,1,((#3876,#3877),(#3878,#3879),(#3880,
#3881),(#3882,#3883),(#3884,#3885)),.UNSPECIFIED.,.F.,.F.,.F.,(4,1,4),(2,
2),(0.,0.117946841237209,0.238031967638795),(0.,0.0005),.UNSPECIFIED.);
#86=B_SPLINE_SURFACE_WITH_KNOTS('',3,1,((#3899,#3900),(#3901,#3902),(#3903,
#3904),(#3905,#3906),(#3907,#3908)),.UNSPECIFIED.,.F.,.F.,.F.,(4,1,4),(2,
2),(0.,0.221598265443825,0.345449145139474),(0.,0.0005),.UNSPECIFIED.);
#87=B_SPLINE_SURFACE_WITH_KNOTS('',3,1,((#3922,#3923),(#3924,#3925),(#3926,
#3927),(#3928,#3929),(#3930,#3931)),.UNSPECIFIED.,.F.,.F.,.F.,(4,1,4),(2,
2),(0.,0.175201092857263,0.37541517518674),(0.,0.0005),.UNSPECIFIED.);
#88=B_SPLINE_SURFACE_WITH_KNOTS('',3,1,((#3945,#3946),(#3947,#3948),(#3949,
#3950),(#3951,#3952),(#3953,#3954)),.UNSPECIFIED.,.F.,.F.,.F.,(4,1,4),(2,
2),(0.,0.375881204665835,0.72382889044264),(0.,0.0005),.UNSPECIFIED.);
#89=B_SPLINE_SURFACE_WITH_KNOTS('',3,1,((#3968,#3969),(#3970,#3971),(#3972,
#3973),(#3974,#3975),(#3976,#3977)),.UNSPECIFIED.,.F.,.F.,.F.,(4,1,4),(2,
2),(0.,0.300375553996197,0.666687023041895),(0.,0.0005),.UNSPECIFIED.);
#90=B_SPLINE_SURFACE_WITH_KNOTS('',3,1,((#3991,#3992),(#3993,#3994),(#3995,
#3996),(#3997,#3998),(#3999,#4000)),.UNSPECIFIED.,.F.,.F.,.F.,(4,1,4),(2,
2),(0.,0.245377785500181,0.479037154452554),(0.,0.0005),.UNSPECIFIED.);
#91=B_SPLINE_SURFACE_WITH_KNOTS('',3,1,((#4014,#4015),(#4016,#4017),(#4018,
#4019),(#4020,#4021),(#4022,#4023)),.UNSPECIFIED.,.F.,.F.,.F.,(4,1,4),(2,
2),(0.,0.249738380373155,0.473141893650122),(0.,0.0005),.UNSPECIFIED.);
#92=B_SPLINE_SURFACE_WITH_KNOTS('',3,1,((#4037,#4038),(#4039,#4040),(#4041,
#4042),(#4043,#4044),(#4045,#4046)),.UNSPECIFIED.,.F.,.F.,.F.,(4,1,4),(2,
2),(0.,0.243037131735246,0.521972635348047),(0.,0.0005),.UNSPECIFIED.);
#93=B_SPLINE_SURFACE_WITH_KNOTS('',3,1,((#4060,#4061),(#4062,#4063),(#4064,
#4065),(#4066,#4067),(#4068,#4069)),.UNSPECIFIED.,.F.,.F.,.F.,(4,1,4),(2,
2),(0.,0.200071177661423,0.432866129199885),(0.,0.0005),.UNSPECIFIED.);
#94=B_SPLINE_SURFACE_WITH_KNOTS('',3,1,((#4083,#4084),(#4085,#4086),(#4087,
#4088),(#4089,#4090),(#4091,#4092)),.UNSPECIFIED.,.F.,.F.,.F.,(4,1,4),(2,
2),(0.,0.276976604045893,0.518391366395427),(0.,0.0005),.UNSPECIFIED.);
#95=B_SPLINE_SURFACE_WITH_KNOTS('',3,1,((#4106,#4107),(#4108,#4109),(#4110,
#4111),(#4112,#4113),(#4114,#4115)),.UNSPECIFIED.,.F.,.F.,.F.,(4,1,4),(2,
2),(0.,0.254457501314138,0.50367025764294),(0.,0.0005),.UNSPECIFIED.);
#96=B_SPLINE_SURFACE_WITH_KNOTS('',3,1,((#4129,#4130),(#4131,#4132),(#4133,
#4134),(#4135,#4136),(#4137,#4138)),.UNSPECIFIED.,.F.,.F.,.F.,(4,1,4),(2,
2),(0.,0.190108720300037,0.432725107446559),(0.,0.0005),.UNSPECIFIED.);
#97=B_SPLINE_SURFACE_WITH_KNOTS('',3,1,((#4152,#4153),(#4154,#4155),(#4156,
#4157),(#4158,#4159),(#4160,#4161)),.UNSPECIFIED.,.F.,.F.,.F.,(4,1,4),(2,
2),(0.,0.135233646664542,0.233400354267768),(0.,0.0005),.UNSPECIFIED.);
#98=B_SPLINE_SURFACE_WITH_KNOTS('',3,1,((#4175,#4176),(#4177,#4178),(#4179,
#4180),(#4181,#4182),(#4183,#4184)),.UNSPECIFIED.,.F.,.F.,.F.,(4,1,4),(2,
2),(0.,0.081331239666187,0.17943713066391),(0.,0.0005),.UNSPECIFIED.);
#99=B_SPLINE_SURFACE_WITH_KNOTS('',3,1,((#4198,#4199),(#4200,#4201),(#4202,
#4203),(#4204,#4205),(#4206,#4207)),.UNSPECIFIED.,.F.,.F.,.F.,(4,1,4),(2,
2),(0.,0.0649791429031821,0.132934587770608),(0.,0.0005),.UNSPECIFIED.);
#100=B_SPLINE_SURFACE_WITH_KNOTS('',3,1,((#4221,#4222),(#4223,#4224),(#4225,
#4226),(#4227,#4228),(#4229,#4230)),.UNSPECIFIED.,.F.,.F.,.F.,(4,1,4),(2,
2),(0.,0.0654537948335225,0.12876999900519),(0.,0.0005),.UNSPECIFIED.);
#101=B_SPLINE_SURFACE_WITH_KNOTS('',3,1,((#4244,#4245),(#4246,#4247),(#4248,
#4249),(#4250,#4251),(#4252,#4253)),.UNSPECIFIED.,.F.,.F.,.F.,(4,1,4),(2,
2),(0.,0.293333298851815,0.534524819690984),(0.,0.0005),.UNSPECIFIED.);
#102=B_SPLINE_SURFACE_WITH_KNOTS('',3,1,((#4265,#4266),(#4267,#4268),(#4269,
#4270),(#4271,#4272),(#4273,#4274)),.UNSPECIFIED.,.F.,.F.,.F.,(4,1,4),(2,
2),(0.,0.183492359284033,0.397292366948573),(0.,0.0005),.UNSPECIFIED.);
#103=B_SPLINE_SURFACE_WITH_KNOTS('',3,1,((#4291,#4292),(#4293,#4294),(#4295,
#4296),(#4297,#4298),(#4299,#4300)),.UNSPECIFIED.,.F.,.F.,.F.,(4,1,4),(2,
2),(0.,0.244333236558799,0.489948263071634),(0.,0.0005),.UNSPECIFIED.);
#104=B_SPLINE_SURFACE_WITH_KNOTS('',3,1,((#4314,#4315),(#4316,#4317),(#4318,
#4319),(#4320,#4321),(#4322,#4323)),.UNSPECIFIED.,.F.,.F.,.F.,(4,1,4),(2,
2),(0.,0.264212308397302,0.506466821353835),(0.,0.0005),.UNSPECIFIED.);
#105=B_SPLINE_SURFACE_WITH_KNOTS('',3,1,((#4355,#4356),(#4357,#4358),(#4359,
#4360),(#4361,#4362),(#4363,#4364)),.UNSPECIFIED.,.F.,.F.,.F.,(4,1,4),(2,
2),(0.,0.0540815459933249,0.0995043938656812),(0.,0.0005),.UNSPECIFIED.);
#106=B_SPLINE_SURFACE_WITH_KNOTS('',3,1,((#4378,#4379),(#4380,#4381),(#4382,
#4383),(#4384,#4385),(#4386,#4387)),.UNSPECIFIED.,.F.,.F.,.F.,(4,1,4),(2,
2),(0.,0.0704119894660979,0.132836735302478),(0.,0.0005),.UNSPECIFIED.);
#107=B_SPLINE_SURFACE_WITH_KNOTS('',3,1,((#4401,#4402),(#4403,#4404),(#4405,
#4406),(#4407,#4408),(#4409,#4410)),.UNSPECIFIED.,.F.,.F.,.F.,(4,1,4),(2,
2),(0.,0.216368941119363,0.428015055856028),(0.,0.0005),.UNSPECIFIED.);
#108=B_SPLINE_SURFACE_WITH_KNOTS('',3,1,((#4421,#4422),(#4423,#4424),(#4425,
#4426),(#4427,#4428),(#4429,#4430)),.UNSPECIFIED.,.F.,.F.,.F.,(4,1,4),(2,
2),(0.,0.385071537960521,0.761595234625367),(0.,0.0005),.UNSPECIFIED.);
#109=B_SPLINE_SURFACE_WITH_KNOTS('',3,1,((#4447,#4448),(#4449,#4450),(#4451,
#4452),(#4453,#4454),(#4455,#4456)),.UNSPECIFIED.,.F.,.F.,.F.,(4,1,4),(2,
2),(0.,0.340520268227407,0.653949937607567),(0.,0.0005),.UNSPECIFIED.);
#110=B_SPLINE_SURFACE_WITH_KNOTS('',3,1,((#4470,#4471),(#4472,#4473),(#4474,
#4475),(#4476,#4477),(#4478,#4479)),.UNSPECIFIED.,.F.,.F.,.F.,(4,1,4),(2,
2),(0.,0.304437190000233,0.626539362793999),(0.,0.0005),.UNSPECIFIED.);
#111=B_SPLINE_SURFACE_WITH_KNOTS('',3,1,((#4493,#4494),(#4495,#4496),(#4497,
#4498),(#4499,#4500),(#4501,#4502)),.UNSPECIFIED.,.F.,.F.,.F.,(4,1,4),(2,
2),(0.,0.111395367398801,0.245461463349892),(0.,0.0005),.UNSPECIFIED.);
#112=B_SPLINE_SURFACE_WITH_KNOTS('',3,1,((#4516,#4517),(#4518,#4519),(#4520,
#4521),(#4522,#4523),(#4524,#4525)),.UNSPECIFIED.,.F.,.F.,.F.,(4,1,4),(2,
2),(0.,0.0671943069975356,0.156204170638302),(0.,0.0005),.UNSPECIFIED.);
#113=B_SPLINE_SURFACE_WITH_KNOTS('',3,1,((#4539,#4540),(#4541,#4542),(#4543,
#4544),(#4545,#4546),(#4547,#4548)),.UNSPECIFIED.,.F.,.F.,.F.,(4,1,4),(2,
2),(0.,0.122734090740679,0.229885923328521),(0.,0.0005),.UNSPECIFIED.);
#114=B_SPLINE_SURFACE_WITH_KNOTS('',3,1,((#4562,#4563),(#4564,#4565),(#4566,
#4567),(#4568,#4569),(#4570,#4571)),.UNSPECIFIED.,.F.,.F.,.F.,(4,1,4),(2,
2),(0.,0.144709895801754,0.244825442445322),(0.,0.0005),.UNSPECIFIED.);
#115=B_SPLINE_SURFACE_WITH_KNOTS('',3,1,((#4591,#4592),(#4593,#4594),(#4595,
#4596),(#4597,#4598),(#4599,#4600)),.UNSPECIFIED.,.F.,.F.,.F.,(4,1,4),(2,
2),(0.,0.420304083782935,0.701304810886482),(0.,0.0005),.UNSPECIFIED.);
#116=B_SPLINE_SURFACE_WITH_KNOTS('',3,1,((#4614,#4615),(#4616,#4617),(#4618,
#4619),(#4620,#4621),(#4622,#4623)),.UNSPECIFIED.,.F.,.F.,.F.,(4,1,4),(2,
2),(0.,0.299487538310227,0.701016748783113),(0.,0.0005),.UNSPECIFIED.);
#117=B_SPLINE_SURFACE_WITH_KNOTS('',3,1,((#4643,#4644),(#4645,#4646),(#4647,
#4648),(#4649,#4650),(#4651,#4652)),.UNSPECIFIED.,.F.,.F.,.F.,(4,1,4),(2,
2),(0.,0.0614112688772845,0.124745066117862),(0.,0.0005),.UNSPECIFIED.);
#118=B_SPLINE_SURFACE_WITH_KNOTS('',3,1,((#4666,#4667),(#4668,#4669),(#4670,
#4671),(#4672,#4673),(#4674,#4675)),.UNSPECIFIED.,.F.,.F.,.F.,(4,1,4),(2,
2),(0.,0.0628246466837013,0.123709216525559),(0.,0.0005),.UNSPECIFIED.);
#119=B_SPLINE_SURFACE_WITH_KNOTS('',3,1,((#4689,#4690),(#4691,#4692),(#4693,
#4694),(#4695,#4696),(#4697,#4698)),.UNSPECIFIED.,.F.,.F.,.F.,(4,1,4),(2,
2),(0.,0.060538028135494,0.122116654680919),(0.,0.0005),.UNSPECIFIED.);
#120=B_SPLINE_SURFACE_WITH_KNOTS('',3,1,((#4712,#4713),(#4714,#4715),(#4716,
#4717),(#4718,#4719),(#4720,#4721)),.UNSPECIFIED.,.F.,.F.,.F.,(4,1,4),(2,
2),(0.,0.063333880018894,0.124744892789909),(0.,0.0005),.UNSPECIFIED.);
#121=B_SPLINE_SURFACE_WITH_KNOTS('',3,1,((#4735,#4736),(#4737,#4738),(#4739,
#4740),(#4741,#4742),(#4743,#4744)),.UNSPECIFIED.,.F.,.F.,.F.,(4,1,4),(2,
2),(0.,0.351550690058368,0.894947684162456),(0.,0.0005),.UNSPECIFIED.);
#122=B_SPLINE_SURFACE_WITH_KNOTS('',3,1,((#4758,#4759),(#4760,#4761),(#4762,
#4763),(#4764,#4765),(#4766,#4767)),.UNSPECIFIED.,.F.,.F.,.F.,(4,1,4),(2,
2),(0.,0.0754711066836652,0.207593639002887),(0.,0.0005),.UNSPECIFIED.);
#123=B_SPLINE_SURFACE_WITH_KNOTS('',3,1,((#4781,#4782),(#4783,#4784),(#4785,
#4786),(#4787,#4788),(#4789,#4790)),.UNSPECIFIED.,.F.,.F.,.F.,(4,1,4),(2,
2),(0.,0.35491192768033,0.729526677106292),(0.,0.0005),.UNSPECIFIED.);
#124=B_SPLINE_SURFACE_WITH_KNOTS('',3,3,((#4876,#4877,#4878,#4879,#4880,
#4881,#4882,#4883,#4884,#4885,#4886,#4887,#4888),(#4889,#4890,#4891,#4892,
#4893,#4894,#4895,#4896,#4897,#4898,#4899,#4900,#4901),(#4902,#4903,#4904,
#4905,#4906,#4907,#4908,#4909,#4910,#4911,#4912,#4913,#4914),(#4915,#4916,
#4917,#4918,#4919,#4920,#4921,#4922,#4923,#4924,#4925,#4926,#4927)),
 .UNSPECIFIED.,.F.,.F.,.F.,(4,4),(4,1,1,1,1,1,1,1,1,1,4),(0.,1.),(0.,0.194276623451916,
0.388553246903832,0.437122402766811,0.48569155862979,0.582829870355749,
0.777106493807665,0.874244805533623,0.971383117259581,1.1656597407115,1.35993636416341),
 .UNSPECIFIED.);
#125=B_SPLINE_SURFACE_WITH_KNOTS('',3,3,((#4947,#4948,#4949,#4950,#4951,
#4952,#4953,#4954,#4955,#4956,#4957,#4958),(#4959,#4960,#4961,#4962,#4963,
#4964,#4965,#4966,#4967,#4968,#4969,#4970),(#4971,#4972,#4973,#4974,#4975,
#4976,#4977,#4978,#4979,#4980,#4981,#4982),(#4983,#4984,#4985,#4986,#4987,
#4988,#4989,#4990,#4991,#4992,#4993,#4994)),.UNSPECIFIED.,.F.,.F.,.F.,(4,
4),(4,1,1,1,1,1,1,1,1,4),(0.,1.),(0.,0.19427662345189,0.388553246903781,
0.485691558629726,0.582829870355671,0.777106493807562,0.874244805533507,
0.971383117259452,1.16565974071134,1.35993636416323),.UNSPECIFIED.);
#126=B_SPLINE_SURFACE_WITH_KNOTS('',3,3,((#5013,#5014,#5015,#5016,#5017,
#5018,#5019,#5020,#5021,#5022,#5023,#5024,#5025,#5026,#5027),(#5028,#5029,
#5030,#5031,#5032,#5033,#5034,#5035,#5036,#5037,#5038,#5039,#5040,#5041,
#5042),(#5043,#5044,#5045,#5046,#5047,#5048,#5049,#5050,#5051,#5052,#5053,
#5054,#5055,#5056,#5057),(#5058,#5059,#5060,#5061,#5062,#5063,#5064,#5065,
#5066,#5067,#5068,#5069,#5070,#5071,#5072)),.UNSPECIFIED.,.F.,.F.,.F.,(4,
4),(4,1,1,1,1,1,1,1,1,1,1,1,4),(0.,1.),(0.,0.194276623452061,0.388553246904121,
0.437122402767136,0.485691558630152,0.558545292424674,0.582829870356182,
0.777106493808242,0.874244805534273,0.971383117260303,1.09280600691784,
1.16565974071236,1.35993636416442),.UNSPECIFIED.);
#127=B_SPLINE_SURFACE_WITH_KNOTS('',3,3,((#5094,#5095,#5096,#5097,#5098,
#5099,#5100,#5101,#5102,#5103,#5104,#5105,#5106,#5107,#5108),(#5109,#5110,
#5111,#5112,#5113,#5114,#5115,#5116,#5117,#5118,#5119,#5120,#5121,#5122,
#5123),(#5124,#5125,#5126,#5127,#5128,#5129,#5130,#5131,#5132,#5133,#5134,
#5135,#5136,#5137,#5138),(#5139,#5140,#5141,#5142,#5143,#5144,#5145,#5146,
#5147,#5148,#5149,#5150,#5151,#5152,#5153)),.UNSPECIFIED.,.F.,.F.,.F.,(4,
4),(4,1,1,1,1,1,1,1,1,1,1,1,4),(0.,1.),(0.,0.194276623452026,0.388553246904052,
0.412837824835556,0.437122402767059,0.485691558630065,0.534260714493072,
0.582829870356079,0.777106493808105,0.874244805534118,0.971383117260131,
1.16565974071216,1.35993636416418),.UNSPECIFIED.);
#128=B_SPLINE_SURFACE_WITH_KNOTS('',3,3,((#5169,#5170,#5171,#5172),(#5173,
#5174,#5175,#5176),(#5177,#5178,#5179,#5180),(#5181,#5182,#5183,#5184),
(#5185,#5186,#5187,#5188),(#5189,#5190,#5191,#5192),(#5193,#5194,#5195,
#5196),(#5197,#5198,#5199,#5200),(#5201,#5202,#5203,#5204),(#5205,#5206,
#5207,#5208)),.UNSPECIFIED.,.F.,.F.,.F.,(4,1,1,1,1,1,1,4),(4,4),(0.,0.142857142857143,
0.285714285714286,0.428571428571429,0.571428571428571,0.714285714285714,
0.857142857142857,1.),(0.1,4.),.UNSPECIFIED.);
#129=B_SPLINE_SURFACE_WITH_KNOTS('',3,3,((#5241,#5242,#5243,#5244),(#5245,
#5246,#5247,#5248),(#5249,#5250,#5251,#5252),(#5253,#5254,#5255,#5256),
(#5257,#5258,#5259,#5260),(#5261,#5262,#5263,#5264),(#5265,#5266,#5267,
#5268),(#5269,#5270,#5271,#5272),(#5273,#5274,#5275,#5276),(#5277,#5278,
#5279,#5280)),.UNSPECIFIED.,.F.,.F.,.F.,(4,1,1,1,1,1,1,4),(4,4),(0.,0.142857142857143,
0.285714285714286,0.428571428571429,0.571428571428571,0.714285714285714,
0.857142857142857,1.),(0.1,4.),.UNSPECIFIED.);
#130=B_SPLINE_SURFACE_WITH_KNOTS('',3,3,((#5393,#5394,#5395,#5396),(#5397,
#5398,#5399,#5400),(#5401,#5402,#5403,#5404),(#5405,#5406,#5407,#5408),
(#5409,#5410,#5411,#5412),(#5413,#5414,#5415,#5416),(#5417,#5418,#5419,
#5420),(#5421,#5422,#5423,#5424),(#5425,#5426,#5427,#5428),(#5429,#5430,
#5431,#5432)),.UNSPECIFIED.,.F.,.F.,.F.,(4,1,1,1,1,1,1,4),(4,4),(0.,0.142857142857143,
0.285714285714286,0.428571428571429,0.571428571428571,0.785714285714286,
0.857142857142857,1.),(0.1,4.),.UNSPECIFIED.);
#131=B_SPLINE_SURFACE_WITH_KNOTS('',3,3,((#5436,#5437,#5438,#5439),(#5440,
#5441,#5442,#5443),(#5444,#5445,#5446,#5447),(#5448,#5449,#5450,#5451),
(#5452,#5453,#5454,#5455),(#5456,#5457,#5458,#5459),(#5460,#5461,#5462,
#5463),(#5464,#5465,#5466,#5467),(#5468,#5469,#5470,#5471),(#5472,#5473,
#5474,#5475)),.UNSPECIFIED.,.F.,.F.,.F.,(4,1,1,1,1,1,1,4),(4,4),(0.,0.142857142857143,
0.285714285714286,0.428571428571429,0.571428571428571,0.785714285714286,
0.857142857142857,1.),(0.1,4.),.UNSPECIFIED.);
#132=FACE_OUTER_BOUND('',#283,.T.);
#133=FACE_OUTER_BOUND('',#284,.T.);
#134=FACE_OUTER_BOUND('',#285,.T.);
#135=FACE_OUTER_BOUND('',#286,.T.);
#136=FACE_OUTER_BOUND('',#287,.T.);
#137=FACE_OUTER_BOUND('',#288,.T.);
#138=FACE_OUTER_BOUND('',#289,.T.);
#139=FACE_OUTER_BOUND('',#290,.T.);
#140=FACE_OUTER_BOUND('',#291,.T.);
#141=FACE_OUTER_BOUND('',#292,.T.);
#142=FACE_OUTER_BOUND('',#293,.T.);
#143=FACE_OUTER_BOUND('',#294,.T.);
#144=FACE_OUTER_BOUND('',#295,.T.);
#145=FACE_OUTER_BOUND('',#296,.T.);
#146=FACE_OUTER_BOUND('',#297,.T.);
#147=FACE_OUTER_BOUND('',#298,.T.);
#148=FACE_OUTER_BOUND('',#299,.T.);
#149=FACE_OUTER_BOUND('',#300,.T.);
#150=FACE_OUTER_BOUND('',#301,.T.);
#151=FACE_OUTER_BOUND('',#302,.T.);
#152=FACE_OUTER_BOUND('',#303,.T.);
#153=FACE_OUTER_BOUND('',#304,.T.);
#154=FACE_OUTER_BOUND('',#305,.T.);
#155=FACE_OUTER_BOUND('',#306,.T.);
#156=FACE_OUTER_BOUND('',#307,.T.);
#157=FACE_OUTER_BOUND('',#308,.T.);
#158=FACE_OUTER_BOUND('',#309,.T.);
#159=FACE_OUTER_BOUND('',#310,.T.);
#160=FACE_OUTER_BOUND('',#311,.T.);
#161=FACE_OUTER_BOUND('',#312,.T.);
#162=FACE_OUTER_BOUND('',#313,.T.);
#163=FACE_OUTER_BOUND('',#314,.T.);
#164=FACE_OUTER_BOUND('',#315,.T.);
#165=FACE_OUTER_BOUND('',#316,.T.);
#166=FACE_OUTER_BOUND('',#317,.T.);
#167=FACE_OUTER_BOUND('',#318,.T.);
#168=FACE_OUTER_BOUND('',#319,.T.);
#169=FACE_OUTER_BOUND('',#320,.T.);
#170=FACE_OUTER_BOUND('',#321,.T.);
#171=FACE_OUTER_BOUND('',#322,.T.);
#172=FACE_OUTER_BOUND('',#323,.T.);
#173=FACE_OUTER_BOUND('',#324,.T.);
#174=FACE_OUTER_BOUND('',#325,.T.);
#175=FACE_OUTER_BOUND('',#326,.T.);
#176=FACE_OUTER_BOUND('',#327,.T.);
#177=FACE_OUTER_BOUND('',#328,.T.);
#178=FACE_OUTER_BOUND('',#329,.T.);
#179=FACE_OUTER_BOUND('',#330,.T.);
#180=FACE_OUTER_BOUND('',#331,.T.);
#181=FACE_OUTER_BOUND('',#332,.T.);
#182=FACE_OUTER_BOUND('',#333,.T.);
#183=FACE_OUTER_BOUND('',#334,.T.);
#184=FACE_OUTER_BOUND('',#335,.T.);
#185=FACE_OUTER_BOUND('',#336,.T.);
#186=FACE_OUTER_BOUND('',#337,.T.);
#187=FACE_OUTER_BOUND('',#338,.T.);
#188=FACE_OUTER_BOUND('',#339,.T.);
#189=FACE_OUTER_BOUND('',#340,.T.);
#190=FACE_OUTER_BOUND('',#341,.T.);
#191=FACE_OUTER_BOUND('',#342,.T.);
#192=FACE_OUTER_BOUND('',#343,.T.);
#193=FACE_OUTER_BOUND('',#344,.T.);
#194=FACE_OUTER_BOUND('',#345,.T.);
#195=FACE_OUTER_BOUND('',#346,.T.);
#196=FACE_OUTER_BOUND('',#347,.T.);
#197=FACE_OUTER_BOUND('',#348,.T.);
#198=FACE_OUTER_BOUND('',#349,.T.);
#199=FACE_OUTER_BOUND('',#350,.T.);
#200=FACE_OUTER_BOUND('',#351,.T.);
#201=FACE_OUTER_BOUND('',#352,.T.);
#202=FACE_OUTER_BOUND('',#353,.T.);
#203=FACE_OUTER_BOUND('',#354,.T.);
#204=FACE_OUTER_BOUND('',#355,.T.);
#205=FACE_OUTER_BOUND('',#356,.T.);
#206=FACE_OUTER_BOUND('',#357,.T.);
#207=FACE_OUTER_BOUND('',#358,.T.);
#208=FACE_OUTER_BOUND('',#360,.T.);
#209=FACE_OUTER_BOUND('',#364,.T.);
#210=FACE_OUTER_BOUND('',#365,.T.);
#211=FACE_OUTER_BOUND('',#366,.T.);
#212=FACE_OUTER_BOUND('',#367,.T.);
#213=FACE_OUTER_BOUND('',#368,.T.);
#214=FACE_OUTER_BOUND('',#369,.T.);
#215=FACE_OUTER_BOUND('',#370,.T.);
#216=FACE_OUTER_BOUND('',#371,.T.);
#217=FACE_OUTER_BOUND('',#372,.T.);
#218=FACE_OUTER_BOUND('',#373,.T.);
#219=FACE_OUTER_BOUND('',#374,.T.);
#220=FACE_OUTER_BOUND('',#375,.T.);
#221=FACE_OUTER_BOUND('',#376,.T.);
#222=FACE_OUTER_BOUND('',#377,.T.);
#223=FACE_OUTER_BOUND('',#382,.T.);
#224=FACE_OUTER_BOUND('',#383,.T.);
#225=FACE_OUTER_BOUND('',#384,.T.);
#226=FACE_OUTER_BOUND('',#385,.T.);
#227=FACE_OUTER_BOUND('',#386,.T.);
#228=FACE_OUTER_BOUND('',#387,.T.);
#229=FACE_OUTER_BOUND('',#388,.T.);
#230=FACE_OUTER_BOUND('',#389,.T.);
#231=FACE_OUTER_BOUND('',#390,.T.);
#232=FACE_OUTER_BOUND('',#391,.T.);
#233=FACE_OUTER_BOUND('',#392,.T.);
#234=FACE_OUTER_BOUND('',#393,.T.);
#235=FACE_OUTER_BOUND('',#394,.T.);
#236=FACE_OUTER_BOUND('',#395,.T.);
#237=FACE_OUTER_BOUND('',#397,.T.);
#238=FACE_OUTER_BOUND('',#399,.T.);
#239=FACE_OUTER_BOUND('',#400,.T.);
#240=FACE_OUTER_BOUND('',#401,.T.);
#241=FACE_OUTER_BOUND('',#402,.T.);
#242=FACE_OUTER_BOUND('',#403,.T.);
#243=FACE_OUTER_BOUND('',#404,.T.);
#244=FACE_OUTER_BOUND('',#405,.T.);
#245=FACE_OUTER_BOUND('',#406,.T.);
#246=FACE_OUTER_BOUND('',#407,.T.);
#247=FACE_OUTER_BOUND('',#408,.T.);
#248=FACE_OUTER_BOUND('',#410,.T.);
#249=FACE_OUTER_BOUND('',#412,.T.);
#250=FACE_OUTER_BOUND('',#413,.T.);
#251=FACE_OUTER_BOUND('',#414,.T.);
#252=FACE_OUTER_BOUND('',#415,.T.);
#253=FACE_OUTER_BOUND('',#416,.T.);
#254=FACE_OUTER_BOUND('',#417,.T.);
#255=FACE_OUTER_BOUND('',#418,.T.);
#256=FACE_OUTER_BOUND('',#419,.T.);
#257=FACE_OUTER_BOUND('',#420,.T.);
#258=FACE_OUTER_BOUND('',#421,.T.);
#259=FACE_OUTER_BOUND('',#423,.T.);
#260=FACE_OUTER_BOUND('',#425,.T.);
#261=FACE_OUTER_BOUND('',#426,.T.);
#262=FACE_OUTER_BOUND('',#427,.T.);
#263=FACE_OUTER_BOUND('',#428,.T.);
#264=FACE_OUTER_BOUND('',#429,.T.);
#265=FACE_OUTER_BOUND('',#430,.T.);
#266=FACE_OUTER_BOUND('',#431,.T.);
#267=FACE_OUTER_BOUND('',#432,.T.);
#268=FACE_OUTER_BOUND('',#433,.T.);
#269=FACE_OUTER_BOUND('',#434,.T.);
#270=FACE_OUTER_BOUND('',#436,.T.);
#271=FACE_OUTER_BOUND('',#438,.T.);
#272=FACE_OUTER_BOUND('',#439,.T.);
#273=FACE_OUTER_BOUND('',#440,.T.);
#274=FACE_OUTER_BOUND('',#441,.T.);
#275=FACE_OUTER_BOUND('',#442,.T.);
#276=FACE_OUTER_BOUND('',#443,.T.);
#277=FACE_OUTER_BOUND('',#444,.T.);
#278=FACE_OUTER_BOUND('',#445,.T.);
#279=FACE_OUTER_BOUND('',#446,.T.);
#280=FACE_OUTER_BOUND('',#447,.T.);
#281=FACE_OUTER_BOUND('',#448,.T.);
#282=FACE_OUTER_BOUND('',#449,.T.);
#283=EDGE_LOOP('',(#1713,#1714,#1715,#1716));
#284=EDGE_LOOP('',(#1717,#1718,#1719,#1720));
#285=EDGE_LOOP('',(#1721,#1722,#1723,#1724));
#286=EDGE_LOOP('',(#1725,#1726,#1727,#1728));
#287=EDGE_LOOP('',(#1729,#1730,#1731,#1732));
#288=EDGE_LOOP('',(#1733,#1734,#1735,#1736));
#289=EDGE_LOOP('',(#1737,#1738,#1739,#1740));
#290=EDGE_LOOP('',(#1741,#1742,#1743,#1744));
#291=EDGE_LOOP('',(#1745,#1746,#1747,#1748));
#292=EDGE_LOOP('',(#1749,#1750,#1751,#1752));
#293=EDGE_LOOP('',(#1753,#1754,#1755,#1756));
#294=EDGE_LOOP('',(#1757,#1758,#1759,#1760));
#295=EDGE_LOOP('',(#1761,#1762,#1763,#1764));
#296=EDGE_LOOP('',(#1765,#1766,#1767,#1768));
#297=EDGE_LOOP('',(#1769,#1770,#1771,#1772));
#298=EDGE_LOOP('',(#1773,#1774,#1775,#1776));
#299=EDGE_LOOP('',(#1777,#1778,#1779,#1780));
#300=EDGE_LOOP('',(#1781,#1782,#1783,#1784));
#301=EDGE_LOOP('',(#1785,#1786,#1787,#1788,#1789,#1790,#1791,#1792,#1793,
#1794,#1795,#1796,#1797,#1798,#1799,#1800,#1801,#1802));
#302=EDGE_LOOP('',(#1803,#1804,#1805,#1806));
#303=EDGE_LOOP('',(#1807,#1808,#1809,#1810));
#304=EDGE_LOOP('',(#1811,#1812,#1813,#1814));
#305=EDGE_LOOP('',(#1815,#1816,#1817,#1818));
#306=EDGE_LOOP('',(#1819,#1820,#1821,#1822));
#307=EDGE_LOOP('',(#1823,#1824,#1825,#1826));
#308=EDGE_LOOP('',(#1827,#1828,#1829,#1830));
#309=EDGE_LOOP('',(#1831,#1832,#1833,#1834));
#310=EDGE_LOOP('',(#1835,#1836,#1837,#1838));
#311=EDGE_LOOP('',(#1839,#1840,#1841,#1842));
#312=EDGE_LOOP('',(#1843,#1844,#1845,#1846));
#313=EDGE_LOOP('',(#1847,#1848,#1849,#1850));
#314=EDGE_LOOP('',(#1851,#1852,#1853,#1854));
#315=EDGE_LOOP('',(#1855,#1856,#1857,#1858));
#316=EDGE_LOOP('',(#1859,#1860,#1861,#1862));
#317=EDGE_LOOP('',(#1863,#1864,#1865,#1866));
#318=EDGE_LOOP('',(#1867,#1868,#1869,#1870));
#319=EDGE_LOOP('',(#1871,#1872,#1873,#1874));
#320=EDGE_LOOP('',(#1875,#1876,#1877,#1878));
#321=EDGE_LOOP('',(#1879,#1880,#1881,#1882));
#322=EDGE_LOOP('',(#1883,#1884,#1885,#1886));
#323=EDGE_LOOP('',(#1887,#1888,#1889,#1890));
#324=EDGE_LOOP('',(#1891,#1892,#1893,#1894));
#325=EDGE_LOOP('',(#1895,#1896,#1897,#1898));
#326=EDGE_LOOP('',(#1899,#1900,#1901,#1902));
#327=EDGE_LOOP('',(#1903,#1904,#1905,#1906));
#328=EDGE_LOOP('',(#1907,#1908,#1909,#1910));
#329=EDGE_LOOP('',(#1911,#1912,#1913,#1914));
#330=EDGE_LOOP('',(#1915,#1916,#1917,#1918,#1919,#1920,#1921,#1922,#1923,
#1924,#1925,#1926,#1927,#1928,#1929,#1930,#1931,#1932,#1933,#1934,#1935,
#1936,#1937,#1938,#1939,#1940,#1941,#1942));
#331=EDGE_LOOP('',(#1943,#1944,#1945,#1946));
#332=EDGE_LOOP('',(#1947,#1948,#1949,#1950));
#333=EDGE_LOOP('',(#1951,#1952,#1953,#1954));
#334=EDGE_LOOP('',(#1955,#1956,#1957,#1958));
#335=EDGE_LOOP('',(#1959,#1960,#1961,#1962));
#336=EDGE_LOOP('',(#1963,#1964,#1965,#1966));
#337=EDGE_LOOP('',(#1967,#1968,#1969,#1970));
#338=EDGE_LOOP('',(#1971,#1972,#1973,#1974));
#339=EDGE_LOOP('',(#1975,#1976,#1977,#1978));
#340=EDGE_LOOP('',(#1979,#1980,#1981,#1982));
#341=EDGE_LOOP('',(#1983,#1984,#1985,#1986));
#342=EDGE_LOOP('',(#1987,#1988,#1989,#1990));
#343=EDGE_LOOP('',(#1991,#1992,#1993,#1994));
#344=EDGE_LOOP('',(#1995,#1996,#1997,#1998));
#345=EDGE_LOOP('',(#1999,#2000,#2001,#2002));
#346=EDGE_LOOP('',(#2003,#2004,#2005,#2006));
#347=EDGE_LOOP('',(#2007,#2008,#2009,#2010));
#348=EDGE_LOOP('',(#2011,#2012,#2013,#2014));
#349=EDGE_LOOP('',(#2015,#2016,#2017,#2018));
#350=EDGE_LOOP('',(#2019,#2020,#2021,#2022));
#351=EDGE_LOOP('',(#2023,#2024,#2025,#2026));
#352=EDGE_LOOP('',(#2027,#2028,#2029,#2030));
#353=EDGE_LOOP('',(#2031,#2032,#2033,#2034));
#354=EDGE_LOOP('',(#2035,#2036,#2037,#2038));
#355=EDGE_LOOP('',(#2039,#2040,#2041,#2042));
#356=EDGE_LOOP('',(#2043,#2044,#2045,#2046));
#357=EDGE_LOOP('',(#2047,#2048,#2049,#2050));
#358=EDGE_LOOP('',(#2051,#2052,#2053,#2054,#2055,#2056,#2057,#2058,#2059,
#2060,#2061,#2062,#2063,#2064,#2065,#2066,#2067,#2068));
#359=EDGE_LOOP('',(#2069,#2070,#2071,#2072,#2073,#2074,#2075,#2076,#2077));
#360=EDGE_LOOP('',(#2078,#2079,#2080,#2081,#2082,#2083,#2084,#2085));
#361=EDGE_LOOP('',(#2086,#2087,#2088,#2089,#2090,#2091,#2092,#2093,#2094,
#2095,#2096,#2097,#2098,#2099,#2100,#2101,#2102,#2103));
#362=EDGE_LOOP('',(#2104,#2105,#2106,#2107,#2108,#2109,#2110,#2111,#2112,
#2113,#2114,#2115,#2116,#2117,#2118,#2119,#2120,#2121,#2122,#2123,#2124,
#2125,#2126,#2127,#2128,#2129,#2130,#2131));
#363=EDGE_LOOP('',(#2132,#2133,#2134,#2135,#2136,#2137,#2138,#2139,#2140,
#2141,#2142,#2143,#2144,#2145,#2146,#2147,#2148,#2149));
#364=EDGE_LOOP('',(#2150,#2151,#2152,#2153));
#365=EDGE_LOOP('',(#2154,#2155,#2156,#2157));
#366=EDGE_LOOP('',(#2158,#2159,#2160,#2161));
#367=EDGE_LOOP('',(#2162,#2163,#2164,#2165));
#368=EDGE_LOOP('',(#2166,#2167,#2168,#2169));
#369=EDGE_LOOP('',(#2170,#2171,#2172,#2173));
#370=EDGE_LOOP('',(#2174,#2175,#2176,#2177));
#371=EDGE_LOOP('',(#2178,#2179,#2180,#2181));
#372=EDGE_LOOP('',(#2182,#2183,#2184,#2185,#2186));
#373=EDGE_LOOP('',(#2187,#2188,#2189,#2190));
#374=EDGE_LOOP('',(#2191,#2192,#2193,#2194,#2195));
#375=EDGE_LOOP('',(#2196,#2197,#2198,#2199));
#376=EDGE_LOOP('',(#2200,#2201,#2202,#2203,#2204,#2205,#2206,#2207,#2208));
#377=EDGE_LOOP('',(#2209,#2210,#2211,#2212,#2213,#2214,#2215,#2216,#2217,
#2218,#2219,#2220,#2221,#2222,#2223,#2224,#2225,#2226));
#378=EDGE_LOOP('',(#2227));
#379=EDGE_LOOP('',(#2228));
#380=EDGE_LOOP('',(#2229));
#381=EDGE_LOOP('',(#2230));
#382=EDGE_LOOP('',(#2231,#2232,#2233,#2234));
#383=EDGE_LOOP('',(#2235,#2236,#2237,#2238));
#384=EDGE_LOOP('',(#2239,#2240,#2241,#2242));
#385=EDGE_LOOP('',(#2243,#2244,#2245,#2246));
#386=EDGE_LOOP('',(#2247,#2248,#2249,#2250));
#387=EDGE_LOOP('',(#2251,#2252,#2253));
#388=EDGE_LOOP('',(#2254,#2255,#2256,#2257));
#389=EDGE_LOOP('',(#2258,#2259,#2260,#2261));
#390=EDGE_LOOP('',(#2262,#2263,#2264,#2265));
#391=EDGE_LOOP('',(#2266,#2267,#2268,#2269));
#392=EDGE_LOOP('',(#2270,#2271,#2272,#2273));
#393=EDGE_LOOP('',(#2274,#2275,#2276,#2277));
#394=EDGE_LOOP('',(#2278,#2279,#2280,#2281));
#395=EDGE_LOOP('',(#2282,#2283,#2284,#2285,#2286,#2287));
#396=EDGE_LOOP('',(#2288));
#397=EDGE_LOOP('',(#2289,#2290,#2291,#2292,#2293,#2294));
#398=EDGE_LOOP('',(#2295));
#399=EDGE_LOOP('',(#2296,#2297,#2298,#2299));
#400=EDGE_LOOP('',(#2300,#2301,#2302));
#401=EDGE_LOOP('',(#2303,#2304,#2305,#2306));
#402=EDGE_LOOP('',(#2307,#2308,#2309,#2310));
#403=EDGE_LOOP('',(#2311,#2312,#2313,#2314));
#404=EDGE_LOOP('',(#2315,#2316,#2317,#2318));
#405=EDGE_LOOP('',(#2319,#2320,#2321,#2322));
#406=EDGE_LOOP('',(#2323,#2324,#2325,#2326));
#407=EDGE_LOOP('',(#2327,#2328,#2329,#2330));
#408=EDGE_LOOP('',(#2331,#2332,#2333,#2334,#2335,#2336));
#409=EDGE_LOOP('',(#2337));
#410=EDGE_LOOP('',(#2338,#2339,#2340,#2341,#2342,#2343));
#411=EDGE_LOOP('',(#2344));
#412=EDGE_LOOP('',(#2345,#2346,#2347,#2348));
#413=EDGE_LOOP('',(#2349,#2350,#2351));
#414=EDGE_LOOP('',(#2352,#2353,#2354,#2355));
#415=EDGE_LOOP('',(#2356,#2357,#2358,#2359));
#416=EDGE_LOOP('',(#2360,#2361,#2362,#2363));
#417=EDGE_LOOP('',(#2364,#2365,#2366,#2367));
#418=EDGE_LOOP('',(#2368,#2369,#2370,#2371));
#419=EDGE_LOOP('',(#2372,#2373,#2374,#2375));
#420=EDGE_LOOP('',(#2376,#2377,#2378,#2379));
#421=EDGE_LOOP('',(#2380,#2381,#2382,#2383,#2384,#2385));
#422=EDGE_LOOP('',(#2386));
#423=EDGE_LOOP('',(#2387,#2388,#2389,#2390,#2391,#2392));
#424=EDGE_LOOP('',(#2393));
#425=EDGE_LOOP('',(#2394,#2395,#2396,#2397));
#426=EDGE_LOOP('',(#2398,#2399,#2400));
#427=EDGE_LOOP('',(#2401,#2402,#2403,#2404));
#428=EDGE_LOOP('',(#2405,#2406,#2407,#2408));
#429=EDGE_LOOP('',(#2409,#2410,#2411,#2412));
#430=EDGE_LOOP('',(#2413,#2414,#2415,#2416));
#431=EDGE_LOOP('',(#2417,#2418,#2419,#2420));
#432=EDGE_LOOP('',(#2421,#2422,#2423,#2424));
#433=EDGE_LOOP('',(#2425,#2426,#2427,#2428));
#434=EDGE_LOOP('',(#2429,#2430,#2431,#2432,#2433,#2434));
#435=EDGE_LOOP('',(#2435));
#436=EDGE_LOOP('',(#2436,#2437,#2438,#2439,#2440,#2441));
#437=EDGE_LOOP('',(#2442));
#438=EDGE_LOOP('',(#2443,#2444,#2445,#2446));
#439=EDGE_LOOP('',(#2447,#2448,#2449,#2450));
#440=EDGE_LOOP('',(#2451,#2452,#2453,#2454));
#441=EDGE_LOOP('',(#2455,#2456,#2457,#2458));
#442=EDGE_LOOP('',(#2459,#2460,#2461,#2462));
#443=EDGE_LOOP('',(#2463,#2464,#2465,#2466));
#444=EDGE_LOOP('',(#2467,#2468,#2469,#2470));
#445=EDGE_LOOP('',(#2471,#2472,#2473,#2474));
#446=EDGE_LOOP('',(#2475,#2476,#2477,#2478));
#447=EDGE_LOOP('',(#2479,#2480,#2481,#2482));
#448=EDGE_LOOP('',(#2483,#2484,#2485,#2486));
#449=EDGE_LOOP('',(#2487,#2488,#2489,#2490,#2491,#2492,#2493,#2494,#2495,
#2496,#2497,#2498));
#450=B_SPLINE_CURVE_WITH_KNOTS('',3,(#3255,#3256,#3257,#3258,#3259),
 .UNSPECIFIED.,.F.,.F.,(4,1,4),(0.,0.122631549835205,0.209743022918701),
 .UNSPECIFIED.);
#451=B_SPLINE_CURVE_WITH_KNOTS('',3,(#3272,#3273,#3274,#3275,#3276),
 .UNSPECIFIED.,.F.,.F.,(4,1,4),(0.,0.0871115438915119,0.209750139737659),
 .UNSPECIFIED.);
#452=B_SPLINE_CURVE_WITH_KNOTS('',3,(#3279,#3280,#3281,#3282,#3283),
 .UNSPECIFIED.,.F.,.F.,(4,1,4),(0.,0.0871115438915119,0.209750139737659),
 .UNSPECIFIED.);
#453=B_SPLINE_CURVE_WITH_KNOTS('',3,(#3295,#3296,#3297,#3298,#3299),
 .UNSPECIFIED.,.F.,.F.,(4,1,4),(0.,0.139462654811415,0.31833258227565),
 .UNSPECIFIED.);
#454=B_SPLINE_CURVE_WITH_KNOTS('',3,(#3302,#3303,#3304,#3305,#3306),
 .UNSPECIFIED.,.F.,.F.,(4,1,4),(0.,0.139462654811415,0.31833258227565),
 .UNSPECIFIED.);
#455=B_SPLINE_CURVE_WITH_KNOTS('',3,(#3318,#3319,#3320,#3321,#3322),
 .UNSPECIFIED.,.F.,.F.,(4,1,4),(0.,0.0961692714557621,0.181635838233936),
 .UNSPECIFIED.);
#456=B_SPLINE_CURVE_WITH_KNOTS('',3,(#3325,#3326,#3327,#3328,#3329),
 .UNSPECIFIED.,.F.,.F.,(4,1,4),(0.,0.0961692714557621,0.181635838233936),
 .UNSPECIFIED.);
#457=B_SPLINE_CURVE_WITH_KNOTS('',3,(#3341,#3342,#3343,#3344,#3345),
 .UNSPECIFIED.,.F.,.F.,(4,1,4),(0.,0.0989670863745968,0.189232248928633),
 .UNSPECIFIED.);
#458=B_SPLINE_CURVE_WITH_KNOTS('',3,(#3348,#3349,#3350,#3351,#3352),
 .UNSPECIFIED.,.F.,.F.,(4,1,4),(0.,0.0989670863745968,0.189232248928633),
 .UNSPECIFIED.);
#459=B_SPLINE_CURVE_WITH_KNOTS('',3,(#3364,#3365,#3366,#3367,#3368),
 .UNSPECIFIED.,.F.,.F.,(4,1,4),(0.,0.0845832421536204,0.135329065476223),
 .UNSPECIFIED.);
#460=B_SPLINE_CURVE_WITH_KNOTS('',3,(#3371,#3372,#3373,#3374,#3375),
 .UNSPECIFIED.,.F.,.F.,(4,1,4),(0.,0.0845832421536204,0.135329065476223),
 .UNSPECIFIED.);
#461=B_SPLINE_CURVE_WITH_KNOTS('',3,(#3381,#3382,#3383,#3384,#3385),
 .UNSPECIFIED.,.F.,.F.,(4,1,4),(0.,0.0735788345336914,0.165764808654785),
 .UNSPECIFIED.);
#462=B_SPLINE_CURVE_WITH_KNOTS('',3,(#3397,#3398,#3399,#3400,#3401),
 .UNSPECIFIED.,.F.,.F.,(4,1,4),(0.,0.665021991857465,1.96995442745185),
 .UNSPECIFIED.);
#463=B_SPLINE_CURVE_WITH_KNOTS('',3,(#3404,#3405,#3406,#3407,#3408),
 .UNSPECIFIED.,.F.,.F.,(4,1,4),(0.,0.665021991857465,1.96995442745185),
 .UNSPECIFIED.);
#464=B_SPLINE_CURVE_WITH_KNOTS('',3,(#3420,#3421,#3422,#3423,#3424),
 .UNSPECIFIED.,.F.,.F.,(4,1,4),(0.,0.78940602361662,1.38521954329928),
 .UNSPECIFIED.);
#465=B_SPLINE_CURVE_WITH_KNOTS('',3,(#3427,#3428,#3429,#3430,#3431),
 .UNSPECIFIED.,.F.,.F.,(4,1,4),(0.,0.78940602361662,1.38521954329928),
 .UNSPECIFIED.);
#466=B_SPLINE_CURVE_WITH_KNOTS('',3,(#3449,#3450,#3451,#3452,#3453),
 .UNSPECIFIED.,.F.,.F.,(4,1,4),(0.,0.136853952497113,0.354749554078384),
 .UNSPECIFIED.);
#467=B_SPLINE_CURVE_WITH_KNOTS('',3,(#3456,#3457,#3458,#3459,#3460),
 .UNSPECIFIED.,.F.,.F.,(4,1,4),(0.,0.136853952497113,0.354749554078384),
 .UNSPECIFIED.);
#468=B_SPLINE_CURVE_WITH_KNOTS('',3,(#3472,#3473,#3474,#3475,#3476),
 .UNSPECIFIED.,.F.,.F.,(4,1,4),(0.,0.109914626654245,0.207933394729592),
 .UNSPECIFIED.);
#469=B_SPLINE_CURVE_WITH_KNOTS('',3,(#3479,#3480,#3481,#3482,#3483),
 .UNSPECIFIED.,.F.,.F.,(4,1,4),(0.,0.109914626654245,0.207933394729592),
 .UNSPECIFIED.);
#470=B_SPLINE_CURVE_WITH_KNOTS('',3,(#3495,#3496,#3497,#3498,#3499),
 .UNSPECIFIED.,.F.,.F.,(4,1,4),(0.,0.131280138398621,0.217285157663352),
 .UNSPECIFIED.);
#471=B_SPLINE_CURVE_WITH_KNOTS('',3,(#3502,#3503,#3504,#3505,#3506),
 .UNSPECIFIED.,.F.,.F.,(4,1,4),(0.,0.131280138398621,0.217285157663352),
 .UNSPECIFIED.);
#472=B_SPLINE_CURVE_WITH_KNOTS('',3,(#3518,#3519,#3520,#3521,#3522),
 .UNSPECIFIED.,.F.,.F.,(4,1,4),(0.,0.213987139977673,0.382460740639012),
 .UNSPECIFIED.);
#473=B_SPLINE_CURVE_WITH_KNOTS('',3,(#3525,#3526,#3527,#3528,#3529),
 .UNSPECIFIED.,.F.,.F.,(4,1,4),(0.,0.213987139977673,0.382460740639012),
 .UNSPECIFIED.);
#474=B_SPLINE_CURVE_WITH_KNOTS('',3,(#3541,#3542,#3543,#3544,#3545),
 .UNSPECIFIED.,.F.,.F.,(4,1,4),(0.,0.322364777970902,0.8581770302931),
 .UNSPECIFIED.);
#475=B_SPLINE_CURVE_WITH_KNOTS('',3,(#3548,#3549,#3550,#3551,#3552),
 .UNSPECIFIED.,.F.,.F.,(4,1,4),(0.,0.322364777970902,0.8581770302931),
 .UNSPECIFIED.);
#476=B_SPLINE_CURVE_WITH_KNOTS('',3,(#3564,#3565,#3566,#3567,#3568),
 .UNSPECIFIED.,.F.,.F.,(4,1,4),(0.,0.346910508702063,0.775762835182521),
 .UNSPECIFIED.);
#477=B_SPLINE_CURVE_WITH_KNOTS('',3,(#3571,#3572,#3573,#3574,#3575),
 .UNSPECIFIED.,.F.,.F.,(4,1,4),(0.,0.346910508702063,0.775762835182521),
 .UNSPECIFIED.);
#478=B_SPLINE_CURVE_WITH_KNOTS('',3,(#3587,#3588,#3589,#3590,#3591),
 .UNSPECIFIED.,.F.,.F.,(4,1,4),(0.,0.465432365544399,0.862403434973354),
 .UNSPECIFIED.);
#479=B_SPLINE_CURVE_WITH_KNOTS('',3,(#3594,#3595,#3596,#3597,#3598),
 .UNSPECIFIED.,.F.,.F.,(4,1,4),(0.,0.465432365544399,0.862403434973354),
 .UNSPECIFIED.);
#480=B_SPLINE_CURVE_WITH_KNOTS('',3,(#3609,#3610,#3611,#3612,#3613),
 .UNSPECIFIED.,.F.,.F.,(4,1,4),(0.,1.4907235666321,2.39473106611946),
 .UNSPECIFIED.);
#481=B_SPLINE_CURVE_WITH_KNOTS('',3,(#3614,#3615,#3616,#3617,#3618),
 .UNSPECIFIED.,.F.,.F.,(4,1,4),(0.,1.4907235666321,2.39473106611946),
 .UNSPECIFIED.);
#482=B_SPLINE_CURVE_WITH_KNOTS('',3,(#3632,#3633,#3634,#3635,#3636),
 .UNSPECIFIED.,.F.,.F.,(4,1,4),(0.,0.297905735516166,0.582336727583172),
 .UNSPECIFIED.);
#483=B_SPLINE_CURVE_WITH_KNOTS('',3,(#3640,#3641,#3642,#3643,#3644),
 .UNSPECIFIED.,.F.,.F.,(4,1,4),(0.,0.297905735516166,0.582336727583172),
 .UNSPECIFIED.);
#484=B_SPLINE_CURVE_WITH_KNOTS('',3,(#3657,#3658,#3659,#3660,#3661),
 .UNSPECIFIED.,.F.,.F.,(4,1,4),(0.,0.3821732858021,0.78599240573504),
 .UNSPECIFIED.);
#485=B_SPLINE_CURVE_WITH_KNOTS('',3,(#3664,#3665,#3666,#3667,#3668),
 .UNSPECIFIED.,.F.,.F.,(4,1,4),(0.,0.3821732858021,0.78599240573504),
 .UNSPECIFIED.);
#486=B_SPLINE_CURVE_WITH_KNOTS('',3,(#3680,#3681,#3682,#3683,#3684),
 .UNSPECIFIED.,.F.,.F.,(4,1,4),(0.,0.373740324077721,0.769635906929163),
 .UNSPECIFIED.);
#487=B_SPLINE_CURVE_WITH_KNOTS('',3,(#3687,#3688,#3689,#3690,#3691),
 .UNSPECIFIED.,.F.,.F.,(4,1,4),(0.,0.373740324077721,0.769635906929163),
 .UNSPECIFIED.);
#488=B_SPLINE_CURVE_WITH_KNOTS('',3,(#3703,#3704,#3705,#3706,#3707),
 .UNSPECIFIED.,.F.,.F.,(4,1,4),(0.,0.264263950618671,0.529902739657348),
 .UNSPECIFIED.);
#489=B_SPLINE_CURVE_WITH_KNOTS('',3,(#3710,#3711,#3712,#3713,#3714),
 .UNSPECIFIED.,.F.,.F.,(4,1,4),(0.,0.264263950618671,0.529902739657348),
 .UNSPECIFIED.);
#490=B_SPLINE_CURVE_WITH_KNOTS('',3,(#3726,#3727,#3728,#3729,#3730),
 .UNSPECIFIED.,.F.,.F.,(4,1,4),(0.,0.353175556110867,0.663302712857262),
 .UNSPECIFIED.);
#491=B_SPLINE_CURVE_WITH_KNOTS('',3,(#3733,#3734,#3735,#3736,#3737),
 .UNSPECIFIED.,.F.,.F.,(4,1,4),(0.,0.353175556110867,0.663302712857262),
 .UNSPECIFIED.);
#492=B_SPLINE_CURVE_WITH_KNOTS('',3,(#3749,#3750,#3751,#3752,#3753),
 .UNSPECIFIED.,.F.,.F.,(4,1,4),(0.,0.138212922115589,0.362754740366781),
 .UNSPECIFIED.);
#493=B_SPLINE_CURVE_WITH_KNOTS('',3,(#3756,#3757,#3758,#3759,#3760),
 .UNSPECIFIED.,.F.,.F.,(4,1,4),(0.,0.138212922115589,0.362754740366781),
 .UNSPECIFIED.);
#494=B_SPLINE_CURVE_WITH_KNOTS('',3,(#3772,#3773,#3774,#3775,#3776),
 .UNSPECIFIED.,.F.,.F.,(4,1,4),(0.,0.135048923411335,0.338448801693202),
 .UNSPECIFIED.);
#495=B_SPLINE_CURVE_WITH_KNOTS('',3,(#3779,#3780,#3781,#3782,#3783),
 .UNSPECIFIED.,.F.,.F.,(4,1,4),(0.,0.135048923411335,0.338448801693202),
 .UNSPECIFIED.);
#496=B_SPLINE_CURVE_WITH_KNOTS('',3,(#3795,#3796,#3797,#3798,#3799),
 .UNSPECIFIED.,.F.,.F.,(4,1,4),(0.,0.202437845515863,0.38094319261726),
 .UNSPECIFIED.);
#497=B_SPLINE_CURVE_WITH_KNOTS('',3,(#3802,#3803,#3804,#3805,#3806),
 .UNSPECIFIED.,.F.,.F.,(4,1,4),(0.,0.202437845515863,0.38094319261726),
 .UNSPECIFIED.);
#498=B_SPLINE_CURVE_WITH_KNOTS('',3,(#3818,#3819,#3820,#3821,#3822),
 .UNSPECIFIED.,.F.,.F.,(4,1,4),(0.,0.246388100767106,0.472065215544297),
 .UNSPECIFIED.);
#499=B_SPLINE_CURVE_WITH_KNOTS('',3,(#3825,#3826,#3827,#3828,#3829),
 .UNSPECIFIED.,.F.,.F.,(4,1,4),(0.,0.246388100767106,0.472065215544297),
 .UNSPECIFIED.);
#500=B_SPLINE_CURVE_WITH_KNOTS('',3,(#3841,#3842,#3843,#3844,#3845),
 .UNSPECIFIED.,.F.,.F.,(4,1,4),(0.,0.152500534659045,0.264833812653573),
 .UNSPECIFIED.);
#501=B_SPLINE_CURVE_WITH_KNOTS('',3,(#3848,#3849,#3850,#3851,#3852),
 .UNSPECIFIED.,.F.,.F.,(4,1,4),(0.,0.152500534659045,0.264833812653573),
 .UNSPECIFIED.);
#502=B_SPLINE_CURVE_WITH_KNOTS('',3,(#3864,#3865,#3866,#3867,#3868),
 .UNSPECIFIED.,.F.,.F.,(4,1,4),(0.,0.0934750471494211,0.239814389003004),
 .UNSPECIFIED.);
#503=B_SPLINE_CURVE_WITH_KNOTS('',3,(#3871,#3872,#3873,#3874,#3875),
 .UNSPECIFIED.,.F.,.F.,(4,1,4),(0.,0.0934750471494211,0.239814389003004),
 .UNSPECIFIED.);
#504=B_SPLINE_CURVE_WITH_KNOTS('',3,(#3887,#3888,#3889,#3890,#3891),
 .UNSPECIFIED.,.F.,.F.,(4,1,4),(0.,0.117946841237209,0.238031967638795),
 .UNSPECIFIED.);
#505=B_SPLINE_CURVE_WITH_KNOTS('',3,(#3894,#3895,#3896,#3897,#3898),
 .UNSPECIFIED.,.F.,.F.,(4,1,4),(0.,0.117946841237209,0.238031967638795),
 .UNSPECIFIED.);
#506=B_SPLINE_CURVE_WITH_KNOTS('',3,(#3910,#3911,#3912,#3913,#3914),
 .UNSPECIFIED.,.F.,.F.,(4,1,4),(0.,0.221598265443825,0.345449145139474),
 .UNSPECIFIED.);
#507=B_SPLINE_CURVE_WITH_KNOTS('',3,(#3917,#3918,#3919,#3920,#3921),
 .UNSPECIFIED.,.F.,.F.,(4,1,4),(0.,0.221598265443825,0.345449145139474),
 .UNSPECIFIED.);
#508=B_SPLINE_CURVE_WITH_KNOTS('',3,(#3933,#3934,#3935,#3936,#3937),
 .UNSPECIFIED.,.F.,.F.,(4,1,4),(0.,0.175201092857263,0.37541517518674),
 .UNSPECIFIED.);
#509=B_SPLINE_CURVE_WITH_KNOTS('',3,(#3940,#3941,#3942,#3943,#3944),
 .UNSPECIFIED.,.F.,.F.,(4,1,4),(0.,0.175201092857263,0.37541517518674),
 .UNSPECIFIED.);
#510=B_SPLINE_CURVE_WITH_KNOTS('',3,(#3956,#3957,#3958,#3959,#3960),
 .UNSPECIFIED.,.F.,.F.,(4,1,4),(0.,0.375881204665835,0.72382889044264),
 .UNSPECIFIED.);
#511=B_SPLINE_CURVE_WITH_KNOTS('',3,(#3963,#3964,#3965,#3966,#3967),
 .UNSPECIFIED.,.F.,.F.,(4,1,4),(0.,0.375881204665835,0.72382889044264),
 .UNSPECIFIED.);
#512=B_SPLINE_CURVE_WITH_KNOTS('',3,(#3979,#3980,#3981,#3982,#3983),
 .UNSPECIFIED.,.F.,.F.,(4,1,4),(0.,0.300375553996197,0.666687023041895),
 .UNSPECIFIED.);
#513=B_SPLINE_CURVE_WITH_KNOTS('',3,(#3986,#3987,#3988,#3989,#3990),
 .UNSPECIFIED.,.F.,.F.,(4,1,4),(0.,0.300375553996197,0.666687023041895),
 .UNSPECIFIED.);
#514=B_SPLINE_CURVE_WITH_KNOTS('',3,(#4002,#4003,#4004,#4005,#4006),
 .UNSPECIFIED.,.F.,.F.,(4,1,4),(0.,0.245377785500181,0.479037154452554),
 .UNSPECIFIED.);
#515=B_SPLINE_CURVE_WITH_KNOTS('',3,(#4009,#4010,#4011,#4012,#4013),
 .UNSPECIFIED.,.F.,.F.,(4,1,4),(0.,0.245377785500181,0.479037154452554),
 .UNSPECIFIED.);
#516=B_SPLINE_CURVE_WITH_KNOTS('',3,(#4025,#4026,#4027,#4028,#4029),
 .UNSPECIFIED.,.F.,.F.,(4,1,4),(0.,0.249738380373155,0.473141893650122),
 .UNSPECIFIED.);
#517=B_SPLINE_CURVE_WITH_KNOTS('',3,(#4032,#4033,#4034,#4035,#4036),
 .UNSPECIFIED.,.F.,.F.,(4,1,4),(0.,0.249738380373155,0.473141893650122),
 .UNSPECIFIED.);
#518=B_SPLINE_CURVE_WITH_KNOTS('',3,(#4048,#4049,#4050,#4051,#4052),
 .UNSPECIFIED.,.F.,.F.,(4,1,4),(0.,0.243037131735246,0.521972635348047),
 .UNSPECIFIED.);
#519=B_SPLINE_CURVE_WITH_KNOTS('',3,(#4055,#4056,#4057,#4058,#4059),
 .UNSPECIFIED.,.F.,.F.,(4,1,4),(0.,0.243037131735246,0.521972635348047),
 .UNSPECIFIED.);
#520=B_SPLINE_CURVE_WITH_KNOTS('',3,(#4071,#4072,#4073,#4074,#4075),
 .UNSPECIFIED.,.F.,.F.,(4,1,4),(0.,0.200071177661423,0.432866129199885),
 .UNSPECIFIED.);
#521=B_SPLINE_CURVE_WITH_KNOTS('',3,(#4078,#4079,#4080,#4081,#4082),
 .UNSPECIFIED.,.F.,.F.,(4,1,4),(0.,0.200071177661423,0.432866129199885),
 .UNSPECIFIED.);
#522=B_SPLINE_CURVE_WITH_KNOTS('',3,(#4094,#4095,#4096,#4097,#4098),
 .UNSPECIFIED.,.F.,.F.,(4,1,4),(0.,0.276976604045893,0.518391366395427),
 .UNSPECIFIED.);
#523=B_SPLINE_CURVE_WITH_KNOTS('',3,(#4101,#4102,#4103,#4104,#4105),
 .UNSPECIFIED.,.F.,.F.,(4,1,4),(0.,0.276976604045893,0.518391366395427),
 .UNSPECIFIED.);
#524=B_SPLINE_CURVE_WITH_KNOTS('',3,(#4117,#4118,#4119,#4120,#4121),
 .UNSPECIFIED.,.F.,.F.,(4,1,4),(0.,0.254457501314138,0.50367025764294),
 .UNSPECIFIED.);
#525=B_SPLINE_CURVE_WITH_KNOTS('',3,(#4124,#4125,#4126,#4127,#4128),
 .UNSPECIFIED.,.F.,.F.,(4,1,4),(0.,0.254457501314138,0.50367025764294),
 .UNSPECIFIED.);
#526=B_SPLINE_CURVE_WITH_KNOTS('',3,(#4140,#4141,#4142,#4143,#4144),
 .UNSPECIFIED.,.F.,.F.,(4,1,4),(0.,0.190108720300037,0.432725107446559),
 .UNSPECIFIED.);
#527=B_SPLINE_CURVE_WITH_KNOTS('',3,(#4147,#4148,#4149,#4150,#4151),
 .UNSPECIFIED.,.F.,.F.,(4,1,4),(0.,0.190108720300037,0.432725107446559),
 .UNSPECIFIED.);
#528=B_SPLINE_CURVE_WITH_KNOTS('',3,(#4163,#4164,#4165,#4166,#4167),
 .UNSPECIFIED.,.F.,.F.,(4,1,4),(0.,0.135233646664542,0.233400354267768),
 .UNSPECIFIED.);
#529=B_SPLINE_CURVE_WITH_KNOTS('',3,(#4170,#4171,#4172,#4173,#4174),
 .UNSPECIFIED.,.F.,.F.,(4,1,4),(0.,0.135233646664542,0.233400354267768),
 .UNSPECIFIED.);
#530=B_SPLINE_CURVE_WITH_KNOTS('',3,(#4186,#4187,#4188,#4189,#4190),
 .UNSPECIFIED.,.F.,.F.,(4,1,4),(0.,0.081331239666187,0.17943713066391),
 .UNSPECIFIED.);
#531=B_SPLINE_CURVE_WITH_KNOTS('',3,(#4193,#4194,#4195,#4196,#4197),
 .UNSPECIFIED.,.F.,.F.,(4,1,4),(0.,0.081331239666187,0.17943713066391),
 .UNSPECIFIED.);
#532=B_SPLINE_CURVE_WITH_KNOTS('',3,(#4209,#4210,#4211,#4212,#4213),
 .UNSPECIFIED.,.F.,.F.,(4,1,4),(0.,0.0649791429031821,0.132934587770608),
 .UNSPECIFIED.);
#533=B_SPLINE_CURVE_WITH_KNOTS('',3,(#4216,#4217,#4218,#4219,#4220),
 .UNSPECIFIED.,.F.,.F.,(4,1,4),(0.,0.0649791429031821,0.132934587770608),
 .UNSPECIFIED.);
#534=B_SPLINE_CURVE_WITH_KNOTS('',3,(#4232,#4233,#4234,#4235,#4236),
 .UNSPECIFIED.,.F.,.F.,(4,1,4),(0.,0.0654537948335225,0.12876999900519),
 .UNSPECIFIED.);
#535=B_SPLINE_CURVE_WITH_KNOTS('',3,(#4239,#4240,#4241,#4242,#4243),
 .UNSPECIFIED.,.F.,.F.,(4,1,4),(0.,0.0654537948335225,0.12876999900519),
 .UNSPECIFIED.);
#536=B_SPLINE_CURVE_WITH_KNOTS('',3,(#4254,#4255,#4256,#4257,#4258),
 .UNSPECIFIED.,.F.,.F.,(4,1,4),(0.,0.293333298851815,0.534524819690984),
 .UNSPECIFIED.);
#537=B_SPLINE_CURVE_WITH_KNOTS('',3,(#4259,#4260,#4261,#4262,#4263),
 .UNSPECIFIED.,.F.,.F.,(4,1,4),(0.,0.293333298851815,0.534524819690984),
 .UNSPECIFIED.);
#538=B_SPLINE_CURVE_WITH_KNOTS('',3,(#4277,#4278,#4279,#4280,#4281),
 .UNSPECIFIED.,.F.,.F.,(4,1,4),(0.,0.183492359284033,0.397292366948573),
 .UNSPECIFIED.);
#539=B_SPLINE_CURVE_WITH_KNOTS('',3,(#4285,#4286,#4287,#4288,#4289),
 .UNSPECIFIED.,.F.,.F.,(4,1,4),(0.,0.183492359284033,0.397292366948573),
 .UNSPECIFIED.);
#540=B_SPLINE_CURVE_WITH_KNOTS('',3,(#4302,#4303,#4304,#4305,#4306),
 .UNSPECIFIED.,.F.,.F.,(4,1,4),(0.,0.244333236558799,0.489948263071634),
 .UNSPECIFIED.);
#541=B_SPLINE_CURVE_WITH_KNOTS('',3,(#4309,#4310,#4311,#4312,#4313),
 .UNSPECIFIED.,.F.,.F.,(4,1,4),(0.,0.244333236558799,0.489948263071634),
 .UNSPECIFIED.);
#542=B_SPLINE_CURVE_WITH_KNOTS('',3,(#4325,#4326,#4327,#4328,#4329),
 .UNSPECIFIED.,.F.,.F.,(4,1,4),(0.,0.264212308397302,0.506466821353835),
 .UNSPECIFIED.);
#543=B_SPLINE_CURVE_WITH_KNOTS('',3,(#4332,#4333,#4334,#4335,#4336),
 .UNSPECIFIED.,.F.,.F.,(4,1,4),(0.,0.264212308397302,0.506466821353835),
 .UNSPECIFIED.);
#544=B_SPLINE_CURVE_WITH_KNOTS('',3,(#4366,#4367,#4368,#4369,#4370),
 .UNSPECIFIED.,.F.,.F.,(4,1,4),(0.,0.0540815459933249,0.0995043938656812),
 .UNSPECIFIED.);
#545=B_SPLINE_CURVE_WITH_KNOTS('',3,(#4373,#4374,#4375,#4376,#4377),
 .UNSPECIFIED.,.F.,.F.,(4,1,4),(0.,0.0540815459933249,0.0995043938656812),
 .UNSPECIFIED.);
#546=B_SPLINE_CURVE_WITH_KNOTS('',3,(#4389,#4390,#4391,#4392,#4393),
 .UNSPECIFIED.,.F.,.F.,(4,1,4),(0.,0.0704119894660979,0.132836735302478),
 .UNSPECIFIED.);
#547=B_SPLINE_CURVE_WITH_KNOTS('',3,(#4396,#4397,#4398,#4399,#4400),
 .UNSPECIFIED.,.F.,.F.,(4,1,4),(0.,0.0704119894660979,0.132836735302478),
 .UNSPECIFIED.);
#548=B_SPLINE_CURVE_WITH_KNOTS('',3,(#4411,#4412,#4413,#4414,#4415),
 .UNSPECIFIED.,.F.,.F.,(4,1,4),(0.,0.216368941119363,0.428015055856028),
 .UNSPECIFIED.);
#549=B_SPLINE_CURVE_WITH_KNOTS('',3,(#4416,#4417,#4418,#4419,#4420),
 .UNSPECIFIED.,.F.,.F.,(4,1,4),(0.,0.216368941119363,0.428015055856028),
 .UNSPECIFIED.);
#550=B_SPLINE_CURVE_WITH_KNOTS('',3,(#4433,#4434,#4435,#4436,#4437),
 .UNSPECIFIED.,.F.,.F.,(4,1,4),(0.,0.385071537960521,0.761595234625367),
 .UNSPECIFIED.);
#551=B_SPLINE_CURVE_WITH_KNOTS('',3,(#4441,#4442,#4443,#4444,#4445),
 .UNSPECIFIED.,.F.,.F.,(4,1,4),(0.,0.385071537960521,0.761595234625367),
 .UNSPECIFIED.);
#552=B_SPLINE_CURVE_WITH_KNOTS('',3,(#4458,#4459,#4460,#4461,#4462),
 .UNSPECIFIED.,.F.,.F.,(4,1,4),(0.,0.340520268227407,0.653949937607567),
 .UNSPECIFIED.);
#553=B_SPLINE_CURVE_WITH_KNOTS('',3,(#4465,#4466,#4467,#4468,#4469),
 .UNSPECIFIED.,.F.,.F.,(4,1,4),(0.,0.340520268227407,0.653949937607567),
 .UNSPECIFIED.);
#554=B_SPLINE_CURVE_WITH_KNOTS('',3,(#4481,#4482,#4483,#4484,#4485),
 .UNSPECIFIED.,.F.,.F.,(4,1,4),(0.,0.304437190000233,0.626539362793999),
 .UNSPECIFIED.);
#555=B_SPLINE_CURVE_WITH_KNOTS('',3,(#4488,#4489,#4490,#4491,#4492),
 .UNSPECIFIED.,.F.,.F.,(4,1,4),(0.,0.304437190000233,0.626539362793999),
 .UNSPECIFIED.);
#556=B_SPLINE_CURVE_WITH_KNOTS('',3,(#4504,#4505,#4506,#4507,#4508),
 .UNSPECIFIED.,.F.,.F.,(4,1,4),(0.,0.111395367398801,0.245461463349892),
 .UNSPECIFIED.);
#557=B_SPLINE_CURVE_WITH_KNOTS('',3,(#4511,#4512,#4513,#4514,#4515),
 .UNSPECIFIED.,.F.,.F.,(4,1,4),(0.,0.111395367398801,0.245461463349892),
 .UNSPECIFIED.);
#558=B_SPLINE_CURVE_WITH_KNOTS('',3,(#4527,#4528,#4529,#4530,#4531),
 .UNSPECIFIED.,.F.,.F.,(4,1,4),(0.,0.0671943069975356,0.156204170638302),
 .UNSPECIFIED.);
#559=B_SPLINE_CURVE_WITH_KNOTS('',3,(#4534,#4535,#4536,#4537,#4538),
 .UNSPECIFIED.,.F.,.F.,(4,1,4),(0.,0.0671943069975356,0.156204170638302),
 .UNSPECIFIED.);
#560=B_SPLINE_CURVE_WITH_KNOTS('',3,(#4550,#4551,#4552,#4553,#4554),
 .UNSPECIFIED.,.F.,.F.,(4,1,4),(0.,0.122734090740679,0.229885923328521),
 .UNSPECIFIED.);
#561=B_SPLINE_CURVE_WITH_KNOTS('',3,(#4557,#4558,#4559,#4560,#4561),
 .UNSPECIFIED.,.F.,.F.,(4,1,4),(0.,0.122734090740679,0.229885923328521),
 .UNSPECIFIED.);
#562=B_SPLINE_CURVE_WITH_KNOTS('',3,(#4573,#4574,#4575,#4576,#4577),
 .UNSPECIFIED.,.F.,.F.,(4,1,4),(0.,0.144709895801754,0.244825442445322),
 .UNSPECIFIED.);
#563=B_SPLINE_CURVE_WITH_KNOTS('',3,(#4580,#4581,#4582,#4583,#4584),
 .UNSPECIFIED.,.F.,.F.,(4,1,4),(0.,0.144709895801754,0.244825442445322),
 .UNSPECIFIED.);
#564=B_SPLINE_CURVE_WITH_KNOTS('',3,(#4602,#4603,#4604,#4605,#4606),
 .UNSPECIFIED.,.F.,.F.,(4,1,4),(0.,0.420304083782935,0.701304810886482),
 .UNSPECIFIED.);
#565=B_SPLINE_CURVE_WITH_KNOTS('',3,(#4609,#4610,#4611,#4612,#4613),
 .UNSPECIFIED.,.F.,.F.,(4,1,4),(0.,0.420304083782935,0.701304810886482),
 .UNSPECIFIED.);
#566=B_SPLINE_CURVE_WITH_KNOTS('',3,(#4625,#4626,#4627,#4628,#4629),
 .UNSPECIFIED.,.F.,.F.,(4,1,4),(0.,0.299487538310227,0.701016748783113),
 .UNSPECIFIED.);
#567=B_SPLINE_CURVE_WITH_KNOTS('',3,(#4632,#4633,#4634,#4635,#4636),
 .UNSPECIFIED.,.F.,.F.,(4,1,4),(0.,0.299487538310227,0.701016748783113),
 .UNSPECIFIED.);
#568=B_SPLINE_CURVE_WITH_KNOTS('',3,(#4654,#4655,#4656,#4657,#4658),
 .UNSPECIFIED.,.F.,.F.,(4,1,4),(0.,0.0614112688772845,0.124745066117862),
 .UNSPECIFIED.);
#569=B_SPLINE_CURVE_WITH_KNOTS('',3,(#4661,#4662,#4663,#4664,#4665),
 .UNSPECIFIED.,.F.,.F.,(4,1,4),(0.,0.0614112688772845,0.124745066117862),
 .UNSPECIFIED.);
#570=B_SPLINE_CURVE_WITH_KNOTS('',3,(#4677,#4678,#4679,#4680,#4681),
 .UNSPECIFIED.,.F.,.F.,(4,1,4),(0.,0.0628246466837013,0.123709216525559),
 .UNSPECIFIED.);
#571=B_SPLINE_CURVE_WITH_KNOTS('',3,(#4684,#4685,#4686,#4687,#4688),
 .UNSPECIFIED.,.F.,.F.,(4,1,4),(0.,0.0628246466837013,0.123709216525559),
 .UNSPECIFIED.);
#572=B_SPLINE_CURVE_WITH_KNOTS('',3,(#4700,#4701,#4702,#4703,#4704),
 .UNSPECIFIED.,.F.,.F.,(4,1,4),(0.,0.060538028135494,0.122116654680919),
 .UNSPECIFIED.);
#573=B_SPLINE_CURVE_WITH_KNOTS('',3,(#4707,#4708,#4709,#4710,#4711),
 .UNSPECIFIED.,.F.,.F.,(4,1,4),(0.,0.060538028135494,0.122116654680919),
 .UNSPECIFIED.);
#574=B_SPLINE_CURVE_WITH_KNOTS('',3,(#4723,#4724,#4725,#4726,#4727),
 .UNSPECIFIED.,.F.,.F.,(4,1,4),(0.,0.063333880018894,0.124744892789909),
 .UNSPECIFIED.);
#575=B_SPLINE_CURVE_WITH_KNOTS('',3,(#4730,#4731,#4732,#4733,#4734),
 .UNSPECIFIED.,.F.,.F.,(4,1,4),(0.,0.063333880018894,0.124744892789909),
 .UNSPECIFIED.);
#576=B_SPLINE_CURVE_WITH_KNOTS('',3,(#4746,#4747,#4748,#4749,#4750),
 .UNSPECIFIED.,.F.,.F.,(4,1,4),(0.,0.351550690058368,0.894947684162456),
 .UNSPECIFIED.);
#577=B_SPLINE_CURVE_WITH_KNOTS('',3,(#4753,#4754,#4755,#4756,#4757),
 .UNSPECIFIED.,.F.,.F.,(4,1,4),(0.,0.351550690058368,0.894947684162456),
 .UNSPECIFIED.);
#578=B_SPLINE_CURVE_WITH_KNOTS('',3,(#4769,#4770,#4771,#4772,#4773),
 .UNSPECIFIED.,.F.,.F.,(4,1,4),(0.,0.0754711066836652,0.207593639002887),
 .UNSPECIFIED.);
#579=B_SPLINE_CURVE_WITH_KNOTS('',3,(#4776,#4777,#4778,#4779,#4780),
 .UNSPECIFIED.,.F.,.F.,(4,1,4),(0.,0.0754711066836652,0.207593639002887),
 .UNSPECIFIED.);
#580=B_SPLINE_CURVE_WITH_KNOTS('',3,(#4791,#4792,#4793,#4794,#4795),
 .UNSPECIFIED.,.F.,.F.,(4,1,4),(0.,0.35491192768033,0.729526677106292),
 .UNSPECIFIED.);
#581=B_SPLINE_CURVE_WITH_KNOTS('',3,(#4796,#4797,#4798,#4799,#4800),
 .UNSPECIFIED.,.F.,.F.,(4,1,4),(0.,0.35491192768033,0.729526677106292),
 .UNSPECIFIED.);
#582=B_SPLINE_CURVE_WITH_KNOTS('',3,(#4807,#4808,#4809,#4810,#4811,#4812,
#4813,#4814,#4815,#4816,#4817,#4818,#4819),.UNSPECIFIED.,.F.,.F.,(4,1,1,
1,1,1,1,1,1,1,4),(0.,0.194276623451916,0.388553246903832,0.437122402766811,
0.48569155862979,0.582829870355749,0.777106493807665,0.874244805533623,
0.971383117259581,1.1656597407115,1.35993636416341),.UNSPECIFIED.);
#583=B_SPLINE_CURVE_WITH_KNOTS('',3,(#4823,#4824,#4825,#4826,#4827,#4828,
#4829,#4830,#4831,#4832,#4833,#4834),.UNSPECIFIED.,.F.,.F.,(4,1,1,1,1,1,
1,1,1,4),(0.,0.19427662345189,0.388553246903781,0.485691558629726,0.582829870355671,
0.777106493807562,0.874244805533507,0.971383117259452,1.16565974071134,
1.35993636416323),.UNSPECIFIED.);
#584=B_SPLINE_CURVE_WITH_KNOTS('',3,(#4838,#4839,#4840,#4841,#4842,#4843,
#4844,#4845,#4846,#4847,#4848,#4849,#4850,#4851,#4852),.UNSPECIFIED.,.F.,
 .F.,(4,1,1,1,1,1,1,1,1,1,1,1,4),(0.,0.194276623452061,0.388553246904121,
0.437122402767136,0.485691558630152,0.558545292424674,0.582829870356182,
0.777106493808242,0.874244805534273,0.971383117260303,1.09280600691784,
1.16565974071236,1.35993636416442),.UNSPECIFIED.);
#585=B_SPLINE_CURVE_WITH_KNOTS('',3,(#4855,#4856,#4857,#4858,#4859,#4860,
#4861,#4862,#4863,#4864,#4865,#4866,#4867,#4868,#4869),.UNSPECIFIED.,.F.,
 .F.,(4,1,1,1,1,1,1,1,1,1,1,1,4),(0.,0.194276623452026,0.388553246904052,
0.412837824835556,0.437122402767059,0.485691558630065,0.534260714493072,
0.582829870356079,0.777106493808105,0.874244805534118,0.971383117260131,
1.16565974071216,1.35993636416418),.UNSPECIFIED.);
#586=B_SPLINE_CURVE_WITH_KNOTS('',3,(#4929,#4930,#4931,#4932,#4933,#4934,
#4935,#4936,#4937,#4938,#4939,#4940,#4941),.UNSPECIFIED.,.F.,.F.,(4,1,1,
1,1,1,1,1,1,1,4),(-1.35993636416341,-1.1656597407115,-0.971383117259581,
-0.874244805533623,-0.777106493807665,-0.582829870355749,-0.48569155862979,
-0.437122402766811,-0.388553246903832,-0.194276623451916,0.),
 .UNSPECIFIED.);
#587=B_SPLINE_CURVE_WITH_KNOTS('',3,(#4996,#4997,#4998,#4999,#5000,#5001,
#5002,#5003,#5004,#5005,#5006,#5007),.UNSPECIFIED.,.F.,.F.,(4,1,1,1,1,1,
1,1,1,4),(-1.35993636416323,-1.16565974071134,-0.971383117259452,-0.874244805533507,
-0.777106493807562,-0.582829870355671,-0.485691558629726,-0.388553246903781,
-0.19427662345189,0.),.UNSPECIFIED.);
#588=B_SPLINE_CURVE_WITH_KNOTS('',3,(#5074,#5075,#5076,#5077,#5078,#5079,
#5080,#5081,#5082,#5083,#5084,#5085,#5086,#5087,#5088),.UNSPECIFIED.,.F.,
 .F.,(4,1,1,1,1,1,1,1,1,1,1,1,4),(-1.35993636416442,-1.16565974071236,-1.09280600691784,
-0.971383117260303,-0.874244805534273,-0.777106493808242,-0.582829870356182,
-0.558545292424674,-0.485691558630152,-0.437122402767136,-0.388553246904121,
-0.194276623452061,0.),.UNSPECIFIED.);
#589=B_SPLINE_CURVE_WITH_KNOTS('',3,(#5154,#5155,#5156,#5157,#5158,#5159,
#5160,#5161,#5162,#5163,#5164,#5165,#5166,#5167,#5168),.UNSPECIFIED.,.F.,
 .F.,(4,1,1,1,1,1,1,1,1,1,1,1,4),(-1.35993636416418,-1.16565974071216,-0.971383117260131,
-0.874244805534118,-0.777106493808105,-0.582829870356079,-0.534260714493072,
-0.485691558630065,-0.437122402767059,-0.412837824835556,-0.388553246904052,
-0.194276623452026,0.),.UNSPECIFIED.);
#590=B_SPLINE_CURVE_WITH_KNOTS('',3,(#5214,#5215,#5216,#5217,#5218,#5219,
#5220,#5221,#5222,#5223,#5224,#5225,#5226,#5227,#5228,#5229,#5230,#5231,
#5232,#5233,#5234,#5235),.UNSPECIFIED.,.F.,.F.,(4,3,3,3,3,3,3,4),(0.,0.194276623451881,
0.388553246903762,0.582829870355643,0.777106493807524,0.971383117259405,
1.16565974071129,1.35993636416317),.UNSPECIFIED.);
#591=B_SPLINE_CURVE_WITH_KNOTS('',3,(#5284,#5285,#5286,#5287,#5288,#5289,
#5290,#5291,#5292,#5293,#5294,#5295,#5296,#5297,#5298,#5299,#5300,#5301,
#5302,#5303,#5304,#5305),.UNSPECIFIED.,.F.,.F.,(4,3,3,3,3,3,3,4),(0.,0.194276623451807,
0.388553246903614,0.582829870355422,0.777106493807229,0.971383117259036,
1.16565974071084,1.35993636416265),.UNSPECIFIED.);
#592=B_SPLINE_CURVE_WITH_KNOTS('',3,(#5314,#5315,#5316,#5317,#5318,#5319,
#5320,#5321,#5322,#5323,#5324,#5325,#5326,#5327,#5328,#5329,#5330,#5331,
#5332,#5333,#5334,#5335),.UNSPECIFIED.,.F.,.F.,(4,3,3,3,3,3,3,4),(0.,0.194276623451881,
0.388553246903762,0.582829870355643,0.777106493807524,1.06852142898534,
1.16565974071129,1.35993636416317),.UNSPECIFIED.);
#593=B_SPLINE_CURVE_WITH_KNOTS('',3,(#5339,#5340,#5341,#5342,#5343,#5344,
#5345,#5346,#5347,#5348,#5349,#5350,#5351,#5352,#5353,#5354,#5355,#5356,
#5357,#5358,#5359,#5360),.UNSPECIFIED.,.F.,.F.,(4,3,3,3,3,3,3,4),(0.,0.194276623451714,
0.388553246903429,0.582829870355143,0.777106493806857,1.06852142898443,
1.16565974071029,1.359936364162),.UNSPECIFIED.);
#594=LINE('',#3251,#827);
#595=LINE('',#3253,#828);
#596=LINE('',#3260,#829);
#597=LINE('',#3278,#830);
#598=LINE('',#3301,#831);
#599=LINE('',#3324,#832);
#600=LINE('',#3347,#833);
#601=LINE('',#3370,#834);
#602=LINE('',#3378,#835);
#603=LINE('',#3380,#836);
#604=LINE('',#3403,#837);
#605=LINE('',#3426,#838);
#606=LINE('',#3434,#839);
#607=LINE('',#3436,#840);
#608=LINE('',#3437,#841);
#609=LINE('',#3455,#842);
#610=LINE('',#3478,#843);
#611=LINE('',#3501,#844);
#612=LINE('',#3524,#845);
#613=LINE('',#3547,#846);
#614=LINE('',#3570,#847);
#615=LINE('',#3593,#848);
#616=LINE('',#3638,#849);
#617=LINE('',#3645,#850);
#618=LINE('',#3663,#851);
#619=LINE('',#3686,#852);
#620=LINE('',#3709,#853);
#621=LINE('',#3732,#854);
#622=LINE('',#3755,#855);
#623=LINE('',#3778,#856);
#624=LINE('',#3801,#857);
#625=LINE('',#3824,#858);
#626=LINE('',#3847,#859);
#627=LINE('',#3870,#860);
#628=LINE('',#3893,#861);
#629=LINE('',#3916,#862);
#630=LINE('',#3939,#863);
#631=LINE('',#3962,#864);
#632=LINE('',#3985,#865);
#633=LINE('',#4008,#866);
#634=LINE('',#4031,#867);
#635=LINE('',#4054,#868);
#636=LINE('',#4077,#869);
#637=LINE('',#4100,#870);
#638=LINE('',#4123,#871);
#639=LINE('',#4146,#872);
#640=LINE('',#4169,#873);
#641=LINE('',#4192,#874);
#642=LINE('',#4215,#875);
#643=LINE('',#4238,#876);
#644=LINE('',#4283,#877);
#645=LINE('',#4290,#878);
#646=LINE('',#4308,#879);
#647=LINE('',#4331,#880);
#648=LINE('',#4339,#881);
#649=LINE('',#4341,#882);
#650=LINE('',#4342,#883);
#651=LINE('',#4345,#884);
#652=LINE('',#4347,#885);
#653=LINE('',#4348,#886);
#654=LINE('',#4351,#887);
#655=LINE('',#4353,#888);
#656=LINE('',#4354,#889);
#657=LINE('',#4372,#890);
#658=LINE('',#4395,#891);
#659=LINE('',#4439,#892);
#660=LINE('',#4446,#893);
#661=LINE('',#4464,#894);
#662=LINE('',#4487,#895);
#663=LINE('',#4510,#896);
#664=LINE('',#4533,#897);
#665=LINE('',#4556,#898);
#666=LINE('',#4579,#899);
#667=LINE('',#4587,#900);
#668=LINE('',#4589,#901);
#669=LINE('',#4590,#902);
#670=LINE('',#4608,#903);
#671=LINE('',#4631,#904);
#672=LINE('',#4639,#905);
#673=LINE('',#4641,#906);
#674=LINE('',#4642,#907);
#675=LINE('',#4660,#908);
#676=LINE('',#4683,#909);
#677=LINE('',#4706,#910);
#678=LINE('',#4729,#911);
#679=LINE('',#4752,#912);
#680=LINE('',#4775,#913);
#681=LINE('',#4805,#914);
#682=LINE('',#4821,#915);
#683=LINE('',#4836,#916);
#684=LINE('',#4854,#917);
#685=LINE('',#4872,#918);
#686=LINE('',#4874,#919);
#687=LINE('',#4875,#920);
#688=LINE('',#4942,#921);
#689=LINE('',#4945,#922);
#690=LINE('',#4946,#923);
#691=LINE('',#5008,#924);
#692=LINE('',#5011,#925);
#693=LINE('',#5012,#926);
#694=LINE('',#5089,#927);
#695=LINE('',#5092,#928);
#696=LINE('',#5093,#929);
#697=LINE('',#5210,#930);
#698=LINE('',#5212,#931);
#699=LINE('',#5236,#932);
#700=LINE('',#5239,#933);
#701=LINE('',#5240,#934);
#702=LINE('',#5282,#935);
#703=LINE('',#5306,#936);
#704=LINE('',#5309,#937);
#705=LINE('',#5310,#938);
#706=LINE('',#5337,#939);
#707=LINE('',#5361,#940);
#708=LINE('',#5363,#941);
#709=LINE('',#5365,#942);
#710=LINE('',#5367,#943);
#711=LINE('',#5369,#944);
#712=LINE('',#5371,#945);
#713=LINE('',#5373,#946);
#714=LINE('',#5375,#947);
#715=LINE('',#5377,#948);
#716=LINE('',#5379,#949);
#717=LINE('',#5381,#950);
#718=LINE('',#5382,#951);
#719=LINE('',#5392,#952);
#720=LINE('',#5433,#953);
#721=LINE('',#5435,#954);
#722=LINE('',#5480,#955);
#723=LINE('',#5484,#956);
#724=LINE('',#5487,#957);
#725=LINE('',#5492,#958);
#726=LINE('',#5494,#959);
#727=LINE('',#5496,#960);
#728=LINE('',#5497,#961);
#729=LINE('',#5500,#962);
#730=LINE('',#5502,#963);
#731=LINE('',#5503,#964);
#732=LINE('',#5506,#965);
#733=LINE('',#5508,#966);
#734=LINE('',#5509,#967);
#735=LINE('',#5512,#968);
#736=LINE('',#5514,#969);
#737=LINE('',#5515,#970);
#738=LINE('',#5518,#971);
#739=LINE('',#5520,#972);
#740=LINE('',#5521,#973);
#741=LINE('',#5523,#974);
#742=LINE('',#5524,#975);
#743=LINE('',#5531,#976);
#744=LINE('',#5535,#977);
#745=LINE('',#5538,#978);
#746=LINE('',#5543,#979);
#747=LINE('',#5545,#980);
#748=LINE('',#5547,#981);
#749=LINE('',#5548,#982);
#750=LINE('',#5551,#983);
#751=LINE('',#5553,#984);
#752=LINE('',#5554,#985);
#753=LINE('',#5557,#986);
#754=LINE('',#5559,#987);
#755=LINE('',#5560,#988);
#756=LINE('',#5563,#989);
#757=LINE('',#5565,#990);
#758=LINE('',#5566,#991);
#759=LINE('',#5569,#992);
#760=LINE('',#5571,#993);
#761=LINE('',#5572,#994);
#762=LINE('',#5574,#995);
#763=LINE('',#5575,#996);
#764=LINE('',#5582,#997);
#765=LINE('',#5586,#998);
#766=LINE('',#5589,#999);
#767=LINE('',#5594,#1000);
#768=LINE('',#5596,#1001);
#769=LINE('',#5598,#1002);
#770=LINE('',#5599,#1003);
#771=LINE('',#5602,#1004);
#772=LINE('',#5604,#1005);
#773=LINE('',#5605,#1006);
#774=LINE('',#5608,#1007);
#775=LINE('',#5610,#1008);
#776=LINE('',#5611,#1009);
#777=LINE('',#5614,#1010);
#778=LINE('',#5616,#1011);
#779=LINE('',#5617,#1012);
#780=LINE('',#5620,#1013);
#781=LINE('',#5622,#1014);
#782=LINE('',#5623,#1015);
#783=LINE('',#5625,#1016);
#784=LINE('',#5626,#1017);
#785=LINE('',#5633,#1018);
#786=LINE('',#5637,#1019);
#787=LINE('',#5640,#1020);
#788=LINE('',#5645,#1021);
#789=LINE('',#5647,#1022);
#790=LINE('',#5649,#1023);
#791=LINE('',#5650,#1024);
#792=LINE('',#5653,#1025);
#793=LINE('',#5655,#1026);
#794=LINE('',#5656,#1027);
#795=LINE('',#5659,#1028);
#796=LINE('',#5661,#1029);
#797=LINE('',#5662,#1030);
#798=LINE('',#5665,#1031);
#799=LINE('',#5667,#1032);
#800=LINE('',#5668,#1033);
#801=LINE('',#5671,#1034);
#802=LINE('',#5673,#1035);
#803=LINE('',#5674,#1036);
#804=LINE('',#5676,#1037);
#805=LINE('',#5677,#1038);
#806=LINE('',#5683,#1039);
#807=LINE('',#5684,#1040);
#808=LINE('',#5685,#1041);
#809=LINE('',#5688,#1042);
#810=LINE('',#5689,#1043);
#811=LINE('',#5692,#1044);
#812=LINE('',#5693,#1045);
#813=LINE('',#5695,#1046);
#814=LINE('',#5698,#1047);
#815=LINE('',#5699,#1048);
#816=LINE('',#5703,#1049);
#817=LINE('',#5704,#1050);
#818=LINE('',#5705,#1051);
#819=LINE('',#5709,#1052);
#820=LINE('',#5710,#1053);
#821=LINE('',#5711,#1054);
#822=LINE('',#5713,#1055);
#823=LINE('',#5716,#1056);
#824=LINE('',#5717,#1057);
#825=LINE('',#5719,#1058);
#826=LINE('',#5721,#1059);
#827=VECTOR('',#2828,10.);
#828=VECTOR('',#2829,10.);
#829=VECTOR('',#2830,10.);
#830=VECTOR('',#2831,10.);
#831=VECTOR('',#2832,10.);
#832=VECTOR('',#2833,10.);
#833=VECTOR('',#2834,10.);
#834=VECTOR('',#2835,10.);
#835=VECTOR('',#2838,10.);
#836=VECTOR('',#2839,10.);
#837=VECTOR('',#2840,10.);
#838=VECTOR('',#2841,10.);
#839=VECTOR('',#2844,10.);
#840=VECTOR('',#2845,10.);
#841=VECTOR('',#2846,10.);
#842=VECTOR('',#2847,10.);
#843=VECTOR('',#2848,10.);
#844=VECTOR('',#2849,10.);
#845=VECTOR('',#2850,10.);
#846=VECTOR('',#2851,10.);
#847=VECTOR('',#2852,10.);
#848=VECTOR('',#2853,10.);
#849=VECTOR('',#2856,10.);
#850=VECTOR('',#2857,10.);
#851=VECTOR('',#2858,10.);
#852=VECTOR('',#2859,10.);
#853=VECTOR('',#2860,10.);
#854=VECTOR('',#2861,10.);
#855=VECTOR('',#2862,10.);
#856=VECTOR('',#2863,10.);
#857=VECTOR('',#2864,10.);
#858=VECTOR('',#2865,10.);
#859=VECTOR('',#2866,10.);
#860=VECTOR('',#2867,10.);
#861=VECTOR('',#2868,10.);
#862=VECTOR('',#2869,10.);
#863=VECTOR('',#2870,10.);
#864=VECTOR('',#2871,10.);
#865=VECTOR('',#2872,10.);
#866=VECTOR('',#2873,10.);
#867=VECTOR('',#2874,10.);
#868=VECTOR('',#2875,10.);
#869=VECTOR('',#2876,10.);
#870=VECTOR('',#2877,10.);
#871=VECTOR('',#2878,10.);
#872=VECTOR('',#2879,10.);
#873=VECTOR('',#2880,10.);
#874=VECTOR('',#2881,10.);
#875=VECTOR('',#2882,10.);
#876=VECTOR('',#2883,10.);
#877=VECTOR('',#2886,10.);
#878=VECTOR('',#2887,10.);
#879=VECTOR('',#2888,10.);
#880=VECTOR('',#2889,10.);
#881=VECTOR('',#2892,10.);
#882=VECTOR('',#2893,10.);
#883=VECTOR('',#2894,10.);
#884=VECTOR('',#2897,10.);
#885=VECTOR('',#2898,10.);
#886=VECTOR('',#2899,10.);
#887=VECTOR('',#2902,10.);
#888=VECTOR('',#2903,10.);
#889=VECTOR('',#2904,10.);
#890=VECTOR('',#2905,10.);
#891=VECTOR('',#2906,10.);
#892=VECTOR('',#2907,10.);
#893=VECTOR('',#2908,10.);
#894=VECTOR('',#2909,10.);
#895=VECTOR('',#2910,10.);
#896=VECTOR('',#2911,10.);
#897=VECTOR('',#2912,10.);
#898=VECTOR('',#2913,10.);
#899=VECTOR('',#2914,10.);
#900=VECTOR('',#2917,10.);
#901=VECTOR('',#2918,10.);
#902=VECTOR('',#2919,10.);
#903=VECTOR('',#2920,10.);
#904=VECTOR('',#2921,10.);
#905=VECTOR('',#2924,10.);
#906=VECTOR('',#2925,10.);
#907=VECTOR('',#2926,10.);
#908=VECTOR('',#2927,10.);
#909=VECTOR('',#2928,10.);
#910=VECTOR('',#2929,10.);
#911=VECTOR('',#2930,10.);
#912=VECTOR('',#2931,10.);
#913=VECTOR('',#2932,10.);
#914=VECTOR('',#2937,10.);
#915=VECTOR('',#2938,10.);
#916=VECTOR('',#2939,10.);
#917=VECTOR('',#2940,10.);
#918=VECTOR('',#2943,10.);
#919=VECTOR('',#2944,10.);
#920=VECTOR('',#2945,10.);
#921=VECTOR('',#2946,10.);
#922=VECTOR('',#2949,10.);
#923=VECTOR('',#2950,10.);
#924=VECTOR('',#2951,10.);
#925=VECTOR('',#2954,10.);
#926=VECTOR('',#2955,10.);
#927=VECTOR('',#2956,10.);
#928=VECTOR('',#2959,10.);
#929=VECTOR('',#2960,10.);
#930=VECTOR('',#2961,10.);
#931=VECTOR('',#2962,10.);
#932=VECTOR('',#2963,10.);
#933=VECTOR('',#2966,10.);
#934=VECTOR('',#2967,10.);
#935=VECTOR('',#2968,10.);
#936=VECTOR('',#2969,10.);
#937=VECTOR('',#2972,10.);
#938=VECTOR('',#2973,10.);
#939=VECTOR('',#2978,10.);
#940=VECTOR('',#2979,10.);
#941=VECTOR('',#2980,10.);
#942=VECTOR('',#2981,10.);
#943=VECTOR('',#2982,10.);
#944=VECTOR('',#2983,10.);
#945=VECTOR('',#2984,10.);
#946=VECTOR('',#2985,10.);
#947=VECTOR('',#2986,10.);
#948=VECTOR('',#2987,10.);
#949=VECTOR('',#2988,10.);
#950=VECTOR('',#2989,10.);
#951=VECTOR('',#2990,10.);
#952=VECTOR('',#3001,10.);
#953=VECTOR('',#3002,10.);
#954=VECTOR('',#3005,10.);
#955=VECTOR('',#3010,1.2);
#956=VECTOR('',#3015,0.6);
#957=VECTOR('',#3018,1.2);
#958=VECTOR('',#3023,10.);
#959=VECTOR('',#3024,10.);
#960=VECTOR('',#3025,10.);
#961=VECTOR('',#3026,10.);
#962=VECTOR('',#3029,10.);
#963=VECTOR('',#3030,10.);
#964=VECTOR('',#3031,10.);
#965=VECTOR('',#3034,10.);
#966=VECTOR('',#3035,10.);
#967=VECTOR('',#3036,10.);
#968=VECTOR('',#3039,10.);
#969=VECTOR('',#3040,10.);
#970=VECTOR('',#3041,10.);
#971=VECTOR('',#3044,10.);
#972=VECTOR('',#3045,10.);
#973=VECTOR('',#3046,10.);
#974=VECTOR('',#3049,10.);
#975=VECTOR('',#3050,10.);
#976=VECTOR('',#3059,1.2);
#977=VECTOR('',#3064,0.6);
#978=VECTOR('',#3067,1.2);
#979=VECTOR('',#3072,10.);
#980=VECTOR('',#3073,10.);
#981=VECTOR('',#3074,10.);
#982=VECTOR('',#3075,10.);
#983=VECTOR('',#3078,10.);
#984=VECTOR('',#3079,10.);
#985=VECTOR('',#3080,10.);
#986=VECTOR('',#3083,10.);
#987=VECTOR('',#3084,10.);
#988=VECTOR('',#3085,10.);
#989=VECTOR('',#3088,10.);
#990=VECTOR('',#3089,10.);
#991=VECTOR('',#3090,10.);
#992=VECTOR('',#3093,10.);
#993=VECTOR('',#3094,10.);
#994=VECTOR('',#3095,10.);
#995=VECTOR('',#3098,10.);
#996=VECTOR('',#3099,10.);
#997=VECTOR('',#3108,1.2);
#998=VECTOR('',#3113,0.6);
#999=VECTOR('',#3116,1.2);
#1000=VECTOR('',#3121,10.);
#1001=VECTOR('',#3122,10.);
#1002=VECTOR('',#3123,10.);
#1003=VECTOR('',#3124,10.);
#1004=VECTOR('',#3127,10.);
#1005=VECTOR('',#3128,10.);
#1006=VECTOR('',#3129,10.);
#1007=VECTOR('',#3132,10.);
#1008=VECTOR('',#3133,10.);
#1009=VECTOR('',#3134,10.);
#1010=VECTOR('',#3137,10.);
#1011=VECTOR('',#3138,10.);
#1012=VECTOR('',#3139,10.);
#1013=VECTOR('',#3142,10.);
#1014=VECTOR('',#3143,10.);
#1015=VECTOR('',#3144,10.);
#1016=VECTOR('',#3147,10.);
#1017=VECTOR('',#3148,10.);
#1018=VECTOR('',#3157,1.2);
#1019=VECTOR('',#3162,0.6);
#1020=VECTOR('',#3165,1.2);
#1021=VECTOR('',#3170,10.);
#1022=VECTOR('',#3171,10.);
#1023=VECTOR('',#3172,10.);
#1024=VECTOR('',#3173,10.);
#1025=VECTOR('',#3176,10.);
#1026=VECTOR('',#3177,10.);
#1027=VECTOR('',#3178,10.);
#1028=VECTOR('',#3181,10.);
#1029=VECTOR('',#3182,10.);
#1030=VECTOR('',#3183,10.);
#1031=VECTOR('',#3186,10.);
#1032=VECTOR('',#3187,10.);
#1033=VECTOR('',#3188,10.);
#1034=VECTOR('',#3191,10.);
#1035=VECTOR('',#3192,10.);
#1036=VECTOR('',#3193,10.);
#1037=VECTOR('',#3196,10.);
#1038=VECTOR('',#3197,10.);
#1039=VECTOR('',#3204,10.);
#1040=VECTOR('',#3205,10.);
#1041=VECTOR('',#3206,10.);
#1042=VECTOR('',#3209,10.);
#1043=VECTOR('',#3210,10.);
#1044=VECTOR('',#3213,10.);
#1045=VECTOR('',#3214,10.);
#1046=VECTOR('',#3217,10.);
#1047=VECTOR('',#3220,10.);
#1048=VECTOR('',#3221,10.);
#1049=VECTOR('',#3224,10.);
#1050=VECTOR('',#3225,10.);
#1051=VECTOR('',#3226,10.);
#1052=VECTOR('',#3229,10.);
#1053=VECTOR('',#3230,10.);
#1054=VECTOR('',#3231,10.);
#1055=VECTOR('',#3234,10.);
#1056=VECTOR('',#3237,10.);
#1057=VECTOR('',#3238,10.);
#1058=VECTOR('',#3241,10.);
#1059=VECTOR('',#3244,10.);
#1060=VERTEX_POINT('',#3249);
#1061=VERTEX_POINT('',#3250);
#1062=VERTEX_POINT('',#3252);
#1063=VERTEX_POINT('',#3254);
#1064=VERTEX_POINT('',#3271);
#1065=VERTEX_POINT('',#3277);
#1066=VERTEX_POINT('',#3294);
#1067=VERTEX_POINT('',#3300);
#1068=VERTEX_POINT('',#3317);
#1069=VERTEX_POINT('',#3323);
#1070=VERTEX_POINT('',#3340);
#1071=VERTEX_POINT('',#3346);
#1072=VERTEX_POINT('',#3363);
#1073=VERTEX_POINT('',#3369);
#1074=VERTEX_POINT('',#3377);
#1075=VERTEX_POINT('',#3379);
#1076=VERTEX_POINT('',#3396);
#1077=VERTEX_POINT('',#3402);
#1078=VERTEX_POINT('',#3419);
#1079=VERTEX_POINT('',#3425);
#1080=VERTEX_POINT('',#3433);
#1081=VERTEX_POINT('',#3435);
#1082=VERTEX_POINT('',#3448);
#1083=VERTEX_POINT('',#3454);
#1084=VERTEX_POINT('',#3471);
#1085=VERTEX_POINT('',#3477);
#1086=VERTEX_POINT('',#3494);
#1087=VERTEX_POINT('',#3500);
#1088=VERTEX_POINT('',#3517);
#1089=VERTEX_POINT('',#3523);
#1090=VERTEX_POINT('',#3540);
#1091=VERTEX_POINT('',#3546);
#1092=VERTEX_POINT('',#3563);
#1093=VERTEX_POINT('',#3569);
#1094=VERTEX_POINT('',#3586);
#1095=VERTEX_POINT('',#3592);
#1096=VERTEX_POINT('',#3630);
#1097=VERTEX_POINT('',#3631);
#1098=VERTEX_POINT('',#3637);
#1099=VERTEX_POINT('',#3639);
#1100=VERTEX_POINT('',#3656);
#1101=VERTEX_POINT('',#3662);
#1102=VERTEX_POINT('',#3679);
#1103=VERTEX_POINT('',#3685);
#1104=VERTEX_POINT('',#3702);
#1105=VERTEX_POINT('',#3708);
#1106=VERTEX_POINT('',#3725);
#1107=VERTEX_POINT('',#3731);
#1108=VERTEX_POINT('',#3748);
#1109=VERTEX_POINT('',#3754);
#1110=VERTEX_POINT('',#3771);
#1111=VERTEX_POINT('',#3777);
#1112=VERTEX_POINT('',#3794);
#1113=VERTEX_POINT('',#3800);
#1114=VERTEX_POINT('',#3817);
#1115=VERTEX_POINT('',#3823);
#1116=VERTEX_POINT('',#3840);
#1117=VERTEX_POINT('',#3846);
#1118=VERTEX_POINT('',#3863);
#1119=VERTEX_POINT('',#3869);
#1120=VERTEX_POINT('',#3886);
#1121=VERTEX_POINT('',#3892);
#1122=VERTEX_POINT('',#3909);
#1123=VERTEX_POINT('',#3915);
#1124=VERTEX_POINT('',#3932);
#1125=VERTEX_POINT('',#3938);
#1126=VERTEX_POINT('',#3955);
#1127=VERTEX_POINT('',#3961);
#1128=VERTEX_POINT('',#3978);
#1129=VERTEX_POINT('',#3984);
#1130=VERTEX_POINT('',#4001);
#1131=VERTEX_POINT('',#4007);
#1132=VERTEX_POINT('',#4024);
#1133=VERTEX_POINT('',#4030);
#1134=VERTEX_POINT('',#4047);
#1135=VERTEX_POINT('',#4053);
#1136=VERTEX_POINT('',#4070);
#1137=VERTEX_POINT('',#4076);
#1138=VERTEX_POINT('',#4093);
#1139=VERTEX_POINT('',#4099);
#1140=VERTEX_POINT('',#4116);
#1141=VERTEX_POINT('',#4122);
#1142=VERTEX_POINT('',#4139);
#1143=VERTEX_POINT('',#4145);
#1144=VERTEX_POINT('',#4162);
#1145=VERTEX_POINT('',#4168);
#1146=VERTEX_POINT('',#4185);
#1147=VERTEX_POINT('',#4191);
#1148=VERTEX_POINT('',#4208);
#1149=VERTEX_POINT('',#4214);
#1150=VERTEX_POINT('',#4231);
#1151=VERTEX_POINT('',#4237);
#1152=VERTEX_POINT('',#4275);
#1153=VERTEX_POINT('',#4276);
#1154=VERTEX_POINT('',#4282);
#1155=VERTEX_POINT('',#4284);
#1156=VERTEX_POINT('',#4301);
#1157=VERTEX_POINT('',#4307);
#1158=VERTEX_POINT('',#4324);
#1159=VERTEX_POINT('',#4330);
#1160=VERTEX_POINT('',#4338);
#1161=VERTEX_POINT('',#4340);
#1162=VERTEX_POINT('',#4344);
#1163=VERTEX_POINT('',#4346);
#1164=VERTEX_POINT('',#4350);
#1165=VERTEX_POINT('',#4352);
#1166=VERTEX_POINT('',#4365);
#1167=VERTEX_POINT('',#4371);
#1168=VERTEX_POINT('',#4388);
#1169=VERTEX_POINT('',#4394);
#1170=VERTEX_POINT('',#4431);
#1171=VERTEX_POINT('',#4432);
#1172=VERTEX_POINT('',#4438);
#1173=VERTEX_POINT('',#4440);
#1174=VERTEX_POINT('',#4457);
#1175=VERTEX_POINT('',#4463);
#1176=VERTEX_POINT('',#4480);
#1177=VERTEX_POINT('',#4486);
#1178=VERTEX_POINT('',#4503);
#1179=VERTEX_POINT('',#4509);
#1180=VERTEX_POINT('',#4526);
#1181=VERTEX_POINT('',#4532);
#1182=VERTEX_POINT('',#4549);
#1183=VERTEX_POINT('',#4555);
#1184=VERTEX_POINT('',#4572);
#1185=VERTEX_POINT('',#4578);
#1186=VERTEX_POINT('',#4586);
#1187=VERTEX_POINT('',#4588);
#1188=VERTEX_POINT('',#4601);
#1189=VERTEX_POINT('',#4607);
#1190=VERTEX_POINT('',#4624);
#1191=VERTEX_POINT('',#4630);
#1192=VERTEX_POINT('',#4638);
#1193=VERTEX_POINT('',#4640);
#1194=VERTEX_POINT('',#4653);
#1195=VERTEX_POINT('',#4659);
#1196=VERTEX_POINT('',#4676);
#1197=VERTEX_POINT('',#4682);
#1198=VERTEX_POINT('',#4699);
#1199=VERTEX_POINT('',#4705);
#1200=VERTEX_POINT('',#4722);
#1201=VERTEX_POINT('',#4728);
#1202=VERTEX_POINT('',#4745);
#1203=VERTEX_POINT('',#4751);
#1204=VERTEX_POINT('',#4768);
#1205=VERTEX_POINT('',#4774);
#1206=VERTEX_POINT('',#4803);
#1207=VERTEX_POINT('',#4804);
#1208=VERTEX_POINT('',#4806);
#1209=VERTEX_POINT('',#4820);
#1210=VERTEX_POINT('',#4822);
#1211=VERTEX_POINT('',#4835);
#1212=VERTEX_POINT('',#4837);
#1213=VERTEX_POINT('',#4853);
#1214=VERTEX_POINT('',#4871);
#1215=VERTEX_POINT('',#4873);
#1216=VERTEX_POINT('',#4928);
#1217=VERTEX_POINT('',#4944);
#1218=VERTEX_POINT('',#4995);
#1219=VERTEX_POINT('',#5010);
#1220=VERTEX_POINT('',#5073);
#1221=VERTEX_POINT('',#5091);
#1222=VERTEX_POINT('',#5209);
#1223=VERTEX_POINT('',#5211);
#1224=VERTEX_POINT('',#5213);
#1225=VERTEX_POINT('',#5238);
#1226=VERTEX_POINT('',#5281);
#1227=VERTEX_POINT('',#5283);
#1228=VERTEX_POINT('',#5308);
#1229=VERTEX_POINT('',#5313);
#1230=VERTEX_POINT('',#5336);
#1231=VERTEX_POINT('',#5338);
#1232=VERTEX_POINT('',#5362);
#1233=VERTEX_POINT('',#5364);
#1234=VERTEX_POINT('',#5366);
#1235=VERTEX_POINT('',#5368);
#1236=VERTEX_POINT('',#5370);
#1237=VERTEX_POINT('',#5372);
#1238=VERTEX_POINT('',#5374);
#1239=VERTEX_POINT('',#5376);
#1240=VERTEX_POINT('',#5378);
#1241=VERTEX_POINT('',#5380);
#1242=VERTEX_POINT('',#5383);
#1243=VERTEX_POINT('',#5385);
#1244=VERTEX_POINT('',#5387);
#1245=VERTEX_POINT('',#5389);
#1246=VERTEX_POINT('',#5477);
#1247=VERTEX_POINT('',#5479);
#1248=VERTEX_POINT('',#5483);
#1249=VERTEX_POINT('',#5486);
#1250=VERTEX_POINT('',#5490);
#1251=VERTEX_POINT('',#5491);
#1252=VERTEX_POINT('',#5493);
#1253=VERTEX_POINT('',#5495);
#1254=VERTEX_POINT('',#5499);
#1255=VERTEX_POINT('',#5501);
#1256=VERTEX_POINT('',#5505);
#1257=VERTEX_POINT('',#5507);
#1258=VERTEX_POINT('',#5511);
#1259=VERTEX_POINT('',#5513);
#1260=VERTEX_POINT('',#5517);
#1261=VERTEX_POINT('',#5519);
#1262=VERTEX_POINT('',#5528);
#1263=VERTEX_POINT('',#5530);
#1264=VERTEX_POINT('',#5534);
#1265=VERTEX_POINT('',#5537);
#1266=VERTEX_POINT('',#5541);
#1267=VERTEX_POINT('',#5542);
#1268=VERTEX_POINT('',#5544);
#1269=VERTEX_POINT('',#5546);
#1270=VERTEX_POINT('',#5550);
#1271=VERTEX_POINT('',#5552);
#1272=VERTEX_POINT('',#5556);
#1273=VERTEX_POINT('',#5558);
#1274=VERTEX_POINT('',#5562);
#1275=VERTEX_POINT('',#5564);
#1276=VERTEX_POINT('',#5568);
#1277=VERTEX_POINT('',#5570);
#1278=VERTEX_POINT('',#5579);
#1279=VERTEX_POINT('',#5581);
#1280=VERTEX_POINT('',#5585);
#1281=VERTEX_POINT('',#5588);
#1282=VERTEX_POINT('',#5592);
#1283=VERTEX_POINT('',#5593);
#1284=VERTEX_POINT('',#5595);
#1285=VERTEX_POINT('',#5597);
#1286=VERTEX_POINT('',#5601);
#1287=VERTEX_POINT('',#5603);
#1288=VERTEX_POINT('',#5607);
#1289=VERTEX_POINT('',#5609);
#1290=VERTEX_POINT('',#5613);
#1291=VERTEX_POINT('',#5615);
#1292=VERTEX_POINT('',#5619);
#1293=VERTEX_POINT('',#5621);
#1294=VERTEX_POINT('',#5630);
#1295=VERTEX_POINT('',#5632);
#1296=VERTEX_POINT('',#5636);
#1297=VERTEX_POINT('',#5639);
#1298=VERTEX_POINT('',#5643);
#1299=VERTEX_POINT('',#5644);
#1300=VERTEX_POINT('',#5646);
#1301=VERTEX_POINT('',#5648);
#1302=VERTEX_POINT('',#5652);
#1303=VERTEX_POINT('',#5654);
#1304=VERTEX_POINT('',#5658);
#1305=VERTEX_POINT('',#5660);
#1306=VERTEX_POINT('',#5664);
#1307=VERTEX_POINT('',#5666);
#1308=VERTEX_POINT('',#5670);
#1309=VERTEX_POINT('',#5672);
#1310=VERTEX_POINT('',#5681);
#1311=VERTEX_POINT('',#5682);
#1312=VERTEX_POINT('',#5687);
#1313=VERTEX_POINT('',#5691);
#1314=VERTEX_POINT('',#5697);
#1315=VERTEX_POINT('',#5701);
#1316=VERTEX_POINT('',#5702);
#1317=VERTEX_POINT('',#5707);
#1318=VERTEX_POINT('',#5708);
#1319=VERTEX_POINT('',#5715);
#1320=EDGE_CURVE('',#1060,#1061,#594,.T.);
#1321=EDGE_CURVE('',#1060,#1062,#595,.T.);
#1322=EDGE_CURVE('',#1062,#1063,#450,.T.);
#1323=EDGE_CURVE('',#1061,#1063,#596,.T.);
#1324=EDGE_CURVE('',#1064,#1060,#451,.T.);
#1325=EDGE_CURVE('',#1064,#1065,#597,.T.);
#1326=EDGE_CURVE('',#1065,#1062,#452,.T.);
#1327=EDGE_CURVE('',#1066,#1064,#453,.T.);
#1328=EDGE_CURVE('',#1066,#1067,#598,.T.);
#1329=EDGE_CURVE('',#1067,#1065,#454,.T.);
#1330=EDGE_CURVE('',#1068,#1066,#455,.T.);
#1331=EDGE_CURVE('',#1068,#1069,#599,.T.);
#1332=EDGE_CURVE('',#1069,#1067,#456,.T.);
#1333=EDGE_CURVE('',#1070,#1068,#457,.T.);
#1334=EDGE_CURVE('',#1070,#1071,#600,.T.);
#1335=EDGE_CURVE('',#1071,#1069,#458,.T.);
#1336=EDGE_CURVE('',#1072,#1070,#459,.T.);
#1337=EDGE_CURVE('',#1072,#1073,#601,.T.);
#1338=EDGE_CURVE('',#1073,#1071,#460,.T.);
#1339=EDGE_CURVE('',#1074,#1072,#602,.T.);
#1340=EDGE_CURVE('',#1074,#1075,#603,.T.);
#1341=EDGE_CURVE('',#1075,#1073,#461,.T.);
#1342=EDGE_CURVE('',#1076,#1074,#462,.T.);
#1343=EDGE_CURVE('',#1076,#1077,#604,.T.);
#1344=EDGE_CURVE('',#1077,#1075,#463,.T.);
#1345=EDGE_CURVE('',#1078,#1076,#464,.T.);
#1346=EDGE_CURVE('',#1078,#1079,#605,.T.);
#1347=EDGE_CURVE('',#1079,#1077,#465,.T.);
#1348=EDGE_CURVE('',#1080,#1078,#606,.T.);
#1349=EDGE_CURVE('',#1080,#1081,#607,.T.);
#1350=EDGE_CURVE('',#1081,#1079,#608,.T.);
#1351=EDGE_CURVE('',#1082,#1080,#466,.T.);
#1352=EDGE_CURVE('',#1082,#1083,#609,.T.);
#1353=EDGE_CURVE('',#1083,#1081,#467,.T.);
#1354=EDGE_CURVE('',#1084,#1082,#468,.T.);
#1355=EDGE_CURVE('',#1084,#1085,#610,.T.);
#1356=EDGE_CURVE('',#1085,#1083,#469,.T.);
#1357=EDGE_CURVE('',#1086,#1084,#470,.T.);
#1358=EDGE_CURVE('',#1086,#1087,#611,.T.);
#1359=EDGE_CURVE('',#1087,#1085,#471,.T.);
#1360=EDGE_CURVE('',#1088,#1086,#472,.T.);
#1361=EDGE_CURVE('',#1088,#1089,#612,.T.);
#1362=EDGE_CURVE('',#1089,#1087,#473,.T.);
#1363=EDGE_CURVE('',#1090,#1088,#474,.T.);
#1364=EDGE_CURVE('',#1090,#1091,#613,.T.);
#1365=EDGE_CURVE('',#1091,#1089,#475,.T.);
#1366=EDGE_CURVE('',#1092,#1090,#476,.T.);
#1367=EDGE_CURVE('',#1092,#1093,#614,.T.);
#1368=EDGE_CURVE('',#1093,#1091,#477,.T.);
#1369=EDGE_CURVE('',#1094,#1092,#478,.T.);
#1370=EDGE_CURVE('',#1094,#1095,#615,.T.);
#1371=EDGE_CURVE('',#1095,#1093,#479,.T.);
#1372=EDGE_CURVE('',#1061,#1094,#480,.T.);
#1373=EDGE_CURVE('',#1063,#1095,#481,.T.);
#1374=EDGE_CURVE('',#1096,#1097,#482,.T.);
#1375=EDGE_CURVE('',#1096,#1098,#616,.T.);
#1376=EDGE_CURVE('',#1098,#1099,#483,.T.);
#1377=EDGE_CURVE('',#1097,#1099,#617,.T.);
#1378=EDGE_CURVE('',#1100,#1096,#484,.T.);
#1379=EDGE_CURVE('',#1100,#1101,#618,.T.);
#1380=EDGE_CURVE('',#1101,#1098,#485,.T.);
#1381=EDGE_CURVE('',#1102,#1100,#486,.T.);
#1382=EDGE_CURVE('',#1102,#1103,#619,.T.);
#1383=EDGE_CURVE('',#1103,#1101,#487,.T.);
#1384=EDGE_CURVE('',#1104,#1102,#488,.T.);
#1385=EDGE_CURVE('',#1104,#1105,#620,.T.);
#1386=EDGE_CURVE('',#1105,#1103,#489,.T.);
#1387=EDGE_CURVE('',#1106,#1104,#490,.T.);
#1388=EDGE_CURVE('',#1106,#1107,#621,.T.);
#1389=EDGE_CURVE('',#1107,#1105,#491,.T.);
#1390=EDGE_CURVE('',#1108,#1106,#492,.T.);
#1391=EDGE_CURVE('',#1108,#1109,#622,.T.);
#1392=EDGE_CURVE('',#1109,#1107,#493,.T.);
#1393=EDGE_CURVE('',#1110,#1108,#494,.T.);
#1394=EDGE_CURVE('',#1110,#1111,#623,.T.);
#1395=EDGE_CURVE('',#1111,#1109,#495,.T.);
#1396=EDGE_CURVE('',#1112,#1110,#496,.T.);
#1397=EDGE_CURVE('',#1112,#1113,#624,.T.);
#1398=EDGE_CURVE('',#1113,#1111,#497,.T.);
#1399=EDGE_CURVE('',#1114,#1112,#498,.T.);
#1400=EDGE_CURVE('',#1114,#1115,#625,.T.);
#1401=EDGE_CURVE('',#1115,#1113,#499,.T.);
#1402=EDGE_CURVE('',#1116,#1114,#500,.T.);
#1403=EDGE_CURVE('',#1116,#1117,#626,.T.);
#1404=EDGE_CURVE('',#1117,#1115,#501,.T.);
#1405=EDGE_CURVE('',#1118,#1116,#502,.T.);
#1406=EDGE_CURVE('',#1118,#1119,#627,.T.);
#1407=EDGE_CURVE('',#1119,#1117,#503,.T.);
#1408=EDGE_CURVE('',#1120,#1118,#504,.T.);
#1409=EDGE_CURVE('',#1120,#1121,#628,.T.);
#1410=EDGE_CURVE('',#1121,#1119,#505,.T.);
#1411=EDGE_CURVE('',#1122,#1120,#506,.T.);
#1412=EDGE_CURVE('',#1122,#1123,#629,.T.);
#1413=EDGE_CURVE('',#1123,#1121,#507,.T.);
#1414=EDGE_CURVE('',#1124,#1122,#508,.T.);
#1415=EDGE_CURVE('',#1124,#1125,#630,.T.);
#1416=EDGE_CURVE('',#1125,#1123,#509,.T.);
#1417=EDGE_CURVE('',#1126,#1124,#510,.T.);
#1418=EDGE_CURVE('',#1126,#1127,#631,.T.);
#1419=EDGE_CURVE('',#1127,#1125,#511,.T.);
#1420=EDGE_CURVE('',#1128,#1126,#512,.T.);
#1421=EDGE_CURVE('',#1128,#1129,#632,.T.);
#1422=EDGE_CURVE('',#1129,#1127,#513,.T.);
#1423=EDGE_CURVE('',#1130,#1128,#514,.T.);
#1424=EDGE_CURVE('',#1130,#1131,#633,.T.);
#1425=EDGE_CURVE('',#1131,#1129,#515,.T.);
#1426=EDGE_CURVE('',#1132,#1130,#516,.T.);
#1427=EDGE_CURVE('',#1132,#1133,#634,.T.);
#1428=EDGE_CURVE('',#1133,#1131,#517,.T.);
#1429=EDGE_CURVE('',#1134,#1132,#518,.T.);
#1430=EDGE_CURVE('',#1134,#1135,#635,.T.);
#1431=EDGE_CURVE('',#1135,#1133,#519,.T.);
#1432=EDGE_CURVE('',#1136,#1134,#520,.T.);
#1433=EDGE_CURVE('',#1136,#1137,#636,.T.);
#1434=EDGE_CURVE('',#1137,#1135,#521,.T.);
#1435=EDGE_CURVE('',#1138,#1136,#522,.T.);
#1436=EDGE_CURVE('',#1138,#1139,#637,.T.);
#1437=EDGE_CURVE('',#1139,#1137,#523,.T.);
#1438=EDGE_CURVE('',#1140,#1138,#524,.T.);
#1439=EDGE_CURVE('',#1140,#1141,#638,.T.);
#1440=EDGE_CURVE('',#1141,#1139,#525,.T.);
#1441=EDGE_CURVE('',#1142,#1140,#526,.T.);
#1442=EDGE_CURVE('',#1142,#1143,#639,.T.);
#1443=EDGE_CURVE('',#1143,#1141,#527,.T.);
#1444=EDGE_CURVE('',#1144,#1142,#528,.T.);
#1445=EDGE_CURVE('',#1144,#1145,#640,.T.);
#1446=EDGE_CURVE('',#1145,#1143,#529,.T.);
#1447=EDGE_CURVE('',#1146,#1144,#530,.T.);
#1448=EDGE_CURVE('',#1146,#1147,#641,.T.);
#1449=EDGE_CURVE('',#1147,#1145,#531,.T.);
#1450=EDGE_CURVE('',#1148,#1146,#532,.T.);
#1451=EDGE_CURVE('',#1148,#1149,#642,.T.);
#1452=EDGE_CURVE('',#1149,#1147,#533,.T.);
#1453=EDGE_CURVE('',#1150,#1148,#534,.T.);
#1454=EDGE_CURVE('',#1150,#1151,#643,.T.);
#1455=EDGE_CURVE('',#1151,#1149,#535,.T.);
#1456=EDGE_CURVE('',#1097,#1150,#536,.T.);
#1457=EDGE_CURVE('',#1099,#1151,#537,.T.);
#1458=EDGE_CURVE('',#1152,#1153,#538,.T.);
#1459=EDGE_CURVE('',#1152,#1154,#644,.T.);
#1460=EDGE_CURVE('',#1154,#1155,#539,.T.);
#1461=EDGE_CURVE('',#1153,#1155,#645,.T.);
#1462=EDGE_CURVE('',#1156,#1152,#540,.T.);
#1463=EDGE_CURVE('',#1156,#1157,#646,.T.);
#1464=EDGE_CURVE('',#1157,#1154,#541,.T.);
#1465=EDGE_CURVE('',#1158,#1156,#542,.T.);
#1466=EDGE_CURVE('',#1158,#1159,#647,.T.);
#1467=EDGE_CURVE('',#1159,#1157,#543,.T.);
#1468=EDGE_CURVE('',#1160,#1158,#648,.T.);
#1469=EDGE_CURVE('',#1160,#1161,#649,.T.);
#1470=EDGE_CURVE('',#1161,#1159,#650,.T.);
#1471=EDGE_CURVE('',#1162,#1160,#651,.T.);
#1472=EDGE_CURVE('',#1162,#1163,#652,.T.);
#1473=EDGE_CURVE('',#1163,#1161,#653,.T.);
#1474=EDGE_CURVE('',#1164,#1162,#654,.T.);
#1475=EDGE_CURVE('',#1164,#1165,#655,.T.);
#1476=EDGE_CURVE('',#1165,#1163,#656,.T.);
#1477=EDGE_CURVE('',#1166,#1164,#544,.T.);
#1478=EDGE_CURVE('',#1166,#1167,#657,.T.);
#1479=EDGE_CURVE('',#1167,#1165,#545,.T.);
#1480=EDGE_CURVE('',#1168,#1166,#546,.T.);
#1481=EDGE_CURVE('',#1168,#1169,#658,.T.);
#1482=EDGE_CURVE('',#1169,#1167,#547,.T.);
#1483=EDGE_CURVE('',#1153,#1168,#548,.T.);
#1484=EDGE_CURVE('',#1155,#1169,#549,.T.);
#1485=EDGE_CURVE('',#1170,#1171,#550,.T.);
#1486=EDGE_CURVE('',#1170,#1172,#659,.T.);
#1487=EDGE_CURVE('',#1172,#1173,#551,.T.);
#1488=EDGE_CURVE('',#1171,#1173,#660,.T.);
#1489=EDGE_CURVE('',#1174,#1170,#552,.T.);
#1490=EDGE_CURVE('',#1174,#1175,#661,.T.);
#1491=EDGE_CURVE('',#1175,#1172,#553,.T.);
#1492=EDGE_CURVE('',#1176,#1174,#554,.T.);
#1493=EDGE_CURVE('',#1176,#1177,#662,.T.);
#1494=EDGE_CURVE('',#1177,#1175,#555,.T.);
#1495=EDGE_CURVE('',#1178,#1176,#556,.T.);
#1496=EDGE_CURVE('',#1178,#1179,#663,.T.);
#1497=EDGE_CURVE('',#1179,#1177,#557,.T.);
#1498=EDGE_CURVE('',#1180,#1178,#558,.T.);
#1499=EDGE_CURVE('',#1180,#1181,#664,.T.);
#1500=EDGE_CURVE('',#1181,#1179,#559,.T.);
#1501=EDGE_CURVE('',#1182,#1180,#560,.T.);
#1502=EDGE_CURVE('',#1182,#1183,#665,.T.);
#1503=EDGE_CURVE('',#1183,#1181,#561,.T.);
#1504=EDGE_CURVE('',#1184,#1182,#562,.T.);
#1505=EDGE_CURVE('',#1184,#1185,#666,.T.);
#1506=EDGE_CURVE('',#1185,#1183,#563,.T.);
#1507=EDGE_CURVE('',#1186,#1184,#667,.T.);
#1508=EDGE_CURVE('',#1186,#1187,#668,.T.);
#1509=EDGE_CURVE('',#1187,#1185,#669,.T.);
#1510=EDGE_CURVE('',#1188,#1186,#564,.T.);
#1511=EDGE_CURVE('',#1188,#1189,#670,.T.);
#1512=EDGE_CURVE('',#1189,#1187,#565,.T.);
#1513=EDGE_CURVE('',#1190,#1188,#566,.T.);
#1514=EDGE_CURVE('',#1190,#1191,#671,.T.);
#1515=EDGE_CURVE('',#1191,#1189,#567,.T.);
#1516=EDGE_CURVE('',#1192,#1190,#672,.T.);
#1517=EDGE_CURVE('',#1192,#1193,#673,.T.);
#1518=EDGE_CURVE('',#1193,#1191,#674,.T.);
#1519=EDGE_CURVE('',#1194,#1192,#568,.T.);
#1520=EDGE_CURVE('',#1194,#1195,#675,.T.);
#1521=EDGE_CURVE('',#1195,#1193,#569,.T.);
#1522=EDGE_CURVE('',#1196,#1194,#570,.T.);
#1523=EDGE_CURVE('',#1196,#1197,#676,.T.);
#1524=EDGE_CURVE('',#1197,#1195,#571,.T.);
#1525=EDGE_CURVE('',#1198,#1196,#572,.T.);
#1526=EDGE_CURVE('',#1198,#1199,#677,.T.);
#1527=EDGE_CURVE('',#1199,#1197,#573,.T.);
#1528=EDGE_CURVE('',#1200,#1198,#574,.T.);
#1529=EDGE_CURVE('',#1200,#1201,#678,.T.);
#1530=EDGE_CURVE('',#1201,#1199,#575,.T.);
#1531=EDGE_CURVE('',#1202,#1200,#576,.T.);
#1532=EDGE_CURVE('',#1202,#1203,#679,.T.);
#1533=EDGE_CURVE('',#1203,#1201,#577,.T.);
#1534=EDGE_CURVE('',#1204,#1202,#578,.T.);
#1535=EDGE_CURVE('',#1204,#1205,#680,.T.);
#1536=EDGE_CURVE('',#1205,#1203,#579,.T.);
#1537=EDGE_CURVE('',#1171,#1204,#580,.T.);
#1538=EDGE_CURVE('',#1173,#1205,#581,.T.);
#1539=EDGE_CURVE('',#1206,#1207,#681,.T.);
#1540=EDGE_CURVE('',#1208,#1206,#582,.T.);
#1541=EDGE_CURVE('',#1209,#1208,#682,.T.);
#1542=EDGE_CURVE('',#1210,#1209,#583,.T.);
#1543=EDGE_CURVE('',#1211,#1210,#683,.T.);
#1544=EDGE_CURVE('',#1212,#1211,#584,.T.);
#1545=EDGE_CURVE('',#1213,#1212,#684,.T.);
#1546=EDGE_CURVE('',#1207,#1213,#585,.T.);
#1547=EDGE_CURVE('',#1214,#1206,#685,.T.);
#1548=EDGE_CURVE('',#1207,#1215,#686,.T.);
#1549=EDGE_CURVE('',#1215,#1214,#687,.T.);
#1550=EDGE_CURVE('',#1214,#1216,#586,.T.);
#1551=EDGE_CURVE('',#1216,#1208,#688,.T.);
#1552=EDGE_CURVE('',#1217,#1209,#689,.T.);
#1553=EDGE_CURVE('',#1216,#1217,#690,.T.);
#1554=EDGE_CURVE('',#1217,#1218,#587,.T.);
#1555=EDGE_CURVE('',#1218,#1210,#691,.T.);
#1556=EDGE_CURVE('',#1219,#1211,#692,.T.);
#1557=EDGE_CURVE('',#1218,#1219,#693,.T.);
#1558=EDGE_CURVE('',#1219,#1220,#588,.T.);
#1559=EDGE_CURVE('',#1220,#1212,#694,.T.);
#1560=EDGE_CURVE('',#1221,#1213,#695,.T.);
#1561=EDGE_CURVE('',#1220,#1221,#696,.T.);
#1562=EDGE_CURVE('',#1221,#1215,#589,.T.);
#1563=EDGE_CURVE('',#1217,#1222,#697,.T.);
#1564=EDGE_CURVE('',#1222,#1223,#698,.T.);
#1565=EDGE_CURVE('',#1223,#1224,#590,.T.);
#1566=EDGE_CURVE('',#1224,#1218,#699,.T.);
#1567=EDGE_CURVE('',#1225,#1216,#700,.T.);
#1568=EDGE_CURVE('',#1222,#1225,#701,.T.);
#1569=EDGE_CURVE('',#1214,#1226,#702,.T.);
#1570=EDGE_CURVE('',#1226,#1227,#591,.T.);
#1571=EDGE_CURVE('',#1225,#1227,#703,.T.);
#1572=EDGE_CURVE('',#1228,#1215,#704,.T.);
#1573=EDGE_CURVE('',#1226,#1228,#705,.T.);
#1574=EDGE_CURVE('',#1229,#1228,#592,.T.);
#1575=EDGE_CURVE('',#1229,#1230,#706,.T.);
#1576=EDGE_CURVE('',#1231,#1230,#593,.T.);
#1577=EDGE_CURVE('',#1231,#1224,#707,.T.);
#1578=EDGE_CURVE('',#1223,#1232,#708,.T.);
#1579=EDGE_CURVE('',#1232,#1233,#709,.T.);
#1580=EDGE_CURVE('',#1233,#1234,#710,.T.);
#1581=EDGE_CURVE('',#1234,#1235,#711,.T.);
#1582=EDGE_CURVE('',#1235,#1236,#712,.F.);
#1583=EDGE_CURVE('',#1236,#1237,#713,.F.);
#1584=EDGE_CURVE('',#1237,#1238,#714,.F.);
#1585=EDGE_CURVE('',#1238,#1239,#715,.T.);
#1586=EDGE_CURVE('',#1239,#1240,#716,.T.);
#1587=EDGE_CURVE('',#1240,#1241,#717,.T.);
#1588=EDGE_CURVE('',#1241,#1227,#718,.T.);
#1589=EDGE_CURVE('',#1242,#1242,#27,.T.);
#1590=EDGE_CURVE('',#1243,#1243,#28,.T.);
#1591=EDGE_CURVE('',#1244,#1244,#29,.T.);
#1592=EDGE_CURVE('',#1245,#1245,#30,.T.);
#1593=EDGE_CURVE('',#1219,#1231,#719,.T.);
#1594=EDGE_CURVE('',#1230,#1220,#720,.T.);
#1595=EDGE_CURVE('',#1221,#1229,#721,.T.);
#1596=EDGE_CURVE('',#1246,#1246,#31,.T.);
#1597=EDGE_CURVE('',#1246,#1247,#722,.T.);
#1598=EDGE_CURVE('',#1247,#1247,#32,.T.);
#1599=EDGE_CURVE('',#1247,#1248,#723,.T.);
#1600=EDGE_CURVE('',#1242,#1249,#724,.T.);
#1601=EDGE_CURVE('',#1249,#1249,#33,.T.);
#1602=EDGE_CURVE('',#1250,#1251,#725,.T.);
#1603=EDGE_CURVE('',#1250,#1252,#726,.T.);
#1604=EDGE_CURVE('',#1252,#1253,#727,.T.);
#1605=EDGE_CURVE('',#1251,#1253,#728,.T.);
#1606=EDGE_CURVE('',#1254,#1250,#729,.T.);
#1607=EDGE_CURVE('',#1254,#1255,#730,.T.);
#1608=EDGE_CURVE('',#1255,#1252,#731,.T.);
#1609=EDGE_CURVE('',#1256,#1254,#732,.T.);
#1610=EDGE_CURVE('',#1256,#1257,#733,.T.);
#1611=EDGE_CURVE('',#1257,#1255,#734,.T.);
#1612=EDGE_CURVE('',#1258,#1256,#735,.T.);
#1613=EDGE_CURVE('',#1258,#1259,#736,.T.);
#1614=EDGE_CURVE('',#1259,#1257,#737,.T.);
#1615=EDGE_CURVE('',#1260,#1258,#738,.T.);
#1616=EDGE_CURVE('',#1260,#1261,#739,.T.);
#1617=EDGE_CURVE('',#1261,#1259,#740,.T.);
#1618=EDGE_CURVE('',#1251,#1260,#741,.T.);
#1619=EDGE_CURVE('',#1253,#1261,#742,.T.);
#1620=EDGE_CURVE('',#1262,#1262,#34,.T.);
#1621=EDGE_CURVE('',#1262,#1263,#743,.T.);
#1622=EDGE_CURVE('',#1263,#1263,#35,.T.);
#1623=EDGE_CURVE('',#1263,#1264,#744,.T.);
#1624=EDGE_CURVE('',#1243,#1265,#745,.T.);
#1625=EDGE_CURVE('',#1265,#1265,#36,.T.);
#1626=EDGE_CURVE('',#1266,#1267,#746,.T.);
#1627=EDGE_CURVE('',#1267,#1268,#747,.T.);
#1628=EDGE_CURVE('',#1269,#1268,#748,.T.);
#1629=EDGE_CURVE('',#1266,#1269,#749,.T.);
#1630=EDGE_CURVE('',#1270,#1266,#750,.T.);
#1631=EDGE_CURVE('',#1271,#1269,#751,.T.);
#1632=EDGE_CURVE('',#1270,#1271,#752,.T.);
#1633=EDGE_CURVE('',#1272,#1270,#753,.T.);
#1634=EDGE_CURVE('',#1273,#1271,#754,.T.);
#1635=EDGE_CURVE('',#1272,#1273,#755,.T.);
#1636=EDGE_CURVE('',#1274,#1272,#756,.T.);
#1637=EDGE_CURVE('',#1275,#1273,#757,.T.);
#1638=EDGE_CURVE('',#1274,#1275,#758,.T.);
#1639=EDGE_CURVE('',#1276,#1274,#759,.T.);
#1640=EDGE_CURVE('',#1277,#1275,#760,.T.);
#1641=EDGE_CURVE('',#1276,#1277,#761,.T.);
#1642=EDGE_CURVE('',#1267,#1276,#762,.T.);
#1643=EDGE_CURVE('',#1268,#1277,#763,.T.);
#1644=EDGE_CURVE('',#1278,#1278,#37,.T.);
#1645=EDGE_CURVE('',#1278,#1279,#764,.T.);
#1646=EDGE_CURVE('',#1279,#1279,#38,.T.);
#1647=EDGE_CURVE('',#1279,#1280,#765,.T.);
#1648=EDGE_CURVE('',#1244,#1281,#766,.T.);
#1649=EDGE_CURVE('',#1281,#1281,#39,.T.);
#1650=EDGE_CURVE('',#1282,#1283,#767,.T.);
#1651=EDGE_CURVE('',#1283,#1284,#768,.T.);
#1652=EDGE_CURVE('',#1285,#1284,#769,.T.);
#1653=EDGE_CURVE('',#1282,#1285,#770,.T.);
#1654=EDGE_CURVE('',#1286,#1282,#771,.T.);
#1655=EDGE_CURVE('',#1287,#1285,#772,.T.);
#1656=EDGE_CURVE('',#1286,#1287,#773,.T.);
#1657=EDGE_CURVE('',#1288,#1286,#774,.T.);
#1658=EDGE_CURVE('',#1289,#1287,#775,.T.);
#1659=EDGE_CURVE('',#1288,#1289,#776,.T.);
#1660=EDGE_CURVE('',#1290,#1288,#777,.T.);
#1661=EDGE_CURVE('',#1291,#1289,#778,.T.);
#1662=EDGE_CURVE('',#1290,#1291,#779,.T.);
#1663=EDGE_CURVE('',#1292,#1290,#780,.T.);
#1664=EDGE_CURVE('',#1293,#1291,#781,.T.);
#1665=EDGE_CURVE('',#1292,#1293,#782,.T.);
#1666=EDGE_CURVE('',#1283,#1292,#783,.T.);
#1667=EDGE_CURVE('',#1284,#1293,#784,.T.);
#1668=EDGE_CURVE('',#1294,#1294,#40,.T.);
#1669=EDGE_CURVE('',#1294,#1295,#785,.T.);
#1670=EDGE_CURVE('',#1295,#1295,#41,.T.);
#1671=EDGE_CURVE('',#1295,#1296,#786,.T.);
#1672=EDGE_CURVE('',#1245,#1297,#787,.T.);
#1673=EDGE_CURVE('',#1297,#1297,#42,.T.);
#1674=EDGE_CURVE('',#1298,#1299,#788,.T.);
#1675=EDGE_CURVE('',#1298,#1300,#789,.T.);
#1676=EDGE_CURVE('',#1300,#1301,#790,.T.);
#1677=EDGE_CURVE('',#1299,#1301,#791,.T.);
#1678=EDGE_CURVE('',#1302,#1298,#792,.T.);
#1679=EDGE_CURVE('',#1302,#1303,#793,.T.);
#1680=EDGE_CURVE('',#1303,#1300,#794,.T.);
#1681=EDGE_CURVE('',#1304,#1302,#795,.T.);
#1682=EDGE_CURVE('',#1304,#1305,#796,.T.);
#1683=EDGE_CURVE('',#1305,#1303,#797,.T.);
#1684=EDGE_CURVE('',#1306,#1304,#798,.T.);
#1685=EDGE_CURVE('',#1306,#1307,#799,.T.);
#1686=EDGE_CURVE('',#1307,#1305,#800,.T.);
#1687=EDGE_CURVE('',#1308,#1306,#801,.T.);
#1688=EDGE_CURVE('',#1308,#1309,#802,.T.);
#1689=EDGE_CURVE('',#1309,#1307,#803,.T.);
#1690=EDGE_CURVE('',#1299,#1308,#804,.T.);
#1691=EDGE_CURVE('',#1301,#1309,#805,.T.);
#1692=EDGE_CURVE('',#1310,#1311,#806,.T.);
#1693=EDGE_CURVE('',#1235,#1311,#807,.F.);
#1694=EDGE_CURVE('',#1234,#1310,#808,.T.);
#1695=EDGE_CURVE('',#1312,#1310,#809,.T.);
#1696=EDGE_CURVE('',#1233,#1312,#810,.T.);
#1697=EDGE_CURVE('',#1313,#1312,#811,.T.);
#1698=EDGE_CURVE('',#1313,#1232,#812,.T.);
#1699=EDGE_CURVE('',#1313,#1222,#813,.T.);
#1700=EDGE_CURVE('',#1314,#1311,#814,.T.);
#1701=EDGE_CURVE('',#1314,#1236,#815,.T.);
#1702=EDGE_CURVE('',#1315,#1316,#816,.T.);
#1703=EDGE_CURVE('',#1239,#1316,#817,.T.);
#1704=EDGE_CURVE('',#1315,#1238,#818,.F.);
#1705=EDGE_CURVE('',#1317,#1318,#819,.T.);
#1706=EDGE_CURVE('',#1241,#1318,#820,.T.);
#1707=EDGE_CURVE('',#1240,#1317,#821,.T.);
#1708=EDGE_CURVE('',#1316,#1317,#822,.T.);
#1709=EDGE_CURVE('',#1319,#1237,#823,.T.);
#1710=EDGE_CURVE('',#1315,#1319,#824,.T.);
#1711=EDGE_CURVE('',#1225,#1318,#825,.T.);
#1712=EDGE_CURVE('',#1319,#1314,#826,.T.);
#1713=ORIENTED_EDGE('',*,*,#1320,.F.);
#1714=ORIENTED_EDGE('',*,*,#1321,.T.);
#1715=ORIENTED_EDGE('',*,*,#1322,.T.);
#1716=ORIENTED_EDGE('',*,*,#1323,.F.);
#1717=ORIENTED_EDGE('',*,*,#1324,.F.);
#1718=ORIENTED_EDGE('',*,*,#1325,.T.);
#1719=ORIENTED_EDGE('',*,*,#1326,.T.);
#1720=ORIENTED_EDGE('',*,*,#1321,.F.);
#1721=ORIENTED_EDGE('',*,*,#1327,.F.);
#1722=ORIENTED_EDGE('',*,*,#1328,.T.);
#1723=ORIENTED_EDGE('',*,*,#1329,.T.);
#1724=ORIENTED_EDGE('',*,*,#1325,.F.);
#1725=ORIENTED_EDGE('',*,*,#1330,.F.);
#1726=ORIENTED_EDGE('',*,*,#1331,.T.);
#1727=ORIENTED_EDGE('',*,*,#1332,.T.);
#1728=ORIENTED_EDGE('',*,*,#1328,.F.);
#1729=ORIENTED_EDGE('',*,*,#1333,.F.);
#1730=ORIENTED_EDGE('',*,*,#1334,.T.);
#1731=ORIENTED_EDGE('',*,*,#1335,.T.);
#1732=ORIENTED_EDGE('',*,*,#1331,.F.);
#1733=ORIENTED_EDGE('',*,*,#1336,.F.);
#1734=ORIENTED_EDGE('',*,*,#1337,.T.);
#1735=ORIENTED_EDGE('',*,*,#1338,.T.);
#1736=ORIENTED_EDGE('',*,*,#1334,.F.);
#1737=ORIENTED_EDGE('',*,*,#1339,.F.);
#1738=ORIENTED_EDGE('',*,*,#1340,.T.);
#1739=ORIENTED_EDGE('',*,*,#1341,.T.);
#1740=ORIENTED_EDGE('',*,*,#1337,.F.);
#1741=ORIENTED_EDGE('',*,*,#1342,.F.);
#1742=ORIENTED_EDGE('',*,*,#1343,.T.);
#1743=ORIENTED_EDGE('',*,*,#1344,.T.);
#1744=ORIENTED_EDGE('',*,*,#1340,.F.);
#1745=ORIENTED_EDGE('',*,*,#1345,.F.);
#1746=ORIENTED_EDGE('',*,*,#1346,.T.);
#1747=ORIENTED_EDGE('',*,*,#1347,.T.);
#1748=ORIENTED_EDGE('',*,*,#1343,.F.);
#1749=ORIENTED_EDGE('',*,*,#1348,.F.);
#1750=ORIENTED_EDGE('',*,*,#1349,.T.);
#1751=ORIENTED_EDGE('',*,*,#1350,.T.);
#1752=ORIENTED_EDGE('',*,*,#1346,.F.);
#1753=ORIENTED_EDGE('',*,*,#1351,.F.);
#1754=ORIENTED_EDGE('',*,*,#1352,.T.);
#1755=ORIENTED_EDGE('',*,*,#1353,.T.);
#1756=ORIENTED_EDGE('',*,*,#1349,.F.);
#1757=ORIENTED_EDGE('',*,*,#1354,.F.);
#1758=ORIENTED_EDGE('',*,*,#1355,.T.);
#1759=ORIENTED_EDGE('',*,*,#1356,.T.);
#1760=ORIENTED_EDGE('',*,*,#1352,.F.);
#1761=ORIENTED_EDGE('',*,*,#1357,.F.);
#1762=ORIENTED_EDGE('',*,*,#1358,.T.);
#1763=ORIENTED_EDGE('',*,*,#1359,.T.);
#1764=ORIENTED_EDGE('',*,*,#1355,.F.);
#1765=ORIENTED_EDGE('',*,*,#1360,.F.);
#1766=ORIENTED_EDGE('',*,*,#1361,.T.);
#1767=ORIENTED_EDGE('',*,*,#1362,.T.);
#1768=ORIENTED_EDGE('',*,*,#1358,.F.);
#1769=ORIENTED_EDGE('',*,*,#1363,.F.);
#1770=ORIENTED_EDGE('',*,*,#1364,.T.);
#1771=ORIENTED_EDGE('',*,*,#1365,.T.);
#1772=ORIENTED_EDGE('',*,*,#1361,.F.);
#1773=ORIENTED_EDGE('',*,*,#1366,.F.);
#1774=ORIENTED_EDGE('',*,*,#1367,.T.);
#1775=ORIENTED_EDGE('',*,*,#1368,.T.);
#1776=ORIENTED_EDGE('',*,*,#1364,.F.);
#1777=ORIENTED_EDGE('',*,*,#1369,.F.);
#1778=ORIENTED_EDGE('',*,*,#1370,.T.);
#1779=ORIENTED_EDGE('',*,*,#1371,.T.);
#1780=ORIENTED_EDGE('',*,*,#1367,.F.);
#1781=ORIENTED_EDGE('',*,*,#1372,.F.);
#1782=ORIENTED_EDGE('',*,*,#1323,.T.);
#1783=ORIENTED_EDGE('',*,*,#1373,.T.);
#1784=ORIENTED_EDGE('',*,*,#1370,.F.);
#1785=ORIENTED_EDGE('',*,*,#1373,.F.);
#1786=ORIENTED_EDGE('',*,*,#1322,.F.);
#1787=ORIENTED_EDGE('',*,*,#1326,.F.);
#1788=ORIENTED_EDGE('',*,*,#1329,.F.);
#1789=ORIENTED_EDGE('',*,*,#1332,.F.);
#1790=ORIENTED_EDGE('',*,*,#1335,.F.);
#1791=ORIENTED_EDGE('',*,*,#1338,.F.);
#1792=ORIENTED_EDGE('',*,*,#1341,.F.);
#1793=ORIENTED_EDGE('',*,*,#1344,.F.);
#1794=ORIENTED_EDGE('',*,*,#1347,.F.);
#1795=ORIENTED_EDGE('',*,*,#1350,.F.);
#1796=ORIENTED_EDGE('',*,*,#1353,.F.);
#1797=ORIENTED_EDGE('',*,*,#1356,.F.);
#1798=ORIENTED_EDGE('',*,*,#1359,.F.);
#1799=ORIENTED_EDGE('',*,*,#1362,.F.);
#1800=ORIENTED_EDGE('',*,*,#1365,.F.);
#1801=ORIENTED_EDGE('',*,*,#1368,.F.);
#1802=ORIENTED_EDGE('',*,*,#1371,.F.);
#1803=ORIENTED_EDGE('',*,*,#1374,.F.);
#1804=ORIENTED_EDGE('',*,*,#1375,.T.);
#1805=ORIENTED_EDGE('',*,*,#1376,.T.);
#1806=ORIENTED_EDGE('',*,*,#1377,.F.);
#1807=ORIENTED_EDGE('',*,*,#1378,.F.);
#1808=ORIENTED_EDGE('',*,*,#1379,.T.);
#1809=ORIENTED_EDGE('',*,*,#1380,.T.);
#1810=ORIENTED_EDGE('',*,*,#1375,.F.);
#1811=ORIENTED_EDGE('',*,*,#1381,.F.);
#1812=ORIENTED_EDGE('',*,*,#1382,.T.);
#1813=ORIENTED_EDGE('',*,*,#1383,.T.);
#1814=ORIENTED_EDGE('',*,*,#1379,.F.);
#1815=ORIENTED_EDGE('',*,*,#1384,.F.);
#1816=ORIENTED_EDGE('',*,*,#1385,.T.);
#1817=ORIENTED_EDGE('',*,*,#1386,.T.);
#1818=ORIENTED_EDGE('',*,*,#1382,.F.);
#1819=ORIENTED_EDGE('',*,*,#1387,.F.);
#1820=ORIENTED_EDGE('',*,*,#1388,.T.);
#1821=ORIENTED_EDGE('',*,*,#1389,.T.);
#1822=ORIENTED_EDGE('',*,*,#1385,.F.);
#1823=ORIENTED_EDGE('',*,*,#1390,.F.);
#1824=ORIENTED_EDGE('',*,*,#1391,.T.);
#1825=ORIENTED_EDGE('',*,*,#1392,.T.);
#1826=ORIENTED_EDGE('',*,*,#1388,.F.);
#1827=ORIENTED_EDGE('',*,*,#1393,.F.);
#1828=ORIENTED_EDGE('',*,*,#1394,.T.);
#1829=ORIENTED_EDGE('',*,*,#1395,.T.);
#1830=ORIENTED_EDGE('',*,*,#1391,.F.);
#1831=ORIENTED_EDGE('',*,*,#1396,.F.);
#1832=ORIENTED_EDGE('',*,*,#1397,.T.);
#1833=ORIENTED_EDGE('',*,*,#1398,.T.);
#1834=ORIENTED_EDGE('',*,*,#1394,.F.);
#1835=ORIENTED_EDGE('',*,*,#1399,.F.);
#1836=ORIENTED_EDGE('',*,*,#1400,.T.);
#1837=ORIENTED_EDGE('',*,*,#1401,.T.);
#1838=ORIENTED_EDGE('',*,*,#1397,.F.);
#1839=ORIENTED_EDGE('',*,*,#1402,.F.);
#1840=ORIENTED_EDGE('',*,*,#1403,.T.);
#1841=ORIENTED_EDGE('',*,*,#1404,.T.);
#1842=ORIENTED_EDGE('',*,*,#1400,.F.);
#1843=ORIENTED_EDGE('',*,*,#1405,.F.);
#1844=ORIENTED_EDGE('',*,*,#1406,.T.);
#1845=ORIENTED_EDGE('',*,*,#1407,.T.);
#1846=ORIENTED_EDGE('',*,*,#1403,.F.);
#1847=ORIENTED_EDGE('',*,*,#1408,.F.);
#1848=ORIENTED_EDGE('',*,*,#1409,.T.);
#1849=ORIENTED_EDGE('',*,*,#1410,.T.);
#1850=ORIENTED_EDGE('',*,*,#1406,.F.);
#1851=ORIENTED_EDGE('',*,*,#1411,.F.);
#1852=ORIENTED_EDGE('',*,*,#1412,.T.);
#1853=ORIENTED_EDGE('',*,*,#1413,.T.);
#1854=ORIENTED_EDGE('',*,*,#1409,.F.);
#1855=ORIENTED_EDGE('',*,*,#1414,.F.);
#1856=ORIENTED_EDGE('',*,*,#1415,.T.);
#1857=ORIENTED_EDGE('',*,*,#1416,.T.);
#1858=ORIENTED_EDGE('',*,*,#1412,.F.);
#1859=ORIENTED_EDGE('',*,*,#1417,.F.);
#1860=ORIENTED_EDGE('',*,*,#1418,.T.);
#1861=ORIENTED_EDGE('',*,*,#1419,.T.);
#1862=ORIENTED_EDGE('',*,*,#1415,.F.);
#1863=ORIENTED_EDGE('',*,*,#1420,.F.);
#1864=ORIENTED_EDGE('',*,*,#1421,.T.);
#1865=ORIENTED_EDGE('',*,*,#1422,.T.);
#1866=ORIENTED_EDGE('',*,*,#1418,.F.);
#1867=ORIENTED_EDGE('',*,*,#1423,.F.);
#1868=ORIENTED_EDGE('',*,*,#1424,.T.);
#1869=ORIENTED_EDGE('',*,*,#1425,.T.);
#1870=ORIENTED_EDGE('',*,*,#1421,.F.);
#1871=ORIENTED_EDGE('',*,*,#1426,.F.);
#1872=ORIENTED_EDGE('',*,*,#1427,.T.);
#1873=ORIENTED_EDGE('',*,*,#1428,.T.);
#1874=ORIENTED_EDGE('',*,*,#1424,.F.);
#1875=ORIENTED_EDGE('',*,*,#1429,.F.);
#1876=ORIENTED_EDGE('',*,*,#1430,.T.);
#1877=ORIENTED_EDGE('',*,*,#1431,.T.);
#1878=ORIENTED_EDGE('',*,*,#1427,.F.);
#1879=ORIENTED_EDGE('',*,*,#1432,.F.);
#1880=ORIENTED_EDGE('',*,*,#1433,.T.);
#1881=ORIENTED_EDGE('',*,*,#1434,.T.);
#1882=ORIENTED_EDGE('',*,*,#1430,.F.);
#1883=ORIENTED_EDGE('',*,*,#1435,.F.);
#1884=ORIENTED_EDGE('',*,*,#1436,.T.);
#1885=ORIENTED_EDGE('',*,*,#1437,.T.);
#1886=ORIENTED_EDGE('',*,*,#1433,.F.);
#1887=ORIENTED_EDGE('',*,*,#1438,.F.);
#1888=ORIENTED_EDGE('',*,*,#1439,.T.);
#1889=ORIENTED_EDGE('',*,*,#1440,.T.);
#1890=ORIENTED_EDGE('',*,*,#1436,.F.);
#1891=ORIENTED_EDGE('',*,*,#1441,.F.);
#1892=ORIENTED_EDGE('',*,*,#1442,.T.);
#1893=ORIENTED_EDGE('',*,*,#1443,.T.);
#1894=ORIENTED_EDGE('',*,*,#1439,.F.);
#1895=ORIENTED_EDGE('',*,*,#1444,.F.);
#1896=ORIENTED_EDGE('',*,*,#1445,.T.);
#1897=ORIENTED_EDGE('',*,*,#1446,.T.);
#1898=ORIENTED_EDGE('',*,*,#1442,.F.);
#1899=ORIENTED_EDGE('',*,*,#1447,.F.);
#1900=ORIENTED_EDGE('',*,*,#1448,.T.);
#1901=ORIENTED_EDGE('',*,*,#1449,.T.);
#1902=ORIENTED_EDGE('',*,*,#1445,.F.);
#1903=ORIENTED_EDGE('',*,*,#1450,.F.);
#1904=ORIENTED_EDGE('',*,*,#1451,.T.);
#1905=ORIENTED_EDGE('',*,*,#1452,.T.);
#1906=ORIENTED_EDGE('',*,*,#1448,.F.);
#1907=ORIENTED_EDGE('',*,*,#1453,.F.);
#1908=ORIENTED_EDGE('',*,*,#1454,.T.);
#1909=ORIENTED_EDGE('',*,*,#1455,.T.);
#1910=ORIENTED_EDGE('',*,*,#1451,.F.);
#1911=ORIENTED_EDGE('',*,*,#1456,.F.);
#1912=ORIENTED_EDGE('',*,*,#1377,.T.);
#1913=ORIENTED_EDGE('',*,*,#1457,.T.);
#1914=ORIENTED_EDGE('',*,*,#1454,.F.);
#1915=ORIENTED_EDGE('',*,*,#1457,.F.);
#1916=ORIENTED_EDGE('',*,*,#1376,.F.);
#1917=ORIENTED_EDGE('',*,*,#1380,.F.);
#1918=ORIENTED_EDGE('',*,*,#1383,.F.);
#1919=ORIENTED_EDGE('',*,*,#1386,.F.);
#1920=ORIENTED_EDGE('',*,*,#1389,.F.);
#1921=ORIENTED_EDGE('',*,*,#1392,.F.);
#1922=ORIENTED_EDGE('',*,*,#1395,.F.);
#1923=ORIENTED_EDGE('',*,*,#1398,.F.);
#1924=ORIENTED_EDGE('',*,*,#1401,.F.);
#1925=ORIENTED_EDGE('',*,*,#1404,.F.);
#1926=ORIENTED_EDGE('',*,*,#1407,.F.);
#1927=ORIENTED_EDGE('',*,*,#1410,.F.);
#1928=ORIENTED_EDGE('',*,*,#1413,.F.);
#1929=ORIENTED_EDGE('',*,*,#1416,.F.);
#1930=ORIENTED_EDGE('',*,*,#1419,.F.);
#1931=ORIENTED_EDGE('',*,*,#1422,.F.);
#1932=ORIENTED_EDGE('',*,*,#1425,.F.);
#1933=ORIENTED_EDGE('',*,*,#1428,.F.);
#1934=ORIENTED_EDGE('',*,*,#1431,.F.);
#1935=ORIENTED_EDGE('',*,*,#1434,.F.);
#1936=ORIENTED_EDGE('',*,*,#1437,.F.);
#1937=ORIENTED_EDGE('',*,*,#1440,.F.);
#1938=ORIENTED_EDGE('',*,*,#1443,.F.);
#1939=ORIENTED_EDGE('',*,*,#1446,.F.);
#1940=ORIENTED_EDGE('',*,*,#1449,.F.);
#1941=ORIENTED_EDGE('',*,*,#1452,.F.);
#1942=ORIENTED_EDGE('',*,*,#1455,.F.);
#1943=ORIENTED_EDGE('',*,*,#1458,.F.);
#1944=ORIENTED_EDGE('',*,*,#1459,.T.);
#1945=ORIENTED_EDGE('',*,*,#1460,.T.);
#1946=ORIENTED_EDGE('',*,*,#1461,.F.);
#1947=ORIENTED_EDGE('',*,*,#1462,.F.);
#1948=ORIENTED_EDGE('',*,*,#1463,.T.);
#1949=ORIENTED_EDGE('',*,*,#1464,.T.);
#1950=ORIENTED_EDGE('',*,*,#1459,.F.);
#1951=ORIENTED_EDGE('',*,*,#1465,.F.);
#1952=ORIENTED_EDGE('',*,*,#1466,.T.);
#1953=ORIENTED_EDGE('',*,*,#1467,.T.);
#1954=ORIENTED_EDGE('',*,*,#1463,.F.);
#1955=ORIENTED_EDGE('',*,*,#1468,.F.);
#1956=ORIENTED_EDGE('',*,*,#1469,.T.);
#1957=ORIENTED_EDGE('',*,*,#1470,.T.);
#1958=ORIENTED_EDGE('',*,*,#1466,.F.);
#1959=ORIENTED_EDGE('',*,*,#1471,.F.);
#1960=ORIENTED_EDGE('',*,*,#1472,.T.);
#1961=ORIENTED_EDGE('',*,*,#1473,.T.);
#1962=ORIENTED_EDGE('',*,*,#1469,.F.);
#1963=ORIENTED_EDGE('',*,*,#1474,.F.);
#1964=ORIENTED_EDGE('',*,*,#1475,.T.);
#1965=ORIENTED_EDGE('',*,*,#1476,.T.);
#1966=ORIENTED_EDGE('',*,*,#1472,.F.);
#1967=ORIENTED_EDGE('',*,*,#1477,.F.);
#1968=ORIENTED_EDGE('',*,*,#1478,.T.);
#1969=ORIENTED_EDGE('',*,*,#1479,.T.);
#1970=ORIENTED_EDGE('',*,*,#1475,.F.);
#1971=ORIENTED_EDGE('',*,*,#1480,.F.);
#1972=ORIENTED_EDGE('',*,*,#1481,.T.);
#1973=ORIENTED_EDGE('',*,*,#1482,.T.);
#1974=ORIENTED_EDGE('',*,*,#1478,.F.);
#1975=ORIENTED_EDGE('',*,*,#1483,.F.);
#1976=ORIENTED_EDGE('',*,*,#1461,.T.);
#1977=ORIENTED_EDGE('',*,*,#1484,.T.);
#1978=ORIENTED_EDGE('',*,*,#1481,.F.);
#1979=ORIENTED_EDGE('',*,*,#1485,.F.);
#1980=ORIENTED_EDGE('',*,*,#1486,.T.);
#1981=ORIENTED_EDGE('',*,*,#1487,.T.);
#1982=ORIENTED_EDGE('',*,*,#1488,.F.);
#1983=ORIENTED_EDGE('',*,*,#1489,.F.);
#1984=ORIENTED_EDGE('',*,*,#1490,.T.);
#1985=ORIENTED_EDGE('',*,*,#1491,.T.);
#1986=ORIENTED_EDGE('',*,*,#1486,.F.);
#1987=ORIENTED_EDGE('',*,*,#1492,.F.);
#1988=ORIENTED_EDGE('',*,*,#1493,.T.);
#1989=ORIENTED_EDGE('',*,*,#1494,.T.);
#1990=ORIENTED_EDGE('',*,*,#1490,.F.);
#1991=ORIENTED_EDGE('',*,*,#1495,.F.);
#1992=ORIENTED_EDGE('',*,*,#1496,.T.);
#1993=ORIENTED_EDGE('',*,*,#1497,.T.);
#1994=ORIENTED_EDGE('',*,*,#1493,.F.);
#1995=ORIENTED_EDGE('',*,*,#1498,.F.);
#1996=ORIENTED_EDGE('',*,*,#1499,.T.);
#1997=ORIENTED_EDGE('',*,*,#1500,.T.);
#1998=ORIENTED_EDGE('',*,*,#1496,.F.);
#1999=ORIENTED_EDGE('',*,*,#1501,.F.);
#2000=ORIENTED_EDGE('',*,*,#1502,.T.);
#2001=ORIENTED_EDGE('',*,*,#1503,.T.);
#2002=ORIENTED_EDGE('',*,*,#1499,.F.);
#2003=ORIENTED_EDGE('',*,*,#1504,.F.);
#2004=ORIENTED_EDGE('',*,*,#1505,.T.);
#2005=ORIENTED_EDGE('',*,*,#1506,.T.);
#2006=ORIENTED_EDGE('',*,*,#1502,.F.);
#2007=ORIENTED_EDGE('',*,*,#1507,.F.);
#2008=ORIENTED_EDGE('',*,*,#1508,.T.);
#2009=ORIENTED_EDGE('',*,*,#1509,.T.);
#2010=ORIENTED_EDGE('',*,*,#1505,.F.);
#2011=ORIENTED_EDGE('',*,*,#1510,.F.);
#2012=ORIENTED_EDGE('',*,*,#1511,.T.);
#2013=ORIENTED_EDGE('',*,*,#1512,.T.);
#2014=ORIENTED_EDGE('',*,*,#1508,.F.);
#2015=ORIENTED_EDGE('',*,*,#1513,.F.);
#2016=ORIENTED_EDGE('',*,*,#1514,.T.);
#2017=ORIENTED_EDGE('',*,*,#1515,.T.);
#2018=ORIENTED_EDGE('',*,*,#1511,.F.);
#2019=ORIENTED_EDGE('',*,*,#1516,.F.);
#2020=ORIENTED_EDGE('',*,*,#1517,.T.);
#2021=ORIENTED_EDGE('',*,*,#1518,.T.);
#2022=ORIENTED_EDGE('',*,*,#1514,.F.);
#2023=ORIENTED_EDGE('',*,*,#1519,.F.);
#2024=ORIENTED_EDGE('',*,*,#1520,.T.);
#2025=ORIENTED_EDGE('',*,*,#1521,.T.);
#2026=ORIENTED_EDGE('',*,*,#1517,.F.);
#2027=ORIENTED_EDGE('',*,*,#1522,.F.);
#2028=ORIENTED_EDGE('',*,*,#1523,.T.);
#2029=ORIENTED_EDGE('',*,*,#1524,.T.);
#2030=ORIENTED_EDGE('',*,*,#1520,.F.);
#2031=ORIENTED_EDGE('',*,*,#1525,.F.);
#2032=ORIENTED_EDGE('',*,*,#1526,.T.);
#2033=ORIENTED_EDGE('',*,*,#1527,.T.);
#2034=ORIENTED_EDGE('',*,*,#1523,.F.);
#2035=ORIENTED_EDGE('',*,*,#1528,.F.);
#2036=ORIENTED_EDGE('',*,*,#1529,.T.);
#2037=ORIENTED_EDGE('',*,*,#1530,.T.);
#2038=ORIENTED_EDGE('',*,*,#1526,.F.);
#2039=ORIENTED_EDGE('',*,*,#1531,.F.);
#2040=ORIENTED_EDGE('',*,*,#1532,.T.);
#2041=ORIENTED_EDGE('',*,*,#1533,.T.);
#2042=ORIENTED_EDGE('',*,*,#1529,.F.);
#2043=ORIENTED_EDGE('',*,*,#1534,.F.);
#2044=ORIENTED_EDGE('',*,*,#1535,.T.);
#2045=ORIENTED_EDGE('',*,*,#1536,.T.);
#2046=ORIENTED_EDGE('',*,*,#1532,.F.);
#2047=ORIENTED_EDGE('',*,*,#1537,.F.);
#2048=ORIENTED_EDGE('',*,*,#1488,.T.);
#2049=ORIENTED_EDGE('',*,*,#1538,.T.);
#2050=ORIENTED_EDGE('',*,*,#1535,.F.);
#2051=ORIENTED_EDGE('',*,*,#1538,.F.);
#2052=ORIENTED_EDGE('',*,*,#1487,.F.);
#2053=ORIENTED_EDGE('',*,*,#1491,.F.);
#2054=ORIENTED_EDGE('',*,*,#1494,.F.);
#2055=ORIENTED_EDGE('',*,*,#1497,.F.);
#2056=ORIENTED_EDGE('',*,*,#1500,.F.);
#2057=ORIENTED_EDGE('',*,*,#1503,.F.);
#2058=ORIENTED_EDGE('',*,*,#1506,.F.);
#2059=ORIENTED_EDGE('',*,*,#1509,.F.);
#2060=ORIENTED_EDGE('',*,*,#1512,.F.);
#2061=ORIENTED_EDGE('',*,*,#1515,.F.);
#2062=ORIENTED_EDGE('',*,*,#1518,.F.);
#2063=ORIENTED_EDGE('',*,*,#1521,.F.);
#2064=ORIENTED_EDGE('',*,*,#1524,.F.);
#2065=ORIENTED_EDGE('',*,*,#1527,.F.);
#2066=ORIENTED_EDGE('',*,*,#1530,.F.);
#2067=ORIENTED_EDGE('',*,*,#1533,.F.);
#2068=ORIENTED_EDGE('',*,*,#1536,.F.);
#2069=ORIENTED_EDGE('',*,*,#1484,.F.);
#2070=ORIENTED_EDGE('',*,*,#1460,.F.);
#2071=ORIENTED_EDGE('',*,*,#1464,.F.);
#2072=ORIENTED_EDGE('',*,*,#1467,.F.);
#2073=ORIENTED_EDGE('',*,*,#1470,.F.);
#2074=ORIENTED_EDGE('',*,*,#1473,.F.);
#2075=ORIENTED_EDGE('',*,*,#1476,.F.);
#2076=ORIENTED_EDGE('',*,*,#1479,.F.);
#2077=ORIENTED_EDGE('',*,*,#1482,.F.);
#2078=ORIENTED_EDGE('',*,*,#1539,.F.);
#2079=ORIENTED_EDGE('',*,*,#1540,.F.);
#2080=ORIENTED_EDGE('',*,*,#1541,.F.);
#2081=ORIENTED_EDGE('',*,*,#1542,.F.);
#2082=ORIENTED_EDGE('',*,*,#1543,.F.);
#2083=ORIENTED_EDGE('',*,*,#1544,.F.);
#2084=ORIENTED_EDGE('',*,*,#1545,.F.);
#2085=ORIENTED_EDGE('',*,*,#1546,.F.);
#2086=ORIENTED_EDGE('',*,*,#1485,.T.);
#2087=ORIENTED_EDGE('',*,*,#1537,.T.);
#2088=ORIENTED_EDGE('',*,*,#1534,.T.);
#2089=ORIENTED_EDGE('',*,*,#1531,.T.);
#2090=ORIENTED_EDGE('',*,*,#1528,.T.);
#2091=ORIENTED_EDGE('',*,*,#1525,.T.);
#2092=ORIENTED_EDGE('',*,*,#1522,.T.);
#2093=ORIENTED_EDGE('',*,*,#1519,.T.);
#2094=ORIENTED_EDGE('',*,*,#1516,.T.);
#2095=ORIENTED_EDGE('',*,*,#1513,.T.);
#2096=ORIENTED_EDGE('',*,*,#1510,.T.);
#2097=ORIENTED_EDGE('',*,*,#1507,.T.);
#2098=ORIENTED_EDGE('',*,*,#1504,.T.);
#2099=ORIENTED_EDGE('',*,*,#1501,.T.);
#2100=ORIENTED_EDGE('',*,*,#1498,.T.);
#2101=ORIENTED_EDGE('',*,*,#1495,.T.);
#2102=ORIENTED_EDGE('',*,*,#1492,.T.);
#2103=ORIENTED_EDGE('',*,*,#1489,.T.);
#2104=ORIENTED_EDGE('',*,*,#1374,.T.);
#2105=ORIENTED_EDGE('',*,*,#1456,.T.);
#2106=ORIENTED_EDGE('',*,*,#1453,.T.);
#2107=ORIENTED_EDGE('',*,*,#1450,.T.);
#2108=ORIENTED_EDGE('',*,*,#1447,.T.);
#2109=ORIENTED_EDGE('',*,*,#1444,.T.);
#2110=ORIENTED_EDGE('',*,*,#1441,.T.);
#2111=ORIENTED_EDGE('',*,*,#1438,.T.);
#2112=ORIENTED_EDGE('',*,*,#1435,.T.);
#2113=ORIENTED_EDGE('',*,*,#1432,.T.);
#2114=ORIENTED_EDGE('',*,*,#1429,.T.);
#2115=ORIENTED_EDGE('',*,*,#1426,.T.);
#2116=ORIENTED_EDGE('',*,*,#1423,.T.);
#2117=ORIENTED_EDGE('',*,*,#1420,.T.);
#2118=ORIENTED_EDGE('',*,*,#1417,.T.);
#2119=ORIENTED_EDGE('',*,*,#1414,.T.);
#2120=ORIENTED_EDGE('',*,*,#1411,.T.);
#2121=ORIENTED_EDGE('',*,*,#1408,.T.);
#2122=ORIENTED_EDGE('',*,*,#1405,.T.);
#2123=ORIENTED_EDGE('',*,*,#1402,.T.);
#2124=ORIENTED_EDGE('',*,*,#1399,.T.);
#2125=ORIENTED_EDGE('',*,*,#1396,.T.);
#2126=ORIENTED_EDGE('',*,*,#1393,.T.);
#2127=ORIENTED_EDGE('',*,*,#1390,.T.);
#2128=ORIENTED_EDGE('',*,*,#1387,.T.);
#2129=ORIENTED_EDGE('',*,*,#1384,.T.);
#2130=ORIENTED_EDGE('',*,*,#1381,.T.);
#2131=ORIENTED_EDGE('',*,*,#1378,.T.);
#2132=ORIENTED_EDGE('',*,*,#1320,.T.);
#2133=ORIENTED_EDGE('',*,*,#1372,.T.);
#2134=ORIENTED_EDGE('',*,*,#1369,.T.);
#2135=ORIENTED_EDGE('',*,*,#1366,.T.);
#2136=ORIENTED_EDGE('',*,*,#1363,.T.);
#2137=ORIENTED_EDGE('',*,*,#1360,.T.);
#2138=ORIENTED_EDGE('',*,*,#1357,.T.);
#2139=ORIENTED_EDGE('',*,*,#1354,.T.);
#2140=ORIENTED_EDGE('',*,*,#1351,.T.);
#2141=ORIENTED_EDGE('',*,*,#1348,.T.);
#2142=ORIENTED_EDGE('',*,*,#1345,.T.);
#2143=ORIENTED_EDGE('',*,*,#1342,.T.);
#2144=ORIENTED_EDGE('',*,*,#1339,.T.);
#2145=ORIENTED_EDGE('',*,*,#1336,.T.);
#2146=ORIENTED_EDGE('',*,*,#1333,.T.);
#2147=ORIENTED_EDGE('',*,*,#1330,.T.);
#2148=ORIENTED_EDGE('',*,*,#1327,.T.);
#2149=ORIENTED_EDGE('',*,*,#1324,.T.);
#2150=ORIENTED_EDGE('',*,*,#1547,.T.);
#2151=ORIENTED_EDGE('',*,*,#1539,.T.);
#2152=ORIENTED_EDGE('',*,*,#1548,.T.);
#2153=ORIENTED_EDGE('',*,*,#1549,.T.);
#2154=ORIENTED_EDGE('',*,*,#1547,.F.);
#2155=ORIENTED_EDGE('',*,*,#1550,.T.);
#2156=ORIENTED_EDGE('',*,*,#1551,.T.);
#2157=ORIENTED_EDGE('',*,*,#1540,.T.);
#2158=ORIENTED_EDGE('',*,*,#1552,.T.);
#2159=ORIENTED_EDGE('',*,*,#1541,.T.);
#2160=ORIENTED_EDGE('',*,*,#1551,.F.);
#2161=ORIENTED_EDGE('',*,*,#1553,.T.);
#2162=ORIENTED_EDGE('',*,*,#1552,.F.);
#2163=ORIENTED_EDGE('',*,*,#1554,.T.);
#2164=ORIENTED_EDGE('',*,*,#1555,.T.);
#2165=ORIENTED_EDGE('',*,*,#1542,.T.);
#2166=ORIENTED_EDGE('',*,*,#1556,.T.);
#2167=ORIENTED_EDGE('',*,*,#1543,.T.);
#2168=ORIENTED_EDGE('',*,*,#1555,.F.);
#2169=ORIENTED_EDGE('',*,*,#1557,.T.);
#2170=ORIENTED_EDGE('',*,*,#1556,.F.);
#2171=ORIENTED_EDGE('',*,*,#1558,.T.);
#2172=ORIENTED_EDGE('',*,*,#1559,.T.);
#2173=ORIENTED_EDGE('',*,*,#1544,.T.);
#2174=ORIENTED_EDGE('',*,*,#1560,.T.);
#2175=ORIENTED_EDGE('',*,*,#1545,.T.);
#2176=ORIENTED_EDGE('',*,*,#1559,.F.);
#2177=ORIENTED_EDGE('',*,*,#1561,.T.);
#2178=ORIENTED_EDGE('',*,*,#1560,.F.);
#2179=ORIENTED_EDGE('',*,*,#1562,.T.);
#2180=ORIENTED_EDGE('',*,*,#1548,.F.);
#2181=ORIENTED_EDGE('',*,*,#1546,.T.);
#2182=ORIENTED_EDGE('',*,*,#1554,.F.);
#2183=ORIENTED_EDGE('',*,*,#1563,.T.);
#2184=ORIENTED_EDGE('',*,*,#1564,.T.);
#2185=ORIENTED_EDGE('',*,*,#1565,.T.);
#2186=ORIENTED_EDGE('',*,*,#1566,.T.);
#2187=ORIENTED_EDGE('',*,*,#1553,.F.);
#2188=ORIENTED_EDGE('',*,*,#1567,.F.);
#2189=ORIENTED_EDGE('',*,*,#1568,.F.);
#2190=ORIENTED_EDGE('',*,*,#1563,.F.);
#2191=ORIENTED_EDGE('',*,*,#1550,.F.);
#2192=ORIENTED_EDGE('',*,*,#1569,.T.);
#2193=ORIENTED_EDGE('',*,*,#1570,.T.);
#2194=ORIENTED_EDGE('',*,*,#1571,.F.);
#2195=ORIENTED_EDGE('',*,*,#1567,.T.);
#2196=ORIENTED_EDGE('',*,*,#1549,.F.);
#2197=ORIENTED_EDGE('',*,*,#1572,.F.);
#2198=ORIENTED_EDGE('',*,*,#1573,.F.);
#2199=ORIENTED_EDGE('',*,*,#1569,.F.);
#2200=ORIENTED_EDGE('',*,*,#1458,.T.);
#2201=ORIENTED_EDGE('',*,*,#1483,.T.);
#2202=ORIENTED_EDGE('',*,*,#1480,.T.);
#2203=ORIENTED_EDGE('',*,*,#1477,.T.);
#2204=ORIENTED_EDGE('',*,*,#1474,.T.);
#2205=ORIENTED_EDGE('',*,*,#1471,.T.);
#2206=ORIENTED_EDGE('',*,*,#1468,.T.);
#2207=ORIENTED_EDGE('',*,*,#1465,.T.);
#2208=ORIENTED_EDGE('',*,*,#1462,.T.);
#2209=ORIENTED_EDGE('',*,*,#1570,.F.);
#2210=ORIENTED_EDGE('',*,*,#1573,.T.);
#2211=ORIENTED_EDGE('',*,*,#1574,.F.);
#2212=ORIENTED_EDGE('',*,*,#1575,.T.);
#2213=ORIENTED_EDGE('',*,*,#1576,.F.);
#2214=ORIENTED_EDGE('',*,*,#1577,.T.);
#2215=ORIENTED_EDGE('',*,*,#1565,.F.);
#2216=ORIENTED_EDGE('',*,*,#1578,.T.);
#2217=ORIENTED_EDGE('',*,*,#1579,.T.);
#2218=ORIENTED_EDGE('',*,*,#1580,.T.);
#2219=ORIENTED_EDGE('',*,*,#1581,.T.);
#2220=ORIENTED_EDGE('',*,*,#1582,.T.);
#2221=ORIENTED_EDGE('',*,*,#1583,.T.);
#2222=ORIENTED_EDGE('',*,*,#1584,.T.);
#2223=ORIENTED_EDGE('',*,*,#1585,.T.);
#2224=ORIENTED_EDGE('',*,*,#1586,.T.);
#2225=ORIENTED_EDGE('',*,*,#1587,.T.);
#2226=ORIENTED_EDGE('',*,*,#1588,.T.);
#2227=ORIENTED_EDGE('',*,*,#1589,.T.);
#2228=ORIENTED_EDGE('',*,*,#1590,.T.);
#2229=ORIENTED_EDGE('',*,*,#1591,.T.);
#2230=ORIENTED_EDGE('',*,*,#1592,.T.);
#2231=ORIENTED_EDGE('',*,*,#1557,.F.);
#2232=ORIENTED_EDGE('',*,*,#1566,.F.);
#2233=ORIENTED_EDGE('',*,*,#1577,.F.);
#2234=ORIENTED_EDGE('',*,*,#1593,.F.);
#2235=ORIENTED_EDGE('',*,*,#1558,.F.);
#2236=ORIENTED_EDGE('',*,*,#1593,.T.);
#2237=ORIENTED_EDGE('',*,*,#1576,.T.);
#2238=ORIENTED_EDGE('',*,*,#1594,.T.);
#2239=ORIENTED_EDGE('',*,*,#1561,.F.);
#2240=ORIENTED_EDGE('',*,*,#1594,.F.);
#2241=ORIENTED_EDGE('',*,*,#1575,.F.);
#2242=ORIENTED_EDGE('',*,*,#1595,.F.);
#2243=ORIENTED_EDGE('',*,*,#1562,.F.);
#2244=ORIENTED_EDGE('',*,*,#1595,.T.);
#2245=ORIENTED_EDGE('',*,*,#1574,.T.);
#2246=ORIENTED_EDGE('',*,*,#1572,.T.);
#2247=ORIENTED_EDGE('',*,*,#1596,.F.);
#2248=ORIENTED_EDGE('',*,*,#1597,.T.);
#2249=ORIENTED_EDGE('',*,*,#1598,.T.);
#2250=ORIENTED_EDGE('',*,*,#1597,.F.);
#2251=ORIENTED_EDGE('',*,*,#1598,.F.);
#2252=ORIENTED_EDGE('',*,*,#1599,.T.);
#2253=ORIENTED_EDGE('',*,*,#1599,.F.);
#2254=ORIENTED_EDGE('',*,*,#1589,.F.);
#2255=ORIENTED_EDGE('',*,*,#1600,.T.);
#2256=ORIENTED_EDGE('',*,*,#1601,.F.);
#2257=ORIENTED_EDGE('',*,*,#1600,.F.);
#2258=ORIENTED_EDGE('',*,*,#1602,.F.);
#2259=ORIENTED_EDGE('',*,*,#1603,.T.);
#2260=ORIENTED_EDGE('',*,*,#1604,.T.);
#2261=ORIENTED_EDGE('',*,*,#1605,.F.);
#2262=ORIENTED_EDGE('',*,*,#1606,.F.);
#2263=ORIENTED_EDGE('',*,*,#1607,.T.);
#2264=ORIENTED_EDGE('',*,*,#1608,.T.);
#2265=ORIENTED_EDGE('',*,*,#1603,.F.);
#2266=ORIENTED_EDGE('',*,*,#1609,.F.);
#2267=ORIENTED_EDGE('',*,*,#1610,.T.);
#2268=ORIENTED_EDGE('',*,*,#1611,.T.);
#2269=ORIENTED_EDGE('',*,*,#1607,.F.);
#2270=ORIENTED_EDGE('',*,*,#1612,.F.);
#2271=ORIENTED_EDGE('',*,*,#1613,.T.);
#2272=ORIENTED_EDGE('',*,*,#1614,.T.);
#2273=ORIENTED_EDGE('',*,*,#1610,.F.);
#2274=ORIENTED_EDGE('',*,*,#1615,.F.);
#2275=ORIENTED_EDGE('',*,*,#1616,.T.);
#2276=ORIENTED_EDGE('',*,*,#1617,.T.);
#2277=ORIENTED_EDGE('',*,*,#1613,.F.);
#2278=ORIENTED_EDGE('',*,*,#1618,.F.);
#2279=ORIENTED_EDGE('',*,*,#1605,.T.);
#2280=ORIENTED_EDGE('',*,*,#1619,.T.);
#2281=ORIENTED_EDGE('',*,*,#1616,.F.);
#2282=ORIENTED_EDGE('',*,*,#1619,.F.);
#2283=ORIENTED_EDGE('',*,*,#1604,.F.);
#2284=ORIENTED_EDGE('',*,*,#1608,.F.);
#2285=ORIENTED_EDGE('',*,*,#1611,.F.);
#2286=ORIENTED_EDGE('',*,*,#1614,.F.);
#2287=ORIENTED_EDGE('',*,*,#1617,.F.);
#2288=ORIENTED_EDGE('',*,*,#1601,.T.);
#2289=ORIENTED_EDGE('',*,*,#1618,.T.);
#2290=ORIENTED_EDGE('',*,*,#1615,.T.);
#2291=ORIENTED_EDGE('',*,*,#1612,.T.);
#2292=ORIENTED_EDGE('',*,*,#1609,.T.);
#2293=ORIENTED_EDGE('',*,*,#1606,.T.);
#2294=ORIENTED_EDGE('',*,*,#1602,.T.);
#2295=ORIENTED_EDGE('',*,*,#1596,.T.);
#2296=ORIENTED_EDGE('',*,*,#1620,.F.);
#2297=ORIENTED_EDGE('',*,*,#1621,.T.);
#2298=ORIENTED_EDGE('',*,*,#1622,.F.);
#2299=ORIENTED_EDGE('',*,*,#1621,.F.);
#2300=ORIENTED_EDGE('',*,*,#1622,.T.);
#2301=ORIENTED_EDGE('',*,*,#1623,.T.);
#2302=ORIENTED_EDGE('',*,*,#1623,.F.);
#2303=ORIENTED_EDGE('',*,*,#1590,.F.);
#2304=ORIENTED_EDGE('',*,*,#1624,.T.);
#2305=ORIENTED_EDGE('',*,*,#1625,.F.);
#2306=ORIENTED_EDGE('',*,*,#1624,.F.);
#2307=ORIENTED_EDGE('',*,*,#1626,.T.);
#2308=ORIENTED_EDGE('',*,*,#1627,.T.);
#2309=ORIENTED_EDGE('',*,*,#1628,.F.);
#2310=ORIENTED_EDGE('',*,*,#1629,.F.);
#2311=ORIENTED_EDGE('',*,*,#1630,.T.);
#2312=ORIENTED_EDGE('',*,*,#1629,.T.);
#2313=ORIENTED_EDGE('',*,*,#1631,.F.);
#2314=ORIENTED_EDGE('',*,*,#1632,.F.);
#2315=ORIENTED_EDGE('',*,*,#1633,.T.);
#2316=ORIENTED_EDGE('',*,*,#1632,.T.);
#2317=ORIENTED_EDGE('',*,*,#1634,.F.);
#2318=ORIENTED_EDGE('',*,*,#1635,.F.);
#2319=ORIENTED_EDGE('',*,*,#1636,.T.);
#2320=ORIENTED_EDGE('',*,*,#1635,.T.);
#2321=ORIENTED_EDGE('',*,*,#1637,.F.);
#2322=ORIENTED_EDGE('',*,*,#1638,.F.);
#2323=ORIENTED_EDGE('',*,*,#1639,.T.);
#2324=ORIENTED_EDGE('',*,*,#1638,.T.);
#2325=ORIENTED_EDGE('',*,*,#1640,.F.);
#2326=ORIENTED_EDGE('',*,*,#1641,.F.);
#2327=ORIENTED_EDGE('',*,*,#1642,.T.);
#2328=ORIENTED_EDGE('',*,*,#1641,.T.);
#2329=ORIENTED_EDGE('',*,*,#1643,.F.);
#2330=ORIENTED_EDGE('',*,*,#1627,.F.);
#2331=ORIENTED_EDGE('',*,*,#1643,.T.);
#2332=ORIENTED_EDGE('',*,*,#1640,.T.);
#2333=ORIENTED_EDGE('',*,*,#1637,.T.);
#2334=ORIENTED_EDGE('',*,*,#1634,.T.);
#2335=ORIENTED_EDGE('',*,*,#1631,.T.);
#2336=ORIENTED_EDGE('',*,*,#1628,.T.);
#2337=ORIENTED_EDGE('',*,*,#1625,.T.);
#2338=ORIENTED_EDGE('',*,*,#1642,.F.);
#2339=ORIENTED_EDGE('',*,*,#1626,.F.);
#2340=ORIENTED_EDGE('',*,*,#1630,.F.);
#2341=ORIENTED_EDGE('',*,*,#1633,.F.);
#2342=ORIENTED_EDGE('',*,*,#1636,.F.);
#2343=ORIENTED_EDGE('',*,*,#1639,.F.);
#2344=ORIENTED_EDGE('',*,*,#1620,.T.);
#2345=ORIENTED_EDGE('',*,*,#1644,.F.);
#2346=ORIENTED_EDGE('',*,*,#1645,.T.);
#2347=ORIENTED_EDGE('',*,*,#1646,.F.);
#2348=ORIENTED_EDGE('',*,*,#1645,.F.);
#2349=ORIENTED_EDGE('',*,*,#1646,.T.);
#2350=ORIENTED_EDGE('',*,*,#1647,.T.);
#2351=ORIENTED_EDGE('',*,*,#1647,.F.);
#2352=ORIENTED_EDGE('',*,*,#1591,.F.);
#2353=ORIENTED_EDGE('',*,*,#1648,.T.);
#2354=ORIENTED_EDGE('',*,*,#1649,.F.);
#2355=ORIENTED_EDGE('',*,*,#1648,.F.);
#2356=ORIENTED_EDGE('',*,*,#1650,.T.);
#2357=ORIENTED_EDGE('',*,*,#1651,.T.);
#2358=ORIENTED_EDGE('',*,*,#1652,.F.);
#2359=ORIENTED_EDGE('',*,*,#1653,.F.);
#2360=ORIENTED_EDGE('',*,*,#1654,.T.);
#2361=ORIENTED_EDGE('',*,*,#1653,.T.);
#2362=ORIENTED_EDGE('',*,*,#1655,.F.);
#2363=ORIENTED_EDGE('',*,*,#1656,.F.);
#2364=ORIENTED_EDGE('',*,*,#1657,.T.);
#2365=ORIENTED_EDGE('',*,*,#1656,.T.);
#2366=ORIENTED_EDGE('',*,*,#1658,.F.);
#2367=ORIENTED_EDGE('',*,*,#1659,.F.);
#2368=ORIENTED_EDGE('',*,*,#1660,.T.);
#2369=ORIENTED_EDGE('',*,*,#1659,.T.);
#2370=ORIENTED_EDGE('',*,*,#1661,.F.);
#2371=ORIENTED_EDGE('',*,*,#1662,.F.);
#2372=ORIENTED_EDGE('',*,*,#1663,.T.);
#2373=ORIENTED_EDGE('',*,*,#1662,.T.);
#2374=ORIENTED_EDGE('',*,*,#1664,.F.);
#2375=ORIENTED_EDGE('',*,*,#1665,.F.);
#2376=ORIENTED_EDGE('',*,*,#1666,.T.);
#2377=ORIENTED_EDGE('',*,*,#1665,.T.);
#2378=ORIENTED_EDGE('',*,*,#1667,.F.);
#2379=ORIENTED_EDGE('',*,*,#1651,.F.);
#2380=ORIENTED_EDGE('',*,*,#1667,.T.);
#2381=ORIENTED_EDGE('',*,*,#1664,.T.);
#2382=ORIENTED_EDGE('',*,*,#1661,.T.);
#2383=ORIENTED_EDGE('',*,*,#1658,.T.);
#2384=ORIENTED_EDGE('',*,*,#1655,.T.);
#2385=ORIENTED_EDGE('',*,*,#1652,.T.);
#2386=ORIENTED_EDGE('',*,*,#1649,.T.);
#2387=ORIENTED_EDGE('',*,*,#1666,.F.);
#2388=ORIENTED_EDGE('',*,*,#1650,.F.);
#2389=ORIENTED_EDGE('',*,*,#1654,.F.);
#2390=ORIENTED_EDGE('',*,*,#1657,.F.);
#2391=ORIENTED_EDGE('',*,*,#1660,.F.);
#2392=ORIENTED_EDGE('',*,*,#1663,.F.);
#2393=ORIENTED_EDGE('',*,*,#1644,.T.);
#2394=ORIENTED_EDGE('',*,*,#1668,.F.);
#2395=ORIENTED_EDGE('',*,*,#1669,.T.);
#2396=ORIENTED_EDGE('',*,*,#1670,.T.);
#2397=ORIENTED_EDGE('',*,*,#1669,.F.);
#2398=ORIENTED_EDGE('',*,*,#1670,.F.);
#2399=ORIENTED_EDGE('',*,*,#1671,.T.);
#2400=ORIENTED_EDGE('',*,*,#1671,.F.);
#2401=ORIENTED_EDGE('',*,*,#1592,.F.);
#2402=ORIENTED_EDGE('',*,*,#1672,.T.);
#2403=ORIENTED_EDGE('',*,*,#1673,.F.);
#2404=ORIENTED_EDGE('',*,*,#1672,.F.);
#2405=ORIENTED_EDGE('',*,*,#1674,.F.);
#2406=ORIENTED_EDGE('',*,*,#1675,.T.);
#2407=ORIENTED_EDGE('',*,*,#1676,.T.);
#2408=ORIENTED_EDGE('',*,*,#1677,.F.);
#2409=ORIENTED_EDGE('',*,*,#1678,.F.);
#2410=ORIENTED_EDGE('',*,*,#1679,.T.);
#2411=ORIENTED_EDGE('',*,*,#1680,.T.);
#2412=ORIENTED_EDGE('',*,*,#1675,.F.);
#2413=ORIENTED_EDGE('',*,*,#1681,.F.);
#2414=ORIENTED_EDGE('',*,*,#1682,.T.);
#2415=ORIENTED_EDGE('',*,*,#1683,.T.);
#2416=ORIENTED_EDGE('',*,*,#1679,.F.);
#2417=ORIENTED_EDGE('',*,*,#1684,.F.);
#2418=ORIENTED_EDGE('',*,*,#1685,.T.);
#2419=ORIENTED_EDGE('',*,*,#1686,.T.);
#2420=ORIENTED_EDGE('',*,*,#1682,.F.);
#2421=ORIENTED_EDGE('',*,*,#1687,.F.);
#2422=ORIENTED_EDGE('',*,*,#1688,.T.);
#2423=ORIENTED_EDGE('',*,*,#1689,.T.);
#2424=ORIENTED_EDGE('',*,*,#1685,.F.);
#2425=ORIENTED_EDGE('',*,*,#1690,.F.);
#2426=ORIENTED_EDGE('',*,*,#1677,.T.);
#2427=ORIENTED_EDGE('',*,*,#1691,.T.);
#2428=ORIENTED_EDGE('',*,*,#1688,.F.);
#2429=ORIENTED_EDGE('',*,*,#1691,.F.);
#2430=ORIENTED_EDGE('',*,*,#1676,.F.);
#2431=ORIENTED_EDGE('',*,*,#1680,.F.);
#2432=ORIENTED_EDGE('',*,*,#1683,.F.);
#2433=ORIENTED_EDGE('',*,*,#1686,.F.);
#2434=ORIENTED_EDGE('',*,*,#1689,.F.);
#2435=ORIENTED_EDGE('',*,*,#1673,.T.);
#2436=ORIENTED_EDGE('',*,*,#1690,.T.);
#2437=ORIENTED_EDGE('',*,*,#1687,.T.);
#2438=ORIENTED_EDGE('',*,*,#1684,.T.);
#2439=ORIENTED_EDGE('',*,*,#1681,.T.);
#2440=ORIENTED_EDGE('',*,*,#1678,.T.);
#2441=ORIENTED_EDGE('',*,*,#1674,.T.);
#2442=ORIENTED_EDGE('',*,*,#1668,.T.);
#2443=ORIENTED_EDGE('',*,*,#1692,.T.);
#2444=ORIENTED_EDGE('',*,*,#1693,.F.);
#2445=ORIENTED_EDGE('',*,*,#1581,.F.);
#2446=ORIENTED_EDGE('',*,*,#1694,.T.);
#2447=ORIENTED_EDGE('',*,*,#1695,.T.);
#2448=ORIENTED_EDGE('',*,*,#1694,.F.);
#2449=ORIENTED_EDGE('',*,*,#1580,.F.);
#2450=ORIENTED_EDGE('',*,*,#1696,.T.);
#2451=ORIENTED_EDGE('',*,*,#1697,.T.);
#2452=ORIENTED_EDGE('',*,*,#1696,.F.);
#2453=ORIENTED_EDGE('',*,*,#1579,.F.);
#2454=ORIENTED_EDGE('',*,*,#1698,.F.);
#2455=ORIENTED_EDGE('',*,*,#1698,.T.);
#2456=ORIENTED_EDGE('',*,*,#1578,.F.);
#2457=ORIENTED_EDGE('',*,*,#1564,.F.);
#2458=ORIENTED_EDGE('',*,*,#1699,.F.);
#2459=ORIENTED_EDGE('',*,*,#1693,.T.);
#2460=ORIENTED_EDGE('',*,*,#1700,.F.);
#2461=ORIENTED_EDGE('',*,*,#1701,.T.);
#2462=ORIENTED_EDGE('',*,*,#1582,.F.);
#2463=ORIENTED_EDGE('',*,*,#1702,.T.);
#2464=ORIENTED_EDGE('',*,*,#1703,.F.);
#2465=ORIENTED_EDGE('',*,*,#1585,.F.);
#2466=ORIENTED_EDGE('',*,*,#1704,.F.);
#2467=ORIENTED_EDGE('',*,*,#1705,.T.);
#2468=ORIENTED_EDGE('',*,*,#1706,.F.);
#2469=ORIENTED_EDGE('',*,*,#1587,.F.);
#2470=ORIENTED_EDGE('',*,*,#1707,.T.);
#2471=ORIENTED_EDGE('',*,*,#1708,.T.);
#2472=ORIENTED_EDGE('',*,*,#1707,.F.);
#2473=ORIENTED_EDGE('',*,*,#1586,.F.);
#2474=ORIENTED_EDGE('',*,*,#1703,.T.);
#2475=ORIENTED_EDGE('',*,*,#1704,.T.);
#2476=ORIENTED_EDGE('',*,*,#1584,.F.);
#2477=ORIENTED_EDGE('',*,*,#1709,.F.);
#2478=ORIENTED_EDGE('',*,*,#1710,.F.);
#2479=ORIENTED_EDGE('',*,*,#1706,.T.);
#2480=ORIENTED_EDGE('',*,*,#1711,.F.);
#2481=ORIENTED_EDGE('',*,*,#1571,.T.);
#2482=ORIENTED_EDGE('',*,*,#1588,.F.);
#2483=ORIENTED_EDGE('',*,*,#1712,.F.);
#2484=ORIENTED_EDGE('',*,*,#1709,.T.);
#2485=ORIENTED_EDGE('',*,*,#1583,.F.);
#2486=ORIENTED_EDGE('',*,*,#1701,.F.);
#2487=ORIENTED_EDGE('',*,*,#1700,.T.);
#2488=ORIENTED_EDGE('',*,*,#1692,.F.);
#2489=ORIENTED_EDGE('',*,*,#1695,.F.);
#2490=ORIENTED_EDGE('',*,*,#1697,.F.);
#2491=ORIENTED_EDGE('',*,*,#1699,.T.);
#2492=ORIENTED_EDGE('',*,*,#1568,.T.);
#2493=ORIENTED_EDGE('',*,*,#1711,.T.);
#2494=ORIENTED_EDGE('',*,*,#1705,.F.);
#2495=ORIENTED_EDGE('',*,*,#1708,.F.);
#2496=ORIENTED_EDGE('',*,*,#1702,.F.);
#2497=ORIENTED_EDGE('',*,*,#1710,.T.);
#2498=ORIENTED_EDGE('',*,*,#1712,.T.);
#2499=PLANE('',#2730);
#2500=PLANE('',#2731);
#2501=PLANE('',#2732);
#2502=PLANE('',#2733);
#2503=PLANE('',#2734);
#2504=PLANE('',#2735);
#2505=PLANE('',#2736);
#2506=PLANE('',#2737);
#2507=PLANE('',#2738);
#2508=PLANE('',#2739);
#2509=PLANE('',#2740);
#2510=PLANE('',#2741);
#2511=PLANE('',#2742);
#2512=PLANE('',#2743);
#2513=PLANE('',#2744);
#2514=PLANE('',#2745);
#2515=PLANE('',#2746);
#2516=PLANE('',#2747);
#2517=PLANE('',#2748);
#2518=PLANE('',#2749);
#2519=PLANE('',#2754);
#2520=PLANE('',#2755);
#2521=PLANE('',#2762);
#2522=PLANE('',#2763);
#2523=PLANE('',#2764);
#2524=PLANE('',#2765);
#2525=PLANE('',#2766);
#2526=PLANE('',#2767);
#2527=PLANE('',#2768);
#2528=PLANE('',#2769);
#2529=PLANE('',#2776);
#2530=PLANE('',#2777);
#2531=PLANE('',#2778);
#2532=PLANE('',#2779);
#2533=PLANE('',#2780);
#2534=PLANE('',#2781);
#2535=PLANE('',#2782);
#2536=PLANE('',#2783);
#2537=PLANE('',#2790);
#2538=PLANE('',#2791);
#2539=PLANE('',#2792);
#2540=PLANE('',#2793);
#2541=PLANE('',#2794);
#2542=PLANE('',#2795);
#2543=PLANE('',#2796);
#2544=PLANE('',#2797);
#2545=PLANE('',#2804);
#2546=PLANE('',#2805);
#2547=PLANE('',#2806);
#2548=PLANE('',#2807);
#2549=PLANE('',#2808);
#2550=PLANE('',#2809);
#2551=PLANE('',#2810);
#2552=PLANE('',#2811);
#2553=PLANE('',#2812);
#2554=PLANE('',#2813);
#2555=PLANE('',#2814);
#2556=PLANE('',#2815);
#2557=PLANE('',#2816);
#2558=PLANE('',#2817);
#2559=PLANE('',#2818);
#2560=PLANE('',#2819);
#2561=PLANE('',#2820);
#2562=PLANE('',#2821);
#2563=PLANE('',#2822);
#2564=PLANE('',#2823);
#2565=ADVANCED_FACE('',(#132),#2499,.F.);
#2566=ADVANCED_FACE('',(#133),#59,.F.);
#2567=ADVANCED_FACE('',(#134),#60,.F.);
#2568=ADVANCED_FACE('',(#135),#61,.F.);
#2569=ADVANCED_FACE('',(#136),#62,.F.);
#2570=ADVANCED_FACE('',(#137),#63,.F.);
#2571=ADVANCED_FACE('',(#138),#2500,.F.);
#2572=ADVANCED_FACE('',(#139),#64,.F.);
#2573=ADVANCED_FACE('',(#140),#65,.F.);
#2574=ADVANCED_FACE('',(#141),#2501,.F.);
#2575=ADVANCED_FACE('',(#142),#66,.F.);
#2576=ADVANCED_FACE('',(#143),#67,.F.);
#2577=ADVANCED_FACE('',(#144),#68,.F.);
#2578=ADVANCED_FACE('',(#145),#69,.F.);
#2579=ADVANCED_FACE('',(#146),#70,.F.);
#2580=ADVANCED_FACE('',(#147),#71,.F.);
#2581=ADVANCED_FACE('',(#148),#72,.F.);
#2582=ADVANCED_FACE('',(#149),#73,.F.);
#2583=ADVANCED_FACE('',(#150),#2502,.T.);
#2584=ADVANCED_FACE('',(#151),#74,.F.);
#2585=ADVANCED_FACE('',(#152),#75,.F.);
#2586=ADVANCED_FACE('',(#153),#76,.F.);
#2587=ADVANCED_FACE('',(#154),#77,.F.);
#2588=ADVANCED_FACE('',(#155),#78,.F.);
#2589=ADVANCED_FACE('',(#156),#79,.F.);
#2590=ADVANCED_FACE('',(#157),#80,.F.);
#2591=ADVANCED_FACE('',(#158),#81,.F.);
#2592=ADVANCED_FACE('',(#159),#82,.F.);
#2593=ADVANCED_FACE('',(#160),#83,.F.);
#2594=ADVANCED_FACE('',(#161),#84,.F.);
#2595=ADVANCED_FACE('',(#162),#85,.F.);
#2596=ADVANCED_FACE('',(#163),#86,.F.);
#2597=ADVANCED_FACE('',(#164),#87,.F.);
#2598=ADVANCED_FACE('',(#165),#88,.F.);
#2599=ADVANCED_FACE('',(#166),#89,.F.);
#2600=ADVANCED_FACE('',(#167),#90,.F.);
#2601=ADVANCED_FACE('',(#168),#91,.F.);
#2602=ADVANCED_FACE('',(#169),#92,.F.);
#2603=ADVANCED_FACE('',(#170),#93,.F.);
#2604=ADVANCED_FACE('',(#171),#94,.F.);
#2605=ADVANCED_FACE('',(#172),#95,.F.);
#2606=ADVANCED_FACE('',(#173),#96,.F.);
#2607=ADVANCED_FACE('',(#174),#97,.F.);
#2608=ADVANCED_FACE('',(#175),#98,.F.);
#2609=ADVANCED_FACE('',(#176),#99,.F.);
#2610=ADVANCED_FACE('',(#177),#100,.F.);
#2611=ADVANCED_FACE('',(#178),#101,.F.);
#2612=ADVANCED_FACE('',(#179),#2503,.T.);
#2613=ADVANCED_FACE('',(#180),#102,.F.);
#2614=ADVANCED_FACE('',(#181),#103,.F.);
#2615=ADVANCED_FACE('',(#182),#104,.F.);
#2616=ADVANCED_FACE('',(#183),#2504,.F.);
#2617=ADVANCED_FACE('',(#184),#2505,.F.);
#2618=ADVANCED_FACE('',(#185),#2506,.F.);
#2619=ADVANCED_FACE('',(#186),#105,.F.);
#2620=ADVANCED_FACE('',(#187),#106,.F.);
#2621=ADVANCED_FACE('',(#188),#107,.F.);
#2622=ADVANCED_FACE('',(#189),#108,.F.);
#2623=ADVANCED_FACE('',(#190),#109,.F.);
#2624=ADVANCED_FACE('',(#191),#110,.F.);
#2625=ADVANCED_FACE('',(#192),#111,.F.);
#2626=ADVANCED_FACE('',(#193),#112,.F.);
#2627=ADVANCED_FACE('',(#194),#113,.F.);
#2628=ADVANCED_FACE('',(#195),#114,.F.);
#2629=ADVANCED_FACE('',(#196),#2507,.F.);
#2630=ADVANCED_FACE('',(#197),#115,.F.);
#2631=ADVANCED_FACE('',(#198),#116,.F.);
#2632=ADVANCED_FACE('',(#199),#2508,.F.);
#2633=ADVANCED_FACE('',(#200),#117,.F.);
#2634=ADVANCED_FACE('',(#201),#118,.F.);
#2635=ADVANCED_FACE('',(#202),#119,.F.);
#2636=ADVANCED_FACE('',(#203),#120,.F.);
#2637=ADVANCED_FACE('',(#204),#121,.F.);
#2638=ADVANCED_FACE('',(#205),#122,.F.);
#2639=ADVANCED_FACE('',(#206),#123,.F.);
#2640=ADVANCED_FACE('',(#207,#43),#2509,.T.);
#2641=ADVANCED_FACE('',(#208,#44,#45,#46),#2510,.F.);
#2642=ADVANCED_FACE('',(#209),#2511,.T.);
#2643=ADVANCED_FACE('',(#210),#124,.T.);
#2644=ADVANCED_FACE('',(#211),#2512,.T.);
#2645=ADVANCED_FACE('',(#212),#125,.T.);
#2646=ADVANCED_FACE('',(#213),#2513,.T.);
#2647=ADVANCED_FACE('',(#214),#126,.T.);
#2648=ADVANCED_FACE('',(#215),#2514,.T.);
#2649=ADVANCED_FACE('',(#216),#127,.T.);
#2650=ADVANCED_FACE('',(#217),#128,.F.);
#2651=ADVANCED_FACE('',(#218),#2515,.T.);
#2652=ADVANCED_FACE('',(#219),#129,.F.);
#2653=ADVANCED_FACE('',(#220),#2516,.T.);
#2654=ADVANCED_FACE('',(#221),#2517,.F.);
#2655=ADVANCED_FACE('',(#222,#47,#48,#49,#50),#2518,.T.);
#2656=ADVANCED_FACE('',(#223),#2519,.T.);
#2657=ADVANCED_FACE('',(#224),#130,.F.);
#2658=ADVANCED_FACE('',(#225),#2520,.T.);
#2659=ADVANCED_FACE('',(#226),#131,.F.);
#2660=ADVANCED_FACE('',(#227),#19,.F.);
#2661=ADVANCED_FACE('',(#228),#15,.F.);
#2662=ADVANCED_FACE('',(#229),#20,.F.);
#2663=ADVANCED_FACE('',(#230),#2521,.F.);
#2664=ADVANCED_FACE('',(#231),#2522,.F.);
#2665=ADVANCED_FACE('',(#232),#2523,.F.);
#2666=ADVANCED_FACE('',(#233),#2524,.F.);
#2667=ADVANCED_FACE('',(#234),#2525,.F.);
#2668=ADVANCED_FACE('',(#235),#2526,.F.);
#2669=ADVANCED_FACE('',(#236,#51),#2527,.F.);
#2670=ADVANCED_FACE('',(#237,#52),#2528,.T.);
#2671=ADVANCED_FACE('',(#238),#21,.F.);
#2672=ADVANCED_FACE('',(#239),#16,.F.);
#2673=ADVANCED_FACE('',(#240),#22,.F.);
#2674=ADVANCED_FACE('',(#241),#2529,.T.);
#2675=ADVANCED_FACE('',(#242),#2530,.T.);
#2676=ADVANCED_FACE('',(#243),#2531,.T.);
#2677=ADVANCED_FACE('',(#244),#2532,.T.);
#2678=ADVANCED_FACE('',(#245),#2533,.T.);
#2679=ADVANCED_FACE('',(#246),#2534,.T.);
#2680=ADVANCED_FACE('',(#247,#53),#2535,.T.);
#2681=ADVANCED_FACE('',(#248,#54),#2536,.F.);
#2682=ADVANCED_FACE('',(#249),#23,.F.);
#2683=ADVANCED_FACE('',(#250),#17,.F.);
#2684=ADVANCED_FACE('',(#251),#24,.F.);
#2685=ADVANCED_FACE('',(#252),#2537,.T.);
#2686=ADVANCED_FACE('',(#253),#2538,.T.);
#2687=ADVANCED_FACE('',(#254),#2539,.T.);
#2688=ADVANCED_FACE('',(#255),#2540,.T.);
#2689=ADVANCED_FACE('',(#256),#2541,.T.);
#2690=ADVANCED_FACE('',(#257),#2542,.T.);
#2691=ADVANCED_FACE('',(#258,#55),#2543,.T.);
#2692=ADVANCED_FACE('',(#259,#56),#2544,.F.);
#2693=ADVANCED_FACE('',(#260),#25,.F.);
#2694=ADVANCED_FACE('',(#261),#18,.F.);
#2695=ADVANCED_FACE('',(#262),#26,.F.);
#2696=ADVANCED_FACE('',(#263),#2545,.F.);
#2697=ADVANCED_FACE('',(#264),#2546,.F.);
#2698=ADVANCED_FACE('',(#265),#2547,.F.);
#2699=ADVANCED_FACE('',(#266),#2548,.F.);
#2700=ADVANCED_FACE('',(#267),#2549,.F.);
#2701=ADVANCED_FACE('',(#268),#2550,.F.);
#2702=ADVANCED_FACE('',(#269,#57),#2551,.F.);
#2703=ADVANCED_FACE('',(#270,#58),#2552,.T.);
#2704=ADVANCED_FACE('',(#271),#2553,.F.);
#2705=ADVANCED_FACE('',(#272),#2554,.F.);
#2706=ADVANCED_FACE('',(#273),#2555,.F.);
#2707=ADVANCED_FACE('',(#274),#2556,.T.);
#2708=ADVANCED_FACE('',(#275),#2557,.T.);
#2709=ADVANCED_FACE('',(#276),#2558,.F.);
#2710=ADVANCED_FACE('',(#277),#2559,.F.);
#2711=ADVANCED_FACE('',(#278),#2560,.F.);
#2712=ADVANCED_FACE('',(#279),#2561,.T.);
#2713=ADVANCED_FACE('',(#280),#2562,.T.);
#2714=ADVANCED_FACE('',(#281),#2563,.T.);
#2715=ADVANCED_FACE('',(#282),#2564,.T.);
#2716=CLOSED_SHELL('',(#2565,#2566,#2567,#2568,#2569,#2570,#2571,#2572,
#2573,#2574,#2575,#2576,#2577,#2578,#2579,#2580,#2581,#2582,#2583,#2584,
#2585,#2586,#2587,#2588,#2589,#2590,#2591,#2592,#2593,#2594,#2595,#2596,
#2597,#2598,#2599,#2600,#2601,#2602,#2603,#2604,#2605,#2606,#2607,#2608,
#2609,#2610,#2611,#2612,#2613,#2614,#2615,#2616,#2617,#2618,#2619,#2620,
#2621,#2622,#2623,#2624,#2625,#2626,#2627,#2628,#2629,#2630,#2631,#2632,
#2633,#2634,#2635,#2636,#2637,#2638,#2639,#2640,#2641,#2642,#2643,#2644,
#2645,#2646,#2647,#2648,#2649,#2650,#2651,#2652,#2653,#2654,#2655,#2656,
#2657,#2658,#2659,#2660,#2661,#2662,#2663,#2664,#2665,#2666,#2667,#2668,
#2669,#2670,#2671,#2672,#2673,#2674,#2675,#2676,#2677,#2678,#2679,#2680,
#2681,#2682,#2683,#2684,#2685,#2686,#2687,#2688,#2689,#2690,#2691,#2692,
#2693,#2694,#2695,#2696,#2697,#2698,#2699,#2700,#2701,#2702,#2703,#2704,
#2705,#2706,#2707,#2708,#2709,#2710,#2711,#2712,#2713,#2714,#2715));
#2717=DERIVED_UNIT_ELEMENT(#2719,1.);
#2718=DERIVED_UNIT_ELEMENT(#5728,-3.);
#2719=(
MASS_UNIT()
NAMED_UNIT(*)
SI_UNIT(.KILO.,.GRAM.)
);
#2720=DERIVED_UNIT((#2717,#2718));
#2721=MEASURE_REPRESENTATION_ITEM('density measure',
POSITIVE_RATIO_MEASURE(7850.),#2720);
#2722=PROPERTY_DEFINITION_REPRESENTATION(#2727,#2724);
#2723=PROPERTY_DEFINITION_REPRESENTATION(#2728,#2725);
#2724=REPRESENTATION('material name',(#2726),#5725);
#2725=REPRESENTATION('density',(#2721),#5725);
#2726=DESCRIPTIVE_REPRESENTATION_ITEM('Steel','Steel');
#2727=PROPERTY_DEFINITION('material property','material name',#5735);
#2728=PROPERTY_DEFINITION('material property','density of part',#5735);
#2729=AXIS2_PLACEMENT_3D('',#3247,#2824,#2825);
#2730=AXIS2_PLACEMENT_3D('',#3248,#2826,#2827);
#2731=AXIS2_PLACEMENT_3D('',#3376,#2836,#2837);
#2732=AXIS2_PLACEMENT_3D('',#3432,#2842,#2843);
#2733=AXIS2_PLACEMENT_3D('',#3619,#2854,#2855);
#2734=AXIS2_PLACEMENT_3D('',#4264,#2884,#2885);
#2735=AXIS2_PLACEMENT_3D('',#4337,#2890,#2891);
#2736=AXIS2_PLACEMENT_3D('',#4343,#2895,#2896);
#2737=AXIS2_PLACEMENT_3D('',#4349,#2900,#2901);
#2738=AXIS2_PLACEMENT_3D('',#4585,#2915,#2916);
#2739=AXIS2_PLACEMENT_3D('',#4637,#2922,#2923);
#2740=AXIS2_PLACEMENT_3D('',#4801,#2933,#2934);
#2741=AXIS2_PLACEMENT_3D('',#4802,#2935,#2936);
#2742=AXIS2_PLACEMENT_3D('',#4870,#2941,#2942);
#2743=AXIS2_PLACEMENT_3D('',#4943,#2947,#2948);
#2744=AXIS2_PLACEMENT_3D('',#5009,#2952,#2953);
#2745=AXIS2_PLACEMENT_3D('',#5090,#2957,#2958);
#2746=AXIS2_PLACEMENT_3D('',#5237,#2964,#2965);
#2747=AXIS2_PLACEMENT_3D('',#5307,#2970,#2971);
#2748=AXIS2_PLACEMENT_3D('',#5311,#2974,#2975);
#2749=AXIS2_PLACEMENT_3D('',#5312,#2976,#2977);
#2750=AXIS2_PLACEMENT_3D('',#5384,#2991,#2992);
#2751=AXIS2_PLACEMENT_3D('',#5386,#2993,#2994);
#2752=AXIS2_PLACEMENT_3D('',#5388,#2995,#2996);
#2753=AXIS2_PLACEMENT_3D('',#5390,#2997,#2998);
#2754=AXIS2_PLACEMENT_3D('',#5391,#2999,#3000);
#2755=AXIS2_PLACEMENT_3D('',#5434,#3003,#3004);
#2756=AXIS2_PLACEMENT_3D('',#5476,#3006,#3007);
#2757=AXIS2_PLACEMENT_3D('',#5478,#3008,#3009);
#2758=AXIS2_PLACEMENT_3D('',#5481,#3011,#3012);
#2759=AXIS2_PLACEMENT_3D('',#5482,#3013,#3014);
#2760=AXIS2_PLACEMENT_3D('',#5485,#3016,#3017);
#2761=AXIS2_PLACEMENT_3D('',#5488,#3019,#3020);
#2762=AXIS2_PLACEMENT_3D('',#5489,#3021,#3022);
#2763=AXIS2_PLACEMENT_3D('',#5498,#3027,#3028);
#2764=AXIS2_PLACEMENT_3D('',#5504,#3032,#3033);
#2765=AXIS2_PLACEMENT_3D('',#5510,#3037,#3038);
#2766=AXIS2_PLACEMENT_3D('',#5516,#3042,#3043);
#2767=AXIS2_PLACEMENT_3D('',#5522,#3047,#3048);
#2768=AXIS2_PLACEMENT_3D('',#5525,#3051,#3052);
#2769=AXIS2_PLACEMENT_3D('',#5526,#3053,#3054);
#2770=AXIS2_PLACEMENT_3D('',#5527,#3055,#3056);
#2771=AXIS2_PLACEMENT_3D('',#5529,#3057,#3058);
#2772=AXIS2_PLACEMENT_3D('',#5532,#3060,#3061);
#2773=AXIS2_PLACEMENT_3D('',#5533,#3062,#3063);
#2774=AXIS2_PLACEMENT_3D('',#5536,#3065,#3066);
#2775=AXIS2_PLACEMENT_3D('',#5539,#3068,#3069);
#2776=AXIS2_PLACEMENT_3D('',#5540,#3070,#3071);
#2777=AXIS2_PLACEMENT_3D('',#5549,#3076,#3077);
#2778=AXIS2_PLACEMENT_3D('',#5555,#3081,#3082);
#2779=AXIS2_PLACEMENT_3D('',#5561,#3086,#3087);
#2780=AXIS2_PLACEMENT_3D('',#5567,#3091,#3092);
#2781=AXIS2_PLACEMENT_3D('',#5573,#3096,#3097);
#2782=AXIS2_PLACEMENT_3D('',#5576,#3100,#3101);
#2783=AXIS2_PLACEMENT_3D('',#5577,#3102,#3103);
#2784=AXIS2_PLACEMENT_3D('',#5578,#3104,#3105);
#2785=AXIS2_PLACEMENT_3D('',#5580,#3106,#3107);
#2786=AXIS2_PLACEMENT_3D('',#5583,#3109,#3110);
#2787=AXIS2_PLACEMENT_3D('',#5584,#3111,#3112);
#2788=AXIS2_PLACEMENT_3D('',#5587,#3114,#3115);
#2789=AXIS2_PLACEMENT_3D('',#5590,#3117,#3118);
#2790=AXIS2_PLACEMENT_3D('',#5591,#3119,#3120);
#2791=AXIS2_PLACEMENT_3D('',#5600,#3125,#3126);
#2792=AXIS2_PLACEMENT_3D('',#5606,#3130,#3131);
#2793=AXIS2_PLACEMENT_3D('',#5612,#3135,#3136);
#2794=AXIS2_PLACEMENT_3D('',#5618,#3140,#3141);
#2795=AXIS2_PLACEMENT_3D('',#5624,#3145,#3146);
#2796=AXIS2_PLACEMENT_3D('',#5627,#3149,#3150);
#2797=AXIS2_PLACEMENT_3D('',#5628,#3151,#3152);
#2798=AXIS2_PLACEMENT_3D('',#5629,#3153,#3154);
#2799=AXIS2_PLACEMENT_3D('',#5631,#3155,#3156);
#2800=AXIS2_PLACEMENT_3D('',#5634,#3158,#3159);
#2801=AXIS2_PLACEMENT_3D('',#5635,#3160,#3161);
#2802=AXIS2_PLACEMENT_3D('',#5638,#3163,#3164);
#2803=AXIS2_PLACEMENT_3D('',#5641,#3166,#3167);
#2804=AXIS2_PLACEMENT_3D('',#5642,#3168,#3169);
#2805=AXIS2_PLACEMENT_3D('',#5651,#3174,#3175);
#2806=AXIS2_PLACEMENT_3D('',#5657,#3179,#3180);
#2807=AXIS2_PLACEMENT_3D('',#5663,#3184,#3185);
#2808=AXIS2_PLACEMENT_3D('',#5669,#3189,#3190);
#2809=AXIS2_PLACEMENT_3D('',#5675,#3194,#3195);
#2810=AXIS2_PLACEMENT_3D('',#5678,#3198,#3199);
#2811=AXIS2_PLACEMENT_3D('',#5679,#3200,#3201);
#2812=AXIS2_PLACEMENT_3D('',#5680,#3202,#3203);
#2813=AXIS2_PLACEMENT_3D('',#5686,#3207,#3208);
#2814=AXIS2_PLACEMENT_3D('',#5690,#3211,#3212);
#2815=AXIS2_PLACEMENT_3D('',#5694,#3215,#3216);
#2816=AXIS2_PLACEMENT_3D('',#5696,#3218,#3219);
#2817=AXIS2_PLACEMENT_3D('',#5700,#3222,#3223);
#2818=AXIS2_PLACEMENT_3D('',#5706,#3227,#3228);
#2819=AXIS2_PLACEMENT_3D('',#5712,#3232,#3233);
#2820=AXIS2_PLACEMENT_3D('',#5714,#3235,#3236);
#2821=AXIS2_PLACEMENT_3D('',#5718,#3239,#3240);
#2822=AXIS2_PLACEMENT_3D('',#5720,#3242,#3243);
#2823=AXIS2_PLACEMENT_3D('',#5722,#3245,#3246);
#2824=DIRECTION('axis',(0.,0.,1.));
#2825=DIRECTION('refdir',(1.,0.,0.));
#2826=DIRECTION('center_axis',(1.,0.,0.));
#2827=DIRECTION('ref_axis',(0.,0.,-1.));
#2828=DIRECTION('',(0.,0.,-1.));
#2829=DIRECTION('',(0.,1.,0.));
#2830=DIRECTION('',(0.,1.,0.));
#2831=DIRECTION('',(0.,1.,0.));
#2832=DIRECTION('',(0.,1.,0.));
#2833=DIRECTION('',(0.,1.,0.));
#2834=DIRECTION('',(0.,1.,0.));
#2835=DIRECTION('',(0.,1.,0.));
#2836=DIRECTION('center_axis',(-1.,0.,0.));
#2837=DIRECTION('ref_axis',(0.,0.,1.));
#2838=DIRECTION('',(0.,0.,1.));
#2839=DIRECTION('',(0.,1.,0.));
#2840=DIRECTION('',(0.,1.,0.));
#2841=DIRECTION('',(0.,1.,0.));
#2842=DIRECTION('center_axis',(1.,0.,0.));
#2843=DIRECTION('ref_axis',(0.,0.,-1.));
#2844=DIRECTION('',(0.,0.,-1.));
#2845=DIRECTION('',(0.,1.,0.));
#2846=DIRECTION('',(0.,0.,-1.));
#2847=DIRECTION('',(0.,1.,0.));
#2848=DIRECTION('',(0.,1.,0.));
#2849=DIRECTION('',(0.,1.,0.));
#2850=DIRECTION('',(0.,1.,0.));
#2851=DIRECTION('',(0.,1.,0.));
#2852=DIRECTION('',(0.,1.,0.));
#2853=DIRECTION('',(0.,1.,0.));
#2854=DIRECTION('center_axis',(0.,-1.,0.));
#2855=DIRECTION('ref_axis',(1.,0.,0.));
#2856=DIRECTION('',(0.,1.,0.));
#2857=DIRECTION('',(0.,1.,0.));
#2858=DIRECTION('',(0.,1.,0.));
#2859=DIRECTION('',(0.,1.,0.));
#2860=DIRECTION('',(0.,1.,0.));
#2861=DIRECTION('',(0.,1.,0.));
#2862=DIRECTION('',(0.,1.,0.));
#2863=DIRECTION('',(0.,1.,0.));
#2864=DIRECTION('',(0.,1.,0.));
#2865=DIRECTION('',(0.,1.,0.));
#2866=DIRECTION('',(0.,1.,0.));
#2867=DIRECTION('',(0.,1.,0.));
#2868=DIRECTION('',(0.,1.,0.));
#2869=DIRECTION('',(0.,1.,0.));
#2870=DIRECTION('',(0.,1.,0.));
#2871=DIRECTION('',(0.,1.,0.));
#2872=DIRECTION('',(0.,1.,0.));
#2873=DIRECTION('',(0.,1.,0.));
#2874=DIRECTION('',(0.,1.,0.));
#2875=DIRECTION('',(0.,1.,0.));
#2876=DIRECTION('',(0.,1.,0.));
#2877=DIRECTION('',(0.,1.,0.));
#2878=DIRECTION('',(0.,1.,0.));
#2879=DIRECTION('',(0.,1.,0.));
#2880=DIRECTION('',(0.,1.,0.));
#2881=DIRECTION('',(0.,1.,0.));
#2882=DIRECTION('',(0.,1.,0.));
#2883=DIRECTION('',(0.,1.,0.));
#2884=DIRECTION('center_axis',(0.,-1.,0.));
#2885=DIRECTION('ref_axis',(1.,0.,0.));
#2886=DIRECTION('',(0.,1.,0.));
#2887=DIRECTION('',(0.,1.,0.));
#2888=DIRECTION('',(0.,1.,0.));
#2889=DIRECTION('',(0.,1.,0.));
#2890=DIRECTION('center_axis',(0.117363675751358,0.,0.993089002866375));
#2891=DIRECTION('ref_axis',(0.993089002866374,0.,-0.117363675751358));
#2892=DIRECTION('',(0.993089002866374,0.,-0.117363675751358));
#2893=DIRECTION('',(0.,1.,0.));
#2894=DIRECTION('',(0.993089002866374,0.,-0.117363675751358));
#2895=DIRECTION('center_axis',(0.998610923360245,0.,-0.0526898827631829));
#2896=DIRECTION('ref_axis',(-0.0526898827631829,0.,-0.998610923360246));
#2897=DIRECTION('',(-0.0526898827631829,0.,-0.998610923360246));
#2898=DIRECTION('',(0.,1.,0.));
#2899=DIRECTION('',(-0.0526898827631829,0.,-0.998610923360246));
#2900=DIRECTION('center_axis',(0.999940907618084,0.,-0.0108711210057575));
#2901=DIRECTION('ref_axis',(-0.0108711210057575,0.,-0.999940907618084));
#2902=DIRECTION('',(-0.0108711210057575,0.,-0.999940907618084));
#2903=DIRECTION('',(0.,1.,0.));
#2904=DIRECTION('',(-0.0108711210057575,0.,-0.999940907618084));
#2905=DIRECTION('',(0.,1.,0.));
#2906=DIRECTION('',(0.,1.,0.));
#2907=DIRECTION('',(0.,1.,0.));
#2908=DIRECTION('',(0.,1.,0.));
#2909=DIRECTION('',(0.,1.,0.));
#2910=DIRECTION('',(0.,1.,0.));
#2911=DIRECTION('',(0.,1.,0.));
#2912=DIRECTION('',(0.,1.,0.));
#2913=DIRECTION('',(0.,1.,0.));
#2914=DIRECTION('',(0.,1.,0.));
#2915=DIRECTION('center_axis',(-1.,0.,0.));
#2916=DIRECTION('ref_axis',(0.,0.,1.));
#2917=DIRECTION('',(0.,0.,1.));
#2918=DIRECTION('',(0.,1.,0.));
#2919=DIRECTION('',(0.,0.,1.));
#2920=DIRECTION('',(0.,1.,0.));
#2921=DIRECTION('',(0.,1.,0.));
#2922=DIRECTION('center_axis',(-1.,0.,0.));
#2923=DIRECTION('ref_axis',(0.,0.,1.));
#2924=DIRECTION('',(0.,0.,1.));
#2925=DIRECTION('',(0.,1.,0.));
#2926=DIRECTION('',(0.,0.,1.));
#2927=DIRECTION('',(0.,1.,0.));
#2928=DIRECTION('',(0.,1.,0.));
#2929=DIRECTION('',(0.,1.,0.));
#2930=DIRECTION('',(0.,1.,0.));
#2931=DIRECTION('',(0.,1.,0.));
#2932=DIRECTION('',(0.,1.,0.));
#2933=DIRECTION('center_axis',(0.,-1.,0.));
#2934=DIRECTION('ref_axis',(1.,0.,0.));
#2935=DIRECTION('center_axis',(0.,1.,0.));
#2936=DIRECTION('ref_axis',(1.,0.,0.));
#2937=DIRECTION('',(1.,0.,0.));
#2938=DIRECTION('',(0.,0.,1.));
#2939=DIRECTION('',(-1.,0.,0.));
#2940=DIRECTION('',(0.,0.,-1.));
#2941=DIRECTION('center_axis',(0.,-0.707106781186546,0.707106781186549));
#2942=DIRECTION('ref_axis',(1.,0.,0.));
#2943=DIRECTION('',(0.,-0.707106781186549,-0.707106781186546));
#2944=DIRECTION('',(0.,0.707106781186549,0.707106781186546));
#2945=DIRECTION('',(-1.,0.,0.));
#2946=DIRECTION('',(0.707106781186546,-0.707106781186549,1.25607396694702E-14));
#2947=DIRECTION('center_axis',(-0.707106781186549,-0.707106781186546,0.));
#2948=DIRECTION('ref_axis',(0.,0.,1.));
#2949=DIRECTION('',(0.707106781186546,-0.707106781186549,0.));
#2950=DIRECTION('',(0.,0.,-1.));
#2951=DIRECTION('',(-4.75934276538508E-15,-0.707106781186548,0.707106781186547));
#2952=DIRECTION('center_axis',(0.,-0.707106781186548,-0.707106781186547));
#2953=DIRECTION('ref_axis',(-1.,0.,0.));
#2954=DIRECTION('',(0.,-0.707106781186547,0.707106781186548));
#2955=DIRECTION('',(1.,0.,0.));
#2956=DIRECTION('',(-0.707106781186552,-0.707106781186542,-5.64251977339468E-15));
#2957=DIRECTION('center_axis',(0.707106781186543,-0.707106781186553,0.));
#2958=DIRECTION('ref_axis',(0.,0.,-1.));
#2959=DIRECTION('',(-0.707106781186552,-0.707106781186542,0.));
#2960=DIRECTION('',(0.,0.,1.));
#2961=DIRECTION('',(0.,1.,0.));
#2962=DIRECTION('',(0.,1.,0.));
#2963=DIRECTION('',(0.,-1.,0.));
#2964=DIRECTION('center_axis',(-1.,0.,0.));
#2965=DIRECTION('ref_axis',(0.,0.,1.));
#2966=DIRECTION('',(0.,-1.,0.));
#2967=DIRECTION('',(0.,0.,1.));
#2968=DIRECTION('',(0.,1.,0.));
#2969=DIRECTION('',(0.,1.,0.));
#2970=DIRECTION('center_axis',(0.,0.,1.));
#2971=DIRECTION('ref_axis',(1.,0.,0.));
#2972=DIRECTION('',(0.,-1.,0.));
#2973=DIRECTION('',(1.,0.,0.));
#2974=DIRECTION('center_axis',(0.,1.,0.));
#2975=DIRECTION('ref_axis',(1.,0.,0.));
#2976=DIRECTION('center_axis',(0.,1.,0.));
#2977=DIRECTION('ref_axis',(0.,0.,1.));
#2978=DIRECTION('',(0.,0.,-1.));
#2979=DIRECTION('',(-1.,0.,0.));
#2980=DIRECTION('',(1.,0.,0.));
#2981=DIRECTION('',(0.,0.,-1.));
#2982=DIRECTION('',(1.,0.,0.));
#2983=DIRECTION('',(0.,0.,1.));
#2984=DIRECTION('',(-1.,0.,0.));
#2985=DIRECTION('',(0.,0.,-1.));
#2986=DIRECTION('',(1.,0.,0.));
#2987=DIRECTION('',(0.,0.,1.));
#2988=DIRECTION('',(-1.,0.,0.));
#2989=DIRECTION('',(0.,0.,-1.));
#2990=DIRECTION('',(-1.,0.,0.));
#2991=DIRECTION('center_axis',(0.,-1.,0.));
#2992=DIRECTION('ref_axis',(0.,0.,-1.));
#2993=DIRECTION('center_axis',(0.,-1.,0.));
#2994=DIRECTION('ref_axis',(0.,0.,-1.));
#2995=DIRECTION('center_axis',(0.,-1.,0.));
#2996=DIRECTION('ref_axis',(0.,0.,1.));
#2997=DIRECTION('center_axis',(0.,-1.,0.));
#2998=DIRECTION('ref_axis',(0.,0.,1.));
#2999=DIRECTION('center_axis',(0.,0.,-1.));
#3000=DIRECTION('ref_axis',(-1.,0.,0.));
#3001=DIRECTION('',(0.,1.,0.));
#3002=DIRECTION('',(0.,-1.,0.));
#3003=DIRECTION('center_axis',(1.,0.,0.));
#3004=DIRECTION('ref_axis',(0.,0.,-1.));
#3005=DIRECTION('',(0.,1.,0.));
#3006=DIRECTION('center_axis',(0.,-1.,0.));
#3007=DIRECTION('ref_axis',(0.,0.,-1.));
#3008=DIRECTION('center_axis',(0.,-1.,0.));
#3009=DIRECTION('ref_axis',(0.,0.,-1.));
#3010=DIRECTION('',(0.,-1.,0.));
#3011=DIRECTION('center_axis',(0.,-1.,0.));
#3012=DIRECTION('ref_axis',(0.,0.,-1.));
#3013=DIRECTION('center_axis',(0.,1.,0.));
#3014=DIRECTION('ref_axis',(0.,0.,-1.));
#3015=DIRECTION('',(1.04972719113862E-16,-0.515038074910054,-0.857167300702112));
#3016=DIRECTION('center_axis',(0.,-1.,0.));
#3017=DIRECTION('ref_axis',(0.,0.,-1.));
#3018=DIRECTION('',(0.,-1.,0.));
#3019=DIRECTION('center_axis',(0.,1.,0.));
#3020=DIRECTION('ref_axis',(0.,0.,-1.));
#3021=DIRECTION('center_axis',(-0.86602540378452,0.,0.499999999999859));
#3022=DIRECTION('ref_axis',(0.499999999999859,0.,0.86602540378452));
#3023=DIRECTION('',(0.499999999999859,0.,0.86602540378452));
#3024=DIRECTION('',(0.,1.,0.));
#3025=DIRECTION('',(0.499999999999859,0.,0.86602540378452));
#3026=DIRECTION('',(0.,1.,0.));
#3027=DIRECTION('center_axis',(-0.866025403784387,0.,-0.50000000000009));
#3028=DIRECTION('ref_axis',(-0.50000000000009,0.,0.866025403784387));
#3029=DIRECTION('',(-0.50000000000009,0.,0.866025403784387));
#3030=DIRECTION('',(0.,1.,0.));
#3031=DIRECTION('',(-0.50000000000009,0.,0.866025403784387));
#3032=DIRECTION('center_axis',(1.06287392120117E-13,0.,-1.));
#3033=DIRECTION('ref_axis',(-1.,0.,-1.06287392120117E-13));
#3034=DIRECTION('',(-1.,0.,-1.06287392120117E-13));
#3035=DIRECTION('',(0.,1.,0.));
#3036=DIRECTION('',(-1.,0.,-1.06287392120117E-13));
#3037=DIRECTION('center_axis',(0.866025403784548,0.,-0.49999999999981));
#3038=DIRECTION('ref_axis',(-0.49999999999981,0.,-0.866025403784548));
#3039=DIRECTION('',(-0.49999999999981,0.,-0.866025403784548));
#3040=DIRECTION('',(0.,1.,0.));
#3041=DIRECTION('',(-0.49999999999981,0.,-0.866025403784548));
#3042=DIRECTION('center_axis',(0.866025403784271,0.,0.500000000000291));
#3043=DIRECTION('ref_axis',(0.500000000000291,0.,-0.866025403784271));
#3044=DIRECTION('',(0.500000000000291,0.,-0.866025403784271));
#3045=DIRECTION('',(0.,1.,0.));
#3046=DIRECTION('',(0.500000000000291,0.,-0.866025403784271));
#3047=DIRECTION('center_axis',(1.11881465389597E-14,0.,1.));
#3048=DIRECTION('ref_axis',(1.,0.,-1.11881465389597E-14));
#3049=DIRECTION('',(1.,0.,-1.11881465389597E-14));
#3050=DIRECTION('',(1.,0.,-1.11881465389597E-14));
#3051=DIRECTION('center_axis',(0.,1.,0.));
#3052=DIRECTION('ref_axis',(0.,0.,-1.));
#3053=DIRECTION('center_axis',(0.,1.,0.));
#3054=DIRECTION('ref_axis',(-1.,0.,0.));
#3055=DIRECTION('center_axis',(0.,1.,0.));
#3056=DIRECTION('ref_axis',(0.,0.,-1.));
#3057=DIRECTION('center_axis',(0.,-1.,0.));
#3058=DIRECTION('ref_axis',(0.,0.,-1.));
#3059=DIRECTION('',(0.,-1.,0.));
#3060=DIRECTION('center_axis',(0.,1.,0.));
#3061=DIRECTION('ref_axis',(0.,0.,-1.));
#3062=DIRECTION('center_axis',(0.,1.,0.));
#3063=DIRECTION('ref_axis',(0.,0.,-1.));
#3064=DIRECTION('',(-1.04972719113862E-16,-0.515038074910054,-0.857167300702112));
#3065=DIRECTION('center_axis',(0.,1.,0.));
#3066=DIRECTION('ref_axis',(0.,0.,-1.));
#3067=DIRECTION('',(0.,-1.,0.));
#3068=DIRECTION('center_axis',(0.,1.,0.));
#3069=DIRECTION('ref_axis',(0.,0.,-1.));
#3070=DIRECTION('center_axis',(-0.86602540378452,0.,-0.499999999999859));
#3071=DIRECTION('ref_axis',(-0.499999999999859,0.,0.86602540378452));
#3072=DIRECTION('',(-0.499999999999859,0.,0.86602540378452));
#3073=DIRECTION('',(0.,1.,0.));
#3074=DIRECTION('',(-0.499999999999859,0.,0.86602540378452));
#3075=DIRECTION('',(0.,1.,0.));
#3076=DIRECTION('center_axis',(-0.866025403784387,0.,0.50000000000009));
#3077=DIRECTION('ref_axis',(0.50000000000009,0.,0.866025403784387));
#3078=DIRECTION('',(0.50000000000009,0.,0.866025403784387));
#3079=DIRECTION('',(0.50000000000009,0.,0.866025403784387));
#3080=DIRECTION('',(0.,1.,0.));
#3081=DIRECTION('center_axis',(1.06287392120117E-13,0.,1.));
#3082=DIRECTION('ref_axis',(1.,0.,-1.06287392120117E-13));
#3083=DIRECTION('',(1.,0.,-1.06287392120117E-13));
#3084=DIRECTION('',(1.,0.,-1.06287392120117E-13));
#3085=DIRECTION('',(0.,1.,0.));
#3086=DIRECTION('center_axis',(0.866025403784548,0.,0.49999999999981));
#3087=DIRECTION('ref_axis',(0.49999999999981,0.,-0.866025403784548));
#3088=DIRECTION('',(0.49999999999981,0.,-0.866025403784548));
#3089=DIRECTION('',(0.49999999999981,0.,-0.866025403784548));
#3090=DIRECTION('',(0.,1.,0.));
#3091=DIRECTION('center_axis',(0.866025403784271,0.,-0.500000000000291));
#3092=DIRECTION('ref_axis',(-0.500000000000291,0.,-0.866025403784271));
#3093=DIRECTION('',(-0.500000000000291,0.,-0.866025403784271));
#3094=DIRECTION('',(-0.500000000000291,0.,-0.866025403784271));
#3095=DIRECTION('',(0.,1.,0.));
#3096=DIRECTION('center_axis',(1.11881465389597E-14,0.,-1.));
#3097=DIRECTION('ref_axis',(-1.,0.,-1.11881465389597E-14));
#3098=DIRECTION('',(-1.,0.,-1.11881465389597E-14));
#3099=DIRECTION('',(-1.,0.,-1.11881465389597E-14));
#3100=DIRECTION('center_axis',(0.,-1.,0.));
#3101=DIRECTION('ref_axis',(0.,0.,-1.));
#3102=DIRECTION('center_axis',(0.,-1.,0.));
#3103=DIRECTION('ref_axis',(1.,0.,0.));
#3104=DIRECTION('center_axis',(0.,1.,0.));
#3105=DIRECTION('ref_axis',(0.,0.,1.));
#3106=DIRECTION('center_axis',(0.,-1.,0.));
#3107=DIRECTION('ref_axis',(0.,0.,1.));
#3108=DIRECTION('',(0.,-1.,0.));
#3109=DIRECTION('center_axis',(0.,1.,0.));
#3110=DIRECTION('ref_axis',(0.,0.,1.));
#3111=DIRECTION('center_axis',(0.,1.,0.));
#3112=DIRECTION('ref_axis',(0.,0.,1.));
#3113=DIRECTION('',(1.04972719113862E-16,-0.515038074910054,0.857167300702112));
#3114=DIRECTION('center_axis',(0.,1.,0.));
#3115=DIRECTION('ref_axis',(0.,0.,1.));
#3116=DIRECTION('',(0.,-1.,0.));
#3117=DIRECTION('center_axis',(0.,1.,0.));
#3118=DIRECTION('ref_axis',(0.,0.,1.));
#3119=DIRECTION('center_axis',(0.86602540378452,0.,0.499999999999859));
#3120=DIRECTION('ref_axis',(0.499999999999859,0.,-0.86602540378452));
#3121=DIRECTION('',(0.499999999999859,0.,-0.86602540378452));
#3122=DIRECTION('',(0.,1.,0.));
#3123=DIRECTION('',(0.499999999999859,0.,-0.86602540378452));
#3124=DIRECTION('',(0.,1.,0.));
#3125=DIRECTION('center_axis',(0.866025403784387,0.,-0.50000000000009));
#3126=DIRECTION('ref_axis',(-0.50000000000009,0.,-0.866025403784387));
#3127=DIRECTION('',(-0.50000000000009,0.,-0.866025403784387));
#3128=DIRECTION('',(-0.50000000000009,0.,-0.866025403784387));
#3129=DIRECTION('',(0.,1.,0.));
#3130=DIRECTION('center_axis',(-1.06287392120117E-13,0.,-1.));
#3131=DIRECTION('ref_axis',(-1.,0.,1.06287392120117E-13));
#3132=DIRECTION('',(-1.,0.,1.06287392120117E-13));
#3133=DIRECTION('',(-1.,0.,1.06287392120117E-13));
#3134=DIRECTION('',(0.,1.,0.));
#3135=DIRECTION('center_axis',(-0.866025403784548,0.,-0.49999999999981));
#3136=DIRECTION('ref_axis',(-0.49999999999981,0.,0.866025403784548));
#3137=DIRECTION('',(-0.49999999999981,0.,0.866025403784548));
#3138=DIRECTION('',(-0.49999999999981,0.,0.866025403784548));
#3139=DIRECTION('',(0.,1.,0.));
#3140=DIRECTION('center_axis',(-0.866025403784271,0.,0.500000000000291));
#3141=DIRECTION('ref_axis',(0.500000000000291,0.,0.866025403784271));
#3142=DIRECTION('',(0.500000000000291,0.,0.866025403784271));
#3143=DIRECTION('',(0.500000000000291,0.,0.866025403784271));
#3144=DIRECTION('',(0.,1.,0.));
#3145=DIRECTION('center_axis',(-1.11881465389597E-14,0.,1.));
#3146=DIRECTION('ref_axis',(1.,0.,1.11881465389597E-14));
#3147=DIRECTION('',(1.,0.,1.11881465389597E-14));
#3148=DIRECTION('',(1.,0.,1.11881465389597E-14));
#3149=DIRECTION('center_axis',(0.,-1.,0.));
#3150=DIRECTION('ref_axis',(0.,0.,1.));
#3151=DIRECTION('center_axis',(0.,-1.,0.));
#3152=DIRECTION('ref_axis',(-1.,0.,0.));
#3153=DIRECTION('center_axis',(0.,-1.,0.));
#3154=DIRECTION('ref_axis',(0.,0.,1.));
#3155=DIRECTION('center_axis',(0.,-1.,0.));
#3156=DIRECTION('ref_axis',(0.,0.,1.));
#3157=DIRECTION('',(0.,-1.,0.));
#3158=DIRECTION('center_axis',(0.,-1.,0.));
#3159=DIRECTION('ref_axis',(0.,0.,1.));
#3160=DIRECTION('center_axis',(0.,1.,0.));
#3161=DIRECTION('ref_axis',(0.,0.,1.));
#3162=DIRECTION('',(-1.04972719113862E-16,-0.515038074910054,0.857167300702112));
#3163=DIRECTION('center_axis',(0.,-1.,0.));
#3164=DIRECTION('ref_axis',(0.,0.,1.));
#3165=DIRECTION('',(0.,-1.,0.));
#3166=DIRECTION('center_axis',(0.,1.,0.));
#3167=DIRECTION('ref_axis',(0.,0.,1.));
#3168=DIRECTION('center_axis',(0.86602540378452,0.,-0.499999999999859));
#3169=DIRECTION('ref_axis',(-0.499999999999859,0.,-0.86602540378452));
#3170=DIRECTION('',(-0.499999999999859,0.,-0.86602540378452));
#3171=DIRECTION('',(0.,1.,0.));
#3172=DIRECTION('',(-0.499999999999859,0.,-0.86602540378452));
#3173=DIRECTION('',(0.,1.,0.));
#3174=DIRECTION('center_axis',(0.866025403784387,0.,0.50000000000009));
#3175=DIRECTION('ref_axis',(0.50000000000009,0.,-0.866025403784387));
#3176=DIRECTION('',(0.50000000000009,0.,-0.866025403784387));
#3177=DIRECTION('',(0.,1.,0.));
#3178=DIRECTION('',(0.50000000000009,0.,-0.866025403784387));
#3179=DIRECTION('center_axis',(-1.06287392120117E-13,0.,1.));
#3180=DIRECTION('ref_axis',(1.,0.,1.06287392120117E-13));
#3181=DIRECTION('',(1.,0.,1.06287392120117E-13));
#3182=DIRECTION('',(0.,1.,0.));
#3183=DIRECTION('',(1.,0.,1.06287392120117E-13));
#3184=DIRECTION('center_axis',(-0.866025403784548,0.,0.49999999999981));
#3185=DIRECTION('ref_axis',(0.49999999999981,0.,0.866025403784548));
#3186=DIRECTION('',(0.49999999999981,0.,0.866025403784548));
#3187=DIRECTION('',(0.,1.,0.));
#3188=DIRECTION('',(0.49999999999981,0.,0.866025403784548));
#3189=DIRECTION('center_axis',(-0.866025403784271,0.,-0.500000000000291));
#3190=DIRECTION('ref_axis',(-0.500000000000291,0.,0.866025403784271));
#3191=DIRECTION('',(-0.500000000000291,0.,0.866025403784271));
#3192=DIRECTION('',(0.,1.,0.));
#3193=DIRECTION('',(-0.500000000000291,0.,0.866025403784271));
#3194=DIRECTION('center_axis',(-1.11881465389597E-14,0.,-1.));
#3195=DIRECTION('ref_axis',(-1.,0.,1.11881465389597E-14));
#3196=DIRECTION('',(-1.,0.,1.11881465389597E-14));
#3197=DIRECTION('',(-1.,0.,1.11881465389597E-14));
#3198=DIRECTION('center_axis',(0.,1.,0.));
#3199=DIRECTION('ref_axis',(0.,0.,1.));
#3200=DIRECTION('center_axis',(0.,1.,0.));
#3201=DIRECTION('ref_axis',(1.,0.,0.));
#3202=DIRECTION('center_axis',(1.,0.,0.));
#3203=DIRECTION('ref_axis',(0.,0.,1.));
#3204=DIRECTION('',(0.,0.,1.));
#3205=DIRECTION('',(0.,1.,0.));
#3206=DIRECTION('',(0.,-1.,0.));
#3207=DIRECTION('center_axis',(0.,0.,-1.));
#3208=DIRECTION('ref_axis',(1.,0.,0.));
#3209=DIRECTION('',(1.,0.,0.));
#3210=DIRECTION('',(0.,-1.,0.));
#3211=DIRECTION('center_axis',(-1.,0.,0.));
#3212=DIRECTION('ref_axis',(0.,0.,-1.));
#3213=DIRECTION('',(0.,0.,-1.));
#3214=DIRECTION('',(0.,1.,0.));
#3215=DIRECTION('center_axis',(0.,0.,1.));
#3216=DIRECTION('ref_axis',(1.,0.,0.));
#3217=DIRECTION('',(-1.,0.,0.));
#3218=DIRECTION('center_axis',(0.,0.,1.));
#3219=DIRECTION('ref_axis',(1.,0.,0.));
#3220=DIRECTION('',(-1.,0.,0.));
#3221=DIRECTION('',(0.,1.,0.));
#3222=DIRECTION('center_axis',(1.,0.,0.));
#3223=DIRECTION('ref_axis',(0.,0.,1.));
#3224=DIRECTION('',(0.,0.,1.));
#3225=DIRECTION('',(0.,-1.,0.));
#3226=DIRECTION('',(0.,-1.,0.));
#3227=DIRECTION('center_axis',(-1.,0.,0.));
#3228=DIRECTION('ref_axis',(0.,0.,-1.));
#3229=DIRECTION('',(0.,0.,-1.));
#3230=DIRECTION('',(0.,-1.,0.));
#3231=DIRECTION('',(0.,-1.,0.));
#3232=DIRECTION('center_axis',(0.,0.,1.));
#3233=DIRECTION('ref_axis',(-1.,0.,0.));
#3234=DIRECTION('',(-1.,0.,0.));
#3235=DIRECTION('center_axis',(0.,0.,-1.));
#3236=DIRECTION('ref_axis',(-1.,0.,0.));
#3237=DIRECTION('',(0.,1.,0.));
#3238=DIRECTION('',(1.,0.,0.));
#3239=DIRECTION('center_axis',(0.,0.,-1.));
#3240=DIRECTION('ref_axis',(-1.,0.,0.));
#3241=DIRECTION('',(1.,0.,0.));
#3242=DIRECTION('center_axis',(-1.,0.,0.));
#3243=DIRECTION('ref_axis',(0.,0.,1.));
#3244=DIRECTION('',(0.,0.,-1.));
#3245=DIRECTION('center_axis',(0.,1.,0.));
#3246=DIRECTION('ref_axis',(0.,0.,1.));
#3247=CARTESIAN_POINT('',(0.,0.,0.));
#3248=CARTESIAN_POINT('Origin',(139.426584243774,0.,66.0081186294557));
#3249=CARTESIAN_POINT('',(139.426584243774,0.,66.0081186294557));
#3250=CARTESIAN_POINT('',(139.426584243774,0.,63.9106884002687));
#3251=CARTESIAN_POINT('',(139.426584243774,0.,61.7540593147279));
#3252=CARTESIAN_POINT('',(139.426584243774,0.005,66.0081186294557));
#3253=CARTESIAN_POINT('',(139.426584243774,0.,66.0081186294557));
#3254=CARTESIAN_POINT('',(139.426584243774,0.005,63.9106884002687));
#3255=CARTESIAN_POINT('Ctrl Pts',(139.426584243774,0.005,66.0081186294557));
#3256=CARTESIAN_POINT('Ctrl Pts',(139.426584243774,0.005,65.5993467966717));
#3257=CARTESIAN_POINT('Ctrl Pts',(139.426584243774,0.005,64.9002033869427));
#3258=CARTESIAN_POINT('Ctrl Pts',(139.426584243774,0.005,64.2010599772137));
#3259=CARTESIAN_POINT('Ctrl Pts',(139.426584243774,0.005,63.9106884002687));
#3260=CARTESIAN_POINT('',(139.426584243774,0.,63.9106884002687));
#3261=CARTESIAN_POINT('Ctrl Pts',(139.409666061401,0.,68.1055440902712));
#3262=CARTESIAN_POINT('Ctrl Pts',(139.409666061401,0.005,68.1055440902712));
#3263=CARTESIAN_POINT('Ctrl Pts',(139.410742660842,0.,67.8151731715283));
#3264=CARTESIAN_POINT('Ctrl Pts',(139.410742660842,0.005,67.8151731715283));
#3265=CARTESIAN_POINT('Ctrl Pts',(139.413334933611,0.,67.116008192224));
#3266=CARTESIAN_POINT('Ctrl Pts',(139.413334933611,0.005,67.116008192224));
#3267=CARTESIAN_POINT('Ctrl Pts',(139.42169576044,0.,66.4168870556536));
#3268=CARTESIAN_POINT('Ctrl Pts',(139.42169576044,0.005,66.4168870556536));
#3269=CARTESIAN_POINT('Ctrl Pts',(139.426584243774,0.,66.0081186294557));
#3270=CARTESIAN_POINT('Ctrl Pts',(139.426584243774,0.005,66.0081186294557));
#3271=CARTESIAN_POINT('',(139.409666061401,0.,68.1055440902712));
#3272=CARTESIAN_POINT('Ctrl Pts',(139.409666061401,0.,68.1055440902712));
#3273=CARTESIAN_POINT('Ctrl Pts',(139.410742660842,0.,67.8151731715283));
#3274=CARTESIAN_POINT('Ctrl Pts',(139.413334933611,0.,67.116008192224));
#3275=CARTESIAN_POINT('Ctrl Pts',(139.42169576044,0.,66.4168870556536));
#3276=CARTESIAN_POINT('Ctrl Pts',(139.426584243774,0.,66.0081186294557));
#3277=CARTESIAN_POINT('',(139.409666061401,0.005,68.1055440902712));
#3278=CARTESIAN_POINT('',(139.409666061401,0.,68.1055440902712));
#3279=CARTESIAN_POINT('Ctrl Pts',(139.409666061401,0.005,68.1055440902712));
#3280=CARTESIAN_POINT('Ctrl Pts',(139.410742660842,0.005,67.8151731715283));
#3281=CARTESIAN_POINT('Ctrl Pts',(139.413334933611,0.005,67.116008192224));
#3282=CARTESIAN_POINT('Ctrl Pts',(139.42169576044,0.005,66.4168870556536));
#3283=CARTESIAN_POINT('Ctrl Pts',(139.426584243774,0.005,66.0081186294557));
#3284=CARTESIAN_POINT('Ctrl Pts',(137.718191146851,0.,70.4228677749635));
#3285=CARTESIAN_POINT('Ctrl Pts',(137.718191146851,0.005,70.4228677749635));
#3286=CARTESIAN_POINT('Ctrl Pts',(138.209615840829,0.,70.2864024776811));
#3287=CARTESIAN_POINT('Ctrl Pts',(138.209615840829,0.005,70.2864024776811));
#3288=CARTESIAN_POINT('Ctrl Pts',(139.331324674205,0.,69.9749115589568));
#3289=CARTESIAN_POINT('Ctrl Pts',(139.331324674205,0.005,69.9749115589568));
#3290=CARTESIAN_POINT('Ctrl Pts',(139.38148253865,0.,68.778054017268));
#3291=CARTESIAN_POINT('Ctrl Pts',(139.38148253865,0.005,68.778054017268));
#3292=CARTESIAN_POINT('Ctrl Pts',(139.409666061401,0.,68.1055440902712));
#3293=CARTESIAN_POINT('Ctrl Pts',(139.409666061401,0.005,68.1055440902712));
#3294=CARTESIAN_POINT('',(137.718191146851,0.,70.4228677749635));
#3295=CARTESIAN_POINT('Ctrl Pts',(137.718191146851,0.,70.4228677749635));
#3296=CARTESIAN_POINT('Ctrl Pts',(138.209615840829,0.,70.2864024776811));
#3297=CARTESIAN_POINT('Ctrl Pts',(139.331324674205,0.,69.9749115589568));
#3298=CARTESIAN_POINT('Ctrl Pts',(139.38148253865,0.,68.778054017268));
#3299=CARTESIAN_POINT('Ctrl Pts',(139.409666061401,0.,68.1055440902712));
#3300=CARTESIAN_POINT('',(137.718191146851,0.005,70.4228677749635));
#3301=CARTESIAN_POINT('',(137.718191146851,0.,70.4228677749635));
#3302=CARTESIAN_POINT('Ctrl Pts',(137.718191146851,0.005,70.4228677749635));
#3303=CARTESIAN_POINT('Ctrl Pts',(138.209615840829,0.005,70.2864024776811));
#3304=CARTESIAN_POINT('Ctrl Pts',(139.331324674205,0.005,69.9749115589568));
#3305=CARTESIAN_POINT('Ctrl Pts',(139.38148253865,0.005,68.778054017268));
#3306=CARTESIAN_POINT('Ctrl Pts',(139.409666061401,0.005,68.1055440902712));
#3307=CARTESIAN_POINT('Ctrl Pts',(136.314268112183,0.,69.4079866409303));
#3308=CARTESIAN_POINT('Ctrl Pts',(136.314268112183,0.005,69.4079866409303));
#3309=CARTESIAN_POINT('Ctrl Pts',(136.481028395701,0.,69.7036791268988));
#3310=CARTESIAN_POINT('Ctrl Pts',(136.481028395701,0.005,69.7036791268988));
#3311=CARTESIAN_POINT('Ctrl Pts',(136.795990164907,0.,70.2621564007238));
#3312=CARTESIAN_POINT('Ctrl Pts',(136.795990164907,0.005,70.2621564007238));
#3313=CARTESIAN_POINT('Ctrl Pts',(137.423108248579,0.,70.3714438673508));
#3314=CARTESIAN_POINT('Ctrl Pts',(137.423108248579,0.005,70.3714438673508));
#3315=CARTESIAN_POINT('Ctrl Pts',(137.718191146851,0.,70.4228677749635));
#3316=CARTESIAN_POINT('Ctrl Pts',(137.718191146851,0.005,70.4228677749635));
#3317=CARTESIAN_POINT('',(136.314268112183,0.,69.4079866409303));
#3318=CARTESIAN_POINT('Ctrl Pts',(136.314268112183,0.,69.4079866409303));
#3319=CARTESIAN_POINT('Ctrl Pts',(136.481028395701,0.,69.7036791268988));
#3320=CARTESIAN_POINT('Ctrl Pts',(136.795990164907,0.,70.2621564007238));
#3321=CARTESIAN_POINT('Ctrl Pts',(137.423108248579,0.,70.3714438673508));
#3322=CARTESIAN_POINT('Ctrl Pts',(137.718191146851,0.,70.4228677749635));
#3323=CARTESIAN_POINT('',(136.314268112183,0.005,69.4079866409303));
#3324=CARTESIAN_POINT('',(136.314268112183,0.,69.4079866409303));
#3325=CARTESIAN_POINT('Ctrl Pts',(136.314268112183,0.005,69.4079866409303));
#3326=CARTESIAN_POINT('Ctrl Pts',(136.481028395701,0.005,69.7036791268988));
#3327=CARTESIAN_POINT('Ctrl Pts',(136.795990164907,0.005,70.2621564007238));
#3328=CARTESIAN_POINT('Ctrl Pts',(137.423108248579,0.005,70.3714438673508));
#3329=CARTESIAN_POINT('Ctrl Pts',(137.718191146851,0.005,70.4228677749635));
#3330=CARTESIAN_POINT('Ctrl Pts',(135.942144393921,0.,67.5642766952516));
#3331=CARTESIAN_POINT('Ctrl Pts',(135.942144393921,0.005,67.5642766952516));
#3332=CARTESIAN_POINT('Ctrl Pts',(135.954591293441,0.,67.8965512806462));
#3333=CARTESIAN_POINT('Ctrl Pts',(135.954591293441,0.005,67.8965512806462));
#3334=CARTESIAN_POINT('Ctrl Pts',(135.97839066831,0.,68.5318843934958));
#3335=CARTESIAN_POINT('Ctrl Pts',(135.97839066831,0.005,68.5318843934958));
#3336=CARTESIAN_POINT('Ctrl Pts',(136.205794720932,0.,69.1250448012935));
#3337=CARTESIAN_POINT('Ctrl Pts',(136.205794720932,0.005,69.1250448012935));
#3338=CARTESIAN_POINT('Ctrl Pts',(136.314268112183,0.,69.4079866409303));
#3339=CARTESIAN_POINT('Ctrl Pts',(136.314268112183,0.005,69.4079866409303));
#3340=CARTESIAN_POINT('',(135.942144393921,0.,67.5642766952516));
#3341=CARTESIAN_POINT('Ctrl Pts',(135.942144393921,0.,67.5642766952516));
#3342=CARTESIAN_POINT('Ctrl Pts',(135.954591293441,0.,67.8965512806462));
#3343=CARTESIAN_POINT('Ctrl Pts',(135.97839066831,0.,68.5318843934958));
#3344=CARTESIAN_POINT('Ctrl Pts',(136.205794720932,0.,69.1250448012935));
#3345=CARTESIAN_POINT('Ctrl Pts',(136.314268112183,0.,69.4079866409303));
#3346=CARTESIAN_POINT('',(135.942144393921,0.005,67.5642766952516));
#3347=CARTESIAN_POINT('',(135.942144393921,0.,67.5642766952516));
#3348=CARTESIAN_POINT('Ctrl Pts',(135.942144393921,0.005,67.5642766952516));
#3349=CARTESIAN_POINT('Ctrl Pts',(135.954591293441,0.005,67.8965512806462));
#3350=CARTESIAN_POINT('Ctrl Pts',(135.97839066831,0.005,68.5318843934958));
#3351=CARTESIAN_POINT('Ctrl Pts',(136.205794720932,0.005,69.1250448012935));
#3352=CARTESIAN_POINT('Ctrl Pts',(136.314268112183,0.005,69.4079866409303));
#3353=CARTESIAN_POINT('Ctrl Pts',(135.959053039551,0.,66.2110986709596));
#3354=CARTESIAN_POINT('Ctrl Pts',(135.959053039551,0.005,66.2110986709596));
#3355=CARTESIAN_POINT('Ctrl Pts',(135.954243185292,0.,66.4930043316991));
#3356=CARTESIAN_POINT('Ctrl Pts',(135.954243185292,0.005,66.4930043316991));
#3357=CARTESIAN_POINT('Ctrl Pts',(135.946547652875,0.,66.9440396508589));
#3358=CARTESIAN_POINT('Ctrl Pts',(135.946547652875,0.005,66.9440396508589));
#3359=CARTESIAN_POINT('Ctrl Pts',(135.943345238389,0.,67.3951273829717));
#3360=CARTESIAN_POINT('Ctrl Pts',(135.943345238389,0.005,67.3951273829717));
#3361=CARTESIAN_POINT('Ctrl Pts',(135.942144393921,0.,67.5642766952516));
#3362=CARTESIAN_POINT('Ctrl Pts',(135.942144393921,0.005,67.5642766952516));
#3363=CARTESIAN_POINT('',(135.959053039551,0.,66.2110986709596));
#3364=CARTESIAN_POINT('Ctrl Pts',(135.959053039551,0.,66.2110986709596));
#3365=CARTESIAN_POINT('Ctrl Pts',(135.954243185292,0.,66.4930043316991));
#3366=CARTESIAN_POINT('Ctrl Pts',(135.946547652875,0.,66.9440396508589));
#3367=CARTESIAN_POINT('Ctrl Pts',(135.943345238389,0.,67.3951273829717));
#3368=CARTESIAN_POINT('Ctrl Pts',(135.942144393921,0.,67.5642766952516));
#3369=CARTESIAN_POINT('',(135.959053039551,0.005,66.2110986709596));
#3370=CARTESIAN_POINT('',(135.959053039551,0.,66.2110986709596));
#3371=CARTESIAN_POINT('Ctrl Pts',(135.959053039551,0.005,66.2110986709596));
#3372=CARTESIAN_POINT('Ctrl Pts',(135.954243185292,0.005,66.4930043316991));
#3373=CARTESIAN_POINT('Ctrl Pts',(135.946547652875,0.005,66.9440396508589));
#3374=CARTESIAN_POINT('Ctrl Pts',(135.943345238389,0.005,67.3951273829717));
#3375=CARTESIAN_POINT('Ctrl Pts',(135.942144393921,0.005,67.5642766952516));
#3376=CARTESIAN_POINT('Origin',(135.959053039551,0.,64.5534505844118));
#3377=CARTESIAN_POINT('',(135.959053039551,0.,64.5534505844118));
#3378=CARTESIAN_POINT('',(135.959053039551,0.,61.0267252922059));
#3379=CARTESIAN_POINT('',(135.959053039551,0.005,64.5534505844118));
#3380=CARTESIAN_POINT('',(135.959053039551,0.,64.5534505844118));
#3381=CARTESIAN_POINT('Ctrl Pts',(135.959053039551,0.005,64.5534505844118));
#3382=CARTESIAN_POINT('Ctrl Pts',(135.959053039551,0.005,64.7987133661908));
#3383=CARTESIAN_POINT('Ctrl Pts',(135.959053039551,0.005,65.3512627283733));
#3384=CARTESIAN_POINT('Ctrl Pts',(135.959053039551,0.005,65.903812090556));
#3385=CARTESIAN_POINT('Ctrl Pts',(135.959053039551,0.005,66.2110986709596));
#3386=CARTESIAN_POINT('Ctrl Pts',(129.210071563721,0.,47.3004045486452));
#3387=CARTESIAN_POINT('Ctrl Pts',(129.210071563721,0.005,47.3004045486452));
#3388=CARTESIAN_POINT('Ctrl Pts',(131.133732350473,0.,48.6098122336791));
#3389=CARTESIAN_POINT('Ctrl Pts',(131.133732350473,0.005,48.6098122336791));
#3390=CARTESIAN_POINT('Ctrl Pts',(136.832076360413,0.,52.4885914290366));
#3391=CARTESIAN_POINT('Ctrl Pts',(136.832076360413,0.005,52.4885914290366));
#3392=CARTESIAN_POINT('Ctrl Pts',(136.306923514491,0.,59.7460093807537));
#3393=CARTESIAN_POINT('Ctrl Pts',(136.306923514491,0.005,59.7460093807537));
#3394=CARTESIAN_POINT('Ctrl Pts',(135.959053039551,0.,64.5534505844118));
#3395=CARTESIAN_POINT('Ctrl Pts',(135.959053039551,0.005,64.5534505844118));
#3396=CARTESIAN_POINT('',(129.210071563721,0.,47.3004045486452));
#3397=CARTESIAN_POINT('Ctrl Pts',(129.210071563721,0.,47.3004045486452));
#3398=CARTESIAN_POINT('Ctrl Pts',(131.133732350473,0.,48.6098122336791));
#3399=CARTESIAN_POINT('Ctrl Pts',(136.832076360413,0.,52.4885914290366));
#3400=CARTESIAN_POINT('Ctrl Pts',(136.306923514491,0.,59.7460093807537));
#3401=CARTESIAN_POINT('Ctrl Pts',(135.959053039551,0.,64.5534505844118));
#3402=CARTESIAN_POINT('',(129.210071563721,0.005,47.3004045486452));
#3403=CARTESIAN_POINT('',(129.210071563721,0.,47.3004045486452));
#3404=CARTESIAN_POINT('Ctrl Pts',(129.210071563721,0.005,47.3004045486452));
#3405=CARTESIAN_POINT('Ctrl Pts',(131.133732350473,0.005,48.6098122336791));
#3406=CARTESIAN_POINT('Ctrl Pts',(136.832076360413,0.005,52.4885914290366));
#3407=CARTESIAN_POINT('Ctrl Pts',(136.306923514491,0.005,59.7460093807537));
#3408=CARTESIAN_POINT('Ctrl Pts',(135.959053039551,0.005,64.5534505844118));
#3409=CARTESIAN_POINT('Ctrl Pts',(122.038221359253,0.,57.5507440567018));
#3410=CARTESIAN_POINT('Ctrl Pts',(122.038221359253,0.005,57.5507440567018));
#3411=CARTESIAN_POINT('Ctrl Pts',(122.129284280338,0.,54.580458687681));
#3412=CARTESIAN_POINT('Ctrl Pts',(122.129284280338,0.005,54.580458687681));
#3413=CARTESIAN_POINT('Ctrl Pts',(122.289078016619,0.,49.3683153555423));
#3414=CARTESIAN_POINT('Ctrl Pts',(122.289078016619,0.005,49.3683153555423));
#3415=CARTESIAN_POINT('Ctrl Pts',(127.12852047704,0.,47.922347331565));
#3416=CARTESIAN_POINT('Ctrl Pts',(127.12852047704,0.005,47.922347331565));
#3417=CARTESIAN_POINT('Ctrl Pts',(129.210071563721,0.,47.3004045486452));
#3418=CARTESIAN_POINT('Ctrl Pts',(129.210071563721,0.005,47.3004045486452));
#3419=CARTESIAN_POINT('',(122.038221359253,0.,57.5507440567018));
#3420=CARTESIAN_POINT('Ctrl Pts',(122.038221359253,0.,57.5507440567018));
#3421=CARTESIAN_POINT('Ctrl Pts',(122.129284280338,0.,54.580458687681));
#3422=CARTESIAN_POINT('Ctrl Pts',(122.289078016619,0.,49.3683153555423));
#3423=CARTESIAN_POINT('Ctrl Pts',(127.12852047704,0.,47.922347331565));
#3424=CARTESIAN_POINT('Ctrl Pts',(129.210071563721,0.,47.3004045486452));
#3425=CARTESIAN_POINT('',(122.038221359253,0.005,57.5507440567018));
#3426=CARTESIAN_POINT('',(122.038221359253,0.,57.5507440567018));
#3427=CARTESIAN_POINT('Ctrl Pts',(122.038221359253,0.005,57.5507440567018));
#3428=CARTESIAN_POINT('Ctrl Pts',(122.129284280338,0.005,54.580458687681));
#3429=CARTESIAN_POINT('Ctrl Pts',(122.289078016619,0.005,49.3683153555423));
#3430=CARTESIAN_POINT('Ctrl Pts',(127.12852047704,0.005,47.922347331565));
#3431=CARTESIAN_POINT('Ctrl Pts',(129.210071563721,0.005,47.3004045486452));
#3432=CARTESIAN_POINT('Origin',(122.038221359253,0.,67.4797048568727));
#3433=CARTESIAN_POINT('',(122.038221359253,0.,67.4797048568727));
#3434=CARTESIAN_POINT('',(122.038221359253,0.,62.4898524284364));
#3435=CARTESIAN_POINT('',(122.038221359253,0.005,67.4797048568727));
#3436=CARTESIAN_POINT('',(122.038221359253,0.,67.4797048568727));
#3437=CARTESIAN_POINT('',(122.038221359253,0.005,67.4797048568727));
#3438=CARTESIAN_POINT('Ctrl Pts',(120.482063293457,0.,70.3382959365846));
#3439=CARTESIAN_POINT('Ctrl Pts',(120.482063293457,0.005,70.3382959365846));
#3440=CARTESIAN_POINT('Ctrl Pts',(120.930436660379,0.,70.1407098087277));
#3441=CARTESIAN_POINT('Ctrl Pts',(120.930436660379,0.005,70.1407098087277));
#3442=CARTESIAN_POINT('Ctrl Pts',(122.092699416213,0.,69.6285317570868));
#3443=CARTESIAN_POINT('Ctrl Pts',(122.092699416213,0.005,69.6285317570868));
#3444=CARTESIAN_POINT('Ctrl Pts',(122.058950651864,0.,68.2973489519787));
#3445=CARTESIAN_POINT('Ctrl Pts',(122.058950651864,0.005,68.2973489519787));
#3446=CARTESIAN_POINT('Ctrl Pts',(122.038221359253,0.,67.4797048568727));
#3447=CARTESIAN_POINT('Ctrl Pts',(122.038221359253,0.005,67.4797048568727));
#3448=CARTESIAN_POINT('',(120.482063293457,0.,70.3382959365846));
#3449=CARTESIAN_POINT('Ctrl Pts',(120.482063293457,0.,70.3382959365846));
#3450=CARTESIAN_POINT('Ctrl Pts',(120.930436660379,0.,70.1407098087277));
#3451=CARTESIAN_POINT('Ctrl Pts',(122.092699416213,0.,69.6285317570868));
#3452=CARTESIAN_POINT('Ctrl Pts',(122.058950651864,0.,68.2973489519787));
#3453=CARTESIAN_POINT('Ctrl Pts',(122.038221359253,0.,67.4797048568727));
#3454=CARTESIAN_POINT('',(120.482063293457,0.005,70.3382959365846));
#3455=CARTESIAN_POINT('',(120.482063293457,0.,70.3382959365846));
#3456=CARTESIAN_POINT('Ctrl Pts',(120.482063293457,0.005,70.3382959365846));
#3457=CARTESIAN_POINT('Ctrl Pts',(120.930436660379,0.005,70.1407098087277));
#3458=CARTESIAN_POINT('Ctrl Pts',(122.092699416213,0.005,69.6285317570868));
#3459=CARTESIAN_POINT('Ctrl Pts',(122.058950651864,0.005,68.2973489519787));
#3460=CARTESIAN_POINT('Ctrl Pts',(122.038221359253,0.005,67.4797048568727));
#3461=CARTESIAN_POINT('Ctrl Pts',(118.959732055664,0.,69.1035165786745));
#3462=CARTESIAN_POINT('Ctrl Pts',(118.959732055664,0.005,69.1035165786745));
#3463=CARTESIAN_POINT('Ctrl Pts',(119.117322265779,0.,69.4633033376915));
#3464=CARTESIAN_POINT('Ctrl Pts',(119.117322265779,0.005,69.4633033376915));
#3465=CARTESIAN_POINT('Ctrl Pts',(119.415446986417,0.,70.1439377942546));
#3466=CARTESIAN_POINT('Ctrl Pts',(119.415446986417,0.005,70.1439377942546));
#3467=CARTESIAN_POINT('Ctrl Pts',(120.140348381339,0.,70.2760288635169));
#3468=CARTESIAN_POINT('Ctrl Pts',(120.140348381339,0.005,70.2760288635169));
#3469=CARTESIAN_POINT('Ctrl Pts',(120.482063293457,0.,70.3382959365846));
#3470=CARTESIAN_POINT('Ctrl Pts',(120.482063293457,0.005,70.3382959365846));
#3471=CARTESIAN_POINT('',(118.959732055664,0.,69.1035165786745));
#3472=CARTESIAN_POINT('Ctrl Pts',(118.959732055664,0.,69.1035165786745));
#3473=CARTESIAN_POINT('Ctrl Pts',(119.117322265779,0.,69.4633033376915));
#3474=CARTESIAN_POINT('Ctrl Pts',(119.415446986417,0.,70.1439377942546));
#3475=CARTESIAN_POINT('Ctrl Pts',(120.140348381339,0.,70.2760288635169));
#3476=CARTESIAN_POINT('Ctrl Pts',(120.482063293457,0.,70.3382959365846));
#3477=CARTESIAN_POINT('',(118.959732055664,0.005,69.1035165786745));
#3478=CARTESIAN_POINT('',(118.959732055664,0.,69.1035165786745));
#3479=CARTESIAN_POINT('Ctrl Pts',(118.959732055664,0.005,69.1035165786745));
#3480=CARTESIAN_POINT('Ctrl Pts',(119.117322265779,0.005,69.4633033376915));
#3481=CARTESIAN_POINT('Ctrl Pts',(119.415446986417,0.005,70.1439377942546));
#3482=CARTESIAN_POINT('Ctrl Pts',(120.140348381339,0.005,70.2760288635169));
#3483=CARTESIAN_POINT('Ctrl Pts',(120.482063293457,0.005,70.3382959365846));
#3484=CARTESIAN_POINT('Ctrl Pts',(118.655271530151,0.,66.9553461074831));
#3485=CARTESIAN_POINT('Ctrl Pts',(118.655271530151,0.005,66.9553461074831));
#3486=CARTESIAN_POINT('Ctrl Pts',(118.683032935307,0.,67.3931294023069));
#3487=CARTESIAN_POINT('Ctrl Pts',(118.683032935307,0.005,67.3931294023069));
#3488=CARTESIAN_POINT('Ctrl Pts',(118.728981556094,0.,68.1177158736385));
#3489=CARTESIAN_POINT('Ctrl Pts',(118.728981556094,0.005,68.1177158736385));
#3490=CARTESIAN_POINT('Ctrl Pts',(118.894297357574,0.,68.8239697450561));
#3491=CARTESIAN_POINT('Ctrl Pts',(118.894297357574,0.005,68.8239697450561));
#3492=CARTESIAN_POINT('Ctrl Pts',(118.959732055664,0.,69.1035165786745));
#3493=CARTESIAN_POINT('Ctrl Pts',(118.959732055664,0.005,69.1035165786745));
#3494=CARTESIAN_POINT('',(118.655271530151,0.,66.9553461074831));
#3495=CARTESIAN_POINT('Ctrl Pts',(118.655271530151,0.,66.9553461074831));
#3496=CARTESIAN_POINT('Ctrl Pts',(118.683032935307,0.,67.3931294023069));
#3497=CARTESIAN_POINT('Ctrl Pts',(118.728981556094,0.,68.1177158736385));
#3498=CARTESIAN_POINT('Ctrl Pts',(118.894297357574,0.,68.8239697450561));
#3499=CARTESIAN_POINT('Ctrl Pts',(118.959732055664,0.,69.1035165786745));
#3500=CARTESIAN_POINT('',(118.655271530151,0.005,66.9553461074831));
#3501=CARTESIAN_POINT('',(118.655271530151,0.,66.9553461074831));
#3502=CARTESIAN_POINT('Ctrl Pts',(118.655271530151,0.005,66.9553461074831));
#3503=CARTESIAN_POINT('Ctrl Pts',(118.683032935307,0.005,67.3931294023069));
#3504=CARTESIAN_POINT('Ctrl Pts',(118.728981556094,0.005,68.1177158736385));
#3505=CARTESIAN_POINT('Ctrl Pts',(118.894297357574,0.005,68.8239697450561));
#3506=CARTESIAN_POINT('Ctrl Pts',(118.959732055664,0.005,69.1035165786745));
#3507=CARTESIAN_POINT('Ctrl Pts',(118.553781509399,0.,63.1326093673708));
#3508=CARTESIAN_POINT('Ctrl Pts',(118.553781509399,0.005,63.1326093673708));
#3509=CARTESIAN_POINT('Ctrl Pts',(118.555592096615,0.,63.8460393821662));
#3510=CARTESIAN_POINT('Ctrl Pts',(118.555592096615,0.005,63.8460393821662));
#3511=CARTESIAN_POINT('Ctrl Pts',(118.558828172052,0.,65.1211579331279));
#3512=CARTESIAN_POINT('Ctrl Pts',(118.558828172052,0.005,65.1211579331279));
#3513=CARTESIAN_POINT('Ctrl Pts',(118.625779522519,0.,66.3944584247608));
#3514=CARTESIAN_POINT('Ctrl Pts',(118.625779522519,0.005,66.3944584247608));
#3515=CARTESIAN_POINT('Ctrl Pts',(118.655271530151,0.,66.9553461074831));
#3516=CARTESIAN_POINT('Ctrl Pts',(118.655271530151,0.005,66.9553461074831));
#3517=CARTESIAN_POINT('',(118.553781509399,0.,63.1326093673708));
#3518=CARTESIAN_POINT('Ctrl Pts',(118.553781509399,0.,63.1326093673708));
#3519=CARTESIAN_POINT('Ctrl Pts',(118.555592096615,0.,63.8460393821662));
#3520=CARTESIAN_POINT('Ctrl Pts',(118.558828172052,0.,65.1211579331279));
#3521=CARTESIAN_POINT('Ctrl Pts',(118.625779522519,0.,66.3944584247608));
#3522=CARTESIAN_POINT('Ctrl Pts',(118.655271530151,0.,66.9553461074831));
#3523=CARTESIAN_POINT('',(118.553781509399,0.005,63.1326093673708));
#3524=CARTESIAN_POINT('',(118.553781509399,0.,63.1326093673708));
#3525=CARTESIAN_POINT('Ctrl Pts',(118.553781509399,0.005,63.1326093673708));
#3526=CARTESIAN_POINT('Ctrl Pts',(118.555592096615,0.005,63.8460393821662));
#3527=CARTESIAN_POINT('Ctrl Pts',(118.558828172052,0.005,65.1211579331279));
#3528=CARTESIAN_POINT('Ctrl Pts',(118.625779522519,0.005,66.3944584247608));
#3529=CARTESIAN_POINT('Ctrl Pts',(118.655271530151,0.005,66.9553461074831));
#3530=CARTESIAN_POINT('Ctrl Pts',(118.807506561279,0.,54.556836128235));
#3531=CARTESIAN_POINT('Ctrl Pts',(118.807506561279,0.005,54.556836128235));
#3532=CARTESIAN_POINT('Ctrl Pts',(118.734549864655,0.,55.6291737071032));
#3533=CARTESIAN_POINT('Ctrl Pts',(118.734549864655,0.005,55.6291737071032));
#3534=CARTESIAN_POINT('Ctrl Pts',(118.540329634881,0.,58.4838760250712));
#3535=CARTESIAN_POINT('Ctrl Pts',(118.540329634881,0.005,58.4838760250712));
#3536=CARTESIAN_POINT('Ctrl Pts',(118.548610968081,0.,61.345760419788));
#3537=CARTESIAN_POINT('Ctrl Pts',(118.548610968081,0.005,61.345760419788));
#3538=CARTESIAN_POINT('Ctrl Pts',(118.553781509399,0.,63.1326093673708));
#3539=CARTESIAN_POINT('Ctrl Pts',(118.553781509399,0.005,63.1326093673708));
#3540=CARTESIAN_POINT('',(118.807506561279,0.,54.556836128235));
#3541=CARTESIAN_POINT('Ctrl Pts',(118.807506561279,0.,54.556836128235));
#3542=CARTESIAN_POINT('Ctrl Pts',(118.734549864655,0.,55.6291737071032));
#3543=CARTESIAN_POINT('Ctrl Pts',(118.540329634881,0.,58.4838760250712));
#3544=CARTESIAN_POINT('Ctrl Pts',(118.548610968081,0.,61.345760419788));
#3545=CARTESIAN_POINT('Ctrl Pts',(118.553781509399,0.,63.1326093673708));
#3546=CARTESIAN_POINT('',(118.807506561279,0.005,54.556836128235));
#3547=CARTESIAN_POINT('',(118.807506561279,0.,54.556836128235));
#3548=CARTESIAN_POINT('Ctrl Pts',(118.807506561279,0.005,54.556836128235));
#3549=CARTESIAN_POINT('Ctrl Pts',(118.734549864655,0.005,55.6291737071032));
#3550=CARTESIAN_POINT('Ctrl Pts',(118.540329634881,0.005,58.4838760250712));
#3551=CARTESIAN_POINT('Ctrl Pts',(118.548610968081,0.005,61.345760419788));
#3552=CARTESIAN_POINT('Ctrl Pts',(118.553781509399,0.005,63.1326093673708));
#3553=CARTESIAN_POINT('Ctrl Pts',(121.446208953857,0.,47.3511495590212));
#3554=CARTESIAN_POINT('Ctrl Pts',(121.446208953857,0.005,47.3511495590212));
#3555=CARTESIAN_POINT('Ctrl Pts',(120.805504816944,0.,48.3302093640867));
#3556=CARTESIAN_POINT('Ctrl Pts',(120.805504816944,0.005,48.3302093640867));
#3557=CARTESIAN_POINT('Ctrl Pts',(119.37275935292,0.,50.5195872904936));
#3558=CARTESIAN_POINT('Ctrl Pts',(119.37275935292,0.005,50.5195872904936));
#3559=CARTESIAN_POINT('Ctrl Pts',(119.008740932603,0.,53.1195442762416));
#3560=CARTESIAN_POINT('Ctrl Pts',(119.008740932603,0.005,53.1195442762416));
#3561=CARTESIAN_POINT('Ctrl Pts',(118.807506561279,0.,54.556836128235));
#3562=CARTESIAN_POINT('Ctrl Pts',(118.807506561279,0.005,54.556836128235));
#3563=CARTESIAN_POINT('',(121.446208953857,0.,47.3511495590212));
#3564=CARTESIAN_POINT('Ctrl Pts',(121.446208953857,0.,47.3511495590212));
#3565=CARTESIAN_POINT('Ctrl Pts',(120.805504816944,0.,48.3302093640867));
#3566=CARTESIAN_POINT('Ctrl Pts',(119.37275935292,0.,50.5195872904936));
#3567=CARTESIAN_POINT('Ctrl Pts',(119.008740932603,0.,53.1195442762416));
#3568=CARTESIAN_POINT('Ctrl Pts',(118.807506561279,0.,54.556836128235));
#3569=CARTESIAN_POINT('',(121.446208953857,0.005,47.3511495590212));
#3570=CARTESIAN_POINT('',(121.446208953857,0.,47.3511495590212));
#3571=CARTESIAN_POINT('Ctrl Pts',(121.446208953857,0.005,47.3511495590212));
#3572=CARTESIAN_POINT('Ctrl Pts',(120.805504816944,0.005,48.3302093640867));
#3573=CARTESIAN_POINT('Ctrl Pts',(119.37275935292,0.005,50.5195872904936));
#3574=CARTESIAN_POINT('Ctrl Pts',(119.008740932603,0.005,53.1195442762416));
#3575=CARTESIAN_POINT('Ctrl Pts',(118.807506561279,0.005,54.556836128235));
#3576=CARTESIAN_POINT('Ctrl Pts',(129.2946434021,0.,44.3234052658083));
#3577=CARTESIAN_POINT('Ctrl Pts',(129.2946434021,0.005,44.3234052658083));
#3578=CARTESIAN_POINT('Ctrl Pts',(127.694168606669,0.,44.4043180924586));
#3579=CARTESIAN_POINT('Ctrl Pts',(127.694168606669,0.005,44.4043180924586));
#3580=CARTESIAN_POINT('Ctrl Pts',(124.728635774517,0.,44.5542421304122));
#3581=CARTESIAN_POINT('Ctrl Pts',(124.728635774517,0.005,44.5542421304122));
#3582=CARTESIAN_POINT('Ctrl Pts',(122.480872178152,0.,46.4695283024787));
#3583=CARTESIAN_POINT('Ctrl Pts',(122.480872178152,0.005,46.4695283024787));
#3584=CARTESIAN_POINT('Ctrl Pts',(121.446208953857,0.,47.3511495590212));
#3585=CARTESIAN_POINT('Ctrl Pts',(121.446208953857,0.005,47.3511495590212));
#3586=CARTESIAN_POINT('',(129.2946434021,0.,44.3234052658083));
#3587=CARTESIAN_POINT('Ctrl Pts',(129.2946434021,0.,44.3234052658083));
#3588=CARTESIAN_POINT('Ctrl Pts',(127.694168606669,0.,44.4043180924586));
#3589=CARTESIAN_POINT('Ctrl Pts',(124.728635774517,0.,44.5542421304122));
#3590=CARTESIAN_POINT('Ctrl Pts',(122.480872178152,0.,46.4695283024787));
#3591=CARTESIAN_POINT('Ctrl Pts',(121.446208953857,0.,47.3511495590212));
#3592=CARTESIAN_POINT('',(129.2946434021,0.005,44.3234052658083));
#3593=CARTESIAN_POINT('',(129.2946434021,0.,44.3234052658083));
#3594=CARTESIAN_POINT('Ctrl Pts',(129.2946434021,0.005,44.3234052658083));
#3595=CARTESIAN_POINT('Ctrl Pts',(127.694168606669,0.005,44.4043180924586));
#3596=CARTESIAN_POINT('Ctrl Pts',(124.728635774517,0.005,44.5542421304122));
#3597=CARTESIAN_POINT('Ctrl Pts',(122.480872178152,0.005,46.4695283024787));
#3598=CARTESIAN_POINT('Ctrl Pts',(121.446208953857,0.005,47.3511495590212));
#3599=CARTESIAN_POINT('Ctrl Pts',(139.426584243774,0.,63.9106884002687));
#3600=CARTESIAN_POINT('Ctrl Pts',(139.426584243774,0.005,63.9106884002687));
#3601=CARTESIAN_POINT('Ctrl Pts',(139.619530676269,0.,58.3275062764199));
#3602=CARTESIAN_POINT('Ctrl Pts',(139.619530676269,0.005,58.3275062764199));
#3603=CARTESIAN_POINT('Ctrl Pts',(139.929484061547,0.,49.3585599344834));
#3604=CARTESIAN_POINT('Ctrl Pts',(139.929484061547,0.005,49.3585599344834));
#3605=CARTESIAN_POINT('Ctrl Pts',(132.209083428427,0.,45.703271384639));
#3606=CARTESIAN_POINT('Ctrl Pts',(132.209083428427,0.005,45.703271384639));
#3607=CARTESIAN_POINT('Ctrl Pts',(129.2946434021,0.,44.3234052658083));
#3608=CARTESIAN_POINT('Ctrl Pts',(129.2946434021,0.005,44.3234052658083));
#3609=CARTESIAN_POINT('Ctrl Pts',(139.426584243774,0.,63.9106884002687));
#3610=CARTESIAN_POINT('Ctrl Pts',(139.619530676269,0.,58.3275062764199));
#3611=CARTESIAN_POINT('Ctrl Pts',(139.929484061547,0.,49.3585599344834));
#3612=CARTESIAN_POINT('Ctrl Pts',(132.209083428427,0.,45.703271384639));
#3613=CARTESIAN_POINT('Ctrl Pts',(129.2946434021,0.,44.3234052658083));
#3614=CARTESIAN_POINT('Ctrl Pts',(139.426584243774,0.005,63.9106884002687));
#3615=CARTESIAN_POINT('Ctrl Pts',(139.619530676269,0.005,58.3275062764199));
#3616=CARTESIAN_POINT('Ctrl Pts',(139.929484061547,0.005,49.3585599344834));
#3617=CARTESIAN_POINT('Ctrl Pts',(132.209083428427,0.005,45.703271384639));
#3618=CARTESIAN_POINT('Ctrl Pts',(129.2946434021,0.005,44.3234052658083));
#3619=CARTESIAN_POINT('Origin',(107.751445140515,0.005,57.8044667243959));
#3620=CARTESIAN_POINT('Ctrl Pts',(103.042964935303,0.,44.0358629226686));
#3621=CARTESIAN_POINT('Ctrl Pts',(103.042964935303,0.005,44.0358629226686));
#3622=CARTESIAN_POINT('Ctrl Pts',(102.043420050428,0.,44.0804664169554));
#3623=CARTESIAN_POINT('Ctrl Pts',(102.043420050428,0.005,44.0804664169554));
#3624=CARTESIAN_POINT('Ctrl Pts',(100.089541262824,0.,44.1676559195568));
#3625=CARTESIAN_POINT('Ctrl Pts',(100.089541262824,0.005,44.1676559195568));
#3626=CARTESIAN_POINT('Ctrl Pts',(98.2668003974078,0.,44.8745964496153));
#3627=CARTESIAN_POINT('Ctrl Pts',(98.2668003974078,0.005,44.8745964496153));
#3628=CARTESIAN_POINT('Ctrl Pts',(97.3765182495117,0.,45.2198877334596));
#3629=CARTESIAN_POINT('Ctrl Pts',(97.3765182495117,0.005,45.2198877334596));
#3630=CARTESIAN_POINT('',(103.042964935303,0.,44.0358629226686));
#3631=CARTESIAN_POINT('',(97.3765182495117,0.,45.2198877334596));
#3632=CARTESIAN_POINT('Ctrl Pts',(103.042964935303,0.,44.0358629226686));
#3633=CARTESIAN_POINT('Ctrl Pts',(102.043420050428,0.,44.0804664169554));
#3634=CARTESIAN_POINT('Ctrl Pts',(100.089541262824,0.,44.1676559195568));
#3635=CARTESIAN_POINT('Ctrl Pts',(98.2668003974078,0.,44.8745964496153));
#3636=CARTESIAN_POINT('Ctrl Pts',(97.3765182495117,0.,45.2198877334596));
#3637=CARTESIAN_POINT('',(103.042964935303,0.005,44.0358629226686));
#3638=CARTESIAN_POINT('',(103.042964935303,0.,44.0358629226686));
#3639=CARTESIAN_POINT('',(97.3765182495117,0.005,45.2198877334596));
#3640=CARTESIAN_POINT('Ctrl Pts',(103.042964935303,0.005,44.0358629226686));
#3641=CARTESIAN_POINT('Ctrl Pts',(102.043420050428,0.005,44.0804664169554));
#3642=CARTESIAN_POINT('Ctrl Pts',(100.089541262824,0.005,44.1676559195568));
#3643=CARTESIAN_POINT('Ctrl Pts',(98.2668003974078,0.005,44.8745964496153));
#3644=CARTESIAN_POINT('Ctrl Pts',(97.3765182495117,0.005,45.2198877334596));
#3645=CARTESIAN_POINT('',(97.3765182495117,0.,45.2198877334596));
#3646=CARTESIAN_POINT('Ctrl Pts',(110.536193847656,0.,46.116370201111));
#3647=CARTESIAN_POINT('Ctrl Pts',(110.536193847656,0.005,46.116370201111));
#3648=CARTESIAN_POINT('Ctrl Pts',(109.397713264705,0.,45.5096823754507));
#3649=CARTESIAN_POINT('Ctrl Pts',(109.397713264705,0.005,45.5096823754507));
#3650=CARTESIAN_POINT('Ctrl Pts',(107.056269931223,0.,44.2619446571532));
#3651=CARTESIAN_POINT('Ctrl Pts',(107.056269931223,0.005,44.2619446571532));
#3652=CARTESIAN_POINT('Ctrl Pts',(104.405070828978,0.,44.1125945100528));
#3653=CARTESIAN_POINT('Ctrl Pts',(104.405070828978,0.005,44.1125945100528));
#3654=CARTESIAN_POINT('Ctrl Pts',(103.042964935303,0.,44.0358629226686));
#3655=CARTESIAN_POINT('Ctrl Pts',(103.042964935303,0.005,44.0358629226686));
#3656=CARTESIAN_POINT('',(110.536193847656,0.,46.116370201111));
#3657=CARTESIAN_POINT('Ctrl Pts',(110.536193847656,0.,46.116370201111));
#3658=CARTESIAN_POINT('Ctrl Pts',(109.397713264705,0.,45.5096823754507));
#3659=CARTESIAN_POINT('Ctrl Pts',(107.056269931223,0.,44.2619446571532));
#3660=CARTESIAN_POINT('Ctrl Pts',(104.405070828978,0.,44.1125945100528));
#3661=CARTESIAN_POINT('Ctrl Pts',(103.042964935303,0.,44.0358629226686));
#3662=CARTESIAN_POINT('',(110.536193847656,0.005,46.116370201111));
#3663=CARTESIAN_POINT('',(110.536193847656,0.,46.116370201111));
#3664=CARTESIAN_POINT('Ctrl Pts',(110.536193847656,0.005,46.116370201111));
#3665=CARTESIAN_POINT('Ctrl Pts',(109.397713264705,0.005,45.5096823754507));
#3666=CARTESIAN_POINT('Ctrl Pts',(107.056269931223,0.005,44.2619446571532));
#3667=CARTESIAN_POINT('Ctrl Pts',(104.405070828978,0.005,44.1125945100528));
#3668=CARTESIAN_POINT('Ctrl Pts',(103.042964935303,0.005,44.0358629226686));
#3669=CARTESIAN_POINT('Ctrl Pts',(114.257440567017,0.,52.5439825057985));
#3670=CARTESIAN_POINT('Ctrl Pts',(114.257440567017,0.005,52.5439825057985));
#3671=CARTESIAN_POINT('Ctrl Pts',(114.085285422695,0.,51.2589639212918));
#3672=CARTESIAN_POINT('Ctrl Pts',(114.085285422695,0.005,51.2589639212918));
#3673=CARTESIAN_POINT('Ctrl Pts',(113.730769808251,0.,48.612751083145));
#3674=CARTESIAN_POINT('Ctrl Pts',(113.730769808251,0.005,48.612751083145));
#3675=CARTESIAN_POINT('Ctrl Pts',(111.621294098462,0.,46.9643148280709));
#3676=CARTESIAN_POINT('Ctrl Pts',(111.621294098462,0.005,46.9643148280709));
#3677=CARTESIAN_POINT('Ctrl Pts',(110.536193847656,0.,46.116370201111));
#3678=CARTESIAN_POINT('Ctrl Pts',(110.536193847656,0.005,46.116370201111));
#3679=CARTESIAN_POINT('',(114.257440567017,0.,52.5439825057985));
#3680=CARTESIAN_POINT('Ctrl Pts',(114.257440567017,0.,52.5439825057985));
#3681=CARTESIAN_POINT('Ctrl Pts',(114.085285422695,0.,51.2589639212918));
#3682=CARTESIAN_POINT('Ctrl Pts',(113.730769808251,0.,48.612751083145));
#3683=CARTESIAN_POINT('Ctrl Pts',(111.621294098462,0.,46.9643148280709));
#3684=CARTESIAN_POINT('Ctrl Pts',(110.536193847656,0.,46.116370201111));
#3685=CARTESIAN_POINT('',(114.257440567017,0.005,52.5439825057985));
#3686=CARTESIAN_POINT('',(114.257440567017,0.,52.5439825057985));
#3687=CARTESIAN_POINT('Ctrl Pts',(114.257440567017,0.005,52.5439825057985));
#3688=CARTESIAN_POINT('Ctrl Pts',(114.085285422695,0.005,51.2589639212918));
#3689=CARTESIAN_POINT('Ctrl Pts',(113.730769808251,0.005,48.612751083145));
#3690=CARTESIAN_POINT('Ctrl Pts',(111.621294098462,0.005,46.9643148280709));
#3691=CARTESIAN_POINT('Ctrl Pts',(110.536193847656,0.005,46.116370201111));
#3692=CARTESIAN_POINT('Ctrl Pts',(112.26149559021,0.,57.3308506011965));
#3693=CARTESIAN_POINT('Ctrl Pts',(112.26149559021,0.005,57.3308506011965));
#3694=CARTESIAN_POINT('Ctrl Pts',(112.84364271163,0.,56.6396567569452));
#3695=CARTESIAN_POINT('Ctrl Pts',(112.84364271163,0.005,56.6396567569452));
#3696=CARTESIAN_POINT('Ctrl Pts',(114.010965586362,0.,55.2536731188228));
#3697=CARTESIAN_POINT('Ctrl Pts',(114.010965586362,0.005,55.2536731188228));
#3698=CARTESIAN_POINT('Ctrl Pts',(114.17514025581,0.,53.4487736539025));
#3699=CARTESIAN_POINT('Ctrl Pts',(114.17514025581,0.005,53.4487736539025));
#3700=CARTESIAN_POINT('Ctrl Pts',(114.257440567017,0.,52.5439825057985));
#3701=CARTESIAN_POINT('Ctrl Pts',(114.257440567017,0.005,52.5439825057985));
#3702=CARTESIAN_POINT('',(112.26149559021,0.,57.3308506011965));
#3703=CARTESIAN_POINT('Ctrl Pts',(112.26149559021,0.,57.3308506011965));
#3704=CARTESIAN_POINT('Ctrl Pts',(112.84364271163,0.,56.6396567569452));
#3705=CARTESIAN_POINT('Ctrl Pts',(114.010965586362,0.,55.2536731188228));
#3706=CARTESIAN_POINT('Ctrl Pts',(114.17514025581,0.,53.4487736539025));
#3707=CARTESIAN_POINT('Ctrl Pts',(114.257440567017,0.,52.5439825057985));
#3708=CARTESIAN_POINT('',(112.26149559021,0.005,57.3308506011965));
#3709=CARTESIAN_POINT('',(112.26149559021,0.,57.3308506011965));
#3710=CARTESIAN_POINT('Ctrl Pts',(112.26149559021,0.005,57.3308506011965));
#3711=CARTESIAN_POINT('Ctrl Pts',(112.84364271163,0.005,56.6396567569452));
#3712=CARTESIAN_POINT('Ctrl Pts',(114.010965586362,0.005,55.2536731188228));
#3713=CARTESIAN_POINT('Ctrl Pts',(114.17514025581,0.005,53.4487736539025));
#3714=CARTESIAN_POINT('Ctrl Pts',(114.257440567017,0.005,52.5439825057985));
#3715=CARTESIAN_POINT('Ctrl Pts',(106.206016540527,0.,59.7665777206423));
#3716=CARTESIAN_POINT('Ctrl Pts',(106.206016540527,0.005,59.7665777206423));
#3717=CARTESIAN_POINT('Ctrl Pts',(107.399186803232,0.,59.6189648399392));
#3718=CARTESIAN_POINT('Ctrl Pts',(107.399186803232,0.005,59.6189648399392));
#3719=CARTESIAN_POINT('Ctrl Pts',(109.640092376845,0.,59.3417315418559));
#3720=CARTESIAN_POINT('Ctrl Pts',(109.640092376845,0.005,59.3417315418559));
#3721=CARTESIAN_POINT('Ctrl Pts',(111.42633699211,0.,57.971501569649));
#3722=CARTESIAN_POINT('Ctrl Pts',(111.42633699211,0.005,57.971501569649));
#3723=CARTESIAN_POINT('Ctrl Pts',(112.26149559021,0.,57.3308506011965));
#3724=CARTESIAN_POINT('Ctrl Pts',(112.26149559021,0.005,57.3308506011965));
#3725=CARTESIAN_POINT('',(106.206016540527,0.,59.7665777206423));
#3726=CARTESIAN_POINT('Ctrl Pts',(106.206016540527,0.,59.7665777206423));
#3727=CARTESIAN_POINT('Ctrl Pts',(107.399186803232,0.,59.6189648399392));
#3728=CARTESIAN_POINT('Ctrl Pts',(109.640092376845,0.,59.3417315418559));
#3729=CARTESIAN_POINT('Ctrl Pts',(111.42633699211,0.,57.971501569649));
#3730=CARTESIAN_POINT('Ctrl Pts',(112.26149559021,0.,57.3308506011965));
#3731=CARTESIAN_POINT('',(106.206016540527,0.005,59.7665777206423));
#3732=CARTESIAN_POINT('',(106.206016540527,0.,59.7665777206423));
#3733=CARTESIAN_POINT('Ctrl Pts',(106.206016540527,0.005,59.7665777206423));
#3734=CARTESIAN_POINT('Ctrl Pts',(107.399186803232,0.005,59.6189648399392));
#3735=CARTESIAN_POINT('Ctrl Pts',(109.640092376845,0.005,59.3417315418559));
#3736=CARTESIAN_POINT('Ctrl Pts',(111.42633699211,0.005,57.971501569649));
#3737=CARTESIAN_POINT('Ctrl Pts',(112.26149559021,0.005,57.3308506011965));
#3738=CARTESIAN_POINT('Ctrl Pts',(102.603178024292,0.,60.1725282669069));
#3739=CARTESIAN_POINT('Ctrl Pts',(102.603178024292,0.005,60.1725282669069));
#3740=CARTESIAN_POINT('Ctrl Pts',(103.057762279126,0.,60.0962289281152));
#3741=CARTESIAN_POINT('Ctrl Pts',(103.057762279126,0.005,60.0962289281152));
#3742=CARTESIAN_POINT('Ctrl Pts',(104.250867748665,0.,59.8959730735259));
#3743=CARTESIAN_POINT('Ctrl Pts',(104.250867748665,0.005,59.8959730735259));
#3744=CARTESIAN_POINT('Ctrl Pts',(105.458502089379,0.,59.8160496056438));
#3745=CARTESIAN_POINT('Ctrl Pts',(105.458502089379,0.005,59.8160496056438));
#3746=CARTESIAN_POINT('Ctrl Pts',(106.206016540527,0.,59.7665777206423));
#3747=CARTESIAN_POINT('Ctrl Pts',(106.206016540527,0.005,59.7665777206423));
#3748=CARTESIAN_POINT('',(102.603178024292,0.,60.1725282669069));
#3749=CARTESIAN_POINT('Ctrl Pts',(102.603178024292,0.,60.1725282669069));
#3750=CARTESIAN_POINT('Ctrl Pts',(103.057762279126,0.,60.0962289281152));
#3751=CARTESIAN_POINT('Ctrl Pts',(104.250867748665,0.,59.8959730735259));
#3752=CARTESIAN_POINT('Ctrl Pts',(105.458502089379,0.,59.8160496056438));
#3753=CARTESIAN_POINT('Ctrl Pts',(106.206016540527,0.,59.7665777206423));
#3754=CARTESIAN_POINT('',(102.603178024292,0.005,60.1725282669069));
#3755=CARTESIAN_POINT('',(102.603178024292,0.,60.1725282669069));
#3756=CARTESIAN_POINT('Ctrl Pts',(102.603178024292,0.005,60.1725282669069));
#3757=CARTESIAN_POINT('Ctrl Pts',(103.057762279126,0.005,60.0962289281152));
#3758=CARTESIAN_POINT('Ctrl Pts',(104.250867748665,0.005,59.8959730735259));
#3759=CARTESIAN_POINT('Ctrl Pts',(105.458502089379,0.005,59.8160496056438));
#3760=CARTESIAN_POINT('Ctrl Pts',(106.206016540527,0.005,59.7665777206423));
#3761=CARTESIAN_POINT('Ctrl Pts',(100.099792480469,0.,62.1515550613405));
#3762=CARTESIAN_POINT('Ctrl Pts',(100.099792480469,0.005,62.1515550613405));
#3763=CARTESIAN_POINT('Ctrl Pts',(100.267126042984,0.,61.7076060283265));
#3764=CARTESIAN_POINT('Ctrl Pts',(100.267126042984,0.005,61.7076060283265));
#3765=CARTESIAN_POINT('Ctrl Pts',(100.686484022934,0.,60.5950164982434));
#3766=CARTESIAN_POINT('Ctrl Pts',(100.686484022934,0.005,60.5950164982434));
#3767=CARTESIAN_POINT('Ctrl Pts',(101.883686880385,0.,60.3311224611999));
#3768=CARTESIAN_POINT('Ctrl Pts',(101.883686880385,0.005,60.3311224611999));
#3769=CARTESIAN_POINT('Ctrl Pts',(102.603178024292,0.,60.1725282669069));
#3770=CARTESIAN_POINT('Ctrl Pts',(102.603178024292,0.005,60.1725282669069));
#3771=CARTESIAN_POINT('',(100.099792480469,0.,62.1515550613405));
#3772=CARTESIAN_POINT('Ctrl Pts',(100.099792480469,0.,62.1515550613405));
#3773=CARTESIAN_POINT('Ctrl Pts',(100.267126042984,0.,61.7076060283265));
#3774=CARTESIAN_POINT('Ctrl Pts',(100.686484022934,0.,60.5950164982434));
#3775=CARTESIAN_POINT('Ctrl Pts',(101.883686880385,0.,60.3311224611999));
#3776=CARTESIAN_POINT('Ctrl Pts',(102.603178024292,0.,60.1725282669069));
#3777=CARTESIAN_POINT('',(100.099792480469,0.005,62.1515550613405));
#3778=CARTESIAN_POINT('',(100.099792480469,0.,62.1515550613405));
#3779=CARTESIAN_POINT('Ctrl Pts',(100.099792480469,0.005,62.1515550613405));
#3780=CARTESIAN_POINT('Ctrl Pts',(100.267126042984,0.005,61.7076060283265));
#3781=CARTESIAN_POINT('Ctrl Pts',(100.686484022934,0.005,60.5950164982434));
#3782=CARTESIAN_POINT('Ctrl Pts',(101.883686880385,0.005,60.3311224611999));
#3783=CARTESIAN_POINT('Ctrl Pts',(102.603178024292,0.005,60.1725282669069));
#3784=CARTESIAN_POINT('Ctrl Pts',(101.994247436523,0.,65.3146162033083));
#3785=CARTESIAN_POINT('Ctrl Pts',(101.994247436523,0.005,65.3146162033083));
#3786=CARTESIAN_POINT('Ctrl Pts',(101.442362945772,0.,64.8791107039755));
#3787=CARTESIAN_POINT('Ctrl Pts',(101.442362945772,0.005,64.8791107039755));
#3788=CARTESIAN_POINT('Ctrl Pts',(100.403838556586,0.,64.0595858029105));
#3789=CARTESIAN_POINT('Ctrl Pts',(100.403838556586,0.005,64.0595858029105));
#3790=CARTESIAN_POINT('Ctrl Pts',(100.196805604105,0.,62.7603575974511));
#3791=CARTESIAN_POINT('Ctrl Pts',(100.196805604105,0.005,62.7603575974511));
#3792=CARTESIAN_POINT('Ctrl Pts',(100.099792480469,0.,62.1515550613405));
#3793=CARTESIAN_POINT('Ctrl Pts',(100.099792480469,0.005,62.1515550613405));
#3794=CARTESIAN_POINT('',(101.994247436523,0.,65.3146162033083));
#3795=CARTESIAN_POINT('Ctrl Pts',(101.994247436523,0.,65.3146162033083));
#3796=CARTESIAN_POINT('Ctrl Pts',(101.442362945772,0.,64.8791107039755));
#3797=CARTESIAN_POINT('Ctrl Pts',(100.403838556586,0.,64.0595858029105));
#3798=CARTESIAN_POINT('Ctrl Pts',(100.196805604105,0.,62.7603575974511));
#3799=CARTESIAN_POINT('Ctrl Pts',(100.099792480469,0.,62.1515550613405));
#3800=CARTESIAN_POINT('',(101.994247436523,0.005,65.3146162033083));
#3801=CARTESIAN_POINT('',(101.994247436523,0.,65.3146162033083));
#3802=CARTESIAN_POINT('Ctrl Pts',(101.994247436523,0.005,65.3146162033083));
#3803=CARTESIAN_POINT('Ctrl Pts',(101.442362945772,0.005,64.8791107039755));
#3804=CARTESIAN_POINT('Ctrl Pts',(100.403838556586,0.005,64.0595858029105));
#3805=CARTESIAN_POINT('Ctrl Pts',(100.196805604105,0.005,62.7603575974511));
#3806=CARTESIAN_POINT('Ctrl Pts',(100.099792480469,0.005,62.1515550613405));
#3807=CARTESIAN_POINT('Ctrl Pts',(106.476650238037,0.,66.6170492172243));
#3808=CARTESIAN_POINT('Ctrl Pts',(106.476650238037,0.005,66.6170492172243));
#3809=CARTESIAN_POINT('Ctrl Pts',(105.645057494118,0.,66.5642449159089));
#3810=CARTESIAN_POINT('Ctrl Pts',(105.645057494118,0.005,66.5642449159089));
#3811=CARTESIAN_POINT('Ctrl Pts',(104.051774349839,0.,66.4630749576013));
#3812=CARTESIAN_POINT('Ctrl Pts',(104.051774349839,0.005,66.4630749576013));
#3813=CARTESIAN_POINT('Ctrl Pts',(102.659731981742,0.,65.6860726089846));
#3814=CARTESIAN_POINT('Ctrl Pts',(102.659731981742,0.005,65.6860726089846));
#3815=CARTESIAN_POINT('Ctrl Pts',(101.994247436523,0.,65.3146162033083));
#3816=CARTESIAN_POINT('Ctrl Pts',(101.994247436523,0.005,65.3146162033083));
#3817=CARTESIAN_POINT('',(106.476650238037,0.,66.6170492172243));
#3818=CARTESIAN_POINT('Ctrl Pts',(106.476650238037,0.,66.6170492172243));
#3819=CARTESIAN_POINT('Ctrl Pts',(105.645057494118,0.,66.5642449159089));
#3820=CARTESIAN_POINT('Ctrl Pts',(104.051774349839,0.,66.4630749576013));
#3821=CARTESIAN_POINT('Ctrl Pts',(102.659731981742,0.,65.6860726089846));
#3822=CARTESIAN_POINT('Ctrl Pts',(101.994247436523,0.,65.3146162033083));
#3823=CARTESIAN_POINT('',(106.476650238037,0.005,66.6170492172243));
#3824=CARTESIAN_POINT('',(106.476650238037,0.,66.6170492172243));
#3825=CARTESIAN_POINT('Ctrl Pts',(106.476650238037,0.005,66.6170492172243));
#3826=CARTESIAN_POINT('Ctrl Pts',(105.645057494118,0.005,66.5642449159089));
#3827=CARTESIAN_POINT('Ctrl Pts',(104.051774349839,0.005,66.4630749576013));
#3828=CARTESIAN_POINT('Ctrl Pts',(102.659731981742,0.005,65.6860726089846));
#3829=CARTESIAN_POINT('Ctrl Pts',(101.994247436523,0.005,65.3146162033083));
#3830=CARTESIAN_POINT('Ctrl Pts',(109.098434448242,0.,66.2702980041506));
#3831=CARTESIAN_POINT('Ctrl Pts',(109.098434448242,0.005,66.2702980041506));
#3832=CARTESIAN_POINT('Ctrl Pts',(108.599972892452,0.,66.3753832212376));
#3833=CARTESIAN_POINT('Ctrl Pts',(108.599972892452,0.005,66.3753832212376));
#3834=CARTESIAN_POINT('Ctrl Pts',(107.734340030402,0.,66.5578751630325));
#3835=CARTESIAN_POINT('Ctrl Pts',(107.734340030402,0.005,66.5578751630325));
#3836=CARTESIAN_POINT('Ctrl Pts',(106.851233335502,0.,66.5994251571077));
#3837=CARTESIAN_POINT('Ctrl Pts',(106.851233335502,0.005,66.5994251571077));
#3838=CARTESIAN_POINT('Ctrl Pts',(106.476650238037,0.,66.6170492172243));
#3839=CARTESIAN_POINT('Ctrl Pts',(106.476650238037,0.005,66.6170492172243));
#3840=CARTESIAN_POINT('',(109.098434448242,0.,66.2702980041506));
#3841=CARTESIAN_POINT('Ctrl Pts',(109.098434448242,0.,66.2702980041506));
#3842=CARTESIAN_POINT('Ctrl Pts',(108.599972892452,0.,66.3753832212376));
#3843=CARTESIAN_POINT('Ctrl Pts',(107.734340030402,0.,66.5578751630325));
#3844=CARTESIAN_POINT('Ctrl Pts',(106.851233335502,0.,66.5994251571077));
#3845=CARTESIAN_POINT('Ctrl Pts',(106.476650238037,0.,66.6170492172243));
#3846=CARTESIAN_POINT('',(109.098434448242,0.005,66.2702980041506));
#3847=CARTESIAN_POINT('',(109.098434448242,0.,66.2702980041506));
#3848=CARTESIAN_POINT('Ctrl Pts',(109.098434448242,0.005,66.2702980041506));
#3849=CARTESIAN_POINT('Ctrl Pts',(108.599972892452,0.005,66.3753832212376));
#3850=CARTESIAN_POINT('Ctrl Pts',(107.734340030402,0.005,66.5578751630325));
#3851=CARTESIAN_POINT('Ctrl Pts',(106.851233335502,0.005,66.5994251571077));
#3852=CARTESIAN_POINT('Ctrl Pts',(106.476650238037,0.005,66.6170492172243));
#3853=CARTESIAN_POINT('Ctrl Pts',(111.466503143311,0.,65.9066286087038));
#3854=CARTESIAN_POINT('Ctrl Pts',(111.466503143311,0.005,65.9066286087038));
#3855=CARTESIAN_POINT('Ctrl Pts',(111.155620661463,0.,65.9315210696948));
#3856=CARTESIAN_POINT('Ctrl Pts',(111.155620661463,0.005,65.9315210696948));
#3857=CARTESIAN_POINT('Ctrl Pts',(110.358037833643,0.,65.9953837849904));
#3858=CARTESIAN_POINT('Ctrl Pts',(110.358037833643,0.005,65.9953837849904));
#3859=CARTESIAN_POINT('Ctrl Pts',(109.575781980292,0.,66.1661147147418));
#3860=CARTESIAN_POINT('Ctrl Pts',(109.575781980292,0.005,66.1661147147418));
#3861=CARTESIAN_POINT('Ctrl Pts',(109.098434448242,0.,66.2702980041506));
#3862=CARTESIAN_POINT('Ctrl Pts',(109.098434448242,0.005,66.2702980041506));
#3863=CARTESIAN_POINT('',(111.466503143311,0.,65.9066286087038));
#3864=CARTESIAN_POINT('Ctrl Pts',(111.466503143311,0.,65.9066286087038));
#3865=CARTESIAN_POINT('Ctrl Pts',(111.155620661463,0.,65.9315210696948));
#3866=CARTESIAN_POINT('Ctrl Pts',(110.358037833643,0.,65.9953837849904));
#3867=CARTESIAN_POINT('Ctrl Pts',(109.575781980292,0.,66.1661147147418));
#3868=CARTESIAN_POINT('Ctrl Pts',(109.098434448242,0.,66.2702980041506));
#3869=CARTESIAN_POINT('',(111.466503143311,0.005,65.9066286087038));
#3870=CARTESIAN_POINT('',(111.466503143311,0.,65.9066286087038));
#3871=CARTESIAN_POINT('Ctrl Pts',(111.466503143311,0.005,65.9066286087038));
#3872=CARTESIAN_POINT('Ctrl Pts',(111.155620661463,0.005,65.9315210696948));
#3873=CARTESIAN_POINT('Ctrl Pts',(110.358037833643,0.005,65.9953837849904));
#3874=CARTESIAN_POINT('Ctrl Pts',(109.575781980292,0.005,66.1661147147418));
#3875=CARTESIAN_POINT('Ctrl Pts',(109.098434448242,0.005,66.2702980041506));
#3876=CARTESIAN_POINT('Ctrl Pts',(112.988834381104,0.,67.3951282501222));
#3877=CARTESIAN_POINT('Ctrl Pts',(112.988834381104,0.005,67.3951282501222));
#3878=CARTESIAN_POINT('Ctrl Pts',(112.923150380996,0.,66.9609918496103));
#3879=CARTESIAN_POINT('Ctrl Pts',(112.923150380996,0.005,66.9609918496103));
#3880=CARTESIAN_POINT('Ctrl Pts',(112.790591580573,0.,66.0848484908437));
#3881=CARTESIAN_POINT('Ctrl Pts',(112.790591580573,0.005,66.0848484908437));
#3882=CARTESIAN_POINT('Ctrl Pts',(111.910501293641,0.,65.9663899477468));
#3883=CARTESIAN_POINT('Ctrl Pts',(111.910501293641,0.005,65.9663899477468));
#3884=CARTESIAN_POINT('Ctrl Pts',(111.466503143311,0.,65.9066286087038));
#3885=CARTESIAN_POINT('Ctrl Pts',(111.466503143311,0.005,65.9066286087038));
#3886=CARTESIAN_POINT('',(112.988834381104,0.,67.3951282501222));
#3887=CARTESIAN_POINT('Ctrl Pts',(112.988834381104,0.,67.3951282501222));
#3888=CARTESIAN_POINT('Ctrl Pts',(112.923150380996,0.,66.9609918496103));
#3889=CARTESIAN_POINT('Ctrl Pts',(112.790591580573,0.,66.0848484908437));
#3890=CARTESIAN_POINT('Ctrl Pts',(111.910501293641,0.,65.9663899477468));
#3891=CARTESIAN_POINT('Ctrl Pts',(111.466503143311,0.,65.9066286087038));
#3892=CARTESIAN_POINT('',(112.988834381104,0.005,67.3951282501222));
#3893=CARTESIAN_POINT('',(112.988834381104,0.,67.3951282501222));
#3894=CARTESIAN_POINT('Ctrl Pts',(112.988834381104,0.005,67.3951282501222));
#3895=CARTESIAN_POINT('Ctrl Pts',(112.923150380996,0.005,66.9609918496103));
#3896=CARTESIAN_POINT('Ctrl Pts',(112.790591580573,0.005,66.0848484908437));
#3897=CARTESIAN_POINT('Ctrl Pts',(111.910501293641,0.005,65.9663899477468));
#3898=CARTESIAN_POINT('Ctrl Pts',(111.466503143311,0.005,65.9066286087038));
#3899=CARTESIAN_POINT('Ctrl Pts',(110.248641967773,0.,69.2557516098024));
#3900=CARTESIAN_POINT('Ctrl Pts',(110.248641967773,0.005,69.2557516098024));
#3901=CARTESIAN_POINT('Ctrl Pts',(111.022370307417,0.,69.0882433876833));
#3902=CARTESIAN_POINT('Ctrl Pts',(111.022370307417,0.005,69.0882433876833));
#3903=CARTESIAN_POINT('Ctrl Pts',(112.228534051365,0.,68.8271151156774));
#3904=CARTESIAN_POINT('Ctrl Pts',(112.228534051365,0.005,68.8271151156774));
#3905=CARTESIAN_POINT('Ctrl Pts',(112.788186906806,0.,67.7730375269733));
#3906=CARTESIAN_POINT('Ctrl Pts',(112.788186906806,0.005,67.7730375269733));
#3907=CARTESIAN_POINT('Ctrl Pts',(112.988834381104,0.,67.3951282501222));
#3908=CARTESIAN_POINT('Ctrl Pts',(112.988834381104,0.005,67.3951282501222));
#3909=CARTESIAN_POINT('',(110.248641967773,0.,69.2557516098024));
#3910=CARTESIAN_POINT('Ctrl Pts',(110.248641967773,0.,69.2557516098024));
#3911=CARTESIAN_POINT('Ctrl Pts',(111.022370307417,0.,69.0882433876833));
#3912=CARTESIAN_POINT('Ctrl Pts',(112.228534051365,0.,68.8271151156774));
#3913=CARTESIAN_POINT('Ctrl Pts',(112.788186906806,0.,67.7730375269733));
#3914=CARTESIAN_POINT('Ctrl Pts',(112.988834381104,0.,67.3951282501222));
#3915=CARTESIAN_POINT('',(110.248641967773,0.005,69.2557516098024));
#3916=CARTESIAN_POINT('',(110.248641967773,0.,69.2557516098024));
#3917=CARTESIAN_POINT('Ctrl Pts',(110.248641967773,0.005,69.2557516098024));
#3918=CARTESIAN_POINT('Ctrl Pts',(111.022370307417,0.005,69.0882433876833));
#3919=CARTESIAN_POINT('Ctrl Pts',(112.228534051365,0.005,68.8271151156774));
#3920=CARTESIAN_POINT('Ctrl Pts',(112.788186906806,0.005,67.7730375269733));
#3921=CARTESIAN_POINT('Ctrl Pts',(112.988834381104,0.005,67.3951282501222));
#3922=CARTESIAN_POINT('Ctrl Pts',(106.544313430786,0.,69.813937187195));
#3923=CARTESIAN_POINT('Ctrl Pts',(106.544313430786,0.005,69.813937187195));
#3924=CARTESIAN_POINT('Ctrl Pts',(107.129041014934,0.,69.7850618151647));
#3925=CARTESIAN_POINT('Ctrl Pts',(107.129041014934,0.005,69.7850618151647));
#3926=CARTESIAN_POINT('Ctrl Pts',(108.381976169956,0.,69.7231886117928));
#3927=CARTESIAN_POINT('Ctrl Pts',(108.381976169956,0.005,69.7231886117928));
#3928=CARTESIAN_POINT('Ctrl Pts',(109.599382440316,0.,69.4183345035284));
#3929=CARTESIAN_POINT('Ctrl Pts',(109.599382440316,0.005,69.4183345035284));
#3930=CARTESIAN_POINT('Ctrl Pts',(110.248641967773,0.,69.2557516098024));
#3931=CARTESIAN_POINT('Ctrl Pts',(110.248641967773,0.005,69.2557516098024));
#3932=CARTESIAN_POINT('',(106.544313430786,0.,69.813937187195));
#3933=CARTESIAN_POINT('Ctrl Pts',(106.544313430786,0.,69.813937187195));
#3934=CARTESIAN_POINT('Ctrl Pts',(107.129041014934,0.,69.7850618151647));
#3935=CARTESIAN_POINT('Ctrl Pts',(108.381976169956,0.,69.7231886117928));
#3936=CARTESIAN_POINT('Ctrl Pts',(109.599382440316,0.,69.4183345035284));
#3937=CARTESIAN_POINT('Ctrl Pts',(110.248641967773,0.,69.2557516098024));
#3938=CARTESIAN_POINT('',(106.544313430786,0.005,69.813937187195));
#3939=CARTESIAN_POINT('',(106.544313430786,0.,69.813937187195));
#3940=CARTESIAN_POINT('Ctrl Pts',(106.544313430786,0.005,69.813937187195));
#3941=CARTESIAN_POINT('Ctrl Pts',(107.129041014934,0.005,69.7850618151647));
#3942=CARTESIAN_POINT('Ctrl Pts',(108.381976169956,0.005,69.7231886117928));
#3943=CARTESIAN_POINT('Ctrl Pts',(109.599382440316,0.005,69.4183345035284));
#3944=CARTESIAN_POINT('Ctrl Pts',(110.248641967773,0.005,69.2557516098024));
#3945=CARTESIAN_POINT('Ctrl Pts',(99.7953224182129,0.,67.4627866744997));
#3946=CARTESIAN_POINT('Ctrl Pts',(99.7953224182129,0.005,67.4627866744997));
#3947=CARTESIAN_POINT('Ctrl Pts',(100.868484586186,0.,68.148235399034));
#3948=CARTESIAN_POINT('Ctrl Pts',(100.868484586186,0.005,68.148235399034));
#3949=CARTESIAN_POINT('Ctrl Pts',(102.935057140671,0.,69.4681938954321));
#3950=CARTESIAN_POINT('Ctrl Pts',(102.935057140671,0.005,69.4681938954321));
#3951=CARTESIAN_POINT('Ctrl Pts',(105.372583798524,0.,69.7016931048825));
#3952=CARTESIAN_POINT('Ctrl Pts',(105.372583798524,0.005,69.7016931048825));
#3953=CARTESIAN_POINT('Ctrl Pts',(106.544313430786,0.,69.813937187195));
#3954=CARTESIAN_POINT('Ctrl Pts',(106.544313430786,0.005,69.813937187195));
#3955=CARTESIAN_POINT('',(99.7953224182129,0.,67.4627866744997));
#3956=CARTESIAN_POINT('Ctrl Pts',(99.7953224182129,0.,67.4627866744997));
#3957=CARTESIAN_POINT('Ctrl Pts',(100.868484586186,0.,68.148235399034));
#3958=CARTESIAN_POINT('Ctrl Pts',(102.935057140671,0.,69.4681938954321));
#3959=CARTESIAN_POINT('Ctrl Pts',(105.372583798524,0.,69.7016931048825));
#3960=CARTESIAN_POINT('Ctrl Pts',(106.544313430786,0.,69.813937187195));
#3961=CARTESIAN_POINT('',(99.7953224182129,0.005,67.4627866744997));
#3962=CARTESIAN_POINT('',(99.7953224182129,0.,67.4627866744997));
#3963=CARTESIAN_POINT('Ctrl Pts',(99.7953224182129,0.005,67.4627866744997));
#3964=CARTESIAN_POINT('Ctrl Pts',(100.868484586186,0.005,68.148235399034));
#3965=CARTESIAN_POINT('Ctrl Pts',(102.935057140671,0.005,69.4681938954321));
#3966=CARTESIAN_POINT('Ctrl Pts',(105.372583798524,0.005,69.7016931048825));
#3967=CARTESIAN_POINT('Ctrl Pts',(106.544313430786,0.005,69.813937187195));
#3968=CARTESIAN_POINT('Ctrl Pts',(96.3785457611084,0.,61.9654932022096));
#3969=CARTESIAN_POINT('Ctrl Pts',(96.3785457611084,0.005,61.9654932022096));
#3970=CARTESIAN_POINT('Ctrl Pts',(96.5696296992731,0.,62.98047402774));
#3971=CARTESIAN_POINT('Ctrl Pts',(96.5696296992731,0.005,62.98047402774));
#3972=CARTESIAN_POINT('Ctrl Pts',(96.9937427144347,0.,65.2332357322629));
#3973=CARTESIAN_POINT('Ctrl Pts',(96.9937427144347,0.005,65.2332357322629));
#3974=CARTESIAN_POINT('Ctrl Pts',(98.801854581812,0.,66.6721658873265));
#3975=CARTESIAN_POINT('Ctrl Pts',(98.801854581812,0.005,66.6721658873265));
#3976=CARTESIAN_POINT('Ctrl Pts',(99.7953224182129,0.,67.4627866744997));
#3977=CARTESIAN_POINT('Ctrl Pts',(99.7953224182129,0.005,67.4627866744997));
#3978=CARTESIAN_POINT('',(96.3785457611084,0.,61.9654932022096));
#3979=CARTESIAN_POINT('Ctrl Pts',(96.3785457611084,0.,61.9654932022096));
#3980=CARTESIAN_POINT('Ctrl Pts',(96.5696296992731,0.,62.98047402774));
#3981=CARTESIAN_POINT('Ctrl Pts',(96.9937427144347,0.,65.2332357322629));
#3982=CARTESIAN_POINT('Ctrl Pts',(98.801854581812,0.,66.6721658873265));
#3983=CARTESIAN_POINT('Ctrl Pts',(99.7953224182129,0.,67.4627866744997));
#3984=CARTESIAN_POINT('',(96.3785457611084,0.005,61.9654932022096));
#3985=CARTESIAN_POINT('',(96.3785457611084,0.,61.9654932022096));
#3986=CARTESIAN_POINT('Ctrl Pts',(96.3785457611084,0.005,61.9654932022096));
#3987=CARTESIAN_POINT('Ctrl Pts',(96.5696296992731,0.005,62.98047402774));
#3988=CARTESIAN_POINT('Ctrl Pts',(96.9937427144347,0.005,65.2332357322629));
#3989=CARTESIAN_POINT('Ctrl Pts',(98.801854581812,0.005,66.6721658873265));
#3990=CARTESIAN_POINT('Ctrl Pts',(99.7953224182129,0.005,67.4627866744997));
#3991=CARTESIAN_POINT('Ctrl Pts',(98.7804412841797,0.,58.041271209717));
#3992=CARTESIAN_POINT('Ctrl Pts',(98.7804412841797,0.005,58.041271209717));
#3993=CARTESIAN_POINT('Ctrl Pts',(98.0800099914623,0.,58.5364288255301));
#3994=CARTESIAN_POINT('Ctrl Pts',(98.0800099914623,0.005,58.5364288255301));
#3995=CARTESIAN_POINT('Ctrl Pts',(96.7125976453572,0.,59.5030969972276));
#3996=CARTESIAN_POINT('Ctrl Pts',(96.7125976453572,0.005,59.5030969972276));
#3997=CARTESIAN_POINT('Ctrl Pts',(96.488065521494,0.,61.1581903398103));
#3998=CARTESIAN_POINT('Ctrl Pts',(96.488065521494,0.005,61.1581903398103));
#3999=CARTESIAN_POINT('Ctrl Pts',(96.3785457611084,0.,61.9654932022096));
#4000=CARTESIAN_POINT('Ctrl Pts',(96.3785457611084,0.005,61.9654932022096));
#4001=CARTESIAN_POINT('',(98.7804412841797,0.,58.041271209717));
#4002=CARTESIAN_POINT('Ctrl Pts',(98.7804412841797,0.,58.041271209717));
#4003=CARTESIAN_POINT('Ctrl Pts',(98.0800099914623,0.,58.5364288255301));
#4004=CARTESIAN_POINT('Ctrl Pts',(96.7125976453572,0.,59.5030969972276));
#4005=CARTESIAN_POINT('Ctrl Pts',(96.488065521494,0.,61.1581903398103));
#4006=CARTESIAN_POINT('Ctrl Pts',(96.3785457611084,0.,61.9654932022096));
#4007=CARTESIAN_POINT('',(98.7804412841797,0.005,58.041271209717));
#4008=CARTESIAN_POINT('',(98.7804412841797,0.,58.041271209717));
#4009=CARTESIAN_POINT('Ctrl Pts',(98.7804412841797,0.005,58.041271209717));
#4010=CARTESIAN_POINT('Ctrl Pts',(98.0800099914623,0.005,58.5364288255301));
#4011=CARTESIAN_POINT('Ctrl Pts',(96.7125976453572,0.005,59.5030969972276));
#4012=CARTESIAN_POINT('Ctrl Pts',(96.488065521494,0.005,61.1581903398103));
#4013=CARTESIAN_POINT('Ctrl Pts',(96.3785457611084,0.005,61.9654932022096));
#4014=CARTESIAN_POINT('Ctrl Pts',(103.330507278442,0.,56.8741502761842));
#4015=CARTESIAN_POINT('Ctrl Pts',(103.330507278442,0.005,56.8741502761842));
#4016=CARTESIAN_POINT('Ctrl Pts',(102.492475268816,0.,56.9373638203377));
#4017=CARTESIAN_POINT('Ctrl Pts',(102.492475268816,0.005,56.9373638203377));
#4018=CARTESIAN_POINT('Ctrl Pts',(100.904781573591,0.,57.0571250518329));
#4019=CARTESIAN_POINT('Ctrl Pts',(100.904781573591,0.005,57.0571250518329));
#4020=CARTESIAN_POINT('Ctrl Pts',(99.4617824850987,0.,57.725625299109));
#4021=CARTESIAN_POINT('Ctrl Pts',(99.4617824850987,0.005,57.725625299109));
#4022=CARTESIAN_POINT('Ctrl Pts',(98.7804412841797,0.,58.041271209717));
#4023=CARTESIAN_POINT('Ctrl Pts',(98.7804412841797,0.005,58.041271209717));
#4024=CARTESIAN_POINT('',(103.330507278442,0.,56.8741502761842));
#4025=CARTESIAN_POINT('Ctrl Pts',(103.330507278442,0.,56.8741502761842));
#4026=CARTESIAN_POINT('Ctrl Pts',(102.492475268816,0.,56.9373638203377));
#4027=CARTESIAN_POINT('Ctrl Pts',(100.904781573591,0.,57.0571250518329));
#4028=CARTESIAN_POINT('Ctrl Pts',(99.4617824850987,0.,57.725625299109));
#4029=CARTESIAN_POINT('Ctrl Pts',(98.7804412841797,0.,58.041271209717));
#4030=CARTESIAN_POINT('',(103.330507278442,0.005,56.8741502761842));
#4031=CARTESIAN_POINT('',(103.330507278442,0.,56.8741502761842));
#4032=CARTESIAN_POINT('Ctrl Pts',(103.330507278442,0.005,56.8741502761842));
#4033=CARTESIAN_POINT('Ctrl Pts',(102.492475268816,0.005,56.9373638203377));
#4034=CARTESIAN_POINT('Ctrl Pts',(100.904781573591,0.005,57.0571250518329));
#4035=CARTESIAN_POINT('Ctrl Pts',(99.4617824850987,0.005,57.725625299109));
#4036=CARTESIAN_POINT('Ctrl Pts',(98.7804412841797,0.005,58.041271209717));
#4037=CARTESIAN_POINT('Ctrl Pts',(108.388023376465,0.,55.7239522933962));
#4038=CARTESIAN_POINT('Ctrl Pts',(108.388023376465,0.005,55.7239522933962));
#4039=CARTESIAN_POINT('Ctrl Pts',(107.635192267713,0.,56.0387654326764));
#4040=CARTESIAN_POINT('Ctrl Pts',(107.635192267713,0.005,56.0387654326764));
#4041=CARTESIAN_POINT('Ctrl Pts',(106.018331358429,0.,56.714891927336));
#4042=CARTESIAN_POINT('Ctrl Pts',(106.018331358429,0.005,56.714891927336));
#4043=CARTESIAN_POINT('Ctrl Pts',(104.266606597331,0.,56.8186847295385));
#4044=CARTESIAN_POINT('Ctrl Pts',(104.266606597331,0.005,56.8186847295385));
#4045=CARTESIAN_POINT('Ctrl Pts',(103.330507278442,0.,56.8741502761842));
#4046=CARTESIAN_POINT('Ctrl Pts',(103.330507278442,0.005,56.8741502761842));
#4047=CARTESIAN_POINT('',(108.388023376465,0.,55.7239522933962));
#4048=CARTESIAN_POINT('Ctrl Pts',(108.388023376465,0.,55.7239522933962));
#4049=CARTESIAN_POINT('Ctrl Pts',(107.635192267713,0.,56.0387654326764));
#4050=CARTESIAN_POINT('Ctrl Pts',(106.018331358429,0.,56.714891927336));
#4051=CARTESIAN_POINT('Ctrl Pts',(104.266606597331,0.,56.8186847295385));
#4052=CARTESIAN_POINT('Ctrl Pts',(103.330507278442,0.,56.8741502761842));
#4053=CARTESIAN_POINT('',(108.388023376465,0.005,55.7239522933962));
#4054=CARTESIAN_POINT('',(108.388023376465,0.,55.7239522933962));
#4055=CARTESIAN_POINT('Ctrl Pts',(108.388023376465,0.005,55.7239522933962));
#4056=CARTESIAN_POINT('Ctrl Pts',(107.635192267713,0.005,56.0387654326764));
#4057=CARTESIAN_POINT('Ctrl Pts',(106.018331358429,0.005,56.714891927336));
#4058=CARTESIAN_POINT('Ctrl Pts',(104.266606597331,0.005,56.8186847295385));
#4059=CARTESIAN_POINT('Ctrl Pts',(103.330507278442,0.005,56.8741502761842));
#4060=CARTESIAN_POINT('Ctrl Pts',(110.806827545166,0.,52.3579111099245));
#4061=CARTESIAN_POINT('Ctrl Pts',(110.806827545166,0.005,52.3579111099245));
#4062=CARTESIAN_POINT('Ctrl Pts',(110.678778673472,0.,53.0439510463708));
#4063=CARTESIAN_POINT('Ctrl Pts',(110.678778673472,0.005,53.0439510463708));
#4064=CARTESIAN_POINT('Ctrl Pts',(110.401737172109,0.,54.5282400640954));
#4065=CARTESIAN_POINT('Ctrl Pts',(110.401737172109,0.005,54.5282400640954));
#4066=CARTESIAN_POINT('Ctrl Pts',(109.09225923918,0.,55.3057878873214));
#4067=CARTESIAN_POINT('Ctrl Pts',(109.09225923918,0.005,55.3057878873214));
#4068=CARTESIAN_POINT('Ctrl Pts',(108.388023376465,0.,55.7239522933962));
#4069=CARTESIAN_POINT('Ctrl Pts',(108.388023376465,0.005,55.7239522933962));
#4070=CARTESIAN_POINT('',(110.806827545166,0.,52.3579111099245));
#4071=CARTESIAN_POINT('Ctrl Pts',(110.806827545166,0.,52.3579111099245));
#4072=CARTESIAN_POINT('Ctrl Pts',(110.678778673472,0.,53.0439510463708));
#4073=CARTESIAN_POINT('Ctrl Pts',(110.401737172109,0.,54.5282400640954));
#4074=CARTESIAN_POINT('Ctrl Pts',(109.09225923918,0.,55.3057878873214));
#4075=CARTESIAN_POINT('Ctrl Pts',(108.388023376465,0.,55.7239522933962));
#4076=CARTESIAN_POINT('',(110.806827545166,0.005,52.3579111099245));
#4077=CARTESIAN_POINT('',(110.806827545166,0.,52.3579111099245));
#4078=CARTESIAN_POINT('Ctrl Pts',(110.806827545166,0.005,52.3579111099245));
#4079=CARTESIAN_POINT('Ctrl Pts',(110.678778673472,0.005,53.0439510463708));
#4080=CARTESIAN_POINT('Ctrl Pts',(110.401737172109,0.005,54.5282400640954));
#4081=CARTESIAN_POINT('Ctrl Pts',(109.09225923918,0.005,55.3057878873214));
#4082=CARTESIAN_POINT('Ctrl Pts',(108.388023376465,0.005,55.7239522933962));
#4083=CARTESIAN_POINT('Ctrl Pts',(107.931327819824,0.,48.3152952194216));
#4084=CARTESIAN_POINT('Ctrl Pts',(107.931327819824,0.005,48.3152952194216));
#4085=CARTESIAN_POINT('Ctrl Pts',(108.768802003749,0.,48.8139328049705));
#4086=CARTESIAN_POINT('Ctrl Pts',(108.768802003749,0.005,48.8139328049705));
#4087=CARTESIAN_POINT('Ctrl Pts',(110.336224595346,0.,49.7471864283199));
#4088=CARTESIAN_POINT('Ctrl Pts',(110.336224595346,0.005,49.7471864283199));
#4089=CARTESIAN_POINT('Ctrl Pts',(110.65730190304,0.,51.5284001929611));
#4090=CARTESIAN_POINT('Ctrl Pts',(110.65730190304,0.005,51.5284001929611));
#4091=CARTESIAN_POINT('Ctrl Pts',(110.806827545166,0.,52.3579111099245));
#4092=CARTESIAN_POINT('Ctrl Pts',(110.806827545166,0.005,52.3579111099245));
#4093=CARTESIAN_POINT('',(107.931327819824,0.,48.3152952194216));
#4094=CARTESIAN_POINT('Ctrl Pts',(107.931327819824,0.,48.3152952194216));
#4095=CARTESIAN_POINT('Ctrl Pts',(108.768802003749,0.,48.8139328049705));
#4096=CARTESIAN_POINT('Ctrl Pts',(110.336224595346,0.,49.7471864283199));
#4097=CARTESIAN_POINT('Ctrl Pts',(110.65730190304,0.,51.5284001929611));
#4098=CARTESIAN_POINT('Ctrl Pts',(110.806827545166,0.,52.3579111099245));
#4099=CARTESIAN_POINT('',(107.931327819824,0.005,48.3152952194216));
#4100=CARTESIAN_POINT('',(107.931327819824,0.,48.3152952194216));
#4101=CARTESIAN_POINT('Ctrl Pts',(107.931327819824,0.005,48.3152952194216));
#4102=CARTESIAN_POINT('Ctrl Pts',(108.768802003749,0.005,48.8139328049705));
#4103=CARTESIAN_POINT('Ctrl Pts',(110.336224595346,0.005,49.7471864283199));
#4104=CARTESIAN_POINT('Ctrl Pts',(110.65730190304,0.005,51.5284001929611));
#4105=CARTESIAN_POINT('Ctrl Pts',(110.806827545166,0.005,52.3579111099245));
#4106=CARTESIAN_POINT('Ctrl Pts',(103.059873580933,0.,47.1820058822633));
#4107=CARTESIAN_POINT('Ctrl Pts',(103.059873580933,0.005,47.1820058822633));
#4108=CARTESIAN_POINT('Ctrl Pts',(103.914305805617,0.,47.2272259924032));
#4109=CARTESIAN_POINT('Ctrl Pts',(103.914305805617,0.005,47.2272259924032));
#4110=CARTESIAN_POINT('Ctrl Pts',(105.605559144674,0.,47.3167341594141));
#4111=CARTESIAN_POINT('Ctrl Pts',(105.605559144674,0.005,47.3167341594141));
#4112=CARTESIAN_POINT('Ctrl Pts',(107.161472196359,0.,47.984760263115));
#4113=CARTESIAN_POINT('Ctrl Pts',(107.161472196359,0.005,47.984760263115));
#4114=CARTESIAN_POINT('Ctrl Pts',(107.931327819824,0.,48.3152952194216));
#4115=CARTESIAN_POINT('Ctrl Pts',(107.931327819824,0.005,48.3152952194216));
#4116=CARTESIAN_POINT('',(103.059873580933,0.,47.1820058822633));
#4117=CARTESIAN_POINT('Ctrl Pts',(103.059873580933,0.,47.1820058822633));
#4118=CARTESIAN_POINT('Ctrl Pts',(103.914305805617,0.,47.2272259924032));
#4119=CARTESIAN_POINT('Ctrl Pts',(105.605559144674,0.,47.3167341594141));
#4120=CARTESIAN_POINT('Ctrl Pts',(107.161472196359,0.,47.984760263115));
#4121=CARTESIAN_POINT('Ctrl Pts',(107.931327819824,0.,48.3152952194216));
#4122=CARTESIAN_POINT('',(103.059873580933,0.005,47.1820058822633));
#4123=CARTESIAN_POINT('',(103.059873580933,0.,47.1820058822633));
#4124=CARTESIAN_POINT('Ctrl Pts',(103.059873580933,0.005,47.1820058822633));
#4125=CARTESIAN_POINT('Ctrl Pts',(103.914305805617,0.005,47.2272259924032));
#4126=CARTESIAN_POINT('Ctrl Pts',(105.605559144674,0.005,47.3167341594141));
#4127=CARTESIAN_POINT('Ctrl Pts',(107.161472196359,0.005,47.984760263115));
#4128=CARTESIAN_POINT('Ctrl Pts',(107.931327819824,0.005,48.3152952194216));
#4129=CARTESIAN_POINT('Ctrl Pts',(98.8819313049316,0.,48.1292238235475));
#4130=CARTESIAN_POINT('Ctrl Pts',(98.8819313049316,0.005,48.1292238235475));
#4131=CARTESIAN_POINT('Ctrl Pts',(99.460299206574,0.,47.8539894885352));
#4132=CARTESIAN_POINT('Ctrl Pts',(99.460299206574,0.005,47.8539894885352));
#4133=CARTESIAN_POINT('Ctrl Pts',(100.776779123891,0.,47.2275016188402));
#4134=CARTESIAN_POINT('Ctrl Pts',(100.776779123891,0.005,47.2275016188402));
#4135=CARTESIAN_POINT('Ctrl Pts',(102.239672048646,0.,47.1983502226115));
#4136=CARTESIAN_POINT('Ctrl Pts',(102.239672048646,0.005,47.1983502226115));
#4137=CARTESIAN_POINT('Ctrl Pts',(103.059873580933,0.,47.1820058822633));
#4138=CARTESIAN_POINT('Ctrl Pts',(103.059873580933,0.005,47.1820058822633));
#4139=CARTESIAN_POINT('',(98.8819313049316,0.,48.1292238235475));
#4140=CARTESIAN_POINT('Ctrl Pts',(98.8819313049316,0.,48.1292238235475));
#4141=CARTESIAN_POINT('Ctrl Pts',(99.460299206574,0.,47.8539894885352));
#4142=CARTESIAN_POINT('Ctrl Pts',(100.776779123891,0.,47.2275016188402));
#4143=CARTESIAN_POINT('Ctrl Pts',(102.239672048646,0.,47.1983502226115));
#4144=CARTESIAN_POINT('Ctrl Pts',(103.059873580933,0.,47.1820058822633));
#4145=CARTESIAN_POINT('',(98.8819313049316,0.005,48.1292238235475));
#4146=CARTESIAN_POINT('',(98.8819313049316,0.,48.1292238235475));
#4147=CARTESIAN_POINT('Ctrl Pts',(98.8819313049316,0.005,48.1292238235475));
#4148=CARTESIAN_POINT('Ctrl Pts',(99.460299206574,0.005,47.8539894885352));
#4149=CARTESIAN_POINT('Ctrl Pts',(100.776779123891,0.005,47.2275016188402));
#4150=CARTESIAN_POINT('Ctrl Pts',(102.239672048646,0.005,47.1983502226115));
#4151=CARTESIAN_POINT('Ctrl Pts',(103.059873580933,0.005,47.1820058822633));
#4152=CARTESIAN_POINT('Ctrl Pts',(97.3426914215088,0.,49.8714437484743));
#4153=CARTESIAN_POINT('Ctrl Pts',(97.3426914215088,0.005,49.8714437484743));
#4154=CARTESIAN_POINT('Ctrl Pts',(97.5973482876688,0.,49.4961976669027));
#4155=CARTESIAN_POINT('Ctrl Pts',(97.5973482876688,0.005,49.4961976669027));
#4156=CARTESIAN_POINT('Ctrl Pts',(98.0368617093982,0.,48.8485587801568));
#4157=CARTESIAN_POINT('Ctrl Pts',(98.0368617093982,0.005,48.8485587801568));
#4158=CARTESIAN_POINT('Ctrl Pts',(98.6317324479614,0.,48.3421965596081));
#4159=CARTESIAN_POINT('Ctrl Pts',(98.6317324479614,0.005,48.3421965596081));
#4160=CARTESIAN_POINT('Ctrl Pts',(98.8819313049316,0.,48.1292238235475));
#4161=CARTESIAN_POINT('Ctrl Pts',(98.8819313049316,0.005,48.1292238235475));
#4162=CARTESIAN_POINT('',(97.3426914215088,0.,49.8714437484743));
#4163=CARTESIAN_POINT('Ctrl Pts',(97.3426914215088,0.,49.8714437484743));
#4164=CARTESIAN_POINT('Ctrl Pts',(97.5973482876688,0.,49.4961976669027));
#4165=CARTESIAN_POINT('Ctrl Pts',(98.0368617093982,0.,48.8485587801568));
#4166=CARTESIAN_POINT('Ctrl Pts',(98.6317324479614,0.,48.3421965596081));
#4167=CARTESIAN_POINT('Ctrl Pts',(98.8819313049316,0.,48.1292238235475));
#4168=CARTESIAN_POINT('',(97.3426914215088,0.005,49.8714437484743));
#4169=CARTESIAN_POINT('',(97.3426914215088,0.,49.8714437484743));
#4170=CARTESIAN_POINT('Ctrl Pts',(97.3426914215088,0.005,49.8714437484743));
#4171=CARTESIAN_POINT('Ctrl Pts',(97.5973482876688,0.005,49.4961976669027));
#4172=CARTESIAN_POINT('Ctrl Pts',(98.0368617093982,0.005,48.8485587801568));
#4173=CARTESIAN_POINT('Ctrl Pts',(98.6317324479614,0.005,48.3421965596081));
#4174=CARTESIAN_POINT('Ctrl Pts',(98.8819313049316,0.005,48.1292238235475));
#4175=CARTESIAN_POINT('Ctrl Pts',(95.8880233764648,0.,50.8186712265016));
#4176=CARTESIAN_POINT('Ctrl Pts',(95.8880233764648,0.005,50.8186712265016));
#4177=CARTESIAN_POINT('Ctrl Pts',(96.1637869700787,0.,50.7663374688975));
#4178=CARTESIAN_POINT('Ctrl Pts',(96.1637869700787,0.005,50.7663374688975));
#4179=CARTESIAN_POINT('Ctrl Pts',(96.7721906804211,0.,50.650876062679));
#4180=CARTESIAN_POINT('Ctrl Pts',(96.7721906804211,0.005,50.650876062679));
#4181=CARTESIAN_POINT('Ctrl Pts',(97.1410308530528,0.,50.1469574371258));
#4182=CARTESIAN_POINT('Ctrl Pts',(97.1410308530528,0.005,50.1469574371258));
#4183=CARTESIAN_POINT('Ctrl Pts',(97.3426914215088,0.,49.8714437484743));
#4184=CARTESIAN_POINT('Ctrl Pts',(97.3426914215088,0.005,49.8714437484743));
#4185=CARTESIAN_POINT('',(95.8880233764648,0.,50.8186712265016));
#4186=CARTESIAN_POINT('Ctrl Pts',(95.8880233764648,0.,50.8186712265016));
#4187=CARTESIAN_POINT('Ctrl Pts',(96.1637869700787,0.,50.7663374688975));
#4188=CARTESIAN_POINT('Ctrl Pts',(96.7721906804211,0.,50.650876062679));
#4189=CARTESIAN_POINT('Ctrl Pts',(97.1410308530528,0.,50.1469574371258));
#4190=CARTESIAN_POINT('Ctrl Pts',(97.3426914215088,0.,49.8714437484743));
#4191=CARTESIAN_POINT('',(95.8880233764648,0.005,50.8186712265016));
#4192=CARTESIAN_POINT('',(95.8880233764648,0.,50.8186712265016));
#4193=CARTESIAN_POINT('Ctrl Pts',(95.8880233764648,0.005,50.8186712265016));
#4194=CARTESIAN_POINT('Ctrl Pts',(96.1637869700787,0.005,50.7663374688975));
#4195=CARTESIAN_POINT('Ctrl Pts',(96.7721906804211,0.005,50.650876062679));
#4196=CARTESIAN_POINT('Ctrl Pts',(97.1410308530528,0.005,50.1469574371258));
#4197=CARTESIAN_POINT('Ctrl Pts',(97.3426914215088,0.005,49.8714437484743));
#4198=CARTESIAN_POINT('Ctrl Pts',(94.6617031097412,0.,50.3704347610475));
#4199=CARTESIAN_POINT('Ctrl Pts',(94.6617031097412,0.005,50.3704347610475));
#4200=CARTESIAN_POINT('Ctrl Pts',(94.8401485323061,0.,50.501153257306));
#4201=CARTESIAN_POINT('Ctrl Pts',(94.8401485323061,0.005,50.501153257306));
#4202=CARTESIAN_POINT('Ctrl Pts',(95.2052128841638,0.,50.7685776743994));
#4203=CARTESIAN_POINT('Ctrl Pts',(95.2052128841638,0.005,50.7685776743994));
#4204=CARTESIAN_POINT('Ctrl Pts',(95.6570478016434,0.,50.8017259874901));
#4205=CARTESIAN_POINT('Ctrl Pts',(95.6570478016434,0.005,50.8017259874901));
#4206=CARTESIAN_POINT('Ctrl Pts',(95.8880233764648,0.,50.8186712265016));
#4207=CARTESIAN_POINT('Ctrl Pts',(95.8880233764648,0.005,50.8186712265016));
#4208=CARTESIAN_POINT('',(94.6617031097412,0.,50.3704347610475));
#4209=CARTESIAN_POINT('Ctrl Pts',(94.6617031097412,0.,50.3704347610475));
#4210=CARTESIAN_POINT('Ctrl Pts',(94.8401485323061,0.,50.501153257306));
#4211=CARTESIAN_POINT('Ctrl Pts',(95.2052128841638,0.,50.7685776743994));
#4212=CARTESIAN_POINT('Ctrl Pts',(95.6570478016434,0.,50.8017259874901));
#4213=CARTESIAN_POINT('Ctrl Pts',(95.8880233764648,0.,50.8186712265016));
#4214=CARTESIAN_POINT('',(94.6617031097412,0.005,50.3704347610475));
#4215=CARTESIAN_POINT('',(94.6617031097412,0.,50.3704347610475));
#4216=CARTESIAN_POINT('Ctrl Pts',(94.6617031097412,0.005,50.3704347610475));
#4217=CARTESIAN_POINT('Ctrl Pts',(94.8401485323061,0.005,50.501153257306));
#4218=CARTESIAN_POINT('Ctrl Pts',(95.2052128841638,0.005,50.7685776743994));
#4219=CARTESIAN_POINT('Ctrl Pts',(95.6570478016434,0.005,50.8017259874901));
#4220=CARTESIAN_POINT('Ctrl Pts',(95.8880233764648,0.005,50.8186712265016));
#4221=CARTESIAN_POINT('Ctrl Pts',(94.179630279541,0.,49.2117681503298));
#4222=CARTESIAN_POINT('Ctrl Pts',(94.179630279541,0.005,49.2117681503298));
#4223=CARTESIAN_POINT('Ctrl Pts',(94.1940707879747,0.,49.4363617297726));
#4224=CARTESIAN_POINT('Ctrl Pts',(94.1940707879747,0.005,49.4363617297726));
#4225=CARTESIAN_POINT('Ctrl Pts',(94.2224802065786,0.,49.8782141093786));
#4226=CARTESIAN_POINT('Ctrl Pts',(94.2224802065786,0.005,49.8782141093786));
#4227=CARTESIAN_POINT('Ctrl Pts',(94.5169247417294,0.,50.2081870682766));
#4228=CARTESIAN_POINT('Ctrl Pts',(94.5169247417294,0.005,50.2081870682766));
#4229=CARTESIAN_POINT('Ctrl Pts',(94.6617031097412,0.,50.3704347610475));
#4230=CARTESIAN_POINT('Ctrl Pts',(94.6617031097412,0.005,50.3704347610475));
#4231=CARTESIAN_POINT('',(94.179630279541,0.,49.2117681503298));
#4232=CARTESIAN_POINT('Ctrl Pts',(94.179630279541,0.,49.2117681503298));
#4233=CARTESIAN_POINT('Ctrl Pts',(94.1940707879747,0.,49.4363617297726));
#4234=CARTESIAN_POINT('Ctrl Pts',(94.2224802065786,0.,49.8782141093786));
#4235=CARTESIAN_POINT('Ctrl Pts',(94.5169247417294,0.,50.2081870682766));
#4236=CARTESIAN_POINT('Ctrl Pts',(94.6617031097412,0.,50.3704347610475));
#4237=CARTESIAN_POINT('',(94.179630279541,0.005,49.2117681503298));
#4238=CARTESIAN_POINT('',(94.179630279541,0.,49.2117681503298));
#4239=CARTESIAN_POINT('Ctrl Pts',(94.179630279541,0.005,49.2117681503298));
#4240=CARTESIAN_POINT('Ctrl Pts',(94.1940707879747,0.005,49.4363617297726));
#4241=CARTESIAN_POINT('Ctrl Pts',(94.2224802065786,0.005,49.8782141093786));
#4242=CARTESIAN_POINT('Ctrl Pts',(94.5169247417294,0.005,50.2081870682766));
#4243=CARTESIAN_POINT('Ctrl Pts',(94.6617031097412,0.005,50.3704347610475));
#4244=CARTESIAN_POINT('Ctrl Pts',(97.3765182495117,0.,45.2198877334596));
#4245=CARTESIAN_POINT('Ctrl Pts',(97.3765182495117,0.005,45.2198877334596));
#4246=CARTESIAN_POINT('Ctrl Pts',(96.4605020730904,0.,45.7006654805828));
#4247=CARTESIAN_POINT('Ctrl Pts',(96.4605020730904,0.005,45.7006654805828));
#4248=CARTESIAN_POINT('Ctrl Pts',(94.7912971670939,0.,46.5767598060426));
#4249=CARTESIAN_POINT('Ctrl Pts',(94.7912971670939,0.005,46.5767598060426));
#4250=CARTESIAN_POINT('Ctrl Pts',(94.3698143186641,0.,48.3924716668392));
#4251=CARTESIAN_POINT('Ctrl Pts',(94.3698143186641,0.005,48.3924716668392));
#4252=CARTESIAN_POINT('Ctrl Pts',(94.179630279541,0.,49.2117681503298));
#4253=CARTESIAN_POINT('Ctrl Pts',(94.179630279541,0.005,49.2117681503298));
#4254=CARTESIAN_POINT('Ctrl Pts',(97.3765182495117,0.,45.2198877334596));
#4255=CARTESIAN_POINT('Ctrl Pts',(96.4605020730904,0.,45.7006654805828));
#4256=CARTESIAN_POINT('Ctrl Pts',(94.7912971670939,0.,46.5767598060426));
#4257=CARTESIAN_POINT('Ctrl Pts',(94.3698143186641,0.,48.3924716668392));
#4258=CARTESIAN_POINT('Ctrl Pts',(94.179630279541,0.,49.2117681503298));
#4259=CARTESIAN_POINT('Ctrl Pts',(97.3765182495117,0.005,45.2198877334596));
#4260=CARTESIAN_POINT('Ctrl Pts',(96.4605020730904,0.005,45.7006654805828));
#4261=CARTESIAN_POINT('Ctrl Pts',(94.7912971670939,0.005,46.5767598060426));
#4262=CARTESIAN_POINT('Ctrl Pts',(94.3698143186641,0.005,48.3924716668392));
#4263=CARTESIAN_POINT('Ctrl Pts',(94.179630279541,0.005,49.2117681503298));
#4264=CARTESIAN_POINT('Origin',(107.751445140515,0.005,57.8044667243959));
#4265=CARTESIAN_POINT('Ctrl Pts',(87.7858543395996,0.,63.8430299758913));
#4266=CARTESIAN_POINT('Ctrl Pts',(87.7858543395996,0.005,63.8430299758913));
#4267=CARTESIAN_POINT('Ctrl Pts',(87.678218367855,0.,64.4673799673631));
#4268=CARTESIAN_POINT('Ctrl Pts',(87.678218367855,0.005,64.4673799673631));
#4269=CARTESIAN_POINT('Ctrl Pts',(87.4451680645614,0.,65.8192045713087));
#4270=CARTESIAN_POINT('Ctrl Pts',(87.4451680645614,0.005,65.8192045713087));
#4271=CARTESIAN_POINT('Ctrl Pts',(86.3470349246637,0.,66.6568198039174));
#4272=CARTESIAN_POINT('Ctrl Pts',(86.3470349246637,0.005,66.6568198039174));
#4273=CARTESIAN_POINT('Ctrl Pts',(85.75608253479,0.,67.1075763702394));
#4274=CARTESIAN_POINT('Ctrl Pts',(85.75608253479,0.005,67.1075763702394));
#4275=CARTESIAN_POINT('',(87.7858543395996,0.,63.8430299758913));
#4276=CARTESIAN_POINT('',(85.75608253479,0.,67.1075763702394));
#4277=CARTESIAN_POINT('Ctrl Pts',(87.7858543395996,0.,63.8430299758913));
#4278=CARTESIAN_POINT('Ctrl Pts',(87.678218367855,0.,64.4673799673631));
#4279=CARTESIAN_POINT('Ctrl Pts',(87.4451680645614,0.,65.8192045713087));
#4280=CARTESIAN_POINT('Ctrl Pts',(86.3470349246637,0.,66.6568198039174));
#4281=CARTESIAN_POINT('Ctrl Pts',(85.75608253479,0.,67.1075763702394));
#4282=CARTESIAN_POINT('',(87.7858543395996,0.005,63.8430299758913));
#4283=CARTESIAN_POINT('',(87.7858543395996,0.,63.8430299758913));
#4284=CARTESIAN_POINT('',(85.75608253479,0.005,67.1075763702394));
#4285=CARTESIAN_POINT('Ctrl Pts',(87.7858543395996,0.005,63.8430299758913));
#4286=CARTESIAN_POINT('Ctrl Pts',(87.678218367855,0.005,64.4673799673631));
#4287=CARTESIAN_POINT('Ctrl Pts',(87.4451680645614,0.005,65.8192045713087));
#4288=CARTESIAN_POINT('Ctrl Pts',(86.3470349246637,0.005,66.6568198039174));
#4289=CARTESIAN_POINT('Ctrl Pts',(85.75608253479,0.005,67.1075763702394));
#4290=CARTESIAN_POINT('',(85.75608253479,0.,67.1075763702394));
#4291=CARTESIAN_POINT('Ctrl Pts',(85.6546020507812,0.,59.5974292755129));
#4292=CARTESIAN_POINT('Ctrl Pts',(85.6546020507812,0.005,59.5974292755129));
#4293=CARTESIAN_POINT('Ctrl Pts',(86.2762137092308,0.,60.1687588040672));
#4294=CARTESIAN_POINT('Ctrl Pts',(86.2762137092308,0.005,60.1687588040672));
#4295=CARTESIAN_POINT('Ctrl Pts',(87.5226980461627,0.,61.3144150974933));
#4296=CARTESIAN_POINT('Ctrl Pts',(87.5226980461627,0.005,61.3144150974933));
#4297=CARTESIAN_POINT('Ctrl Pts',(87.6979827167158,0.,62.9986895646816));
#4298=CARTESIAN_POINT('Ctrl Pts',(87.6979827167158,0.005,62.9986895646816));
#4299=CARTESIAN_POINT('Ctrl Pts',(87.7858543395996,0.,63.8430299758913));
#4300=CARTESIAN_POINT('Ctrl Pts',(87.7858543395996,0.005,63.8430299758913));
#4301=CARTESIAN_POINT('',(85.6546020507812,0.,59.5974292755129));
#4302=CARTESIAN_POINT('Ctrl Pts',(85.6546020507812,0.,59.5974292755129));
#4303=CARTESIAN_POINT('Ctrl Pts',(86.2762137092308,0.,60.1687588040672));
#4304=CARTESIAN_POINT('Ctrl Pts',(87.5226980461627,0.,61.3144150974933));
#4305=CARTESIAN_POINT('Ctrl Pts',(87.6979827167158,0.,62.9986895646816));
#4306=CARTESIAN_POINT('Ctrl Pts',(87.7858543395996,0.,63.8430299758913));
#4307=CARTESIAN_POINT('',(85.6546020507812,0.005,59.5974292755129));
#4308=CARTESIAN_POINT('',(85.6546020507812,0.,59.5974292755129));
#4309=CARTESIAN_POINT('Ctrl Pts',(85.6546020507812,0.005,59.5974292755129));
#4310=CARTESIAN_POINT('Ctrl Pts',(86.2762137092308,0.005,60.1687588040672));
#4311=CARTESIAN_POINT('Ctrl Pts',(87.5226980461627,0.005,61.3144150974933));
#4312=CARTESIAN_POINT('Ctrl Pts',(87.6979827167158,0.005,62.9986895646816));
#4313=CARTESIAN_POINT('Ctrl Pts',(87.7858543395996,0.005,63.8430299758913));
#4314=CARTESIAN_POINT('Ctrl Pts',(80.8677196502685,0.,58.1596746444704));
#4315=CARTESIAN_POINT('Ctrl Pts',(80.8677196502685,0.005,58.1596746444704));
#4316=CARTESIAN_POINT('Ctrl Pts',(81.762116039587,0.,58.2084865257337));
#4317=CARTESIAN_POINT('Ctrl Pts',(81.762116039587,0.005,58.2084865257337));
#4318=CARTESIAN_POINT('Ctrl Pts',(83.4765785454264,0.,58.3020536971411));
#4319=CARTESIAN_POINT('Ctrl Pts',(83.4765785454264,0.005,58.3020536971411));
#4320=CARTESIAN_POINT('Ctrl Pts',(84.9498858909517,0.,59.1783006017944));
#4321=CARTESIAN_POINT('Ctrl Pts',(84.9498858909517,0.005,59.1783006017944));
#4322=CARTESIAN_POINT('Ctrl Pts',(85.6546020507812,0.,59.5974292755129));
#4323=CARTESIAN_POINT('Ctrl Pts',(85.6546020507812,0.005,59.5974292755129));
#4324=CARTESIAN_POINT('',(80.8677196502685,0.,58.1596746444704));
#4325=CARTESIAN_POINT('Ctrl Pts',(80.8677196502685,0.,58.1596746444704));
#4326=CARTESIAN_POINT('Ctrl Pts',(81.762116039587,0.,58.2084865257337));
#4327=CARTESIAN_POINT('Ctrl Pts',(83.4765785454264,0.,58.3020536971411));
#4328=CARTESIAN_POINT('Ctrl Pts',(84.9498858909517,0.,59.1783006017944));
#4329=CARTESIAN_POINT('Ctrl Pts',(85.6546020507812,0.,59.5974292755129));
#4330=CARTESIAN_POINT('',(80.8677196502685,0.005,58.1596746444704));
#4331=CARTESIAN_POINT('',(80.8677196502685,0.,58.1596746444704));
#4332=CARTESIAN_POINT('Ctrl Pts',(80.8677196502685,0.005,58.1596746444704));
#4333=CARTESIAN_POINT('Ctrl Pts',(81.762116039587,0.005,58.2084865257337));
#4334=CARTESIAN_POINT('Ctrl Pts',(83.4765785454264,0.005,58.3020536971411));
#4335=CARTESIAN_POINT('Ctrl Pts',(84.9498858909517,0.005,59.1783006017944));
#4336=CARTESIAN_POINT('Ctrl Pts',(85.6546020507812,0.005,59.5974292755129));
#4337=CARTESIAN_POINT('Origin',(79.0071010589599,0.,58.3795633316042));
#4338=CARTESIAN_POINT('',(79.0071010589599,0.,58.3795633316042));
#4339=CARTESIAN_POINT('',(93.1085743097052,0.,56.7130452960202));
#4340=CARTESIAN_POINT('',(79.0071010589599,0.005,58.3795633316042));
#4341=CARTESIAN_POINT('',(79.0071010589599,0.,58.3795633316042));
#4342=CARTESIAN_POINT('',(79.0071010589599,0.005,58.3795633316042));
#4343=CARTESIAN_POINT('Origin',(79.3623065948486,0.,65.1116361618044));
#4344=CARTESIAN_POINT('',(79.3623065948486,0.,65.1116361618044));
#4345=CARTESIAN_POINT('',(79.2011153015479,0.,62.0566400638977));
#4346=CARTESIAN_POINT('',(79.3623065948486,0.005,65.1116361618044));
#4347=CARTESIAN_POINT('',(79.3623065948486,0.,65.1116361618044));
#4348=CARTESIAN_POINT('',(79.3623065948486,0.005,65.1116361618044));
#4349=CARTESIAN_POINT('Origin',(79.3961429595947,0.,68.2239522933962));
#4350=CARTESIAN_POINT('',(79.3961429595947,0.,68.2239522933962));
#4351=CARTESIAN_POINT('',(79.3395163873953,0.,63.0153610202015));
#4352=CARTESIAN_POINT('',(79.3961429595947,0.005,68.2239522933962));
#4353=CARTESIAN_POINT('',(79.3961429595947,0.,68.2239522933962));
#4354=CARTESIAN_POINT('',(79.3961429595947,0.005,68.2239522933962));
#4355=CARTESIAN_POINT('Ctrl Pts',(80.3856563568115,0.,68.3254423141481));
#4356=CARTESIAN_POINT('Ctrl Pts',(80.3856563568115,0.005,68.3254423141481));
#4357=CARTESIAN_POINT('Ctrl Pts',(80.2056684988382,0.,68.313901855928));
#4358=CARTESIAN_POINT('Ctrl Pts',(80.2056684988382,0.005,68.313901855928));
#4359=CARTESIAN_POINT('Ctrl Pts',(79.8745096463708,0.,68.2926686186188));
#4360=CARTESIAN_POINT('Ctrl Pts',(79.8745096463708,0.005,68.2926686186188));
#4361=CARTESIAN_POINT('Ctrl Pts',(79.5460718272117,0.,68.2454892463493));
#4362=CARTESIAN_POINT('Ctrl Pts',(79.5460718272117,0.005,68.2454892463493));
#4363=CARTESIAN_POINT('Ctrl Pts',(79.3961429595947,0.,68.2239522933962));
#4364=CARTESIAN_POINT('Ctrl Pts',(79.3961429595947,0.005,68.2239522933962));
#4365=CARTESIAN_POINT('',(80.3856563568115,0.,68.3254423141481));
#4366=CARTESIAN_POINT('Ctrl Pts',(80.3856563568115,0.,68.3254423141481));
#4367=CARTESIAN_POINT('Ctrl Pts',(80.2056684988382,0.,68.313901855928));
#4368=CARTESIAN_POINT('Ctrl Pts',(79.8745096463708,0.,68.2926686186188));
#4369=CARTESIAN_POINT('Ctrl Pts',(79.5460718272117,0.,68.2454892463493));
#4370=CARTESIAN_POINT('Ctrl Pts',(79.3961429595947,0.,68.2239522933962));
#4371=CARTESIAN_POINT('',(80.3856563568115,0.005,68.3254423141481));
#4372=CARTESIAN_POINT('',(80.3856563568115,0.,68.3254423141481));
#4373=CARTESIAN_POINT('Ctrl Pts',(80.3856563568115,0.005,68.3254423141481));
#4374=CARTESIAN_POINT('Ctrl Pts',(80.2056684988382,0.005,68.313901855928));
#4375=CARTESIAN_POINT('Ctrl Pts',(79.8745096463708,0.005,68.2926686186188));
#4376=CARTESIAN_POINT('Ctrl Pts',(79.5460718272117,0.005,68.2454892463493));
#4377=CARTESIAN_POINT('Ctrl Pts',(79.3961429595947,0.005,68.2239522933962));
#4378=CARTESIAN_POINT('Ctrl Pts',(81.7134571075439,0.,68.359269142151));
#4379=CARTESIAN_POINT('Ctrl Pts',(81.7134571075439,0.005,68.359269142151));
#4380=CARTESIAN_POINT('Ctrl Pts',(81.4787204763492,0.,68.358232455842));
#4381=CARTESIAN_POINT('Ctrl Pts',(81.4787204763492,0.005,68.358232455842));
#4382=CARTESIAN_POINT('Ctrl Pts',(81.0358747624268,0.,68.356276680613));
#4383=CARTESIAN_POINT('Ctrl Pts',(81.0358747624268,0.005,68.356276680613));
#4384=CARTESIAN_POINT('Ctrl Pts',(80.5935300166441,0.,68.3353000058872));
#4385=CARTESIAN_POINT('Ctrl Pts',(80.5935300166441,0.005,68.3353000058872));
#4386=CARTESIAN_POINT('Ctrl Pts',(80.3856563568115,0.,68.3254423141481));
#4387=CARTESIAN_POINT('Ctrl Pts',(80.3856563568115,0.005,68.3254423141481));
#4388=CARTESIAN_POINT('',(81.7134571075439,0.,68.359269142151));
#4389=CARTESIAN_POINT('Ctrl Pts',(81.7134571075439,0.,68.359269142151));
#4390=CARTESIAN_POINT('Ctrl Pts',(81.4787204763492,0.,68.358232455842));
#4391=CARTESIAN_POINT('Ctrl Pts',(81.0358747624268,0.,68.356276680613));
#4392=CARTESIAN_POINT('Ctrl Pts',(80.5935300166441,0.,68.3353000058872));
#4393=CARTESIAN_POINT('Ctrl Pts',(80.3856563568115,0.,68.3254423141481));
#4394=CARTESIAN_POINT('',(81.7134571075439,0.005,68.359269142151));
#4395=CARTESIAN_POINT('',(81.7134571075439,0.,68.359269142151));
#4396=CARTESIAN_POINT('Ctrl Pts',(81.7134571075439,0.005,68.359269142151));
#4397=CARTESIAN_POINT('Ctrl Pts',(81.4787204763492,0.005,68.358232455842));
#4398=CARTESIAN_POINT('Ctrl Pts',(81.0358747624268,0.005,68.356276680613));
#4399=CARTESIAN_POINT('Ctrl Pts',(80.5935300166441,0.005,68.3353000058872));
#4400=CARTESIAN_POINT('Ctrl Pts',(80.3856563568115,0.005,68.3254423141481));
#4401=CARTESIAN_POINT('Ctrl Pts',(85.75608253479,0.,67.1075763702394));
#4402=CARTESIAN_POINT('Ctrl Pts',(85.75608253479,0.005,67.1075763702394));
#4403=CARTESIAN_POINT('Ctrl Pts',(85.1223232047477,0.,67.4726423884951));
#4404=CARTESIAN_POINT('Ctrl Pts',(85.1223232047477,0.005,67.4726423884951));
#4405=CARTESIAN_POINT('Ctrl Pts',(83.8686380240373,0.,68.1948058902734));
#4406=CARTESIAN_POINT('Ctrl Pts',(83.8686380240373,0.005,68.1948058902734));
#4407=CARTESIAN_POINT('Ctrl Pts',(82.4265466125826,0.,68.3048528200776));
#4408=CARTESIAN_POINT('Ctrl Pts',(82.4265466125826,0.005,68.3048528200776));
#4409=CARTESIAN_POINT('Ctrl Pts',(81.7134571075439,0.,68.359269142151));
#4410=CARTESIAN_POINT('Ctrl Pts',(81.7134571075439,0.005,68.359269142151));
#4411=CARTESIAN_POINT('Ctrl Pts',(85.75608253479,0.,67.1075763702394));
#4412=CARTESIAN_POINT('Ctrl Pts',(85.1223232047477,0.,67.4726423884951));
#4413=CARTESIAN_POINT('Ctrl Pts',(83.8686380240373,0.,68.1948058902734));
#4414=CARTESIAN_POINT('Ctrl Pts',(82.4265466125826,0.,68.3048528200776));
#4415=CARTESIAN_POINT('Ctrl Pts',(81.7134571075439,0.,68.359269142151));
#4416=CARTESIAN_POINT('Ctrl Pts',(85.75608253479,0.005,67.1075763702394));
#4417=CARTESIAN_POINT('Ctrl Pts',(85.1223232047477,0.005,67.4726423884951));
#4418=CARTESIAN_POINT('Ctrl Pts',(83.8686380240373,0.005,68.1948058902734));
#4419=CARTESIAN_POINT('Ctrl Pts',(82.4265466125826,0.005,68.3048528200776));
#4420=CARTESIAN_POINT('Ctrl Pts',(81.7134571075439,0.005,68.359269142151));
#4421=CARTESIAN_POINT('Ctrl Pts',(90.8812522888183,0.,63.8430299758913));
#4422=CARTESIAN_POINT('Ctrl Pts',(90.8812522888183,0.005,63.8430299758913));
#4423=CARTESIAN_POINT('Ctrl Pts',(90.7548032811884,0.,62.5207035193179));
#4424=CARTESIAN_POINT('Ctrl Pts',(90.7548032811884,0.005,62.5207035193179));
#4425=CARTESIAN_POINT('Ctrl Pts',(90.5047121886498,0.,59.9054036888523));
#4426=CARTESIAN_POINT('Ctrl Pts',(90.5047121886498,0.005,59.9054036888523));
#4427=CARTESIAN_POINT('Ctrl Pts',(88.6287406782446,0.,58.0694004776284));
#4428=CARTESIAN_POINT('Ctrl Pts',(88.6287406782446,0.005,58.0694004776284));
#4429=CARTESIAN_POINT('Ctrl Pts',(87.7012825012207,0.,57.1617021560671));
#4430=CARTESIAN_POINT('Ctrl Pts',(87.7012825012207,0.005,57.1617021560671));
#4431=CARTESIAN_POINT('',(90.8812522888183,0.,63.8430299758913));
#4432=CARTESIAN_POINT('',(87.7012825012207,0.,57.1617021560671));
#4433=CARTESIAN_POINT('Ctrl Pts',(90.8812522888183,0.,63.8430299758913));
#4434=CARTESIAN_POINT('Ctrl Pts',(90.7548032811884,0.,62.5207035193179));
#4435=CARTESIAN_POINT('Ctrl Pts',(90.5047121886498,0.,59.9054036888523));
#4436=CARTESIAN_POINT('Ctrl Pts',(88.6287406782446,0.,58.0694004776284));
#4437=CARTESIAN_POINT('Ctrl Pts',(87.7012825012207,0.,57.1617021560671));
#4438=CARTESIAN_POINT('',(90.8812522888183,0.005,63.8430299758913));
#4439=CARTESIAN_POINT('',(90.8812522888183,0.,63.8430299758913));
#4440=CARTESIAN_POINT('',(87.7012825012207,0.005,57.1617021560671));
#4441=CARTESIAN_POINT('Ctrl Pts',(90.8812522888183,0.005,63.8430299758913));
#4442=CARTESIAN_POINT('Ctrl Pts',(90.7548032811884,0.005,62.5207035193179));
#4443=CARTESIAN_POINT('Ctrl Pts',(90.5047121886498,0.005,59.9054036888523));
#4444=CARTESIAN_POINT('Ctrl Pts',(88.6287406782446,0.005,58.0694004776284));
#4445=CARTESIAN_POINT('Ctrl Pts',(87.7012825012207,0.005,57.1617021560671));
#4446=CARTESIAN_POINT('',(87.7012825012207,0.,57.1617021560671));
#4447=CARTESIAN_POINT('Ctrl Pts',(87.9042625427246,0.,69.4587268829347));
#4448=CARTESIAN_POINT('Ctrl Pts',(87.9042625427246,0.005,69.4587268829347));
#4449=CARTESIAN_POINT('Ctrl Pts',(88.7721070798832,0.,68.665652908427));
#4450=CARTESIAN_POINT('Ctrl Pts',(88.7721070798832,0.005,68.665652908427));
#4451=CARTESIAN_POINT('Ctrl Pts',(90.4387534850509,0.,67.1425991447045));
#4452=CARTESIAN_POINT('Ctrl Pts',(90.4387534850509,0.005,67.1425991447045));
#4453=CARTESIAN_POINT('Ctrl Pts',(90.7378832816942,0.,64.912085873088));
#4454=CARTESIAN_POINT('Ctrl Pts',(90.7378832816942,0.005,64.912085873088));
#4455=CARTESIAN_POINT('Ctrl Pts',(90.8812522888183,0.,63.8430299758913));
#4456=CARTESIAN_POINT('Ctrl Pts',(90.8812522888183,0.005,63.8430299758913));
#4457=CARTESIAN_POINT('',(87.9042625427246,0.,69.4587268829347));
#4458=CARTESIAN_POINT('Ctrl Pts',(87.9042625427246,0.,69.4587268829347));
#4459=CARTESIAN_POINT('Ctrl Pts',(88.7721070798832,0.,68.665652908427));
#4460=CARTESIAN_POINT('Ctrl Pts',(90.4387534850509,0.,67.1425991447045));
#4461=CARTESIAN_POINT('Ctrl Pts',(90.7378832816942,0.,64.912085873088));
#4462=CARTESIAN_POINT('Ctrl Pts',(90.8812522888183,0.,63.8430299758913));
#4463=CARTESIAN_POINT('',(87.9042625427246,0.005,69.4587268829347));
#4464=CARTESIAN_POINT('',(87.9042625427246,0.,69.4587268829347));
#4465=CARTESIAN_POINT('Ctrl Pts',(87.9042625427246,0.005,69.4587268829347));
#4466=CARTESIAN_POINT('Ctrl Pts',(88.7721070798832,0.005,68.665652908427));
#4467=CARTESIAN_POINT('Ctrl Pts',(90.4387534850509,0.005,67.1425991447045));
#4468=CARTESIAN_POINT('Ctrl Pts',(90.7378832816942,0.005,64.912085873088));
#4469=CARTESIAN_POINT('Ctrl Pts',(90.8812522888183,0.005,63.8430299758913));
#4470=CARTESIAN_POINT('Ctrl Pts',(82.1024990081787,0.,71.5730705261232));
#4471=CARTESIAN_POINT('Ctrl Pts',(82.1024990081787,0.005,71.5730705261232));
#4472=CARTESIAN_POINT('Ctrl Pts',(83.130080057735,0.,71.475447224529));
#4473=CARTESIAN_POINT('Ctrl Pts',(83.130080057735,0.005,71.475447224529));
#4474=CARTESIAN_POINT('Ctrl Pts',(85.2448675973509,0.,71.2745360245058));
#4475=CARTESIAN_POINT('Ctrl Pts',(85.2448675973509,0.005,71.2745360245058));
#4476=CARTESIAN_POINT('Ctrl Pts',(87.0012903892959,0.,70.0752675338946));
#4477=CARTESIAN_POINT('Ctrl Pts',(87.0012903892959,0.005,70.0752675338946));
#4478=CARTESIAN_POINT('Ctrl Pts',(87.9042625427246,0.,69.4587268829347));
#4479=CARTESIAN_POINT('Ctrl Pts',(87.9042625427246,0.005,69.4587268829347));
#4480=CARTESIAN_POINT('',(82.1024990081787,0.,71.5730705261232));
#4481=CARTESIAN_POINT('Ctrl Pts',(82.1024990081787,0.,71.5730705261232));
#4482=CARTESIAN_POINT('Ctrl Pts',(83.130080057735,0.,71.475447224529));
#4483=CARTESIAN_POINT('Ctrl Pts',(85.2448675973509,0.,71.2745360245058));
#4484=CARTESIAN_POINT('Ctrl Pts',(87.0012903892959,0.,70.0752675338946));
#4485=CARTESIAN_POINT('Ctrl Pts',(87.9042625427246,0.,69.4587268829347));
#4486=CARTESIAN_POINT('',(82.1024990081787,0.005,71.5730705261232));
#4487=CARTESIAN_POINT('',(82.1024990081787,0.,71.5730705261232));
#4488=CARTESIAN_POINT('Ctrl Pts',(82.1024990081787,0.005,71.5730705261232));
#4489=CARTESIAN_POINT('Ctrl Pts',(83.130080057735,0.005,71.475447224529));
#4490=CARTESIAN_POINT('Ctrl Pts',(85.2448675973509,0.005,71.2745360245058));
#4491=CARTESIAN_POINT('Ctrl Pts',(87.0012903892959,0.005,70.0752675338946));
#4492=CARTESIAN_POINT('Ctrl Pts',(87.9042625427246,0.005,69.4587268829347));
#4493=CARTESIAN_POINT('Ctrl Pts',(79.6498584747314,0.,71.4884939193727));
#4494=CARTESIAN_POINT('Ctrl Pts',(79.6498584747314,0.005,71.4884939193727));
#4495=CARTESIAN_POINT('Ctrl Pts',(80.0204477190007,0.,71.5131053703552));
#4496=CARTESIAN_POINT('Ctrl Pts',(80.0204477190007,0.005,71.5131053703552));
#4497=CARTESIAN_POINT('Ctrl Pts',(80.8370470114507,0.,71.5673370939394));
#4498=CARTESIAN_POINT('Ctrl Pts',(80.8370470114507,0.005,71.5673370939394));
#4499=CARTESIAN_POINT('Ctrl Pts',(81.6554848068192,0.,71.5710452216349));
#4500=CARTESIAN_POINT('Ctrl Pts',(81.6554848068192,0.005,71.5710452216349));
#4501=CARTESIAN_POINT('Ctrl Pts',(82.1024990081787,0.,71.5730705261232));
#4502=CARTESIAN_POINT('Ctrl Pts',(82.1024990081787,0.005,71.5730705261232));
#4503=CARTESIAN_POINT('',(79.6498584747314,0.,71.4884939193727));
#4504=CARTESIAN_POINT('Ctrl Pts',(79.6498584747314,0.,71.4884939193727));
#4505=CARTESIAN_POINT('Ctrl Pts',(80.0204477190007,0.,71.5131053703552));
#4506=CARTESIAN_POINT('Ctrl Pts',(80.8370470114507,0.,71.5673370939394));
#4507=CARTESIAN_POINT('Ctrl Pts',(81.6554848068192,0.,71.5710452216349));
#4508=CARTESIAN_POINT('Ctrl Pts',(82.1024990081787,0.,71.5730705261232));
#4509=CARTESIAN_POINT('',(79.6498584747314,0.005,71.4884939193727));
#4510=CARTESIAN_POINT('',(79.6498584747314,0.,71.4884939193727));
#4511=CARTESIAN_POINT('Ctrl Pts',(79.6498584747314,0.005,71.4884939193727));
#4512=CARTESIAN_POINT('Ctrl Pts',(80.0204477190007,0.005,71.5131053703552));
#4513=CARTESIAN_POINT('Ctrl Pts',(80.8370470114507,0.005,71.5673370939394));
#4514=CARTESIAN_POINT('Ctrl Pts',(81.6554848068192,0.005,71.5710452216349));
#4515=CARTESIAN_POINT('Ctrl Pts',(82.1024990081787,0.005,71.5730705261232));
#4516=CARTESIAN_POINT('Ctrl Pts',(78.1106185913086,0.,71.234778404236));
#4517=CARTESIAN_POINT('Ctrl Pts',(78.1106185913086,0.005,71.234778404236));
#4518=CARTESIAN_POINT('Ctrl Pts',(78.3282569023232,0.,71.2890012652367));
#4519=CARTESIAN_POINT('Ctrl Pts',(78.3282569023232,0.005,71.2890012652367));
#4520=CARTESIAN_POINT('Ctrl Pts',(78.8341927976426,0.,71.4150511853969));
#4521=CARTESIAN_POINT('Ctrl Pts',(78.8341927976426,0.005,71.4150511853969));
#4522=CARTESIAN_POINT('Ctrl Pts',(79.3537812501648,0.,71.4618350547779));
#4523=CARTESIAN_POINT('Ctrl Pts',(79.3537812501648,0.005,71.4618350547779));
#4524=CARTESIAN_POINT('Ctrl Pts',(79.6498584747314,0.,71.4884939193727));
#4525=CARTESIAN_POINT('Ctrl Pts',(79.6498584747314,0.005,71.4884939193727));
#4526=CARTESIAN_POINT('',(78.1106185913086,0.,71.234778404236));
#4527=CARTESIAN_POINT('Ctrl Pts',(78.1106185913086,0.,71.234778404236));
#4528=CARTESIAN_POINT('Ctrl Pts',(78.3282569023232,0.,71.2890012652367));
#4529=CARTESIAN_POINT('Ctrl Pts',(78.8341927976426,0.,71.4150511853969));
#4530=CARTESIAN_POINT('Ctrl Pts',(79.3537812501648,0.,71.4618350547779));
#4531=CARTESIAN_POINT('Ctrl Pts',(79.6498584747314,0.,71.4884939193727));
#4532=CARTESIAN_POINT('',(78.1106185913086,0.005,71.234778404236));
#4533=CARTESIAN_POINT('',(78.1106185913086,0.,71.234778404236));
#4534=CARTESIAN_POINT('Ctrl Pts',(78.1106185913086,0.005,71.234778404236));
#4535=CARTESIAN_POINT('Ctrl Pts',(78.3282569023232,0.005,71.2890012652367));
#4536=CARTESIAN_POINT('Ctrl Pts',(78.8341927976426,0.005,71.4150511853969));
#4537=CARTESIAN_POINT('Ctrl Pts',(79.3537812501648,0.005,71.4618350547779));
#4538=CARTESIAN_POINT('Ctrl Pts',(79.6498584747314,0.005,71.4884939193727));
#4539=CARTESIAN_POINT('Ctrl Pts',(76.4529752731323,0.,69.9492540359499));
#4540=CARTESIAN_POINT('Ctrl Pts',(76.4529752731323,0.005,69.9492540359499));
#4541=CARTESIAN_POINT('Ctrl Pts',(76.6032492103598,0.,70.3768742408452));
#4542=CARTESIAN_POINT('Ctrl Pts',(76.6032492103598,0.005,70.3768742408452));
#4543=CARTESIAN_POINT('Ctrl Pts',(76.8847183816657,0.,71.1778242054641));
#4544=CARTESIAN_POINT('Ctrl Pts',(76.8847183816657,0.005,71.1778242054641));
#4545=CARTESIAN_POINT('Ctrl Pts',(77.7208775260208,0.,71.2166713919952));
#4546=CARTESIAN_POINT('Ctrl Pts',(77.7208775260208,0.005,71.2166713919952));
#4547=CARTESIAN_POINT('Ctrl Pts',(78.1106185913086,0.,71.234778404236));
#4548=CARTESIAN_POINT('Ctrl Pts',(78.1106185913086,0.005,71.234778404236));
#4549=CARTESIAN_POINT('',(76.4529752731323,0.,69.9492540359499));
#4550=CARTESIAN_POINT('Ctrl Pts',(76.4529752731323,0.,69.9492540359499));
#4551=CARTESIAN_POINT('Ctrl Pts',(76.6032492103598,0.,70.3768742408452));
#4552=CARTESIAN_POINT('Ctrl Pts',(76.8847183816657,0.,71.1778242054641));
#4553=CARTESIAN_POINT('Ctrl Pts',(77.7208775260208,0.,71.2166713919952));
#4554=CARTESIAN_POINT('Ctrl Pts',(78.1106185913086,0.,71.234778404236));
#4555=CARTESIAN_POINT('',(76.4529752731323,0.005,69.9492540359499));
#4556=CARTESIAN_POINT('',(76.4529752731323,0.,69.9492540359499));
#4557=CARTESIAN_POINT('Ctrl Pts',(76.4529752731323,0.005,69.9492540359499));
#4558=CARTESIAN_POINT('Ctrl Pts',(76.6032492103598,0.005,70.3768742408452));
#4559=CARTESIAN_POINT('Ctrl Pts',(76.8847183816657,0.005,71.1778242054641));
#4560=CARTESIAN_POINT('Ctrl Pts',(77.7208775260208,0.005,71.2166713919952));
#4561=CARTESIAN_POINT('Ctrl Pts',(78.1106185913086,0.005,71.234778404236));
#4562=CARTESIAN_POINT('Ctrl Pts',(76.2499952316284,0.,67.5135316848757));
#4563=CARTESIAN_POINT('Ctrl Pts',(76.2499952316284,0.005,67.5135316848757));
#4564=CARTESIAN_POINT('Ctrl Pts',(76.2502321145432,0.,67.9971714032472));
#4565=CARTESIAN_POINT('Ctrl Pts',(76.2502321145432,0.005,67.9971714032472));
#4566=CARTESIAN_POINT('Ctrl Pts',(76.2506328816373,0.,68.815410593998));
#4567=CARTESIAN_POINT('Ctrl Pts',(76.2506328816373,0.005,68.815410593998));
#4568=CARTESIAN_POINT('Ctrl Pts',(76.3942474913538,0.,69.6201677296252));
#4569=CARTESIAN_POINT('Ctrl Pts',(76.3942474913538,0.005,69.6201677296252));
#4570=CARTESIAN_POINT('Ctrl Pts',(76.4529752731323,0.,69.9492540359499));
#4571=CARTESIAN_POINT('Ctrl Pts',(76.4529752731323,0.005,69.9492540359499));
#4572=CARTESIAN_POINT('',(76.2499952316284,0.,67.5135316848757));
#4573=CARTESIAN_POINT('Ctrl Pts',(76.2499952316284,0.,67.5135316848757));
#4574=CARTESIAN_POINT('Ctrl Pts',(76.2502321145432,0.,67.9971714032472));
#4575=CARTESIAN_POINT('Ctrl Pts',(76.2506328816373,0.,68.815410593998));
#4576=CARTESIAN_POINT('Ctrl Pts',(76.3942474913538,0.,69.6201677296252));
#4577=CARTESIAN_POINT('Ctrl Pts',(76.4529752731323,0.,69.9492540359499));
#4578=CARTESIAN_POINT('',(76.2499952316284,0.005,67.5135316848757));
#4579=CARTESIAN_POINT('',(76.2499952316284,0.,67.5135316848757));
#4580=CARTESIAN_POINT('Ctrl Pts',(76.2499952316284,0.005,67.5135316848757));
#4581=CARTESIAN_POINT('Ctrl Pts',(76.2502321145432,0.005,67.9971714032472));
#4582=CARTESIAN_POINT('Ctrl Pts',(76.2506328816373,0.005,68.815410593998));
#4583=CARTESIAN_POINT('Ctrl Pts',(76.3942474913538,0.005,69.6201677296252));
#4584=CARTESIAN_POINT('Ctrl Pts',(76.4529752731323,0.005,69.9492540359499));
#4585=CARTESIAN_POINT('Origin',(76.2499952316284,0.,65.1792993545534));
#4586=CARTESIAN_POINT('',(76.2499952316284,0.,65.1792993545534));
#4587=CARTESIAN_POINT('',(76.2499952316284,0.,61.3396496772767));
#4588=CARTESIAN_POINT('',(76.2499952316284,0.005,65.1792993545534));
#4589=CARTESIAN_POINT('',(76.2499952316284,0.,65.1792993545534));
#4590=CARTESIAN_POINT('',(76.2499952316284,0.005,65.1792993545534));
#4591=CARTESIAN_POINT('Ctrl Pts',(75.8778715133667,0.,58.1765880584718));
#4592=CARTESIAN_POINT('Ctrl Pts',(75.8778715133667,0.005,58.1765880584718));
#4593=CARTESIAN_POINT('Ctrl Pts',(75.9750266375982,0.,59.574377172034));
#4594=CARTESIAN_POINT('Ctrl Pts',(75.9750266375982,0.005,59.574377172034));
#4595=CARTESIAN_POINT('Ctrl Pts',(76.1371363068944,0.,61.9066795877587));
#4596=CARTESIAN_POINT('Ctrl Pts',(76.1371363068944,0.005,61.9066795877587));
#4597=CARTESIAN_POINT('Ctrl Pts',(76.2177105313148,0.,64.2431257319508));
#4598=CARTESIAN_POINT('Ctrl Pts',(76.2177105313148,0.005,64.2431257319508));
#4599=CARTESIAN_POINT('Ctrl Pts',(76.2499952316284,0.,65.1792993545534));
#4600=CARTESIAN_POINT('Ctrl Pts',(76.2499952316284,0.005,65.1792993545534));
#4601=CARTESIAN_POINT('',(75.8778715133667,0.,58.1765880584718));
#4602=CARTESIAN_POINT('Ctrl Pts',(75.8778715133667,0.,58.1765880584718));
#4603=CARTESIAN_POINT('Ctrl Pts',(75.9750266375982,0.,59.574377172034));
#4604=CARTESIAN_POINT('Ctrl Pts',(76.1371363068944,0.,61.9066795877587));
#4605=CARTESIAN_POINT('Ctrl Pts',(76.2177105313148,0.,64.2431257319508));
#4606=CARTESIAN_POINT('Ctrl Pts',(76.2499952316284,0.,65.1792993545534));
#4607=CARTESIAN_POINT('',(75.8778715133667,0.005,58.1765880584718));
#4608=CARTESIAN_POINT('',(75.8778715133667,0.,58.1765880584718));
#4609=CARTESIAN_POINT('Ctrl Pts',(75.8778715133667,0.005,58.1765880584718));
#4610=CARTESIAN_POINT('Ctrl Pts',(75.9750266375982,0.005,59.574377172034));
#4611=CARTESIAN_POINT('Ctrl Pts',(76.1371363068944,0.005,61.9066795877587));
#4612=CARTESIAN_POINT('Ctrl Pts',(76.2177105313148,0.005,64.2431257319508));
#4613=CARTESIAN_POINT('Ctrl Pts',(76.2499952316284,0.005,65.1792993545534));
#4614=CARTESIAN_POINT('Ctrl Pts',(75.5734062194824,0.,51.1738862991335));
#4615=CARTESIAN_POINT('Ctrl Pts',(75.5734062194824,0.005,51.1738862991335));
#4616=CARTESIAN_POINT('Ctrl Pts',(75.5920714148733,0.,52.1721318337648));
#4617=CARTESIAN_POINT('Ctrl Pts',(75.5920714148733,0.005,52.1721318337648));
#4618=CARTESIAN_POINT('Ctrl Pts',(75.6357614283614,0.,54.508746048576));
#4619=CARTESIAN_POINT('Ctrl Pts',(75.6357614283614,0.005,54.508746048576));
#4620=CARTESIAN_POINT('Ctrl Pts',(75.7896989791847,0.,56.840819971882));
#4621=CARTESIAN_POINT('Ctrl Pts',(75.7896989791847,0.005,56.840819971882));
#4622=CARTESIAN_POINT('Ctrl Pts',(75.8778715133667,0.,58.1765880584718));
#4623=CARTESIAN_POINT('Ctrl Pts',(75.8778715133667,0.005,58.1765880584718));
#4624=CARTESIAN_POINT('',(75.5734062194824,0.,51.1738862991335));
#4625=CARTESIAN_POINT('Ctrl Pts',(75.5734062194824,0.,51.1738862991335));
#4626=CARTESIAN_POINT('Ctrl Pts',(75.5920714148733,0.,52.1721318337648));
#4627=CARTESIAN_POINT('Ctrl Pts',(75.6357614283614,0.,54.508746048576));
#4628=CARTESIAN_POINT('Ctrl Pts',(75.7896989791847,0.,56.840819971882));
#4629=CARTESIAN_POINT('Ctrl Pts',(75.8778715133667,0.,58.1765880584718));
#4630=CARTESIAN_POINT('',(75.5734062194824,0.005,51.1738862991335));
#4631=CARTESIAN_POINT('',(75.5734062194824,0.,51.1738862991335));
#4632=CARTESIAN_POINT('Ctrl Pts',(75.5734062194824,0.005,51.1738862991335));
#4633=CARTESIAN_POINT('Ctrl Pts',(75.5920714148733,0.005,52.1721318337648));
#4634=CARTESIAN_POINT('Ctrl Pts',(75.6357614283614,0.005,54.508746048576));
#4635=CARTESIAN_POINT('Ctrl Pts',(75.7896989791847,0.005,56.840819971882));
#4636=CARTESIAN_POINT('Ctrl Pts',(75.8778715133667,0.005,58.1765880584718));
#4637=CARTESIAN_POINT('Origin',(75.5734062194824,0.,46.2009420394899));
#4638=CARTESIAN_POINT('',(75.5734062194824,0.,46.2009420394899));
#4639=CARTESIAN_POINT('',(75.5734062194824,0.,51.850471019745));
#4640=CARTESIAN_POINT('',(75.5734062194824,0.005,46.2009420394899));
#4641=CARTESIAN_POINT('',(75.5734062194824,0.,46.2009420394899));
#4642=CARTESIAN_POINT('',(75.5734062194824,0.005,46.2009420394899));
#4643=CARTESIAN_POINT('Ctrl Pts',(76.0131883621216,0.,45.0592031478883));
#4644=CARTESIAN_POINT('Ctrl Pts',(76.0131883621216,0.005,45.0592031478883));
#4645=CARTESIAN_POINT('Ctrl Pts',(75.8849265531109,0.,45.2247558717548));
#4646=CARTESIAN_POINT('Ctrl Pts',(75.8849265531109,0.005,45.2247558717548));
#4647=CARTESIAN_POINT('Ctrl Pts',(75.6243875976726,0.,45.5610440785004));
#4648=CARTESIAN_POINT('Ctrl Pts',(75.6243875976726,0.005,45.5610440785004));
#4649=CARTESIAN_POINT('Ctrl Pts',(75.5905737215169,0.,45.9854623891332));
#4650=CARTESIAN_POINT('Ctrl Pts',(75.5905737215169,0.005,45.9854623891332));
#4651=CARTESIAN_POINT('Ctrl Pts',(75.5734062194824,0.,46.2009420394899));
#4652=CARTESIAN_POINT('Ctrl Pts',(75.5734062194824,0.005,46.2009420394899));
#4653=CARTESIAN_POINT('',(76.0131883621216,0.,45.0592031478883));
#4654=CARTESIAN_POINT('Ctrl Pts',(76.0131883621216,0.,45.0592031478883));
#4655=CARTESIAN_POINT('Ctrl Pts',(75.8849265531109,0.,45.2247558717548));
#4656=CARTESIAN_POINT('Ctrl Pts',(75.6243875976726,0.,45.5610440785004));
#4657=CARTESIAN_POINT('Ctrl Pts',(75.5905737215169,0.,45.9854623891332));
#4658=CARTESIAN_POINT('Ctrl Pts',(75.5734062194824,0.,46.2009420394899));
#4659=CARTESIAN_POINT('',(76.0131883621216,0.005,45.0592031478883));
#4660=CARTESIAN_POINT('',(76.0131883621216,0.,45.0592031478883));
#4661=CARTESIAN_POINT('Ctrl Pts',(76.0131883621216,0.005,45.0592031478883));
#4662=CARTESIAN_POINT('Ctrl Pts',(75.8849265531109,0.005,45.2247558717548));
#4663=CARTESIAN_POINT('Ctrl Pts',(75.6243875976726,0.005,45.5610440785004));
#4664=CARTESIAN_POINT('Ctrl Pts',(75.5905737215169,0.005,45.9854623891332));
#4665=CARTESIAN_POINT('Ctrl Pts',(75.5734062194824,0.005,46.2009420394899));
#4666=CARTESIAN_POINT('Ctrl Pts',(77.1295642852783,0.,44.5940485000612));
#4667=CARTESIAN_POINT('Ctrl Pts',(77.1295642852783,0.005,44.5940485000612));
#4668=CARTESIAN_POINT('Ctrl Pts',(76.9150918227932,0.,44.6121862900866));
#4669=CARTESIAN_POINT('Ctrl Pts',(76.9150918227932,0.005,44.6121862900866));
#4670=CARTESIAN_POINT('Ctrl Pts',(76.4927699841378,0.,44.6479017602404));
#4671=CARTESIAN_POINT('Ctrl Pts',(76.4927699841378,0.005,44.6479017602404));
#4672=CARTESIAN_POINT('Ctrl Pts',(76.1713687718478,0.,44.9235436083388));
#4673=CARTESIAN_POINT('Ctrl Pts',(76.1713687718478,0.005,44.9235436083388));
#4674=CARTESIAN_POINT('Ctrl Pts',(76.0131883621216,0.,45.0592031478883));
#4675=CARTESIAN_POINT('Ctrl Pts',(76.0131883621216,0.005,45.0592031478883));
#4676=CARTESIAN_POINT('',(77.1295642852783,0.,44.5940485000612));
#4677=CARTESIAN_POINT('Ctrl Pts',(77.1295642852783,0.,44.5940485000612));
#4678=CARTESIAN_POINT('Ctrl Pts',(76.9150918227932,0.,44.6121862900866));
#4679=CARTESIAN_POINT('Ctrl Pts',(76.4927699841378,0.,44.6479017602404));
#4680=CARTESIAN_POINT('Ctrl Pts',(76.1713687718478,0.,44.9235436083388));
#4681=CARTESIAN_POINT('Ctrl Pts',(76.0131883621216,0.,45.0592031478883));
#4682=CARTESIAN_POINT('',(77.1295642852783,0.005,44.5940485000612));
#4683=CARTESIAN_POINT('',(77.1295642852783,0.,44.5940485000612));
#4684=CARTESIAN_POINT('Ctrl Pts',(77.1295642852783,0.005,44.5940485000612));
#4685=CARTESIAN_POINT('Ctrl Pts',(76.9150918227932,0.005,44.6121862900866));
#4686=CARTESIAN_POINT('Ctrl Pts',(76.4927699841378,0.005,44.6479017602404));
#4687=CARTESIAN_POINT('Ctrl Pts',(76.1713687718478,0.005,44.9235436083388));
#4688=CARTESIAN_POINT('Ctrl Pts',(76.0131883621216,0.005,45.0592031478883));
#4689=CARTESIAN_POINT('Ctrl Pts',(78.229022026062,0.,45.0592031478883));
#4690=CARTESIAN_POINT('Ctrl Pts',(78.229022026062,0.005,45.0592031478883));
#4691=CARTESIAN_POINT('Ctrl Pts',(78.0723451546222,0.,44.923537018571));
#4692=CARTESIAN_POINT('Ctrl Pts',(78.0723451546222,0.005,44.923537018571));
#4693=CARTESIAN_POINT('Ctrl Pts',(77.7562982664865,0.,44.649872771882));
#4694=CARTESIAN_POINT('Ctrl Pts',(77.7562982664865,0.005,44.649872771882));
#4695=CARTESIAN_POINT('Ctrl Pts',(77.3396590548037,0.,44.6127620019197));
#4696=CARTESIAN_POINT('Ctrl Pts',(77.3396590548037,0.005,44.6127620019197));
#4697=CARTESIAN_POINT('Ctrl Pts',(77.1295642852783,0.,44.5940485000612));
#4698=CARTESIAN_POINT('Ctrl Pts',(77.1295642852783,0.005,44.5940485000612));
#4699=CARTESIAN_POINT('',(78.229022026062,0.,45.0592031478883));
#4700=CARTESIAN_POINT('Ctrl Pts',(78.229022026062,0.,45.0592031478883));
#4701=CARTESIAN_POINT('Ctrl Pts',(78.0723451546222,0.,44.923537018571));
#4702=CARTESIAN_POINT('Ctrl Pts',(77.7562982664865,0.,44.649872771882));
#4703=CARTESIAN_POINT('Ctrl Pts',(77.3396590548037,0.,44.6127620019197));
#4704=CARTESIAN_POINT('Ctrl Pts',(77.1295642852783,0.,44.5940485000612));
#4705=CARTESIAN_POINT('',(78.229022026062,0.005,45.0592031478883));
#4706=CARTESIAN_POINT('',(78.229022026062,0.,45.0592031478883));
#4707=CARTESIAN_POINT('Ctrl Pts',(78.229022026062,0.005,45.0592031478883));
#4708=CARTESIAN_POINT('Ctrl Pts',(78.0723451546222,0.005,44.923537018571));
#4709=CARTESIAN_POINT('Ctrl Pts',(77.7562982664865,0.005,44.649872771882));
#4710=CARTESIAN_POINT('Ctrl Pts',(77.3396590548037,0.005,44.6127620019197));
#4711=CARTESIAN_POINT('Ctrl Pts',(77.1295642852783,0.005,44.5940485000612));
#4712=CARTESIAN_POINT('Ctrl Pts',(78.6688041687012,0.,46.2009420394899));
#4713=CARTESIAN_POINT('Ctrl Pts',(78.6688041687012,0.005,46.2009420394899));
#4714=CARTESIAN_POINT('Ctrl Pts',(78.6516344677865,0.,45.9854626163238));
#4715=CARTESIAN_POINT('Ctrl Pts',(78.6516344677865,0.005,45.9854626163238));
#4716=CARTESIAN_POINT('Ctrl Pts',(78.6178163518082,0.,45.5610458976061));
#4717=CARTESIAN_POINT('Ctrl Pts',(78.6178163518082,0.005,45.5610458976061));
#4718=CARTESIAN_POINT('Ctrl Pts',(78.3572814719912,0.,45.2247561633519));
#4719=CARTESIAN_POINT('Ctrl Pts',(78.3572814719912,0.005,45.2247561633519));
#4720=CARTESIAN_POINT('Ctrl Pts',(78.229022026062,0.,45.0592031478883));
#4721=CARTESIAN_POINT('Ctrl Pts',(78.229022026062,0.005,45.0592031478883));
#4722=CARTESIAN_POINT('',(78.6688041687012,0.,46.2009420394899));
#4723=CARTESIAN_POINT('Ctrl Pts',(78.6688041687012,0.,46.2009420394899));
#4724=CARTESIAN_POINT('Ctrl Pts',(78.6516344677865,0.,45.9854626163238));
#4725=CARTESIAN_POINT('Ctrl Pts',(78.6178163518082,0.,45.5610458976061));
#4726=CARTESIAN_POINT('Ctrl Pts',(78.3572814719912,0.,45.2247561633519));
#4727=CARTESIAN_POINT('Ctrl Pts',(78.229022026062,0.,45.0592031478883));
#4728=CARTESIAN_POINT('',(78.6688041687012,0.005,46.2009420394899));
#4729=CARTESIAN_POINT('',(78.6688041687012,0.,46.2009420394899));
#4730=CARTESIAN_POINT('Ctrl Pts',(78.6688041687012,0.005,46.2009420394899));
#4731=CARTESIAN_POINT('Ctrl Pts',(78.6516344677865,0.005,45.9854626163238));
#4732=CARTESIAN_POINT('Ctrl Pts',(78.6178163518082,0.005,45.5610458976061));
#4733=CARTESIAN_POINT('Ctrl Pts',(78.3572814719912,0.005,45.2247561633519));
#4734=CARTESIAN_POINT('Ctrl Pts',(78.229022026062,0.005,45.0592031478883));
#4735=CARTESIAN_POINT('Ctrl Pts',(78.804121017456,0.,55.1488485336305));
#4736=CARTESIAN_POINT('Ctrl Pts',(78.804121017456,0.005,55.1488485336305));
#4737=CARTESIAN_POINT('Ctrl Pts',(78.765083468456,0.,53.9775926841929));
#4738=CARTESIAN_POINT('Ctrl Pts',(78.765083468456,0.005,53.9775926841929));
#4739=CARTESIAN_POINT('Ctrl Pts',(78.6657050144777,0.,50.9959097017419));
#4740=CARTESIAN_POINT('Ctrl Pts',(78.6657050144777,0.005,50.9959097017419));
#4741=CARTESIAN_POINT('Ctrl Pts',(78.667633328975,0.,48.0124487345571));
#4742=CARTESIAN_POINT('Ctrl Pts',(78.667633328975,0.005,48.0124487345571));
#4743=CARTESIAN_POINT('Ctrl Pts',(78.6688041687012,0.,46.2009420394899));
#4744=CARTESIAN_POINT('Ctrl Pts',(78.6688041687012,0.005,46.2009420394899));
#4745=CARTESIAN_POINT('',(78.804121017456,0.,55.1488485336305));
#4746=CARTESIAN_POINT('Ctrl Pts',(78.804121017456,0.,55.1488485336305));
#4747=CARTESIAN_POINT('Ctrl Pts',(78.765083468456,0.,53.9775926841929));
#4748=CARTESIAN_POINT('Ctrl Pts',(78.6657050144777,0.,50.9959097017419));
#4749=CARTESIAN_POINT('Ctrl Pts',(78.667633328975,0.,48.0124487345571));
#4750=CARTESIAN_POINT('Ctrl Pts',(78.6688041687012,0.,46.2009420394899));
#4751=CARTESIAN_POINT('',(78.804121017456,0.005,55.1488485336305));
#4752=CARTESIAN_POINT('',(78.804121017456,0.,55.1488485336305));
#4753=CARTESIAN_POINT('Ctrl Pts',(78.804121017456,0.005,55.1488485336305));
#4754=CARTESIAN_POINT('Ctrl Pts',(78.765083468456,0.005,53.9775926841929));
#4755=CARTESIAN_POINT('Ctrl Pts',(78.6657050144777,0.005,50.9959097017419));
#4756=CARTESIAN_POINT('Ctrl Pts',(78.667633328975,0.005,48.0124487345571));
#4757=CARTESIAN_POINT('Ctrl Pts',(78.6688041687012,0.005,46.2009420394899));
#4758=CARTESIAN_POINT('Ctrl Pts',(80.8677196502685,0.,54.9289598464967));
#4759=CARTESIAN_POINT('Ctrl Pts',(80.8677196502685,0.005,54.9289598464967));
#4760=CARTESIAN_POINT('Ctrl Pts',(80.6165812862207,0.,54.9449057642906));
#4761=CARTESIAN_POINT('Ctrl Pts',(80.6165812862207,0.005,54.9449057642906));
#4762=CARTESIAN_POINT('Ctrl Pts',(79.9257907416428,0.,54.9887672001106));
#4763=CARTESIAN_POINT('Ctrl Pts',(79.9257907416428,0.005,54.9887672001106));
#4764=CARTESIAN_POINT('Ctrl Pts',(79.2403611993956,0.,55.0865896453375));
#4765=CARTESIAN_POINT('Ctrl Pts',(79.2403611993956,0.005,55.0865896453375));
#4766=CARTESIAN_POINT('Ctrl Pts',(78.804121017456,0.,55.1488485336305));
#4767=CARTESIAN_POINT('Ctrl Pts',(78.804121017456,0.005,55.1488485336305));
#4768=CARTESIAN_POINT('',(80.8677196502685,0.,54.9289598464967));
#4769=CARTESIAN_POINT('Ctrl Pts',(80.8677196502685,0.,54.9289598464967));
#4770=CARTESIAN_POINT('Ctrl Pts',(80.6165812862207,0.,54.9449057642906));
#4771=CARTESIAN_POINT('Ctrl Pts',(79.9257907416428,0.,54.9887672001106));
#4772=CARTESIAN_POINT('Ctrl Pts',(79.2403611993956,0.,55.0865896453375));
#4773=CARTESIAN_POINT('Ctrl Pts',(78.804121017456,0.,55.1488485336305));
#4774=CARTESIAN_POINT('',(80.8677196502685,0.005,54.9289598464967));
#4775=CARTESIAN_POINT('',(80.8677196502685,0.,54.9289598464967));
#4776=CARTESIAN_POINT('Ctrl Pts',(80.8677196502685,0.005,54.9289598464967));
#4777=CARTESIAN_POINT('Ctrl Pts',(80.6165812862207,0.005,54.9449057642906));
#4778=CARTESIAN_POINT('Ctrl Pts',(79.9257907416428,0.005,54.9887672001106));
#4779=CARTESIAN_POINT('Ctrl Pts',(79.2403611993956,0.005,55.0865896453375));
#4780=CARTESIAN_POINT('Ctrl Pts',(78.804121017456,0.005,55.1488485336305));
#4781=CARTESIAN_POINT('Ctrl Pts',(87.7012825012207,0.,57.1617021560671));
#4782=CARTESIAN_POINT('Ctrl Pts',(87.7012825012207,0.005,57.1617021560671));
#4783=CARTESIAN_POINT('Ctrl Pts',(86.6890373450343,0.,56.5106177963703));
#4784=CARTESIAN_POINT('Ctrl Pts',(86.6890373450343,0.005,56.5106177963703));
#4785=CARTESIAN_POINT('Ctrl Pts',(84.6083525677259,0.,55.172304337733));
#4786=CARTESIAN_POINT('Ctrl Pts',(84.6083525677259,0.005,55.172304337733));
#4787=CARTESIAN_POINT('Ctrl Pts',(82.1368471636423,0.,55.0115221283006));
#4788=CARTESIAN_POINT('Ctrl Pts',(82.1368471636423,0.005,55.0115221283006));
#4789=CARTESIAN_POINT('Ctrl Pts',(80.8677196502685,0.,54.9289598464967));
#4790=CARTESIAN_POINT('Ctrl Pts',(80.8677196502685,0.005,54.9289598464967));
#4791=CARTESIAN_POINT('Ctrl Pts',(87.7012825012207,0.,57.1617021560671));
#4792=CARTESIAN_POINT('Ctrl Pts',(86.6890373450343,0.,56.5106177963703));
#4793=CARTESIAN_POINT('Ctrl Pts',(84.6083525677259,0.,55.172304337733));
#4794=CARTESIAN_POINT('Ctrl Pts',(82.1368471636423,0.,55.0115221283006));
#4795=CARTESIAN_POINT('Ctrl Pts',(80.8677196502685,0.,54.9289598464967));
#4796=CARTESIAN_POINT('Ctrl Pts',(87.7012825012207,0.005,57.1617021560671));
#4797=CARTESIAN_POINT('Ctrl Pts',(86.6890373450343,0.005,56.5106177963703));
#4798=CARTESIAN_POINT('Ctrl Pts',(84.6083525677259,0.005,55.172304337733));
#4799=CARTESIAN_POINT('Ctrl Pts',(82.1368471636423,0.005,55.0115221283006));
#4800=CARTESIAN_POINT('Ctrl Pts',(80.8677196502685,0.005,54.9289598464967));
#4801=CARTESIAN_POINT('Origin',(107.751445140515,0.005,57.8044667243959));
#4802=CARTESIAN_POINT('Origin',(107.5,0.,57.5));
#4803=CARTESIAN_POINT('',(0.,0.,124.));
#4804=CARTESIAN_POINT('',(215.,0.,124.));
#4805=CARTESIAN_POINT('',(48.75,0.,124.));
#4806=CARTESIAN_POINT('',(-8.99999999999996,0.,115.));
#4807=CARTESIAN_POINT('Ctrl Pts',(-8.99999999999996,0.,115.));
#4808=CARTESIAN_POINT('Ctrl Pts',(-8.99999999999997,0.,115.64758874484));
#4809=CARTESIAN_POINT('Ctrl Pts',(-8.99832865874875,0.,116.917319049299));
#4810=CARTESIAN_POINT('Ctrl Pts',(-8.72522523907926,0.,118.363222347147));
#4811=CARTESIAN_POINT('Ctrl Pts',(-8.35052364160347,0.,119.316368763407));
#4812=CARTESIAN_POINT('Ctrl Pts',(-8.06013614788438,0.,119.92463093938));
#4813=CARTESIAN_POINT('Ctrl Pts',(-7.43816440146237,0.,120.940731969801));
#4814=CARTESIAN_POINT('Ctrl Pts',(-6.43146492244895,0.,122.050800867153));
#4815=CARTESIAN_POINT('Ctrl Pts',(-5.05634987954554,0.,123.015535248532));
#4816=CARTESIAN_POINT('Ctrl Pts',(-3.52082850157452,0.,123.709480447328));
#4817=CARTESIAN_POINT('Ctrl Pts',(-1.92668597263679,0.,123.989257252421));
#4818=CARTESIAN_POINT('Ctrl Pts',(-0.653953502275892,0.,124.));
#4819=CARTESIAN_POINT('Ctrl Pts',(-1.66533453693773E-15,0.,124.));
#4820=CARTESIAN_POINT('',(-9.,0.,0.));
#4821=CARTESIAN_POINT('',(-9.,0.,23.75));
#4822=CARTESIAN_POINT('',(-6.52256026967279E-15,0.,-8.99999999999996));
#4823=CARTESIAN_POINT('Ctrl Pts',(-6.52256026967279E-15,0.,-8.99999999999996));
#4824=CARTESIAN_POINT('Ctrl Pts',(-0.647588744839584,0.,-8.99999999999997));
#4825=CARTESIAN_POINT('Ctrl Pts',(-1.91370514863482,0.,-9.00040295174641));
#4826=CARTESIAN_POINT('Ctrl Pts',(-3.5309817538617,0.,-8.69315177637679));
#4827=CARTESIAN_POINT('Ctrl Pts',(-4.78750890278449,0.,-8.14705673141278));
#4828=CARTESIAN_POINT('Ctrl Pts',(-5.94034722277413,0.,-7.44029271559262));
#4829=CARTESIAN_POINT('Ctrl Pts',(-7.05277799653757,0.,-6.43347257530942));
#4830=CARTESIAN_POINT('Ctrl Pts',(-8.01644490870994,0.,-5.05883393039443));
#4831=CARTESIAN_POINT('Ctrl Pts',(-8.71090105008624,0.,-3.52179289397074));
#4832=CARTESIAN_POINT('Ctrl Pts',(-8.99015321167748,0.,-1.92605545356413));
#4833=CARTESIAN_POINT('Ctrl Pts',(-9.,0.,-0.653953502275929));
#4834=CARTESIAN_POINT('Ctrl Pts',(-9.,0.,1.38777878078145E-15));
#4835=CARTESIAN_POINT('',(215.,0.,-9.));
#4836=CARTESIAN_POINT('',(166.25,0.,-9.));
#4837=CARTESIAN_POINT('',(224.,0.,-5.41233724504764E-15));
#4838=CARTESIAN_POINT('Ctrl Pts',(224.,0.,-5.41233724504764E-15));
#4839=CARTESIAN_POINT('Ctrl Pts',(224.,0.,-0.64758874484024));
#4840=CARTESIAN_POINT('Ctrl Pts',(224.000149160445,0.,-1.91355057907589));
#4841=CARTESIAN_POINT('Ctrl Pts',(223.72541907802,0.,-3.36564620837));
#4842=CARTESIAN_POINT('Ctrl Pts',(223.350825442807,0.,-4.31888285192722));
#4843=CARTESIAN_POINT('Ctrl Pts',(223.097433111935,0.,-4.84970464968857));
#4844=CARTESIAN_POINT('Ctrl Pts',(222.836923667858,0.,-5.29335551815397));
#4845=CARTESIAN_POINT('Ctrl Pts',(222.251749088129,0.,-6.14853742038566));
#4846=CARTESIAN_POINT('Ctrl Pts',(221.435219706515,0.,-7.05336033396455));
#4847=CARTESIAN_POINT('Ctrl Pts',(220.059421252004,0.,-8.01458376060487));
#4848=CARTESIAN_POINT('Ctrl Pts',(218.811542321894,0.,-8.58707652695071));
#4849=CARTESIAN_POINT('Ctrl Pts',(217.797639385719,0.,-8.83152502695322));
#4850=CARTESIAN_POINT('Ctrl Pts',(216.533483172161,0.,-8.99920405532062));
#4851=CARTESIAN_POINT('Ctrl Pts',(215.653953502275,0.,-9.));
#4852=CARTESIAN_POINT('Ctrl Pts',(215.,0.,-9.));
#4853=CARTESIAN_POINT('',(224.,0.,115.));
#4854=CARTESIAN_POINT('',(224.,0.,91.25));
#4855=CARTESIAN_POINT('Ctrl Pts',(215.,0.,124.));
#4856=CARTESIAN_POINT('Ctrl Pts',(215.64758874484,0.,124.));
#4857=CARTESIAN_POINT('Ctrl Pts',(216.918326100498,0.,123.997359813415));
#4858=CARTESIAN_POINT('Ctrl Pts',(218.280510088312,0.,123.74073111815));
#4859=CARTESIAN_POINT('Ctrl Pts',(219.078625549452,0.,123.443230049584));
#4860=CARTESIAN_POINT('Ctrl Pts',(219.390152705268,0.,123.314409762526));
#4861=CARTESIAN_POINT('Ctrl Pts',(219.7713212087,0.,123.132547906109));
#4862=CARTESIAN_POINT('Ctrl Pts',(220.216293463492,0.,122.88095934484));
#4863=CARTESIAN_POINT('Ctrl Pts',(221.077606231448,0.,122.312546299331));
#4864=CARTESIAN_POINT('Ctrl Pts',(222.051248094958,0.,121.430236932188));
#4865=CARTESIAN_POINT('Ctrl Pts',(223.015042340775,0.,120.05559947421));
#4866=CARTESIAN_POINT('Ctrl Pts',(223.709385660715,0.,118.520145030366));
#4867=CARTESIAN_POINT('Ctrl Pts',(223.988897027941,0.,116.92642105634));
#4868=CARTESIAN_POINT('Ctrl Pts',(224.,0.,115.653953502275));
#4869=CARTESIAN_POINT('Ctrl Pts',(224.,0.,115.));
#4870=CARTESIAN_POINT('Origin',(48.75,0.5,124.5));
#4871=CARTESIAN_POINT('',(0.,1.,125.));
#4872=CARTESIAN_POINT('',(0.,1.,125.));
#4873=CARTESIAN_POINT('',(215.,1.,125.));
#4874=CARTESIAN_POINT('',(215.,0.,124.));
#4875=CARTESIAN_POINT('',(48.75,1.,125.));
#4876=CARTESIAN_POINT('Ctrl Pts',(-9.99999999999996,1.,115.));
#4877=CARTESIAN_POINT('Ctrl Pts',(-9.99999999999996,1.,115.64758874484));
#4878=CARTESIAN_POINT('Ctrl Pts',(-10.001791472482,0.999999999999999,116.985206640936));
#4879=CARTESIAN_POINT('Ctrl Pts',(-9.69664085231128,0.999999999999999,118.627336873496));
#4880=CARTESIAN_POINT('Ctrl Pts',(-9.2686086929868,0.999999999999999,119.71470292475));
#4881=CARTESIAN_POINT('Ctrl Pts',(-8.9380962218139,0.999999999999999,120.407371375681));
#4882=CARTESIAN_POINT('Ctrl Pts',(-8.23192271629979,0.999999999999999,121.558762396745));
#4883=CARTESIAN_POINT('Ctrl Pts',(-7.10870863788188,0.999999999999999,122.797521087321));
#4884=CARTESIAN_POINT('Ctrl Pts',(-5.55894936332429,0.999999999999999,123.886106592277));
#4885=CARTESIAN_POINT('Ctrl Pts',(-3.80624458426305,1.,124.679449249075));
#4886=CARTESIAN_POINT('Ctrl Pts',(-1.99587404667042,0.999999999999999,124.99165885689));
#4887=CARTESIAN_POINT('Ctrl Pts',(-0.653953502275885,1.,125.));
#4888=CARTESIAN_POINT('Ctrl Pts',(0.,1.,125.));
#4889=CARTESIAN_POINT('Ctrl Pts',(-9.66666666666663,0.666666666666667,115.));
#4890=CARTESIAN_POINT('Ctrl Pts',(-9.66666666666663,0.666666666666667,115.64758874484));
#4891=CARTESIAN_POINT('Ctrl Pts',(-9.66730386790426,0.666666666666666,116.962577443723));
#4892=CARTESIAN_POINT('Ctrl Pts',(-9.37283564790061,0.666666666666666,118.539298698046));
#4893=CARTESIAN_POINT('Ctrl Pts',(-8.96258034252569,0.666666666666666,119.581924870969));
#4894=CARTESIAN_POINT('Ctrl Pts',(-8.64544286383739,0.666666666666666,120.246457896914));
#4895=CARTESIAN_POINT('Ctrl Pts',(-7.96733661135399,0.666666666666666,121.352752254431));
#4896=CARTESIAN_POINT('Ctrl Pts',(-6.88296073273757,0.666666666666666,122.548614347265));
#4897=CARTESIAN_POINT('Ctrl Pts',(-5.39141620206471,0.666666666666666,123.595916144362));
#4898=CARTESIAN_POINT('Ctrl Pts',(-3.71110589003354,0.666666666666666,124.356126315159));
#4899=CARTESIAN_POINT('Ctrl Pts',(-1.97281135532588,0.666666666666667,124.657524988733));
#4900=CARTESIAN_POINT('Ctrl Pts',(-0.653953502275888,0.666666666666667,
124.666666666667));
#4901=CARTESIAN_POINT('Ctrl Pts',(-5.55111512312578E-16,0.666666666666667,
124.666666666667));
#4902=CARTESIAN_POINT('Ctrl Pts',(-9.3333333333333,0.333333333333333,115.));
#4903=CARTESIAN_POINT('Ctrl Pts',(-9.3333333333333,0.333333333333333,115.64758874484));
#4904=CARTESIAN_POINT('Ctrl Pts',(-9.3328162633265,0.333333333333333,116.939948246511));
#4905=CARTESIAN_POINT('Ctrl Pts',(-9.04903044348994,0.333333333333333,118.451260522596));
#4906=CARTESIAN_POINT('Ctrl Pts',(-8.65655199206458,0.333333333333333,119.449146817188));
#4907=CARTESIAN_POINT('Ctrl Pts',(-8.35278950586089,0.333333333333333,120.085544418147));
#4908=CARTESIAN_POINT('Ctrl Pts',(-7.70275050640818,0.333333333333333,121.146742112116));
#4909=CARTESIAN_POINT('Ctrl Pts',(-6.65721282759326,0.333333333333333,122.299707607209));
#4910=CARTESIAN_POINT('Ctrl Pts',(-5.22388304080512,0.333333333333333,123.305725696447));
#4911=CARTESIAN_POINT('Ctrl Pts',(-3.61596719580403,0.333333333333333,124.032803381243));
#4912=CARTESIAN_POINT('Ctrl Pts',(-1.94974866398134,0.333333333333333,124.323391120577));
#4913=CARTESIAN_POINT('Ctrl Pts',(-0.65395350227589,0.333333333333333,124.333333333333));
#4914=CARTESIAN_POINT('Ctrl Pts',(-1.11022302462516E-15,0.333333333333333,
124.333333333333));
#4915=CARTESIAN_POINT('Ctrl Pts',(-8.99999999999996,0.,115.));
#4916=CARTESIAN_POINT('Ctrl Pts',(-8.99999999999997,0.,115.64758874484));
#4917=CARTESIAN_POINT('Ctrl Pts',(-8.99832865874875,0.,116.917319049299));
#4918=CARTESIAN_POINT('Ctrl Pts',(-8.72522523907926,0.,118.363222347147));
#4919=CARTESIAN_POINT('Ctrl Pts',(-8.35052364160347,0.,119.316368763407));
#4920=CARTESIAN_POINT('Ctrl Pts',(-8.06013614788438,0.,119.92463093938));
#4921=CARTESIAN_POINT('Ctrl Pts',(-7.43816440146237,0.,120.940731969801));
#4922=CARTESIAN_POINT('Ctrl Pts',(-6.43146492244895,0.,122.050800867153));
#4923=CARTESIAN_POINT('Ctrl Pts',(-5.05634987954554,0.,123.015535248532));
#4924=CARTESIAN_POINT('Ctrl Pts',(-3.52082850157452,0.,123.709480447328));
#4925=CARTESIAN_POINT('Ctrl Pts',(-1.92668597263679,0.,123.989257252421));
#4926=CARTESIAN_POINT('Ctrl Pts',(-0.653953502275892,0.,124.));
#4927=CARTESIAN_POINT('Ctrl Pts',(-1.66533453693773E-15,0.,124.));
#4928=CARTESIAN_POINT('',(-9.99999999999996,1.,115.));
#4929=CARTESIAN_POINT('Ctrl Pts',(0.,1.,125.));
#4930=CARTESIAN_POINT('Ctrl Pts',(-0.653953502275885,1.,125.));
#4931=CARTESIAN_POINT('Ctrl Pts',(-1.99587404667042,0.999999999999999,124.99165885689));
#4932=CARTESIAN_POINT('Ctrl Pts',(-3.80624458426305,1.,124.679449249075));
#4933=CARTESIAN_POINT('Ctrl Pts',(-5.55894936332429,0.999999999999999,123.886106592277));
#4934=CARTESIAN_POINT('Ctrl Pts',(-7.10870863788188,0.999999999999999,122.797521087321));
#4935=CARTESIAN_POINT('Ctrl Pts',(-8.23192271629979,0.999999999999999,121.558762396745));
#4936=CARTESIAN_POINT('Ctrl Pts',(-8.9380962218139,0.999999999999999,120.407371375681));
#4937=CARTESIAN_POINT('Ctrl Pts',(-9.2686086929868,0.999999999999999,119.71470292475));
#4938=CARTESIAN_POINT('Ctrl Pts',(-9.69664085231128,0.999999999999999,118.627336873496));
#4939=CARTESIAN_POINT('Ctrl Pts',(-10.001791472482,0.999999999999999,116.985206640936));
#4940=CARTESIAN_POINT('Ctrl Pts',(-9.99999999999996,1.,115.64758874484));
#4941=CARTESIAN_POINT('Ctrl Pts',(-9.99999999999996,1.,115.));
#4942=CARTESIAN_POINT('',(-9.99999999999996,1.,115.));
#4943=CARTESIAN_POINT('Origin',(-9.5,0.5,23.75));
#4944=CARTESIAN_POINT('',(-10.,1.,0.));
#4945=CARTESIAN_POINT('',(-10.,1.,0.));
#4946=CARTESIAN_POINT('',(-10.,1.,23.75));
#4947=CARTESIAN_POINT('Ctrl Pts',(4.16333634234434E-16,1.,-9.99999999999996));
#4948=CARTESIAN_POINT('Ctrl Pts',(-0.647588744839634,1.,-9.99999999999997));
#4949=CARTESIAN_POINT('Ctrl Pts',(-1.98076527853348,1.,-10.0044702101359));
#4950=CARTESIAN_POINT('Ctrl Pts',(-3.81809722174686,1.,-9.66023269479757));
#4951=CARTESIAN_POINT('Ctrl Pts',(-5.25206537366003,1.,-9.0363585131172));
#4952=CARTESIAN_POINT('Ctrl Pts',(-6.55802167994204,1.,-8.23451411923704));
#4953=CARTESIAN_POINT('Ctrl Pts',(-7.79971862221879,1.,-7.11070094467535));
#4954=CARTESIAN_POINT('Ctrl Pts',(-8.88698654592945,1.,-5.56164241561302));
#4955=CARTESIAN_POINT('Ctrl Pts',(-9.6809788475534,1.,-3.80719502475434));
#4956=CARTESIAN_POINT('Ctrl Pts',(-9.99260800888887,1.,-1.99500204486742));
#4957=CARTESIAN_POINT('Ctrl Pts',(-10.,1.,-0.653953502275931));
#4958=CARTESIAN_POINT('Ctrl Pts',(-10.,1.,0.));
#4959=CARTESIAN_POINT('Ctrl Pts',(-1.89663100040131E-15,0.666666666666667,
-9.66666666666663));
#4960=CARTESIAN_POINT('Ctrl Pts',(-0.647588744839616,0.666666666666667,
-9.66666666666663));
#4961=CARTESIAN_POINT('Ctrl Pts',(-1.95841190190059,0.666666666666667,-9.66978112400609));
#4962=CARTESIAN_POINT('Ctrl Pts',(-3.72239206578514,0.666666666666667,-9.33787238865731));
#4963=CARTESIAN_POINT('Ctrl Pts',(-5.09721321670152,0.666666666666667,-8.73992458588239));
#4964=CARTESIAN_POINT('Ctrl Pts',(-6.3521301942194,0.666666666666667,-7.96977365135556));
#4965=CARTESIAN_POINT('Ctrl Pts',(-7.55073841365838,0.666666666666667,-6.88495815488671));
#4966=CARTESIAN_POINT('Ctrl Pts',(-8.59680600018962,0.666666666666667,-5.39403958720682));
#4967=CARTESIAN_POINT('Ctrl Pts',(-9.35761958173101,0.666666666666667,-3.7120609811598));
#4968=CARTESIAN_POINT('Ctrl Pts',(-9.65845640981841,0.666666666666667,-1.97201984776632));
#4969=CARTESIAN_POINT('Ctrl Pts',(-9.66666666666667,0.666666666666667,-0.65395350227593));
#4970=CARTESIAN_POINT('Ctrl Pts',(-9.66666666666667,0.666666666666667,4.62592926927148E-16));
#4971=CARTESIAN_POINT('Ctrl Pts',(-4.20959563503705E-15,0.333333333333333,
-9.33333333333329));
#4972=CARTESIAN_POINT('Ctrl Pts',(-0.647588744839602,0.333333333333333,
-9.3333333333333));
#4973=CARTESIAN_POINT('Ctrl Pts',(-1.93605852526771,0.333333333333333,-9.33509203787624));
#4974=CARTESIAN_POINT('Ctrl Pts',(-3.62668690982342,0.333333333333333,-9.01551208251705));
#4975=CARTESIAN_POINT('Ctrl Pts',(-4.942361059743,0.333333333333333,-8.44349065864759));
#4976=CARTESIAN_POINT('Ctrl Pts',(-6.14623870849677,0.333333333333333,-7.70503318347409));
#4977=CARTESIAN_POINT('Ctrl Pts',(-7.30175820509797,0.333333333333333,-6.65921536509806));
#4978=CARTESIAN_POINT('Ctrl Pts',(-8.30662545444978,0.333333333333333,-5.22643675880062));
#4979=CARTESIAN_POINT('Ctrl Pts',(-9.03426031590862,0.333333333333333,-3.61692693756527));
#4980=CARTESIAN_POINT('Ctrl Pts',(-9.32430481074795,0.333333333333333,-1.94903765066523));
#4981=CARTESIAN_POINT('Ctrl Pts',(-9.33333333333333,0.333333333333333,-0.653953502275929));
#4982=CARTESIAN_POINT('Ctrl Pts',(-9.33333333333333,0.333333333333333,9.25185853854297E-16));
#4983=CARTESIAN_POINT('Ctrl Pts',(-6.52256026967279E-15,0.,-8.99999999999996));
#4984=CARTESIAN_POINT('Ctrl Pts',(-0.647588744839584,0.,-8.99999999999997));
#4985=CARTESIAN_POINT('Ctrl Pts',(-1.91370514863482,0.,-9.00040295174641));
#4986=CARTESIAN_POINT('Ctrl Pts',(-3.5309817538617,0.,-8.69315177637679));
#4987=CARTESIAN_POINT('Ctrl Pts',(-4.78750890278449,0.,-8.14705673141278));
#4988=CARTESIAN_POINT('Ctrl Pts',(-5.94034722277413,0.,-7.44029271559262));
#4989=CARTESIAN_POINT('Ctrl Pts',(-7.05277799653757,0.,-6.43347257530942));
#4990=CARTESIAN_POINT('Ctrl Pts',(-8.01644490870994,0.,-5.05883393039443));
#4991=CARTESIAN_POINT('Ctrl Pts',(-8.71090105008624,0.,-3.52179289397074));
#4992=CARTESIAN_POINT('Ctrl Pts',(-8.99015321167748,0.,-1.92605545356413));
#4993=CARTESIAN_POINT('Ctrl Pts',(-9.,0.,-0.653953502275929));
#4994=CARTESIAN_POINT('Ctrl Pts',(-9.,0.,1.38777878078145E-15));
#4995=CARTESIAN_POINT('',(2.08166817117059E-16,1.,-9.99999999999996));
#4996=CARTESIAN_POINT('Ctrl Pts',(-10.,1.,0.));
#4997=CARTESIAN_POINT('Ctrl Pts',(-10.,1.,-0.653953502275931));
#4998=CARTESIAN_POINT('Ctrl Pts',(-9.99260800888887,1.,-1.99500204486742));
#4999=CARTESIAN_POINT('Ctrl Pts',(-9.6809788475534,1.,-3.80719502475434));
#5000=CARTESIAN_POINT('Ctrl Pts',(-8.88698654592945,1.,-5.56164241561302));
#5001=CARTESIAN_POINT('Ctrl Pts',(-7.79971862221879,1.,-7.11070094467535));
#5002=CARTESIAN_POINT('Ctrl Pts',(-6.55802167994204,1.,-8.23451411923704));
#5003=CARTESIAN_POINT('Ctrl Pts',(-5.25206537366003,1.,-9.0363585131172));
#5004=CARTESIAN_POINT('Ctrl Pts',(-3.81809722174686,1.,-9.66023269479757));
#5005=CARTESIAN_POINT('Ctrl Pts',(-1.98076527853348,1.,-10.0044702101359));
#5006=CARTESIAN_POINT('Ctrl Pts',(-0.647588744839634,1.,-9.99999999999997));
#5007=CARTESIAN_POINT('Ctrl Pts',(4.16333634234434E-16,1.,-9.99999999999996));
#5008=CARTESIAN_POINT('',(2.08166817117059E-16,1.,-9.99999999999996));
#5009=CARTESIAN_POINT('Origin',(166.25,0.5,-9.5));
#5010=CARTESIAN_POINT('',(215.,1.,-10.));
#5011=CARTESIAN_POINT('',(215.,1.,-10.));
#5012=CARTESIAN_POINT('',(166.25,1.,-10.));
#5013=CARTESIAN_POINT('Ctrl Pts',(225.,1.,5.13478148889135E-15));
#5014=CARTESIAN_POINT('Ctrl Pts',(225.,1.,-0.647588744840196));
#5015=CARTESIAN_POINT('Ctrl Pts',(225.004109353361,1.,-1.98085153621671));
#5016=CARTESIAN_POINT('Ctrl Pts',(224.696593706509,1.,-3.63005815613753));
#5017=CARTESIAN_POINT('Ctrl Pts',(224.268854901633,1.,-4.71746948081151));
#5018=CARTESIAN_POINT('Ctrl Pts',(223.980286989237,1.,-5.32202137385707));
#5019=CARTESIAN_POINT('Ctrl Pts',(223.684883830925,1.,-5.82495983641986));
#5020=CARTESIAN_POINT('Ctrl Pts',(223.02383218627,1.,-6.79054877901187));
#5021=CARTESIAN_POINT('Ctrl Pts',(222.113017251974,1.,-7.8001211777123));
#5022=CARTESIAN_POINT('Ctrl Pts',(220.562358157002,1.,-8.88494662517094));
#5023=CARTESIAN_POINT('Ctrl Pts',(219.138261593432,1.,-9.53874293734925));
#5024=CARTESIAN_POINT('Ctrl Pts',(217.984724311048,1.,-9.8160217522769));
#5025=CARTESIAN_POINT('Ctrl Pts',(216.582023250072,1.,-10.0011711892949));
#5026=CARTESIAN_POINT('Ctrl Pts',(215.653953502275,1.,-10.));
#5027=CARTESIAN_POINT('Ctrl Pts',(215.,1.,-10.));
#5028=CARTESIAN_POINT('Ctrl Pts',(224.666666666667,0.666666666666667,1.61907524424502E-15));
#5029=CARTESIAN_POINT('Ctrl Pts',(224.666666666667,0.666666666666667,-0.647588744840211));
#5030=CARTESIAN_POINT('Ctrl Pts',(224.669455955722,0.666666666666668,-1.95841788383644));
#5031=CARTESIAN_POINT('Ctrl Pts',(224.372868830346,0.666666666666668,-3.54192084021502));
#5032=CARTESIAN_POINT('Ctrl Pts',(223.962845082025,0.666666666666668,-4.58460727118341));
#5033=CARTESIAN_POINT('Ctrl Pts',(223.68600236347,0.666666666666668,-5.16458246580091));
#5034=CARTESIAN_POINT('Ctrl Pts',(223.402230443236,0.666666666666668,-5.64775839699789));
#5035=CARTESIAN_POINT('Ctrl Pts',(222.766471153556,0.666666666666668,-6.57654499280313));
#5036=CARTESIAN_POINT('Ctrl Pts',(221.887084736821,0.666666666666667,-7.55120089646305));
#5037=CARTESIAN_POINT('Ctrl Pts',(220.394712522002,0.666666666666667,-8.59482567031558));
#5038=CARTESIAN_POINT('Ctrl Pts',(219.029355169586,0.666666666666667,-9.22152080054974));
#5039=CARTESIAN_POINT('Ctrl Pts',(217.922362669272,0.666666666666667,-9.48785617716901));
#5040=CARTESIAN_POINT('Ctrl Pts',(216.565843224102,0.666666666666667,-9.66718214463679));
#5041=CARTESIAN_POINT('Ctrl Pts',(215.653953502275,0.666666666666667,-9.66666666666667));
#5042=CARTESIAN_POINT('Ctrl Pts',(215.,0.666666666666667,-9.66666666666667));
#5043=CARTESIAN_POINT('Ctrl Pts',(224.333333333333,0.333333333333333,-1.89663100040131E-15));
#5044=CARTESIAN_POINT('Ctrl Pts',(224.333333333333,0.333333333333333,-0.647588744840226));
#5045=CARTESIAN_POINT('Ctrl Pts',(224.334802558084,0.333333333333334,-1.93598423145616));
#5046=CARTESIAN_POINT('Ctrl Pts',(224.049143954183,0.333333333333334,-3.45378352429251));
#5047=CARTESIAN_POINT('Ctrl Pts',(223.656835262416,0.333333333333334,-4.45174506155532));
#5048=CARTESIAN_POINT('Ctrl Pts',(223.391717737702,0.333333333333334,-5.00714355774474));
#5049=CARTESIAN_POINT('Ctrl Pts',(223.119577055547,0.333333333333334,-5.47055695757593));
#5050=CARTESIAN_POINT('Ctrl Pts',(222.509110120842,0.333333333333334,-6.36254120659439));
#5051=CARTESIAN_POINT('Ctrl Pts',(221.661152221668,0.333333333333334,-7.3022806152138));
#5052=CARTESIAN_POINT('Ctrl Pts',(220.227066887003,0.333333333333334,-8.30470471546023));
#5053=CARTESIAN_POINT('Ctrl Pts',(218.92044874574,0.333333333333334,-8.90429866375023));
#5054=CARTESIAN_POINT('Ctrl Pts',(217.860001027495,0.333333333333334,-9.15969060206112));
#5055=CARTESIAN_POINT('Ctrl Pts',(216.549663198131,0.333333333333333,-9.33319309997871));
#5056=CARTESIAN_POINT('Ctrl Pts',(215.653953502275,0.333333333333333,-9.33333333333333));
#5057=CARTESIAN_POINT('Ctrl Pts',(215.,0.333333333333333,-9.33333333333333));
#5058=CARTESIAN_POINT('Ctrl Pts',(224.,0.,-5.41233724504764E-15));
#5059=CARTESIAN_POINT('Ctrl Pts',(224.,0.,-0.64758874484024));
#5060=CARTESIAN_POINT('Ctrl Pts',(224.000149160445,0.,-1.91355057907589));
#5061=CARTESIAN_POINT('Ctrl Pts',(223.72541907802,0.,-3.36564620837));
#5062=CARTESIAN_POINT('Ctrl Pts',(223.350825442807,0.,-4.31888285192722));
#5063=CARTESIAN_POINT('Ctrl Pts',(223.097433111935,0.,-4.84970464968857));
#5064=CARTESIAN_POINT('Ctrl Pts',(222.836923667858,0.,-5.29335551815397));
#5065=CARTESIAN_POINT('Ctrl Pts',(222.251749088129,0.,-6.14853742038566));
#5066=CARTESIAN_POINT('Ctrl Pts',(221.435219706515,0.,-7.05336033396455));
#5067=CARTESIAN_POINT('Ctrl Pts',(220.059421252004,0.,-8.01458376060487));
#5068=CARTESIAN_POINT('Ctrl Pts',(218.811542321894,0.,-8.58707652695071));
#5069=CARTESIAN_POINT('Ctrl Pts',(217.797639385719,0.,-8.83152502695322));
#5070=CARTESIAN_POINT('Ctrl Pts',(216.533483172161,0.,-8.99920405532062));
#5071=CARTESIAN_POINT('Ctrl Pts',(215.653953502275,0.,-9.));
#5072=CARTESIAN_POINT('Ctrl Pts',(215.,0.,-9.));
#5073=CARTESIAN_POINT('',(225.,1.,2.56739074444553E-15));
#5074=CARTESIAN_POINT('Ctrl Pts',(215.,1.,-10.));
#5075=CARTESIAN_POINT('Ctrl Pts',(215.653953502275,1.,-10.));
#5076=CARTESIAN_POINT('Ctrl Pts',(216.582023250072,1.,-10.0011711892949));
#5077=CARTESIAN_POINT('Ctrl Pts',(217.984724311048,1.,-9.8160217522769));
#5078=CARTESIAN_POINT('Ctrl Pts',(219.138261593432,1.,-9.53874293734925));
#5079=CARTESIAN_POINT('Ctrl Pts',(220.562358157002,1.,-8.88494662517094));
#5080=CARTESIAN_POINT('Ctrl Pts',(222.113017251974,1.,-7.8001211777123));
#5081=CARTESIAN_POINT('Ctrl Pts',(223.02383218627,1.,-6.79054877901187));
#5082=CARTESIAN_POINT('Ctrl Pts',(223.684883830925,1.,-5.82495983641986));
#5083=CARTESIAN_POINT('Ctrl Pts',(223.980286989237,1.,-5.32202137385707));
#5084=CARTESIAN_POINT('Ctrl Pts',(224.268854901633,1.,-4.71746948081151));
#5085=CARTESIAN_POINT('Ctrl Pts',(224.696593706509,1.,-3.63005815613753));
#5086=CARTESIAN_POINT('Ctrl Pts',(225.004109353361,1.,-1.98085153621671));
#5087=CARTESIAN_POINT('Ctrl Pts',(225.,1.,-0.647588744840196));
#5088=CARTESIAN_POINT('Ctrl Pts',(225.,1.,5.13478148889135E-15));
#5089=CARTESIAN_POINT('',(225.,1.,2.56739074444553E-15));
#5090=CARTESIAN_POINT('Origin',(224.5,0.5,91.25));
#5091=CARTESIAN_POINT('',(225.,1.,115.));
#5092=CARTESIAN_POINT('',(225.,1.,115.));
#5093=CARTESIAN_POINT('',(225.,1.,91.25));
#5094=CARTESIAN_POINT('Ctrl Pts',(215.,1.,125.));
#5095=CARTESIAN_POINT('Ctrl Pts',(215.64758874484,1.,125.));
#5096=CARTESIAN_POINT('Ctrl Pts',(216.986439648573,1.,125.000605226708));
#5097=CARTESIAN_POINT('Ctrl Pts',(218.533468414172,1.,124.713962573941));
#5098=CARTESIAN_POINT('Ctrl Pts',(219.443582285355,1.00000000000001,124.374432324314));
#5099=CARTESIAN_POINT('Ctrl Pts',(219.798782448444,1.,124.227595143481));
#5100=CARTESIAN_POINT('Ctrl Pts',(220.232927114243,1.00000000000001,124.020362546447));
#5101=CARTESIAN_POINT('Ctrl Pts',(220.737858379455,1.00000000000001,123.734909189499));
#5102=CARTESIAN_POINT('Ctrl Pts',(221.711485108274,1.00000000000001,123.091855617736));
#5103=CARTESIAN_POINT('Ctrl Pts',(222.79802111623,1.,122.107525380653));
#5104=CARTESIAN_POINT('Ctrl Pts',(223.885563986709,1.,120.558241721031));
#5105=CARTESIAN_POINT('Ctrl Pts',(224.679350907847,1.,118.805598516978));
#5106=CARTESIAN_POINT('Ctrl Pts',(224.991264338397,1.,116.99567301384));
#5107=CARTESIAN_POINT('Ctrl Pts',(225.,1.,115.653953502275));
#5108=CARTESIAN_POINT('Ctrl Pts',(225.,1.,115.));
#5109=CARTESIAN_POINT('Ctrl Pts',(215.,0.666666666666667,124.666666666667));
#5110=CARTESIAN_POINT('Ctrl Pts',(215.64758874484,0.666666666666667,124.666666666667));
#5111=CARTESIAN_POINT('Ctrl Pts',(216.963735132548,0.666666666666669,124.666190088944));
#5112=CARTESIAN_POINT('Ctrl Pts',(218.449148972219,0.666666666666669,124.389552088678));
#5113=CARTESIAN_POINT('Ctrl Pts',(219.321930040054,0.66666666666667,124.06403156607));
#5114=CARTESIAN_POINT('Ctrl Pts',(219.662572534052,0.66666666666667,123.923200016496));
#5115=CARTESIAN_POINT('Ctrl Pts',(220.079058479062,0.66666666666667,123.724424333001));
#5116=CARTESIAN_POINT('Ctrl Pts',(220.564003407467,0.66666666666667,123.45025924128));
#5117=CARTESIAN_POINT('Ctrl Pts',(221.500192149332,0.66666666666667,122.832085844935));
#5118=CARTESIAN_POINT('Ctrl Pts',(222.549096775806,0.666666666666668,121.881762564498));
#5119=CARTESIAN_POINT('Ctrl Pts',(223.595390104731,0.666666666666669,120.390694305424));
#5120=CARTESIAN_POINT('Ctrl Pts',(224.356029158803,0.666666666666668,118.710447354774));
#5121=CARTESIAN_POINT('Ctrl Pts',(224.657141901578,0.666666666666668,116.972589028007));
#5122=CARTESIAN_POINT('Ctrl Pts',(224.666666666667,0.666666666666667,115.653953502275));
#5123=CARTESIAN_POINT('Ctrl Pts',(224.666666666667,0.666666666666667,115.));
#5124=CARTESIAN_POINT('Ctrl Pts',(215.,0.333333333333333,124.333333333333));
#5125=CARTESIAN_POINT('Ctrl Pts',(215.64758874484,0.333333333333333,124.333333333333));
#5126=CARTESIAN_POINT('Ctrl Pts',(216.941030616523,0.333333333333334,124.331774951179));
#5127=CARTESIAN_POINT('Ctrl Pts',(218.364829530265,0.333333333333335,124.065141603414));
#5128=CARTESIAN_POINT('Ctrl Pts',(219.200277794753,0.333333333333335,123.753630807827));
#5129=CARTESIAN_POINT('Ctrl Pts',(219.52636261966,0.333333333333335,123.618804889511));
#5130=CARTESIAN_POINT('Ctrl Pts',(219.925189843881,0.333333333333335,123.428486119555));
#5131=CARTESIAN_POINT('Ctrl Pts',(220.39014843548,0.333333333333335,123.16560929306));
#5132=CARTESIAN_POINT('Ctrl Pts',(221.28889919039,0.333333333333335,122.572316072133));
#5133=CARTESIAN_POINT('Ctrl Pts',(222.300172435382,0.333333333333334,121.655999748343));
#5134=CARTESIAN_POINT('Ctrl Pts',(223.305216222753,0.333333333333334,120.223146889817));
#5135=CARTESIAN_POINT('Ctrl Pts',(224.032707409759,0.333333333333334,118.61529619257));
#5136=CARTESIAN_POINT('Ctrl Pts',(224.32301946476,0.333333333333334,116.949505042173));
#5137=CARTESIAN_POINT('Ctrl Pts',(224.333333333333,0.333333333333333,115.653953502275));
#5138=CARTESIAN_POINT('Ctrl Pts',(224.333333333333,0.333333333333333,115.));
#5139=CARTESIAN_POINT('Ctrl Pts',(215.,0.,124.));
#5140=CARTESIAN_POINT('Ctrl Pts',(215.64758874484,0.,124.));
#5141=CARTESIAN_POINT('Ctrl Pts',(216.918326100498,0.,123.997359813415));
#5142=CARTESIAN_POINT('Ctrl Pts',(218.280510088312,0.,123.74073111815));
#5143=CARTESIAN_POINT('Ctrl Pts',(219.078625549452,0.,123.443230049584));
#5144=CARTESIAN_POINT('Ctrl Pts',(219.390152705268,0.,123.314409762526));
#5145=CARTESIAN_POINT('Ctrl Pts',(219.7713212087,0.,123.132547906109));
#5146=CARTESIAN_POINT('Ctrl Pts',(220.216293463492,0.,122.88095934484));
#5147=CARTESIAN_POINT('Ctrl Pts',(221.077606231448,0.,122.312546299331));
#5148=CARTESIAN_POINT('Ctrl Pts',(222.051248094958,0.,121.430236932188));
#5149=CARTESIAN_POINT('Ctrl Pts',(223.015042340775,0.,120.05559947421));
#5150=CARTESIAN_POINT('Ctrl Pts',(223.709385660715,0.,118.520145030366));
#5151=CARTESIAN_POINT('Ctrl Pts',(223.988897027941,0.,116.92642105634));
#5152=CARTESIAN_POINT('Ctrl Pts',(224.,0.,115.653953502275));
#5153=CARTESIAN_POINT('Ctrl Pts',(224.,0.,115.));
#5154=CARTESIAN_POINT('Ctrl Pts',(225.,1.,115.));
#5155=CARTESIAN_POINT('Ctrl Pts',(225.,1.,115.653953502275));
#5156=CARTESIAN_POINT('Ctrl Pts',(224.991264338397,1.,116.99567301384));
#5157=CARTESIAN_POINT('Ctrl Pts',(224.679350907847,1.,118.805598516978));
#5158=CARTESIAN_POINT('Ctrl Pts',(223.885563986709,1.,120.558241721031));
#5159=CARTESIAN_POINT('Ctrl Pts',(222.79802111623,1.,122.107525380653));
#5160=CARTESIAN_POINT('Ctrl Pts',(221.711485108274,1.00000000000001,123.091855617736));
#5161=CARTESIAN_POINT('Ctrl Pts',(220.737858379455,1.00000000000001,123.734909189499));
#5162=CARTESIAN_POINT('Ctrl Pts',(220.232927114243,1.00000000000001,124.020362546447));
#5163=CARTESIAN_POINT('Ctrl Pts',(219.798782448444,1.,124.227595143481));
#5164=CARTESIAN_POINT('Ctrl Pts',(219.443582285355,1.00000000000001,124.374432324314));
#5165=CARTESIAN_POINT('Ctrl Pts',(218.533468414172,1.,124.713962573941));
#5166=CARTESIAN_POINT('Ctrl Pts',(216.986439648573,1.,125.000605226708));
#5167=CARTESIAN_POINT('Ctrl Pts',(215.64758874484,1.,125.));
#5168=CARTESIAN_POINT('Ctrl Pts',(215.,1.,125.));
#5169=CARTESIAN_POINT('Ctrl Pts',(-10.,1.,0.));
#5170=CARTESIAN_POINT('Ctrl Pts',(-10.,14.,0.));
#5171=CARTESIAN_POINT('Ctrl Pts',(-10.,27.,0.));
#5172=CARTESIAN_POINT('Ctrl Pts',(-10.,40.,0.));
#5173=CARTESIAN_POINT('Ctrl Pts',(-10.,1.,-0.747998250854712));
#5174=CARTESIAN_POINT('Ctrl Pts',(-10.,14.,-0.747998250854712));
#5175=CARTESIAN_POINT('Ctrl Pts',(-10.,27.,-0.747998250854712));
#5176=CARTESIAN_POINT('Ctrl Pts',(-10.,40.,-0.747998250854712));
#5177=CARTESIAN_POINT('Ctrl Pts',(-9.99242116803365,1.,-2.2281832555822));
#5178=CARTESIAN_POINT('Ctrl Pts',(-9.99242116803365,14.,-2.2281832555822));
#5179=CARTESIAN_POINT('Ctrl Pts',(-9.99242116803365,27.,-2.2281832555822));
#5180=CARTESIAN_POINT('Ctrl Pts',(-9.99242116803365,40.,-2.2281832555822));
#5181=CARTESIAN_POINT('Ctrl Pts',(-9.50065241468746,1.,-4.43163772866467));
#5182=CARTESIAN_POINT('Ctrl Pts',(-9.50065241468746,14.,-4.43163772866467));
#5183=CARTESIAN_POINT('Ctrl Pts',(-9.50065241468746,27.,-4.43163772866467));
#5184=CARTESIAN_POINT('Ctrl Pts',(-9.50065241468746,40.,-4.43163772866467));
#5185=CARTESIAN_POINT('Ctrl Pts',(-8.3240367755297,1.,-6.53413874131594));
#5186=CARTESIAN_POINT('Ctrl Pts',(-8.3240367755297,14.,-6.53413874131594));
#5187=CARTESIAN_POINT('Ctrl Pts',(-8.3240367755297,27.,-6.53413874131594));
#5188=CARTESIAN_POINT('Ctrl Pts',(-8.3240367755297,40.,-6.53413874131594));
#5189=CARTESIAN_POINT('Ctrl Pts',(-6.53407205075195,1.,-8.32505773403562));
#5190=CARTESIAN_POINT('Ctrl Pts',(-6.53407205075195,14.,-8.32505773403562));
#5191=CARTESIAN_POINT('Ctrl Pts',(-6.53407205075195,27.,-8.32505773403562));
#5192=CARTESIAN_POINT('Ctrl Pts',(-6.53407205075195,40.,-8.32505773403562));
#5193=CARTESIAN_POINT('Ctrl Pts',(-4.43231678343508,1.,-9.49895749932634));
#5194=CARTESIAN_POINT('Ctrl Pts',(-4.43231678343508,14.,-9.49895749932634));
#5195=CARTESIAN_POINT('Ctrl Pts',(-4.43231678343508,27.,-9.49895749932634));
#5196=CARTESIAN_POINT('Ctrl Pts',(-4.43231678343508,40.,-9.49895749932634));
#5197=CARTESIAN_POINT('Ctrl Pts',(-2.22793065533222,1.,-9.99330343856777));
#5198=CARTESIAN_POINT('Ctrl Pts',(-2.22793065533222,14.,-9.99330343856777));
#5199=CARTESIAN_POINT('Ctrl Pts',(-2.22793065533222,27.,-9.99330343856777));
#5200=CARTESIAN_POINT('Ctrl Pts',(-2.22793065533222,40.,-9.99330343856777));
#5201=CARTESIAN_POINT('Ctrl Pts',(-0.747998250854714,1.,-9.99999999999997));
#5202=CARTESIAN_POINT('Ctrl Pts',(-0.747998250854714,14.,-9.99999999999997));
#5203=CARTESIAN_POINT('Ctrl Pts',(-0.747998250854714,27.,-9.99999999999997));
#5204=CARTESIAN_POINT('Ctrl Pts',(-0.747998250854714,40.,-9.99999999999997));
#5205=CARTESIAN_POINT('Ctrl Pts',(0.,1.,-9.99999999999996));
#5206=CARTESIAN_POINT('Ctrl Pts',(0.,14.,-9.99999999999996));
#5207=CARTESIAN_POINT('Ctrl Pts',(0.,27.,-9.99999999999996));
#5208=CARTESIAN_POINT('Ctrl Pts',(0.,40.,-9.99999999999996));
#5209=CARTESIAN_POINT('',(-10.,10.,0.));
#5210=CARTESIAN_POINT('',(-10.,0.,0.));
#5211=CARTESIAN_POINT('',(-10.,40.,0.));
#5212=CARTESIAN_POINT('',(-10.,10.,0.));
#5213=CARTESIAN_POINT('',(0.,40.,-10.));
#5214=CARTESIAN_POINT('Ctrl Pts',(-10.,40.,0.));
#5215=CARTESIAN_POINT('Ctrl Pts',(-10.,40.,-0.747998250854712));
#5216=CARTESIAN_POINT('Ctrl Pts',(-9.99621058401682,40.,-1.48809075321845));
#5217=CARTESIAN_POINT('Ctrl Pts',(-9.91235441713421,40.,-2.22537941658074));
#5218=CARTESIAN_POINT('Ctrl Pts',(-9.82849825025158,40.,-2.96266807994302));
#5219=CARTESIAN_POINT('Ctrl Pts',(-9.66457533246952,40.,-3.69715290430384));
#5220=CARTESIAN_POINT('Ctrl Pts',(-9.3865112670522,40.,-4.41481215192613));
#5221=CARTESIAN_POINT('Ctrl Pts',(-9.10844720163487,40.,-5.13247139954842));
#5222=CARTESIAN_POINT('Ctrl Pts',(-8.71624198858229,40.,-5.83330507043218));
#5223=CARTESIAN_POINT('Ctrl Pts',(-8.22181192792637,40.,-6.48220840466067));
#5224=CARTESIAN_POINT('Ctrl Pts',(-7.72738186727045,40.,-7.13111173888917));
#5225=CARTESIAN_POINT('Ctrl Pts',(-7.1307269590112,40.,-7.72808473646239));
#5226=CARTESIAN_POINT('Ctrl Pts',(-6.48210696032876,40.,-8.22222119613079));
#5227=CARTESIAN_POINT('Ctrl Pts',(-5.83348696164633,40.,-8.71635765579919));
#5228=CARTESIAN_POINT('Ctrl Pts',(-5.1329018725407,40.,-9.10765757756277));
#5229=CARTESIAN_POINT('Ctrl Pts',(-4.41521163997075,40.,-9.38569852831812));
#5230=CARTESIAN_POINT('Ctrl Pts',(-3.69752140740079,40.,-9.66373947907348));
#5231=CARTESIAN_POINT('Ctrl Pts',(-2.9627260313665,40.,-9.82852145882062));
#5232=CARTESIAN_POINT('Ctrl Pts',(-2.22534524222998,40.,-9.91258658905225));
#5233=CARTESIAN_POINT('Ctrl Pts',(-1.48796445309346,40.,-9.99665171928387));
#5234=CARTESIAN_POINT('Ctrl Pts',(-0.747998250854713,40.,-9.99999999999997));
#5235=CARTESIAN_POINT('Ctrl Pts',(0.,40.,-9.99999999999996));
#5236=CARTESIAN_POINT('',(0.,0.,-10.));
#5237=CARTESIAN_POINT('Origin',(-10.,0.,-10.));
#5238=CARTESIAN_POINT('',(-10.,10.,115.));
#5239=CARTESIAN_POINT('',(-10.,0.,115.));
#5240=CARTESIAN_POINT('',(-10.,10.,125.));
#5241=CARTESIAN_POINT('Ctrl Pts',(0.,1.,125.));
#5242=CARTESIAN_POINT('Ctrl Pts',(0.,14.,125.));
#5243=CARTESIAN_POINT('Ctrl Pts',(0.,27.,125.));
#5244=CARTESIAN_POINT('Ctrl Pts',(0.,40.,125.));
#5245=CARTESIAN_POINT('Ctrl Pts',(-0.747998250854712,1.,125.));
#5246=CARTESIAN_POINT('Ctrl Pts',(-0.747998250854712,14.,125.));
#5247=CARTESIAN_POINT('Ctrl Pts',(-0.747998250854712,27.,125.));
#5248=CARTESIAN_POINT('Ctrl Pts',(-0.747998250854712,40.,125.));
#5249=CARTESIAN_POINT('Ctrl Pts',(-2.2282008897531,1.,124.992415165317));
#5250=CARTESIAN_POINT('Ctrl Pts',(-2.2282008897531,14.,124.992415165317));
#5251=CARTESIAN_POINT('Ctrl Pts',(-2.2282008897531,27.,124.992415165317));
#5252=CARTESIAN_POINT('Ctrl Pts',(-2.2282008897531,40.,124.992415165317));
#5253=CARTESIAN_POINT('Ctrl Pts',(-4.43152189757384,1.,124.500668387294));
#5254=CARTESIAN_POINT('Ctrl Pts',(-4.43152189757384,14.,124.500668387294));
#5255=CARTESIAN_POINT('Ctrl Pts',(-4.43152189757384,27.,124.500668387294));
#5256=CARTESIAN_POINT('Ctrl Pts',(-4.43152189757384,40.,124.500668387294));
#5257=CARTESIAN_POINT('Ctrl Pts',(-6.53425199064363,1.,123.32405458691));
#5258=CARTESIAN_POINT('Ctrl Pts',(-6.53425199064363,14.,123.32405458691));
#5259=CARTESIAN_POINT('Ctrl Pts',(-6.53425199064363,27.,123.32405458691));
#5260=CARTESIAN_POINT('Ctrl Pts',(-6.53425199064363,40.,123.32405458691));
#5261=CARTESIAN_POINT('Ctrl Pts',(-8.32454129501332,1.,121.534290482719));
#5262=CARTESIAN_POINT('Ctrl Pts',(-8.32454129501332,14.,121.534290482719));
#5263=CARTESIAN_POINT('Ctrl Pts',(-8.32454129501332,27.,121.534290482719));
#5264=CARTESIAN_POINT('Ctrl Pts',(-8.32454129501332,40.,121.534290482719));
#5265=CARTESIAN_POINT('Ctrl Pts',(-9.49949391304456,1.,119.432036232562));
#5266=CARTESIAN_POINT('Ctrl Pts',(-9.49949391304456,14.,119.432036232562));
#5267=CARTESIAN_POINT('Ctrl Pts',(-9.49949391304456,27.,119.432036232562));
#5268=CARTESIAN_POINT('Ctrl Pts',(-9.49949391304456,40.,119.432036232562));
#5269=CARTESIAN_POINT('Ctrl Pts',(-9.99282382309259,1.,117.22813938522));
#5270=CARTESIAN_POINT('Ctrl Pts',(-9.99282382309259,14.,117.22813938522));
#5271=CARTESIAN_POINT('Ctrl Pts',(-9.99282382309259,27.,117.22813938522));
#5272=CARTESIAN_POINT('Ctrl Pts',(-9.99282382309259,40.,117.22813938522));
#5273=CARTESIAN_POINT('Ctrl Pts',(-9.99999999999997,1.,115.747998250855));
#5274=CARTESIAN_POINT('Ctrl Pts',(-9.99999999999997,14.,115.747998250855));
#5275=CARTESIAN_POINT('Ctrl Pts',(-9.99999999999997,27.,115.747998250855));
#5276=CARTESIAN_POINT('Ctrl Pts',(-9.99999999999997,40.,115.747998250855));
#5277=CARTESIAN_POINT('Ctrl Pts',(-9.99999999999996,1.,115.));
#5278=CARTESIAN_POINT('Ctrl Pts',(-9.99999999999996,14.,115.));
#5279=CARTESIAN_POINT('Ctrl Pts',(-9.99999999999996,27.,115.));
#5280=CARTESIAN_POINT('Ctrl Pts',(-9.99999999999996,40.,115.));
#5281=CARTESIAN_POINT('',(0.,40.,125.));
#5282=CARTESIAN_POINT('',(0.,0.,125.));
#5283=CARTESIAN_POINT('',(-10.,40.,115.));
#5284=CARTESIAN_POINT('Ctrl Pts',(0.,40.,125.));
#5285=CARTESIAN_POINT('Ctrl Pts',(-0.747998250854712,40.,125.));
#5286=CARTESIAN_POINT('Ctrl Pts',(-1.48809957030391,40.,124.996207582659));
#5287=CARTESIAN_POINT('Ctrl Pts',(-2.22537039799863,40.,124.912353577651));
#5288=CARTESIAN_POINT('Ctrl Pts',(-2.96264122569335,40.,124.828499572643));
#5289=CARTESIAN_POINT('Ctrl Pts',(-3.69708156163359,40.,124.664583979968));
#5290=CARTESIAN_POINT('Ctrl Pts',(-4.41475674511535,40.,124.386523883567));
#5291=CARTESIAN_POINT('Ctrl Pts',(-5.1324319285971,40.,124.108463787166));
#5292=CARTESIAN_POINT('Ctrl Pts',(-5.83334195962037,40.,123.716259187038));
#5293=CARTESIAN_POINT('Ctrl Pts',(-6.48217852586028,40.,123.221862869609));
#5294=CARTESIAN_POINT('Ctrl Pts',(-7.13101509210019,40.,122.72746655218));
#5295=CARTESIAN_POINT('Ctrl Pts',(-7.72777819355675,40.,122.130878517449));
#5296=CARTESIAN_POINT('Ctrl Pts',(-8.22198518062357,40.,121.482208791725));
#5297=CARTESIAN_POINT('Ctrl Pts',(-8.71619216769039,40.,120.833539066));
#5298=CARTESIAN_POINT('Ctrl Pts',(-9.10784304036748,40.,120.132787649281));
#5299=CARTESIAN_POINT('Ctrl Pts',(-9.38589012838069,40.,119.415095799698));
#5300=CARTESIAN_POINT('Ctrl Pts',(-9.6639372163939,40.,118.697403950115));
#5301=CARTESIAN_POINT('Ctrl Pts',(-9.82838051974324,40.,117.962771667667));
#5302=CARTESIAN_POINT('Ctrl Pts',(-9.91239621564476,40.,117.225420242852));
#5303=CARTESIAN_POINT('Ctrl Pts',(-9.99641191154628,40.,116.488068818037));
#5304=CARTESIAN_POINT('Ctrl Pts',(-9.99999999999997,40.,115.747998250855));
#5305=CARTESIAN_POINT('Ctrl Pts',(-9.99999999999996,40.,115.));
#5306=CARTESIAN_POINT('',(-10.,10.,115.));
#5307=CARTESIAN_POINT('Origin',(-10.,0.,125.));
#5308=CARTESIAN_POINT('',(215.,40.,125.));
#5309=CARTESIAN_POINT('',(215.,0.,125.));
#5310=CARTESIAN_POINT('',(-10.,40.,125.));
#5311=CARTESIAN_POINT('Origin',(107.5,0.,57.5));
#5312=CARTESIAN_POINT('Origin',(107.5,40.,57.5));
#5313=CARTESIAN_POINT('',(225.,40.,115.));
#5314=CARTESIAN_POINT('Ctrl Pts',(225.,40.,115.));
#5315=CARTESIAN_POINT('Ctrl Pts',(225.,40.,115.747998250855));
#5316=CARTESIAN_POINT('Ctrl Pts',(224.996377021452,40.,116.487707884579));
#5317=CARTESIAN_POINT('Ctrl Pts',(224.912461815566,40.,117.225108665638));
#5318=CARTESIAN_POINT('Ctrl Pts',(224.828546609679,40.,117.962509446698));
#5319=CARTESIAN_POINT('Ctrl Pts',(224.664339176454,40.,118.697601375093));
#5320=CARTESIAN_POINT('Ctrl Pts',(224.386482496087,40.,119.414827721109));
#5321=CARTESIAN_POINT('Ctrl Pts',(224.108625815721,40.,120.132054067125));
#5322=CARTESIAN_POINT('Ctrl Pts',(223.717119888214,40.,120.83141483076));
#5323=CARTESIAN_POINT('Ctrl Pts',(223.222365733006,40.,121.480990782391));
#5324=CARTESIAN_POINT('Ctrl Pts',(222.727611577798,40.,122.130566734022));
#5325=CARTESIAN_POINT('Ctrl Pts',(222.129609194889,40.,122.730357873647));
#5326=CARTESIAN_POINT('Ctrl Pts',(221.481402567561,40.,123.223636345084));
#5327=CARTESIAN_POINT('Ctrl Pts',(220.509092626569,40.,123.963554052239));
#5328=CARTESIAN_POINT('Ctrl Pts',(219.423823135636,40.,124.463818255969));
#5329=CARTESIAN_POINT('Ctrl Pts',(218.326998266387,40.,124.723278033534));
#5330=CARTESIAN_POINT('Ctrl Pts',(217.961389976637,40.,124.809764626056));
#5331=CARTESIAN_POINT('Ctrl Pts',(217.594497755964,40.,124.869495171226));
#5332=CARTESIAN_POINT('Ctrl Pts',(217.226267935096,40.,124.910542616721));
#5333=CARTESIAN_POINT('Ctrl Pts',(216.489808293362,40.,124.992637507711));
#5334=CARTESIAN_POINT('Ctrl Pts',(215.747998250855,40.,125.));
#5335=CARTESIAN_POINT('Ctrl Pts',(215.,40.,125.));
#5336=CARTESIAN_POINT('',(225.,40.,0.));
#5337=CARTESIAN_POINT('',(225.,40.,125.));
#5338=CARTESIAN_POINT('',(215.,40.,-10.));
#5339=CARTESIAN_POINT('Ctrl Pts',(215.,40.,-10.));
#5340=CARTESIAN_POINT('Ctrl Pts',(215.747998250855,40.,-10.));
#5341=CARTESIAN_POINT('Ctrl Pts',(216.487717494898,40.,-9.99637438936095));
#5342=CARTESIAN_POINT('Ctrl Pts',(217.225125007428,40.,-9.91245661080919));
#5343=CARTESIAN_POINT('Ctrl Pts',(217.962532519958,40.,-9.82853883225742));
#5344=CARTESIAN_POINT('Ctrl Pts',(218.697628300975,40.,-9.66432888579294));
#5345=CARTESIAN_POINT('Ctrl Pts',(219.41485886542,40.,-9.38647037222234));
#5346=CARTESIAN_POINT('Ctrl Pts',(220.132089429865,40.,-9.10861185865173));
#5347=CARTESIAN_POINT('Ctrl Pts',(220.831454777737,40.,-8.71710477797501));
#5348=CARTESIAN_POINT('Ctrl Pts',(221.481033252133,40.,-8.22234943157144));
#5349=CARTESIAN_POINT('Ctrl Pts',(222.130611726529,40.,-7.72759408516788));
#5350=CARTESIAN_POINT('Ctrl Pts',(222.730403327448,40.,-7.12959047303746));
#5351=CARTESIAN_POINT('Ctrl Pts',(223.223682595358,40.,-6.48138283681113));
#5352=CARTESIAN_POINT('Ctrl Pts',(223.963601497223,40.,-5.50907138247163));
#5353=CARTESIAN_POINT('Ctrl Pts',(224.463867649818,40.,-4.42380087391632));
#5354=CARTESIAN_POINT('Ctrl Pts',(224.723323621196,40.,-3.32697762925474));
#5355=CARTESIAN_POINT('Ctrl Pts',(224.809808944988,40.,-2.96136988103421));
#5356=CARTESIAN_POINT('Ctrl Pts',(224.869537581979,40.,-2.59447849546854));
#5357=CARTESIAN_POINT('Ctrl Pts',(224.910579467088,40.,-2.22625118581559));
#5358=CARTESIAN_POINT('Ctrl Pts',(224.992663237307,40.,-1.4897965665097));
#5359=CARTESIAN_POINT('Ctrl Pts',(225.,40.,-0.747998250854714));
#5360=CARTESIAN_POINT('Ctrl Pts',(225.,40.,0.));
#5361=CARTESIAN_POINT('',(225.,40.,-10.));
#5362=CARTESIAN_POINT('',(-5.,40.,0.));
#5363=CARTESIAN_POINT('',(-10.,40.,0.));
#5364=CARTESIAN_POINT('',(-5.,40.,-5.));
#5365=CARTESIAN_POINT('',(-5.,40.,28.75));
#5366=CARTESIAN_POINT('',(0.,40.,-5.));
#5367=CARTESIAN_POINT('',(51.25,40.,-5.));
#5368=CARTESIAN_POINT('',(0.,40.,-0.150000000000001));
#5369=CARTESIAN_POINT('',(0.,40.,26.25));
#5370=CARTESIAN_POINT('',(215.15,40.,-0.149999999999999));
#5371=CARTESIAN_POINT('',(48.75,40.,-0.149999999999997));
#5372=CARTESIAN_POINT('',(215.15,40.,115.15));
#5373=CARTESIAN_POINT('',(215.15,40.,28.75));
#5374=CARTESIAN_POINT('',(0.,40.,115.15));
#5375=CARTESIAN_POINT('',(161.25,40.,115.15));
#5376=CARTESIAN_POINT('',(0.,40.,120.));
#5377=CARTESIAN_POINT('',(0.,40.,86.25));
#5378=CARTESIAN_POINT('',(-5.,40.,120.));
#5379=CARTESIAN_POINT('',(53.75,40.,120.));
#5380=CARTESIAN_POINT('',(-5.,40.,115.));
#5381=CARTESIAN_POINT('',(-5.,40.,88.75));
#5382=CARTESIAN_POINT('',(215.,40.,115.));
#5383=CARTESIAN_POINT('',(9.84999999999999,40.,-3.87499999999965));
#5384=CARTESIAN_POINT('Origin',(9.84999999999999,40.,-5.07499999999965));
#5385=CARTESIAN_POINT('',(205.15,40.,-3.87499999999965));
#5386=CARTESIAN_POINT('Origin',(205.15,40.,-5.07499999999965));
#5387=CARTESIAN_POINT('',(9.84999999999999,40.,118.875));
#5388=CARTESIAN_POINT('Origin',(9.84999999999999,40.,120.075));
#5389=CARTESIAN_POINT('',(205.15,40.,118.875));
#5390=CARTESIAN_POINT('Origin',(205.15,40.,120.075));
#5391=CARTESIAN_POINT('Origin',(225.,0.,-10.));
#5392=CARTESIAN_POINT('',(215.,0.,-10.));
#5393=CARTESIAN_POINT('Ctrl Pts',(215.,1.,-10.));
#5394=CARTESIAN_POINT('Ctrl Pts',(215.,14.,-10.));
#5395=CARTESIAN_POINT('Ctrl Pts',(215.,27.,-10.));
#5396=CARTESIAN_POINT('Ctrl Pts',(215.,40.,-10.));
#5397=CARTESIAN_POINT('Ctrl Pts',(215.747998250855,1.,-10.));
#5398=CARTESIAN_POINT('Ctrl Pts',(215.747998250855,14.,-10.));
#5399=CARTESIAN_POINT('Ctrl Pts',(215.747998250855,27.,-10.));
#5400=CARTESIAN_POINT('Ctrl Pts',(215.747998250855,40.,-10.));
#5401=CARTESIAN_POINT('Ctrl Pts',(217.227436738941,1.,-9.99274877872191));
#5402=CARTESIAN_POINT('Ctrl Pts',(217.227436738941,14.,-9.99274877872191));
#5403=CARTESIAN_POINT('Ctrl Pts',(217.227436738941,27.,-9.99274877872191));
#5404=CARTESIAN_POINT('Ctrl Pts',(217.227436738941,40.,-9.99274877872191));
#5405=CARTESIAN_POINT('Ctrl Pts',(219.432724081992,1.,-9.50011893932846));
#5406=CARTESIAN_POINT('Ctrl Pts',(219.432724081992,14.,-9.50011893932846));
#5407=CARTESIAN_POINT('Ctrl Pts',(219.432724081992,27.,-9.50011893932846));
#5408=CARTESIAN_POINT('Ctrl Pts',(219.432724081992,40.,-9.50011893932846));
#5409=CARTESIAN_POINT('Ctrl Pts',(221.53082012561,1.,-8.32559769729829));
#5410=CARTESIAN_POINT('Ctrl Pts',(221.53082012561,14.,-8.32559769729829));
#5411=CARTESIAN_POINT('Ctrl Pts',(221.53082012561,27.,-8.32559769729829));
#5412=CARTESIAN_POINT('Ctrl Pts',(221.53082012561,40.,-8.32559769729829));
#5413=CARTESIAN_POINT('Ctrl Pts',(223.630090728827,1.,-6.23258505484184));
#5414=CARTESIAN_POINT('Ctrl Pts',(223.630090728827,14.,-6.23258505484184));
#5415=CARTESIAN_POINT('Ctrl Pts',(223.630090728827,27.,-6.23258505484184));
#5416=CARTESIAN_POINT('Ctrl Pts',(223.630090728827,40.,-6.23258505484184));
#5417=CARTESIAN_POINT('Ctrl Pts',(224.630623034016,1.,-4.06204403773122));
#5418=CARTESIAN_POINT('Ctrl Pts',(224.630623034016,14.,-4.06204403773122));
#5419=CARTESIAN_POINT('Ctrl Pts',(224.630623034016,27.,-4.06204403773122));
#5420=CARTESIAN_POINT('Ctrl Pts',(224.630623034016,40.,-4.06204403773122));
#5421=CARTESIAN_POINT('Ctrl Pts',(224.988994855961,1.,-1.8606957243372));
#5422=CARTESIAN_POINT('Ctrl Pts',(224.988994855961,14.,-1.8606957243372));
#5423=CARTESIAN_POINT('Ctrl Pts',(224.988994855961,27.,-1.8606957243372));
#5424=CARTESIAN_POINT('Ctrl Pts',(224.988994855961,40.,-1.8606957243372));
#5425=CARTESIAN_POINT('Ctrl Pts',(225.,1.,-0.747998250854714));
#5426=CARTESIAN_POINT('Ctrl Pts',(225.,14.,-0.747998250854714));
#5427=CARTESIAN_POINT('Ctrl Pts',(225.,27.,-0.747998250854714));
#5428=CARTESIAN_POINT('Ctrl Pts',(225.,40.,-0.747998250854714));
#5429=CARTESIAN_POINT('Ctrl Pts',(225.,1.,0.));
#5430=CARTESIAN_POINT('Ctrl Pts',(225.,14.,0.));
#5431=CARTESIAN_POINT('Ctrl Pts',(225.,27.,0.));
#5432=CARTESIAN_POINT('Ctrl Pts',(225.,40.,0.));
#5433=CARTESIAN_POINT('',(225.,0.,0.));
#5434=CARTESIAN_POINT('Origin',(225.,0.,125.));
#5435=CARTESIAN_POINT('',(225.,0.,115.));
#5436=CARTESIAN_POINT('Ctrl Pts',(225.,1.,115.));
#5437=CARTESIAN_POINT('Ctrl Pts',(225.,14.,115.));
#5438=CARTESIAN_POINT('Ctrl Pts',(225.,27.,115.));
#5439=CARTESIAN_POINT('Ctrl Pts',(225.,40.,115.));
#5440=CARTESIAN_POINT('Ctrl Pts',(225.,1.,115.747998250855));
#5441=CARTESIAN_POINT('Ctrl Pts',(225.,14.,115.747998250855));
#5442=CARTESIAN_POINT('Ctrl Pts',(225.,27.,115.747998250855));
#5443=CARTESIAN_POINT('Ctrl Pts',(225.,40.,115.747998250855));
#5444=CARTESIAN_POINT('Ctrl Pts',(224.992754042905,1.,117.227417518303));
#5445=CARTESIAN_POINT('Ctrl Pts',(224.992754042905,14.,117.227417518303));
#5446=CARTESIAN_POINT('Ctrl Pts',(224.992754042905,27.,117.227417518303));
#5447=CARTESIAN_POINT('Ctrl Pts',(224.992754042905,40.,117.227417518303));
#5448=CARTESIAN_POINT('Ctrl Pts',(224.500131743228,1.,119.432693303489));
#5449=CARTESIAN_POINT('Ctrl Pts',(224.500131743228,14.,119.432693303489));
#5450=CARTESIAN_POINT('Ctrl Pts',(224.500131743228,27.,119.432693303489));
#5451=CARTESIAN_POINT('Ctrl Pts',(224.500131743228,40.,119.432693303489));
#5452=CARTESIAN_POINT('Ctrl Pts',(223.325613960707,1.,121.530775594396));
#5453=CARTESIAN_POINT('Ctrl Pts',(223.325613960707,14.,121.530775594396));
#5454=CARTESIAN_POINT('Ctrl Pts',(223.325613960707,27.,121.530775594396));
#5455=CARTESIAN_POINT('Ctrl Pts',(223.325613960707,40.,121.530775594396));
#5456=CARTESIAN_POINT('Ctrl Pts',(221.232605620525,0.999999999999999,123.630044583085));
#5457=CARTESIAN_POINT('Ctrl Pts',(221.232605620525,14.,123.630044583085));
#5458=CARTESIAN_POINT('Ctrl Pts',(221.232605620525,27.,123.630044583085));
#5459=CARTESIAN_POINT('Ctrl Pts',(221.232605620525,40.,123.630044583085));
#5460=CARTESIAN_POINT('Ctrl Pts',(219.062066638658,0.999999999999999,124.630572990546));
#5461=CARTESIAN_POINT('Ctrl Pts',(219.062066638658,14.,124.630572990546));
#5462=CARTESIAN_POINT('Ctrl Pts',(219.062066638658,27.,124.630572990546));
#5463=CARTESIAN_POINT('Ctrl Pts',(219.062066638658,40.,124.630572990546));
#5464=CARTESIAN_POINT('Ctrl Pts',(216.860713314616,0.999999999999999,124.988956261566));
#5465=CARTESIAN_POINT('Ctrl Pts',(216.860713314616,14.,124.988956261566));
#5466=CARTESIAN_POINT('Ctrl Pts',(216.860713314616,27.,124.988956261566));
#5467=CARTESIAN_POINT('Ctrl Pts',(216.860713314616,40.,124.988956261566));
#5468=CARTESIAN_POINT('Ctrl Pts',(215.747998250855,1.,125.));
#5469=CARTESIAN_POINT('Ctrl Pts',(215.747998250855,14.,125.));
#5470=CARTESIAN_POINT('Ctrl Pts',(215.747998250855,27.,125.));
#5471=CARTESIAN_POINT('Ctrl Pts',(215.747998250855,40.,125.));
#5472=CARTESIAN_POINT('Ctrl Pts',(215.,1.,125.));
#5473=CARTESIAN_POINT('Ctrl Pts',(215.,14.,125.));
#5474=CARTESIAN_POINT('Ctrl Pts',(215.,27.,125.));
#5475=CARTESIAN_POINT('Ctrl Pts',(215.,40.,125.));
#5476=CARTESIAN_POINT('Origin',(9.84999999999999,32.5,-5.07499999999965));
#5477=CARTESIAN_POINT('',(9.84999999999999,30.,-3.87499999999965));
#5478=CARTESIAN_POINT('Origin',(9.84999999999999,30.,-5.07499999999965));
#5479=CARTESIAN_POINT('',(9.84999999999999,25.,-3.87499999999965));
#5480=CARTESIAN_POINT('',(9.84999999999999,32.5,-3.87499999999965));
#5481=CARTESIAN_POINT('Origin',(9.84999999999999,25.,-5.07499999999965));
#5482=CARTESIAN_POINT('Origin',(9.84999999999999,24.6394836285835,-5.07499999999965));
#5483=CARTESIAN_POINT('',(9.84999999999999,24.2789672571669,-5.07499999999965));
#5484=CARTESIAN_POINT('',(9.84999999999999,24.6394836285835,-4.47499999999965));
#5485=CARTESIAN_POINT('Origin',(9.84999999999999,32.5,-5.07499999999965));
#5486=CARTESIAN_POINT('',(9.84999999999999,32.5,-3.87499999999965));
#5487=CARTESIAN_POINT('',(9.84999999999999,32.5,-3.87499999999965));
#5488=CARTESIAN_POINT('Origin',(9.84999999999999,32.5,-5.07499999999965));
#5489=CARTESIAN_POINT('Origin',(6.67457351945728,30.,-5.07500000000034));
#5490=CARTESIAN_POINT('',(6.67457351945728,30.,-5.07500000000034));
#5491=CARTESIAN_POINT('',(8.26228675972835,30.,-2.325));
#5492=CARTESIAN_POINT('',(6.67457351945728,30.,-5.07500000000034));
#5493=CARTESIAN_POINT('',(6.67457351945728,32.5,-5.07500000000034));
#5494=CARTESIAN_POINT('',(6.67457351945728,30.,-5.07500000000034));
#5495=CARTESIAN_POINT('',(8.26228675972835,32.5,-2.325));
#5496=CARTESIAN_POINT('',(6.67457351945728,32.5,-5.07500000000034));
#5497=CARTESIAN_POINT('',(8.26228675972835,30.,-2.325));
#5498=CARTESIAN_POINT('Origin',(8.26228675972892,30.,-7.82499999999997));
#5499=CARTESIAN_POINT('',(8.26228675972892,30.,-7.82499999999997));
#5500=CARTESIAN_POINT('',(8.26228675972892,30.,-7.82499999999997));
#5501=CARTESIAN_POINT('',(8.26228675972892,32.5,-7.82499999999997));
#5502=CARTESIAN_POINT('',(8.26228675972892,30.,-7.82499999999997));
#5503=CARTESIAN_POINT('',(8.26228675972892,32.5,-7.82499999999997));
#5504=CARTESIAN_POINT('Origin',(11.4377132402716,30.,-7.82499999999963));
#5505=CARTESIAN_POINT('',(11.4377132402716,30.,-7.82499999999963));
#5506=CARTESIAN_POINT('',(11.4377132402716,30.,-7.82499999999963));
#5507=CARTESIAN_POINT('',(11.4377132402716,32.5,-7.82499999999963));
#5508=CARTESIAN_POINT('',(11.4377132402716,30.,-7.82499999999963));
#5509=CARTESIAN_POINT('',(11.4377132402716,32.5,-7.82499999999963));
#5510=CARTESIAN_POINT('Origin',(13.0254264805429,30.,-5.07499999999856));
#5511=CARTESIAN_POINT('',(13.0254264805429,30.,-5.07499999999856));
#5512=CARTESIAN_POINT('',(13.0254264805429,30.,-5.07499999999856));
#5513=CARTESIAN_POINT('',(13.0254264805429,32.5,-5.07499999999856));
#5514=CARTESIAN_POINT('',(13.0254264805429,30.,-5.07499999999856));
#5515=CARTESIAN_POINT('',(13.0254264805429,32.5,-5.07499999999856));
#5516=CARTESIAN_POINT('Origin',(11.4377132402711,30.,-2.32500000000003));
#5517=CARTESIAN_POINT('',(11.4377132402711,30.,-2.32500000000003));
#5518=CARTESIAN_POINT('',(11.4377132402711,30.,-2.32500000000003));
#5519=CARTESIAN_POINT('',(11.4377132402711,32.5,-2.32500000000003));
#5520=CARTESIAN_POINT('',(11.4377132402711,30.,-2.32500000000003));
#5521=CARTESIAN_POINT('',(11.4377132402711,32.5,-2.32500000000003));
#5522=CARTESIAN_POINT('Origin',(8.26228675972835,30.,-2.325));
#5523=CARTESIAN_POINT('',(8.26228675972835,30.,-2.325));
#5524=CARTESIAN_POINT('',(8.26228675972835,32.5,-2.325));
#5525=CARTESIAN_POINT('Origin',(9.8500000000001,32.5,-5.07499999999999));
#5526=CARTESIAN_POINT('Origin',(9.8500000000001,30.,-5.07499999999999));
#5527=CARTESIAN_POINT('Origin',(205.15,32.5,-5.07499999999965));
#5528=CARTESIAN_POINT('',(205.15,30.,-3.87499999999965));
#5529=CARTESIAN_POINT('Origin',(205.15,30.,-5.07499999999965));
#5530=CARTESIAN_POINT('',(205.15,25.,-3.87499999999965));
#5531=CARTESIAN_POINT('',(205.15,32.5,-3.87499999999965));
#5532=CARTESIAN_POINT('Origin',(205.15,25.,-5.07499999999965));
#5533=CARTESIAN_POINT('Origin',(205.15,24.6394836285835,-5.07499999999965));
#5534=CARTESIAN_POINT('',(205.15,24.2789672571669,-5.07499999999965));
#5535=CARTESIAN_POINT('',(205.15,24.6394836285835,-4.47499999999965));
#5536=CARTESIAN_POINT('Origin',(205.15,32.5,-5.07499999999965));
#5537=CARTESIAN_POINT('',(205.15,32.5,-3.87499999999965));
#5538=CARTESIAN_POINT('',(205.15,32.5,-3.87499999999965));
#5539=CARTESIAN_POINT('Origin',(205.15,32.5,-5.07499999999965));
#5540=CARTESIAN_POINT('Origin',(208.325426480543,30.,-5.07500000000034));
#5541=CARTESIAN_POINT('',(208.325426480543,30.,-5.07500000000034));
#5542=CARTESIAN_POINT('',(206.737713240272,30.,-2.325));
#5543=CARTESIAN_POINT('',(208.325426480543,30.,-5.07500000000034));
#5544=CARTESIAN_POINT('',(206.737713240272,32.5,-2.325));
#5545=CARTESIAN_POINT('',(206.737713240272,30.,-2.325));
#5546=CARTESIAN_POINT('',(208.325426480543,32.5,-5.07500000000034));
#5547=CARTESIAN_POINT('',(208.325426480543,32.5,-5.07500000000034));
#5548=CARTESIAN_POINT('',(208.325426480543,30.,-5.07500000000034));
#5549=CARTESIAN_POINT('Origin',(206.737713240271,30.,-7.82499999999997));
#5550=CARTESIAN_POINT('',(206.737713240271,30.,-7.82499999999997));
#5551=CARTESIAN_POINT('',(206.737713240271,30.,-7.82499999999997));
#5552=CARTESIAN_POINT('',(206.737713240271,32.5,-7.82499999999997));
#5553=CARTESIAN_POINT('',(206.737713240271,32.5,-7.82499999999997));
#5554=CARTESIAN_POINT('',(206.737713240271,30.,-7.82499999999997));
#5555=CARTESIAN_POINT('Origin',(203.562286759728,30.,-7.82499999999963));
#5556=CARTESIAN_POINT('',(203.562286759728,30.,-7.82499999999963));
#5557=CARTESIAN_POINT('',(203.562286759728,30.,-7.82499999999963));
#5558=CARTESIAN_POINT('',(203.562286759728,32.5,-7.82499999999963));
#5559=CARTESIAN_POINT('',(203.562286759728,32.5,-7.82499999999963));
#5560=CARTESIAN_POINT('',(203.562286759728,30.,-7.82499999999963));
#5561=CARTESIAN_POINT('Origin',(201.974573519457,30.,-5.07499999999856));
#5562=CARTESIAN_POINT('',(201.974573519457,30.,-5.07499999999856));
#5563=CARTESIAN_POINT('',(201.974573519457,30.,-5.07499999999856));
#5564=CARTESIAN_POINT('',(201.974573519457,32.5,-5.07499999999856));
#5565=CARTESIAN_POINT('',(201.974573519457,32.5,-5.07499999999856));
#5566=CARTESIAN_POINT('',(201.974573519457,30.,-5.07499999999856));
#5567=CARTESIAN_POINT('Origin',(203.562286759729,30.,-2.32500000000003));
#5568=CARTESIAN_POINT('',(203.562286759729,30.,-2.32500000000003));
#5569=CARTESIAN_POINT('',(203.562286759729,30.,-2.32500000000003));
#5570=CARTESIAN_POINT('',(203.562286759729,32.5,-2.32500000000003));
#5571=CARTESIAN_POINT('',(203.562286759729,32.5,-2.32500000000003));
#5572=CARTESIAN_POINT('',(203.562286759729,30.,-2.32500000000003));
#5573=CARTESIAN_POINT('Origin',(206.737713240272,30.,-2.325));
#5574=CARTESIAN_POINT('',(206.737713240272,30.,-2.325));
#5575=CARTESIAN_POINT('',(206.737713240272,32.5,-2.325));
#5576=CARTESIAN_POINT('Origin',(205.15,32.5,-5.07499999999999));
#5577=CARTESIAN_POINT('Origin',(205.15,30.,-5.07499999999999));
#5578=CARTESIAN_POINT('Origin',(9.84999999999999,32.5,120.075));
#5579=CARTESIAN_POINT('',(9.84999999999999,30.,118.875));
#5580=CARTESIAN_POINT('Origin',(9.84999999999999,30.,120.075));
#5581=CARTESIAN_POINT('',(9.84999999999999,25.,118.875));
#5582=CARTESIAN_POINT('',(9.84999999999999,32.5,118.875));
#5583=CARTESIAN_POINT('Origin',(9.84999999999999,25.,120.075));
#5584=CARTESIAN_POINT('Origin',(9.84999999999999,24.6394836285835,120.075));
#5585=CARTESIAN_POINT('',(9.84999999999999,24.2789672571669,120.075));
#5586=CARTESIAN_POINT('',(9.84999999999999,24.6394836285835,119.475));
#5587=CARTESIAN_POINT('Origin',(9.84999999999999,32.5,120.075));
#5588=CARTESIAN_POINT('',(9.84999999999999,32.5,118.875));
#5589=CARTESIAN_POINT('',(9.84999999999999,32.5,118.875));
#5590=CARTESIAN_POINT('Origin',(9.84999999999999,32.5,120.075));
#5591=CARTESIAN_POINT('Origin',(6.67457351945728,30.,120.075));
#5592=CARTESIAN_POINT('',(6.67457351945728,30.,120.075));
#5593=CARTESIAN_POINT('',(8.26228675972835,30.,117.325));
#5594=CARTESIAN_POINT('',(6.67457351945728,30.,120.075));
#5595=CARTESIAN_POINT('',(8.26228675972835,32.5,117.325));
#5596=CARTESIAN_POINT('',(8.26228675972835,30.,117.325));
#5597=CARTESIAN_POINT('',(6.67457351945728,32.5,120.075));
#5598=CARTESIAN_POINT('',(6.67457351945728,32.5,120.075));
#5599=CARTESIAN_POINT('',(6.67457351945728,30.,120.075));
#5600=CARTESIAN_POINT('Origin',(8.26228675972892,30.,122.825));
#5601=CARTESIAN_POINT('',(8.26228675972892,30.,122.825));
#5602=CARTESIAN_POINT('',(8.26228675972892,30.,122.825));
#5603=CARTESIAN_POINT('',(8.26228675972892,32.5,122.825));
#5604=CARTESIAN_POINT('',(8.26228675972892,32.5,122.825));
#5605=CARTESIAN_POINT('',(8.26228675972892,30.,122.825));
#5606=CARTESIAN_POINT('Origin',(11.4377132402716,30.,122.825));
#5607=CARTESIAN_POINT('',(11.4377132402716,30.,122.825));
#5608=CARTESIAN_POINT('',(11.4377132402716,30.,122.825));
#5609=CARTESIAN_POINT('',(11.4377132402716,32.5,122.825));
#5610=CARTESIAN_POINT('',(11.4377132402716,32.5,122.825));
#5611=CARTESIAN_POINT('',(11.4377132402716,30.,122.825));
#5612=CARTESIAN_POINT('Origin',(13.0254264805429,30.,120.074999999999));
#5613=CARTESIAN_POINT('',(13.0254264805429,30.,120.074999999999));
#5614=CARTESIAN_POINT('',(13.0254264805429,30.,120.074999999999));
#5615=CARTESIAN_POINT('',(13.0254264805429,32.5,120.074999999999));
#5616=CARTESIAN_POINT('',(13.0254264805429,32.5,120.074999999999));
#5617=CARTESIAN_POINT('',(13.0254264805429,30.,120.074999999999));
#5618=CARTESIAN_POINT('Origin',(11.4377132402711,30.,117.325));
#5619=CARTESIAN_POINT('',(11.4377132402711,30.,117.325));
#5620=CARTESIAN_POINT('',(11.4377132402711,30.,117.325));
#5621=CARTESIAN_POINT('',(11.4377132402711,32.5,117.325));
#5622=CARTESIAN_POINT('',(11.4377132402711,32.5,117.325));
#5623=CARTESIAN_POINT('',(11.4377132402711,30.,117.325));
#5624=CARTESIAN_POINT('Origin',(8.26228675972835,30.,117.325));
#5625=CARTESIAN_POINT('',(8.26228675972835,30.,117.325));
#5626=CARTESIAN_POINT('',(8.26228675972835,32.5,117.325));
#5627=CARTESIAN_POINT('Origin',(9.8500000000001,32.5,120.075));
#5628=CARTESIAN_POINT('Origin',(9.8500000000001,30.,120.075));
#5629=CARTESIAN_POINT('Origin',(205.15,32.5,120.075));
#5630=CARTESIAN_POINT('',(205.15,30.,118.875));
#5631=CARTESIAN_POINT('Origin',(205.15,30.,120.075));
#5632=CARTESIAN_POINT('',(205.15,25.,118.875));
#5633=CARTESIAN_POINT('',(205.15,32.5,118.875));
#5634=CARTESIAN_POINT('Origin',(205.15,25.,120.075));
#5635=CARTESIAN_POINT('Origin',(205.15,24.6394836285835,120.075));
#5636=CARTESIAN_POINT('',(205.15,24.2789672571669,120.075));
#5637=CARTESIAN_POINT('',(205.15,24.6394836285835,119.475));
#5638=CARTESIAN_POINT('Origin',(205.15,32.5,120.075));
#5639=CARTESIAN_POINT('',(205.15,32.5,118.875));
#5640=CARTESIAN_POINT('',(205.15,32.5,118.875));
#5641=CARTESIAN_POINT('Origin',(205.15,32.5,120.075));
#5642=CARTESIAN_POINT('Origin',(208.325426480543,30.,120.075));
#5643=CARTESIAN_POINT('',(208.325426480543,30.,120.075));
#5644=CARTESIAN_POINT('',(206.737713240272,30.,117.325));
#5645=CARTESIAN_POINT('',(208.325426480543,30.,120.075));
#5646=CARTESIAN_POINT('',(208.325426480543,32.5,120.075));
#5647=CARTESIAN_POINT('',(208.325426480543,30.,120.075));
#5648=CARTESIAN_POINT('',(206.737713240272,32.5,117.325));
#5649=CARTESIAN_POINT('',(208.325426480543,32.5,120.075));
#5650=CARTESIAN_POINT('',(206.737713240272,30.,117.325));
#5651=CARTESIAN_POINT('Origin',(206.737713240271,30.,122.825));
#5652=CARTESIAN_POINT('',(206.737713240271,30.,122.825));
#5653=CARTESIAN_POINT('',(206.737713240271,30.,122.825));
#5654=CARTESIAN_POINT('',(206.737713240271,32.5,122.825));
#5655=CARTESIAN_POINT('',(206.737713240271,30.,122.825));
#5656=CARTESIAN_POINT('',(206.737713240271,32.5,122.825));
#5657=CARTESIAN_POINT('Origin',(203.562286759728,30.,122.825));
#5658=CARTESIAN_POINT('',(203.562286759728,30.,122.825));
#5659=CARTESIAN_POINT('',(203.562286759728,30.,122.825));
#5660=CARTESIAN_POINT('',(203.562286759728,32.5,122.825));
#5661=CARTESIAN_POINT('',(203.562286759728,30.,122.825));
#5662=CARTESIAN_POINT('',(203.562286759728,32.5,122.825));
#5663=CARTESIAN_POINT('Origin',(201.974573519457,30.,120.074999999999));
#5664=CARTESIAN_POINT('',(201.974573519457,30.,120.074999999999));
#5665=CARTESIAN_POINT('',(201.974573519457,30.,120.074999999999));
#5666=CARTESIAN_POINT('',(201.974573519457,32.5,120.074999999999));
#5667=CARTESIAN_POINT('',(201.974573519457,30.,120.074999999999));
#5668=CARTESIAN_POINT('',(201.974573519457,32.5,120.074999999999));
#5669=CARTESIAN_POINT('Origin',(203.562286759729,30.,117.325));
#5670=CARTESIAN_POINT('',(203.562286759729,30.,117.325));
#5671=CARTESIAN_POINT('',(203.562286759729,30.,117.325));
#5672=CARTESIAN_POINT('',(203.562286759729,32.5,117.325));
#5673=CARTESIAN_POINT('',(203.562286759729,30.,117.325));
#5674=CARTESIAN_POINT('',(203.562286759729,32.5,117.325));
#5675=CARTESIAN_POINT('Origin',(206.737713240272,30.,117.325));
#5676=CARTESIAN_POINT('',(206.737713240272,30.,117.325));
#5677=CARTESIAN_POINT('',(206.737713240272,32.5,117.325));
#5678=CARTESIAN_POINT('Origin',(205.15,32.5,120.075));
#5679=CARTESIAN_POINT('Origin',(205.15,30.,120.075));
#5680=CARTESIAN_POINT('Origin',(0.,40.,-5.));
#5681=CARTESIAN_POINT('',(0.,10.,-5.));
#5682=CARTESIAN_POINT('',(0.,10.,-0.15));
#5683=CARTESIAN_POINT('',(0.,10.,-3.75));
#5684=CARTESIAN_POINT('',(0.,25.,-0.15));
#5685=CARTESIAN_POINT('',(0.,40.,-5.));
#5686=CARTESIAN_POINT('Origin',(-5.,40.,-5.));
#5687=CARTESIAN_POINT('',(-5.,10.,-5.));
#5688=CARTESIAN_POINT('',(-3.75,10.,-5.));
#5689=CARTESIAN_POINT('',(-5.,40.,-5.));
#5690=CARTESIAN_POINT('Origin',(-5.,40.,0.));
#5691=CARTESIAN_POINT('',(-5.,10.,0.));
#5692=CARTESIAN_POINT('',(-5.,10.,-1.25));
#5693=CARTESIAN_POINT('',(-5.,25.,0.));
#5694=CARTESIAN_POINT('Origin',(-10.,10.,0.));
#5695=CARTESIAN_POINT('',(48.75,10.,0.));
#5696=CARTESIAN_POINT('Origin',(-10.,10.,-0.15));
#5697=CARTESIAN_POINT('',(215.15,10.,-0.149999999999999));
#5698=CARTESIAN_POINT('',(48.75,10.,-0.149999999999997));
#5699=CARTESIAN_POINT('',(215.15,10.,-0.15));
#5700=CARTESIAN_POINT('Origin',(0.,40.,115.));
#5701=CARTESIAN_POINT('',(0.,10.,115.15));
#5702=CARTESIAN_POINT('',(0.,10.,120.));
#5703=CARTESIAN_POINT('',(0.,10.,116.25));
#5704=CARTESIAN_POINT('',(0.,40.,120.));
#5705=CARTESIAN_POINT('',(0.,25.,115.15));
#5706=CARTESIAN_POINT('Origin',(-5.,40.,120.));
#5707=CARTESIAN_POINT('',(-5.,10.,120.));
#5708=CARTESIAN_POINT('',(-5.,10.,115.));
#5709=CARTESIAN_POINT('',(-5.,10.,118.75));
#5710=CARTESIAN_POINT('',(-5.,25.,115.));
#5711=CARTESIAN_POINT('',(-5.,40.,120.));
#5712=CARTESIAN_POINT('Origin',(0.,40.,120.));
#5713=CARTESIAN_POINT('',(-1.25,10.,120.));
#5714=CARTESIAN_POINT('Origin',(215.,10.,115.15));
#5715=CARTESIAN_POINT('',(215.15,10.,115.15));
#5716=CARTESIAN_POINT('',(215.15,10.,115.15));
#5717=CARTESIAN_POINT('',(161.25,10.,115.15));
#5718=CARTESIAN_POINT('Origin',(215.,10.,115.));
#5719=CARTESIAN_POINT('',(161.25,10.,115.));
#5720=CARTESIAN_POINT('Origin',(215.15,10.,0.));
#5721=CARTESIAN_POINT('',(215.15,10.,28.75));
#5722=CARTESIAN_POINT('Origin',(107.5,10.,57.5));
#5723=UNCERTAINTY_MEASURE_WITH_UNIT(LENGTH_MEASURE(0.01),#5727,
'DISTANCE_ACCURACY_VALUE',
'Maximum model space distance between geometric entities at asserted c
onnectivities');
#5724=UNCERTAINTY_MEASURE_WITH_UNIT(LENGTH_MEASURE(0.01),#5727,
'DISTANCE_ACCURACY_VALUE',
'Maximum model space distance between geometric entities at asserted c
onnectivities');
#5725=(
GEOMETRIC_REPRESENTATION_CONTEXT(3)
GLOBAL_UNCERTAINTY_ASSIGNED_CONTEXT((#5723))
GLOBAL_UNIT_ASSIGNED_CONTEXT((#5727,#5729,#5730))
REPRESENTATION_CONTEXT('','3D')
);
#5726=(
GEOMETRIC_REPRESENTATION_CONTEXT(3)
GLOBAL_UNCERTAINTY_ASSIGNED_CONTEXT((#5724))
GLOBAL_UNIT_ASSIGNED_CONTEXT((#5727,#5729,#5730))
REPRESENTATION_CONTEXT('','3D')
);
#5727=(
LENGTH_UNIT()
NAMED_UNIT(*)
SI_UNIT(.MILLI.,.METRE.)
);
#5728=(
LENGTH_UNIT()
NAMED_UNIT(*)
SI_UNIT($,.METRE.)
);
#5729=(
NAMED_UNIT(*)
PLANE_ANGLE_UNIT()
SI_UNIT($,.RADIAN.)
);
#5730=(
NAMED_UNIT(*)
SI_UNIT($,.STERADIAN.)
SOLID_ANGLE_UNIT()
);
#5731=SHAPE_DEFINITION_REPRESENTATION(#5732,#5733);
#5732=PRODUCT_DEFINITION_SHAPE('',$,#5735);
#5733=SHAPE_REPRESENTATION('',(#2729),#5725);
#5734=PRODUCT_DEFINITION_CONTEXT('part definition',#5739,'design');
#5735=PRODUCT_DEFINITION('Power Supply Case','Power Supply Case v1',#5736,
#5734);
#5736=PRODUCT_DEFINITION_FORMATION('',$,#5741);
#5737=PRODUCT_RELATED_PRODUCT_CATEGORY('Power Supply Case v1',
'Power Supply Case v1',(#5741));
#5738=APPLICATION_PROTOCOL_DEFINITION('international standard',
'automotive_design',2009,#5739);
#5739=APPLICATION_CONTEXT(
'Core Data for Automotive Mechanical Design Process');
#5740=PRODUCT_CONTEXT('part definition',#5739,'mechanical');
#5741=PRODUCT('Power Supply Case','Power Supply Case v1',$,(#5740));
#5742=PRESENTATION_STYLE_ASSIGNMENT((#5743));
#5743=SURFACE_STYLE_USAGE(.BOTH.,#5744);
#5744=SURFACE_SIDE_STYLE('',(#5745));
#5745=SURFACE_STYLE_FILL_AREA(#5746);
#5746=FILL_AREA_STYLE('Steel - Satin',(#5747));
#5747=FILL_AREA_STYLE_COLOUR('Steel - Satin',#5748);
#5748=COLOUR_RGB('Steel - Satin',0.627450980392157,0.627450980392157,0.627450980392157);
ENDSEC;
END-ISO-10303-21;
