ISO-10303-21;
HEADER;
/* Generated by software containing ST-Developer
 * from STEP Tools, Inc. (www.steptools.com) 
 */

FILE_DESCRIPTION(
/* description */ (''),
/* implementation_level */ '2;1');

FILE_NAME(
/* name */ 'arms.step',
/* time_stamp */ '2026-03-10T16:04:19-04:00',
/* author */ (''),
/* organization */ (''),
/* preprocessor_version */ 'ST-DEVELOPER v20.1',
/* originating_system */ 'Autodesk Translation Framework v14.24.0.0',
/* authorisation */ '');

FILE_SCHEMA (('AUTOMOTIVE_DESIGN { 1 0 10303 214 3 1 1 }'));
ENDSEC;

DATA;
#10=MECHANICAL_DESIGN_GEOMETRIC_PRESENTATION_REPRESENTATION('',(#90,#91,
#92),#11507);
#11=ITEM_DEFINED_TRANSFORMATION($,$,#6329,#6776);
#12=ITEM_DEFINED_TRANSFORMATION($,$,#6410,#6777);
#13=(
REPRESENTATION_RELATIONSHIP($,$,#11520,#11519)
REPRESENTATION_RELATIONSHIP_WITH_TRANSFORMATION(#11)
SHAPE_REPRESENTATION_RELATIONSHIP()
);
#14=(
REPRESENTATION_RELATIONSHIP($,$,#11521,#11519)
REPRESENTATION_RELATIONSHIP_WITH_TRANSFORMATION(#12)
SHAPE_REPRESENTATION_RELATIONSHIP()
);
#15=CONTEXT_DEPENDENT_SHAPE_REPRESENTATION(#13,#11517);
#16=CONTEXT_DEPENDENT_SHAPE_REPRESENTATION(#14,#11518);
#17=NEXT_ASSEMBLY_USAGE_OCCURRENCE('NEMA17 Motor Bracket v3:1',
'NEMA17 Motor Bracket v3:1','NEMA17 Motor Bracket v3:1',#11523,#11524,
'NEMA17 Motor Bracket v3:1');
#18=NEXT_ASSEMBLY_USAGE_OCCURRENCE('NEMA 17 Motor Pulley v7:1',
'NEMA 17 Motor Pulley v7:1','NEMA 17 Motor Pulley v7:1',#11523,#11525,
'NEMA 17 Motor Pulley v7:1');
#19=ELLIPSE('',#6523,1.78885438199983,1.6);
#20=ELLIPSE('',#6527,1.78885438199983,1.6);
#21=ELLIPSE('',#6528,1.78885438199983,1.6);
#22=TOROIDAL_SURFACE('',#6415,20.,1.25);
#23=TOROIDAL_SURFACE('',#6421,20.,1.25);
#24=CONICAL_SURFACE('',#6411,19.8510839162482,0.725253222199819);
#25=CONICAL_SURFACE('',#6417,19.8510839162482,0.72525322219983);
#26=CONICAL_SURFACE('',#6426,19.8510839162482,0.725253222199819);
#27=CONICAL_SURFACE('',#6431,19.8510839162482,0.725253222199829);
#28=CONICAL_SURFACE('',#6436,19.,0.785398163397448);
#29=CONICAL_SURFACE('',#6444,19.,0.785398163397448);
#30=B_SPLINE_CURVE_WITH_KNOTS('',3,(#8751,#8752,#8753,#8754,#8755,#8756),
 .UNSPECIFIED.,.F.,.F.,(4,2,4),(0.0260289261755,0.0276691519743814,0.0629182025795952),
 .UNSPECIFIED.);
#31=B_SPLINE_CURVE_WITH_KNOTS('',3,(#8758,#8759,#8760,#8761,#8762,#8763,
#8764,#8765,#8766,#8767,#8768,#8769,#8770,#8771,#8772,#8773,#8774,#8775,
#8776,#8777,#8778,#8779,#8780,#8781,#8782,#8783,#8784,#8785,#8786,#8787,
#8788,#8789,#8790,#8791,#8792,#8793,#8794,#8795,#8796,#8797,#8798,#8799,
#8800,#8801,#8802,#8803,#8804,#8805,#8806,#8807,#8808,#8809,#8810,#8811,
#8812,#8813,#8814,#8815,#8816,#8817,#8818,#8819,#8820,#8821,#8822,#8823,
#8824,#8825,#8826,#8827,#8828,#8829,#8830,#8831,#8832,#8833,#8834,#8835,
#8836,#8837,#8838,#8839,#8840,#8841,#8842,#8843,#8844,#8845,#8846,#8847,
#8848),.UNSPECIFIED.,.F.,.F.,(4,3,3,3,3,3,3,3,3,3,3,3,3,3,3,3,3,3,3,3,3,
3,3,3,3,3,3,3,3,3,4),(-0.811706869269166,-0.787626329374372,-0.741884835639734,
-0.735290174283281,-0.711385103718006,-0.675293462272104,-0.65683321108979,
-0.63067219628121,-0.61065198116893,-0.574385445167376,-0.540372883727778,
-0.538118909165822,-0.525955077308548,-0.501395439678058,-0.478326866737909,
-0.476835802047568,-0.473601994912866,-0.439115123340332,-0.421290793699988,
-0.41578723638683,-0.395134973120443,-0.368975893737815,-0.345195140599929,
-0.316657814790067,-0.264664684496588,-0.248121744450879,-0.212011721879304,
-0.159663100711117,-0.146667214389071,-0.137602641526407,-0.135567966520053),
 .UNSPECIFIED.);
#32=B_SPLINE_CURVE_WITH_KNOTS('',3,(#8850,#8851,#8852,#8853,#8854,#8855,
#8856,#8857,#8858,#8859,#8860,#8861,#8862,#8863,#8864,#8865,#8866,#8867,
#8868,#8869,#8870,#8871,#8872,#8873,#8874),.UNSPECIFIED.,.F.,.F.,(4,3,3,
3,3,3,3,3,4),(0.,0.00627934880913084,0.00760284225095017,0.0139334011960501,
0.0154894104979681,0.0221794941003663,0.0288695777027645,0.0300124526331211,
0.0348058787404995),.UNSPECIFIED.);
#33=B_SPLINE_CURVE_WITH_KNOTS('',3,(#8876,#8877,#8878,#8879,#8880,#8881,
#8882,#8883,#8884,#8885,#8886,#8887,#8888,#8889,#8890,#8891),
 .UNSPECIFIED.,.F.,.F.,(4,3,3,3,3,4),(0.00289280956488013,0.011090482197848,
0.0121981832823847,0.0132237570209268,0.0201370474944273,0.0264103279108102),
 .UNSPECIFIED.);
#34=B_SPLINE_CURVE_WITH_KNOTS('',3,(#8893,#8894,#8895,#8896,#8897,#8898,
#8899,#8900,#8901,#8902,#8903,#8904,#8905,#8906,#8907,#8908),
 .UNSPECIFIED.,.F.,.F.,(4,1,1,1,1,1,1,1,1,1,1,1,1,4),(0.107393666315947,
0.15971412651367,0.212034586711393,0.316675507106839,0.368995967304562,
0.395156197403424,0.421316427502285,0.473636887700009,0.525957347897732,
0.630598268293178,0.656758498392039,0.735239188688624,0.787559648886347,
0.83988010908407),.UNSPECIFIED.);
#35=B_SPLINE_CURVE_WITH_KNOTS('',3,(#8909,#8910,#8911,#8912,#8913,#8914,
#8915,#8916,#8917,#8918,#8919,#8920,#8921,#8922,#8923,#8924),
 .UNSPECIFIED.,.F.,.F.,(4,3,3,3,3,4),(0.,0.0069132381321191,0.0131776580078119,
0.0142026987019038,0.0224021890491652,0.0235018901655632),.UNSPECIFIED.);
#36=B_SPLINE_CURVE_WITH_KNOTS('',3,(#8946,#8947,#8948,#8949,#8950,#8951,
#8952,#8953,#8954,#8955),.UNSPECIFIED.,.F.,.F.,(4,3,3,4),(-0.0449185255077298,
-0.0241324067168224,-0.0224919867086109,-0.00623989038952164),
 .UNSPECIFIED.);
#37=B_SPLINE_CURVE_WITH_KNOTS('',3,(#8957,#8958,#8959,#8960,#8961),
 .UNSPECIFIED.,.F.,.F.,(4,1,4),(-0.75473051397054,-0.691015416553197,-0.601917184426032),
 .UNSPECIFIED.);
#38=B_SPLINE_CURVE_WITH_KNOTS('',3,(#8963,#8964,#8965,#8966,#8967,#8968,
#8969,#8970,#8971,#8972),.UNSPECIFIED.,.F.,.F.,(4,3,3,4),(0.,0.020831228711961,
0.0225486894690679,0.0386803948906144),.UNSPECIFIED.);
#39=B_SPLINE_CURVE_WITH_KNOTS('',3,(#8974,#8975,#8976,#8977,#8978,#8979,
#8980,#8981,#8982,#8983,#8984,#8985,#8986),.UNSPECIFIED.,.F.,.F.,(4,3,3,
3,4),(0.,0.00878962832883028,0.013177658007809,0.0204813731948587,0.023501890165563),
 .UNSPECIFIED.);
#40=B_SPLINE_CURVE_WITH_KNOTS('',3,(#8988,#8989,#8990,#8991),
 .UNSPECIFIED.,.F.,.F.,(4,4),(0.610615175838225,0.678549281558358),
 .UNSPECIFIED.);
#41=B_SPLINE_CURVE_WITH_KNOTS('',3,(#8992,#8993,#8994,#8995,#8996),
 .UNSPECIFIED.,.F.,.F.,(4,1,4),(0.678549281558358,0.691015416553197,0.746077003688434),
 .UNSPECIFIED.);
#42=B_SPLINE_CURVE_WITH_KNOTS('',3,(#9000,#9001,#9002,#9003,#9004,#9005),
 .UNSPECIFIED.,.F.,.F.,(4,2,4),(0.0260289261755067,0.0276691519743922,0.0629182025794306),
 .UNSPECIFIED.);
#43=B_SPLINE_CURVE_WITH_KNOTS('',3,(#9012,#9013,#9014,#9015,#9016,#9017,
#9018,#9019,#9020,#9021,#9022,#9023,#9024,#9025,#9026,#9027,#9028,#9029,
#9030,#9031,#9032,#9033,#9034,#9035,#9036,#9037,#9038,#9039,#9040,#9041,
#9042,#9043,#9044,#9045,#9046,#9047,#9048,#9049,#9050,#9051,#9052,#9053,
#9054,#9055,#9056,#9057,#9058,#9059,#9060,#9061,#9062,#9063,#9064,#9065,
#9066,#9067,#9068,#9069,#9070,#9071,#9072,#9073,#9074,#9075,#9076,#9077,
#9078,#9079,#9080,#9081,#9082,#9083,#9084,#9085,#9086,#9087,#9088,#9089,
#9090,#9091,#9092,#9093,#9094,#9095,#9096,#9097,#9098,#9099),
 .UNSPECIFIED.,.F.,.F.,(4,3,3,3,3,3,3,3,3,3,3,3,3,3,3,3,3,3,3,3,3,3,3,3,
3,3,3,3,3,4),(-0.811706869269164,-0.787640698549634,-0.735336209534833,
-0.711385103717913,-0.678714537897618,-0.656934459707701,-0.630787877768239,
-0.610651981168864,-0.5808974027943,-0.555515371933424,-0.53811890916577,
-0.525968423994824,-0.490751250267223,-0.476835802047519,-0.458569352326676,
-0.43859307722044,-0.421352139843104,-0.415787236386777,-0.40826730743276,
-0.39518774488061,-0.369042126476876,-0.345195140599864,-0.316738114811347,
-0.273453845138671,-0.248121744450788,-0.212046467083512,-0.162897067270141,
-0.159678328158458,-0.136602073626078,-0.135567966520053),.UNSPECIFIED.);
#44=B_SPLINE_CURVE_WITH_KNOTS('',3,(#9197,#9198,#9199,#9200,#9201,#9202,
#9203,#9204,#9205,#9206,#9207,#9208,#9209,#9210,#9211,#9212,#9213,#9214,
#9215,#9216,#9217,#9218,#9219,#9220,#9221),.UNSPECIFIED.,.F.,.F.,(4,3,3,
3,3,3,3,3,4),(0.,0.00627674924524457,0.00760284225091602,0.0139290042393606,
0.0154894104978964,0.0221794941003935,0.0288695777028906,0.0300124526332544,
0.0348058787406992),.UNSPECIFIED.);
#45=B_SPLINE_CURVE_WITH_KNOTS('',3,(#9223,#9224,#9225,#9226,#9227,#9228,
#9229,#9230,#9231,#9232,#9233,#9234,#9235,#9236,#9237,#9238),
 .UNSPECIFIED.,.F.,.F.,(4,3,3,3,3,4),(0.00289280956487992,0.0110986058391831,
0.0121981832823884,0.0132237570209316,0.0201315567059397,0.0264103279108232),
 .UNSPECIFIED.);
#46=B_SPLINE_CURVE_WITH_KNOTS('',3,(#9239,#9240,#9241,#9242,#9243,#9244,
#9245,#9246,#9247,#9248,#9249,#9250,#9251,#9252,#9253,#9254),
 .UNSPECIFIED.,.F.,.F.,(4,1,1,1,1,1,1,1,1,1,1,1,1,4),(0.10739366631588,
0.159714126513608,0.212034586711335,0.316675507106791,0.368995967304519,
0.395156197403383,0.408236312452815,0.421316427502247,0.525957347897703,
0.630598268293159,0.656758498392023,0.735239188688614,0.787559648886342,
0.83988010908407),.UNSPECIFIED.);
#47=B_SPLINE_CURVE_WITH_KNOTS('',3,(#9359,#9360,#9361,#9362,#9363,#9364),
 .UNSPECIFIED.,.F.,.F.,(4,2,4),(0.0260289261754993,0.0276691519743801,0.0629182025795708),
 .UNSPECIFIED.);
#48=B_SPLINE_CURVE_WITH_KNOTS('',3,(#9366,#9367,#9368,#9369,#9370,#9371,
#9372,#9373,#9374,#9375,#9376,#9377,#9378,#9379,#9380,#9381,#9382,#9383,
#9384,#9385,#9386,#9387,#9388,#9389,#9390,#9391,#9392,#9393,#9394,#9395,
#9396,#9397,#9398,#9399,#9400,#9401,#9402,#9403,#9404,#9405,#9406,#9407,
#9408,#9409,#9410,#9411,#9412,#9413,#9414,#9415,#9416,#9417,#9418,#9419,
#9420,#9421,#9422,#9423,#9424,#9425,#9426,#9427,#9428,#9429,#9430,#9431,
#9432,#9433,#9434,#9435,#9436,#9437,#9438,#9439,#9440,#9441,#9442,#9443,
#9444,#9445,#9446,#9447,#9448,#9449,#9450,#9451,#9452,#9453,#9454,#9455,
#9456,#9457,#9458,#9459),.UNSPECIFIED.,.F.,.F.,(4,3,3,3,3,3,3,3,3,3,3,3,
3,3,3,3,3,3,3,3,3,3,3,3,3,3,3,3,3,3,3,4),(-0.811706869269165,-0.787626770367258,
-0.742671178859829,-0.735291498754811,-0.711385103717972,-0.67561879483185,
-0.656836044266456,-0.630675750837156,-0.610651981168906,-0.574385445167355,
-0.540050616334736,-0.538118909165803,-0.525961672087462,-0.501398737067505,
-0.478368655999728,-0.476835802047549,-0.473607114070155,-0.44001882605092,
-0.421291693018146,-0.415787236386808,-0.408211173296281,-0.395131042814678,
-0.368970804963394,-0.345195140599904,-0.316649188043947,-0.268504683322554,
-0.248121744450846,-0.21201170241361,-0.159668548683775,-0.146808818607512,
-0.137785360839853,-0.135567966520054),.UNSPECIFIED.);
#49=B_SPLINE_CURVE_WITH_KNOTS('',3,(#9461,#9462,#9463,#9464,#9465,#9466,
#9467,#9468,#9469,#9470,#9471,#9472,#9473,#9474,#9475,#9476,#9477,#9478,
#9479,#9480,#9481,#9482,#9483,#9484,#9485),.UNSPECIFIED.,.F.,.F.,(4,3,3,
3,3,3,3,3,4),(0.,0.00627937977162299,0.0076028422509294,0.0139344128208823,
0.0154894104979052,0.0221794941003241,0.0288695777027431,0.0300124526331012,
0.0348058787404987),.UNSPECIFIED.);
#50=B_SPLINE_CURVE_WITH_KNOTS('',3,(#9487,#9488,#9489,#9490,#9491,#9492,
#9493,#9494,#9495,#9496,#9497,#9498,#9499,#9500,#9501,#9502),
 .UNSPECIFIED.,.F.,.F.,(4,3,3,3,3,4),(0.00289280956487758,0.0110886423225596,
0.0121981832823692,0.0132237570209092,0.0201349233250011,0.0264103279107732),
 .UNSPECIFIED.);
#51=B_SPLINE_CURVE_WITH_KNOTS('',3,(#9504,#9505,#9506,#9507,#9508,#9509,
#9510,#9511,#9512,#9513,#9514,#9515,#9516,#9517,#9518,#9519,#9520),
 .UNSPECIFIED.,.F.,.F.,(4,1,1,1,1,1,1,1,1,1,1,1,1,1,4),(0.107393666315914,
0.15971412651364,0.212034586711365,0.316675507106816,0.368995967304541,
0.395156197403404,0.408236312452835,0.421316427502266,0.473636887699992,
0.525957347897717,0.630598268293168,0.65675849839203,0.735239188688618,
0.787559648886344,0.839880109084069),.UNSPECIFIED.);
#52=B_SPLINE_CURVE_WITH_KNOTS('',3,(#9521,#9522,#9523,#9524,#9525,#9526,
#9527,#9528,#9529,#9530,#9531,#9532,#9533,#9534,#9535,#9536),
 .UNSPECIFIED.,.F.,.F.,(4,3,3,3,3,4),(0.,0.00691327920277644,0.0131776580078052,
0.0142026987018969,0.0224021746436594,0.0235018901655501),.UNSPECIFIED.);
#53=B_SPLINE_CURVE_WITH_KNOTS('',3,(#9558,#9559,#9560,#9561,#9562,#9563,
#9564,#9565,#9566,#9567),.UNSPECIFIED.,.F.,.F.,(4,3,3,4),(-0.0449185255071699,
-0.0240836772811884,-0.0224919867083637,-0.00623989038951586),
 .UNSPECIFIED.);
#54=B_SPLINE_CURVE_WITH_KNOTS('',3,(#9569,#9570,#9571,#9572,#9573),
 .UNSPECIFIED.,.F.,.F.,(4,1,4),(-0.754701509704692,-0.665603265671179,-0.601888171471905),
 .UNSPECIFIED.);
#55=B_SPLINE_CURVE_WITH_KNOTS('',3,(#9575,#9576,#9577,#9578,#9579,#9580,
#9581,#9582,#9583,#9584),.UNSPECIFIED.,.F.,.F.,(4,3,3,4),(0.,0.0207826584626793,
0.0225486894693591,0.0386803948911322),.UNSPECIFIED.);
#56=B_SPLINE_CURVE_WITH_KNOTS('',3,(#9586,#9587,#9588,#9589,#9590,#9591,
#9592,#9593,#9594,#9595,#9596,#9597,#9598),.UNSPECIFIED.,.F.,.F.,(4,3,3,
3,4),(0.,0.00880692886862214,0.0131776580078251,0.0205419930047633,0.0235018901655917),
 .UNSPECIFIED.);
#57=B_SPLINE_CURVE_WITH_KNOTS('',3,(#9599,#9600,#9601,#9602,#9603),
 .UNSPECIFIED.,.F.,.F.,(4,1,4),(0.610541689639625,0.665603265671179,0.746003536323671),
 .UNSPECIFIED.);
#58=B_SPLINE_CURVE_WITH_KNOTS('',3,(#9607,#9608,#9609,#9610,#9611,#9612),
 .UNSPECIFIED.,.F.,.F.,(4,2,4),(0.0260289261755054,0.0276691519743894,0.0629182025796008),
 .UNSPECIFIED.);
#59=B_SPLINE_CURVE_WITH_KNOTS('',3,(#9619,#9620,#9621,#9622,#9623,#9624,
#9625,#9626,#9627,#9628,#9629,#9630,#9631,#9632,#9633,#9634,#9635,#9636,
#9637,#9638,#9639,#9640,#9641,#9642,#9643,#9644,#9645,#9646,#9647,#9648,
#9649,#9650,#9651,#9652,#9653,#9654,#9655,#9656,#9657,#9658,#9659,#9660,
#9661,#9662,#9663,#9664,#9665,#9666,#9667,#9668,#9669,#9670,#9671,#9672,
#9673,#9674,#9675,#9676,#9677,#9678,#9679,#9680,#9681,#9682,#9683,#9684,
#9685,#9686,#9687,#9688,#9689,#9690,#9691,#9692,#9693,#9694,#9695,#9696,
#9697,#9698,#9699,#9700,#9701,#9702,#9703,#9704,#9705,#9706),
 .UNSPECIFIED.,.F.,.F.,(4,3,3,3,3,3,3,3,3,3,3,3,3,3,3,3,3,3,3,3,3,3,3,3,
3,3,3,3,3,4),(-0.811706869269163,-0.787640575266554,-0.735336364252682,
-0.711385103717913,-0.678723612333408,-0.656932972771051,-0.630786390589175,
-0.610651981168864,-0.580952404563155,-0.555585544812618,-0.53811890916577,
-0.525968263276058,-0.49070988751072,-0.476835802047519,-0.458551085623066,
-0.438550770346924,-0.421352201179269,-0.415787236386778,-0.408267142025801,
-0.395187376130235,-0.369041428239667,-0.345195140599865,-0.316736995319119,
-0.273230108392907,-0.248121744450786,-0.212045710559153,-0.162772187038587,
-0.15967806836168,-0.13660207362608,-0.135567966520052),.UNSPECIFIED.);
#60=B_SPLINE_CURVE_WITH_KNOTS('',3,(#9804,#9805,#9806,#9807,#9808,#9809,
#9810,#9811,#9812,#9813,#9814,#9815,#9816,#9817,#9818,#9819,#9820,#9821,
#9822,#9823,#9824,#9825,#9826,#9827,#9828),.UNSPECIFIED.,.F.,.F.,(4,3,3,
3,3,3,3,3,4),(0.,0.00627717533253951,0.00760284225092979,0.0139297013475067,
0.015489410497932,0.0221794941004095,0.0288695777028872,0.0300124526332513,
0.0348058787406976),.UNSPECIFIED.);
#61=B_SPLINE_CURVE_WITH_KNOTS('',3,(#9830,#9831,#9832,#9833,#9834,#9835,
#9836,#9837,#9838,#9839,#9840,#9841,#9842,#9843,#9844,#9845),
 .UNSPECIFIED.,.F.,.F.,(4,3,3,3,3,4),(0.00289280956487894,0.011098190957229,
0.0121981832823878,0.0132237570209313,0.0201317873361734,0.0264103279108183),
 .UNSPECIFIED.);
#62=B_SPLINE_CURVE_WITH_KNOTS('',3,(#9846,#9847,#9848,#9849,#9850,#9851,
#9852,#9853,#9854,#9855,#9856,#9857,#9858,#9859,#9860,#9861),
 .UNSPECIFIED.,.F.,.F.,(4,1,1,1,1,1,1,1,1,1,1,1,1,4),(0.107393666315855,
0.159714126513585,0.212034586711314,0.316675507106774,0.368995967304503,
0.395156197403368,0.4082363124528,0.421316427502233,0.525957347897692,0.630598268293151,
0.656758498392015,0.73523918868861,0.787559648886339,0.839880109084069),
 .UNSPECIFIED.);
#63=B_SPLINE_CURVE_WITH_KNOTS('',3,(#9866,#9867,#9868,#9869,#9870,#9871,
#9872,#9873,#9874,#9875),.UNSPECIFIED.,.F.,.F.,(4,2,2,2,4),(0.,0.0565617542289501,
0.1131235084579,0.169684861815526,0.226246215173152),.UNSPECIFIED.);
#64=B_SPLINE_CURVE_WITH_KNOTS('',3,(#9876,#9877,#9878,#9879,#9880,#9881,
#9882,#9883,#9884,#9885,#9886,#9887,#9888,#9889,#9890,#9891,#9892,#9893,
#9894,#9895,#9896,#9897,#9898,#9899,#9900,#9901),.UNSPECIFIED.,.F.,.F.,
(4,2,2,2,2,2,2,2,2,2,2,2,4),(0.226246215173152,0.282807568530778,0.339368921888404,
0.395930676117354,0.452492430346304,0.509054184575254,0.565615938804204,
0.62217729216183,0.678738645519456,0.735299998877081,0.791861352234707,
0.848423106463657,0.904984860692608),.UNSPECIFIED.);
#65=B_SPLINE_CURVE_WITH_KNOTS('',3,(#9902,#9903,#9904,#9905,#9906,#9907),
 .UNSPECIFIED.,.F.,.F.,(4,2,4),(0.158231611239296,0.226103113704062,0.293974616168829),
 .UNSPECIFIED.);
#66=B_SPLINE_CURVE_WITH_KNOTS('',3,(#9937,#9938,#9939,#9940,#9941,#9942,
#9943,#9944,#9945,#9946,#9947,#9948,#9949),.UNSPECIFIED.,.F.,.F.,(4,3,3,
3,4),(-0.0449185255080995,-0.0263436866732605,-0.0224919867086793,-0.00798639388817504,
-0.00623989038952282),.UNSPECIFIED.);
#67=B_SPLINE_CURVE_WITH_KNOTS('',3,(#9951,#9952,#9953,#9954,#9955,#9956),
 .UNSPECIFIED.,.F.,.F.,(4,2,4),(-0.302562124902504,-0.226103113704062,-0.149644102505621),
 .UNSPECIFIED.);
#68=B_SPLINE_CURVE_WITH_KNOTS('',3,(#9957,#9958,#9959,#9960,#9961,#9962,
#9963,#9964,#9965,#9966,#9967,#9968,#9969),.UNSPECIFIED.,.F.,.F.,(4,3,3,
3,4),(0.,0.0185609816414889,0.0225486894694422,0.0370506460022019,0.0386803948912088),
 .UNSPECIFIED.);
#69=B_SPLINE_CURVE_WITH_KNOTS('',3,(#9978,#9979,#9980,#9981),
 .UNSPECIFIED.,.F.,.F.,(4,4),(0.225863401340446,0.29379731961227),
 .UNSPECIFIED.);
#70=B_SPLINE_CURVE_WITH_KNOTS('',3,(#9985,#9986,#9987,#9988,#9989,#9990,
#9991,#9992,#9993,#9994,#9995,#9996,#9997,#9998,#9999,#10000,#10001,#10002,
#10003,#10004,#10005,#10006,#10007,#10008,#10009,#10010),.UNSPECIFIED.,
 .F.,.F.,(4,2,2,2,2,2,2,2,2,2,2,2,4),(0.,0.0565617542289501,0.1131235084579,
0.169684861815526,0.226246215173152,0.282807568530778,0.339368921888404,
0.395930676117354,0.452492430346304,0.509054184575254,0.565615938804204,
0.62217729216183,0.678738645519456),.UNSPECIFIED.);
#71=B_SPLINE_CURVE_WITH_KNOTS('',3,(#10011,#10012,#10013,#10014,#10015,
#10016,#10017,#10018,#10019,#10020),.UNSPECIFIED.,.F.,.F.,(4,2,2,2,4),(0.678738645519456,
0.735299998877081,0.791861352234707,0.848423106463657,0.904984860692608),
 .UNSPECIFIED.);
#72=B_SPLINE_CURVE_WITH_KNOTS('',3,(#10021,#10022,#10023,#10024,#10025),
 .UNSPECIFIED.,.F.,.F.,(4,1,4),(0.158335466198856,0.213397038263051,0.225863401340446),
 .UNSPECIFIED.);
#73=B_SPLINE_CURVE_WITH_KNOTS('',3,(#10047,#10048,#10049,#10050,#10051,
#10052,#10053,#10054,#10055,#10056),.UNSPECIFIED.,.F.,.F.,(4,3,3,4),(-0.0449185255076805,
-0.0240836868061008,-0.022491986708575,-0.00623989038951857),
 .UNSPECIFIED.);
#74=B_SPLINE_CURVE_WITH_KNOTS('',3,(#10058,#10059,#10060,#10061,#10062),
 .UNSPECIFIED.,.F.,.F.,(4,1,4),(-0.302495286550732,-0.213397038263051,-0.149681945213586),
 .UNSPECIFIED.);
#75=B_SPLINE_CURVE_WITH_KNOTS('',3,(#10063,#10064,#10065,#10066,#10067,
#10068,#10069,#10070,#10071,#10072),.UNSPECIFIED.,.F.,.F.,(4,3,3,4),(0.,
0.0207826676039078,0.0225486894692386,0.038680394890719),.UNSPECIFIED.);
#76=B_SPLINE_SURFACE_WITH_KNOTS('',3,3,((#8653,#8654,#8655,#8656,#8657,
#8658,#8659,#8660,#8661,#8662,#8663,#8664,#8665,#8666,#8667,#8668),(#8669,
#8670,#8671,#8672,#8673,#8674,#8675,#8676,#8677,#8678,#8679,#8680,#8681,
#8682,#8683,#8684),(#8685,#8686,#8687,#8688,#8689,#8690,#8691,#8692,#8693,
#8694,#8695,#8696,#8697,#8698,#8699,#8700),(#8701,#8702,#8703,#8704,#8705,
#8706,#8707,#8708,#8709,#8710,#8711,#8712,#8713,#8714,#8715,#8716),(#8717,
#8718,#8719,#8720,#8721,#8722,#8723,#8724,#8725,#8726,#8727,#8728,#8729,
#8730,#8731,#8732),(#8733,#8734,#8735,#8736,#8737,#8738,#8739,#8740,#8741,
#8742,#8743,#8744,#8745,#8746,#8747,#8748)),.UNSPECIFIED.,.F.,.F.,.F.,(4,
1,1,4),(4,1,1,1,1,1,1,1,1,1,1,1,1,4),(0.,0.285714285714286,0.571428571428571,
1.),(0.107393666315947,0.15971412651367,0.212034586711393,0.316675507106839,
0.368995967304562,0.395156197403424,0.421316427502285,0.473636887700009,
0.525957347897732,0.630598268293178,0.656758498392039,0.735239188688624,
0.787559648886347,0.83988010908407),.UNSPECIFIED.);
#77=B_SPLINE_SURFACE_WITH_KNOTS('',3,3,((#8925,#8926,#8927,#8928,#8929),
(#8930,#8931,#8932,#8933,#8934),(#8935,#8936,#8937,#8938,#8939),(#8940,
#8941,#8942,#8943,#8944)),.UNSPECIFIED.,.F.,.F.,.F.,(4,4),(4,1,4),(0.,1.),
(0.589366813025121,0.691015416553197,0.767251869199254),.UNSPECIFIED.);
#78=B_SPLINE_SURFACE_WITH_KNOTS('',3,3,((#9100,#9101,#9102,#9103,#9104,
#9105,#9106,#9107,#9108,#9109,#9110,#9111,#9112,#9113,#9114,#9115),(#9116,
#9117,#9118,#9119,#9120,#9121,#9122,#9123,#9124,#9125,#9126,#9127,#9128,
#9129,#9130,#9131),(#9132,#9133,#9134,#9135,#9136,#9137,#9138,#9139,#9140,
#9141,#9142,#9143,#9144,#9145,#9146,#9147),(#9148,#9149,#9150,#9151,#9152,
#9153,#9154,#9155,#9156,#9157,#9158,#9159,#9160,#9161,#9162,#9163),(#9164,
#9165,#9166,#9167,#9168,#9169,#9170,#9171,#9172,#9173,#9174,#9175,#9176,
#9177,#9178,#9179),(#9180,#9181,#9182,#9183,#9184,#9185,#9186,#9187,#9188,
#9189,#9190,#9191,#9192,#9193,#9194,#9195)),.UNSPECIFIED.,.F.,.F.,.F.,(4,
1,1,4),(4,1,1,1,1,1,1,1,1,1,1,1,1,4),(0.,0.285714285714286,0.571428571428571,
1.),(0.10739366631588,0.159714126513608,0.212034586711335,0.316675507106791,
0.368995967304519,0.395156197403383,0.408236312452815,0.421316427502247,
0.525957347897703,0.630598268293159,0.656758498392023,0.735239188688614,
0.787559648886342,0.83988010908407),.UNSPECIFIED.);
#79=B_SPLINE_SURFACE_WITH_KNOTS('',3,3,((#9255,#9256,#9257,#9258,#9259,
#9260,#9261,#9262,#9263,#9264,#9265,#9266,#9267,#9268,#9269,#9270,#9271),
(#9272,#9273,#9274,#9275,#9276,#9277,#9278,#9279,#9280,#9281,#9282,#9283,
#9284,#9285,#9286,#9287,#9288),(#9289,#9290,#9291,#9292,#9293,#9294,#9295,
#9296,#9297,#9298,#9299,#9300,#9301,#9302,#9303,#9304,#9305),(#9306,#9307,
#9308,#9309,#9310,#9311,#9312,#9313,#9314,#9315,#9316,#9317,#9318,#9319,
#9320,#9321,#9322),(#9323,#9324,#9325,#9326,#9327,#9328,#9329,#9330,#9331,
#9332,#9333,#9334,#9335,#9336,#9337,#9338,#9339),(#9340,#9341,#9342,#9343,
#9344,#9345,#9346,#9347,#9348,#9349,#9350,#9351,#9352,#9353,#9354,#9355,
#9356)),.UNSPECIFIED.,.F.,.F.,.F.,(4,1,1,4),(4,1,1,1,1,1,1,1,1,1,1,1,1,
1,4),(0.,0.285714285714286,0.571428571428571,1.),(0.107393666315914,0.15971412651364,
0.212034586711365,0.316675507106816,0.368995967304541,0.395156197403404,
0.408236312452835,0.421316427502266,0.473636887699992,0.525957347897717,
0.630598268293168,0.65675849839203,0.735239188688618,0.787559648886344,
0.839880109084069),.UNSPECIFIED.);
#80=B_SPLINE_SURFACE_WITH_KNOTS('',3,3,((#9537,#9538,#9539,#9540,#9541),
(#9542,#9543,#9544,#9545,#9546),(#9547,#9548,#9549,#9550,#9551),(#9552,
#9553,#9554,#9555,#9556)),.UNSPECIFIED.,.F.,.F.,.F.,(4,4),(4,1,4),(0.,1.),
(0.58936681302512,0.665603265671179,0.767251869199257),.UNSPECIFIED.);
#81=B_SPLINE_SURFACE_WITH_KNOTS('',3,3,((#9707,#9708,#9709,#9710,#9711,
#9712,#9713,#9714,#9715,#9716,#9717,#9718,#9719,#9720,#9721,#9722),(#9723,
#9724,#9725,#9726,#9727,#9728,#9729,#9730,#9731,#9732,#9733,#9734,#9735,
#9736,#9737,#9738),(#9739,#9740,#9741,#9742,#9743,#9744,#9745,#9746,#9747,
#9748,#9749,#9750,#9751,#9752,#9753,#9754),(#9755,#9756,#9757,#9758,#9759,
#9760,#9761,#9762,#9763,#9764,#9765,#9766,#9767,#9768,#9769,#9770),(#9771,
#9772,#9773,#9774,#9775,#9776,#9777,#9778,#9779,#9780,#9781,#9782,#9783,
#9784,#9785,#9786),(#9787,#9788,#9789,#9790,#9791,#9792,#9793,#9794,#9795,
#9796,#9797,#9798,#9799,#9800,#9801,#9802)),.UNSPECIFIED.,.F.,.F.,.F.,(4,
1,1,4),(4,1,1,1,1,1,1,1,1,1,1,1,1,4),(0.,0.285714285714286,0.571428571428571,
1.),(0.107393666315855,0.159714126513585,0.212034586711314,0.316675507106774,
0.368995967304503,0.395156197403368,0.4082363124528,0.421316427502233,0.525957347897692,
0.630598268293151,0.656758498392015,0.73523918868861,0.787559648886339,
0.839880109084069),.UNSPECIFIED.);
#82=B_SPLINE_SURFACE_WITH_KNOTS('',3,3,((#9912,#9913,#9914,#9915,#9916,
#9917),(#9918,#9919,#9920,#9921,#9922,#9923),(#9924,#9925,#9926,#9927,#9928,
#9929),(#9930,#9931,#9932,#9933,#9934,#9935)),.UNSPECIFIED.,.F.,.F.,.F.,
(4,4),(4,2,4),(0.,1.),(0.137160585616994,0.226103113704062,0.315045641791129),
 .UNSPECIFIED.);
#83=B_SPLINE_SURFACE_WITH_KNOTS('',3,3,((#10026,#10027,#10028,#10029,#10030),
(#10031,#10032,#10033,#10034,#10035),(#10036,#10037,#10038,#10039,#10040),
(#10041,#10042,#10043,#10044,#10045)),.UNSPECIFIED.,.F.,.F.,.F.,(4,4),(4,
1,4),(0.,1.),(0.137160585616992,0.213397038263051,0.31504564179113),
 .UNSPECIFIED.);
#84=SHAPE_REPRESENTATION_RELATIONSHIP('SRR','None',#11520,#87);
#85=SHAPE_REPRESENTATION_RELATIONSHIP('SRR','None',#11521,#88);
#86=SHAPE_REPRESENTATION_RELATIONSHIP('SRR','None',#11519,#89);
#87=ADVANCED_BREP_SHAPE_REPRESENTATION('',(#93),#11505);
#88=ADVANCED_BREP_SHAPE_REPRESENTATION('',(#94),#11506);
#89=ADVANCED_BREP_SHAPE_REPRESENTATION('',(#95),#11504);
#90=STYLED_ITEM('',(#11538),#93);
#91=STYLED_ITEM('',(#11538),#94);
#92=STYLED_ITEM('',(#11538),#95);
#93=MANIFOLD_SOLID_BREP('Body1',#6325);
#94=MANIFOLD_SOLID_BREP('Body1',#6326);
#95=MANIFOLD_SOLID_BREP('Body1',#6327);
#96=FACE_BOUND('',#739,.T.);
#97=FACE_BOUND('',#740,.T.);
#98=FACE_BOUND('',#741,.T.);
#99=FACE_BOUND('',#746,.T.);
#100=FACE_BOUND('',#747,.T.);
#101=FACE_BOUND('',#748,.T.);
#102=FACE_BOUND('',#753,.T.);
#103=FACE_BOUND('',#754,.T.);
#104=FACE_BOUND('',#755,.T.);
#105=FACE_BOUND('',#756,.T.);
#106=FACE_BOUND('',#757,.T.);
#107=FACE_BOUND('',#782,.T.);
#108=FACE_BOUND('',#783,.T.);
#109=FACE_BOUND('',#784,.T.);
#110=FACE_BOUND('',#785,.T.);
#111=FACE_BOUND('',#786,.T.);
#112=FACE_BOUND('',#788,.T.);
#113=FACE_BOUND('',#789,.T.);
#114=FACE_BOUND('',#790,.T.);
#115=FACE_BOUND('',#791,.T.);
#116=FACE_BOUND('',#792,.T.);
#117=FACE_BOUND('',#793,.T.);
#118=FACE_BOUND('',#820,.T.);
#119=FACE_BOUND('',#821,.T.);
#120=FACE_BOUND('',#822,.T.);
#121=FACE_BOUND('',#823,.T.);
#122=FACE_BOUND('',#824,.T.);
#123=FACE_BOUND('',#827,.T.);
#124=FACE_BOUND('',#828,.T.);
#125=FACE_BOUND('',#829,.T.);
#126=FACE_BOUND('',#830,.T.);
#127=FACE_BOUND('',#831,.T.);
#128=FACE_BOUND('',#849,.T.);
#129=FACE_BOUND('',#851,.T.);
#130=FACE_BOUND('',#853,.T.);
#131=FACE_BOUND('',#855,.T.);
#132=FACE_BOUND('',#857,.T.);
#133=FACE_BOUND('',#859,.T.);
#134=FACE_BOUND('',#861,.T.);
#135=FACE_BOUND('',#863,.T.);
#136=FACE_BOUND('',#866,.T.);
#137=FACE_BOUND('',#869,.T.);
#138=FACE_BOUND('',#880,.T.);
#139=FACE_BOUND('',#884,.T.);
#140=FACE_BOUND('',#885,.T.);
#141=FACE_BOUND('',#886,.T.);
#142=FACE_BOUND('',#887,.T.);
#143=FACE_BOUND('',#888,.T.);
#144=FACE_BOUND('',#889,.T.);
#145=FACE_BOUND('',#890,.T.);
#146=FACE_BOUND('',#891,.T.);
#147=FACE_BOUND('',#902,.T.);
#148=FACE_BOUND('',#1089,.T.);
#149=FACE_BOUND('',#1105,.T.);
#150=FACE_BOUND('',#1106,.T.);
#151=FACE_BOUND('',#1107,.T.);
#152=FACE_BOUND('',#1108,.T.);
#153=FACE_BOUND('',#1109,.T.);
#154=FACE_BOUND('',#1110,.T.);
#155=FACE_BOUND('',#1111,.T.);
#156=FACE_BOUND('',#1112,.T.);
#157=FACE_BOUND('',#1113,.T.);
#158=FACE_BOUND('',#1114,.T.);
#159=PLANE('',#6339);
#160=PLANE('',#6340);
#161=PLANE('',#6341);
#162=PLANE('',#6345);
#163=PLANE('',#6346);
#164=PLANE('',#6347);
#165=PLANE('',#6348);
#166=PLANE('',#6352);
#167=PLANE('',#6353);
#168=PLANE('',#6354);
#169=PLANE('',#6355);
#170=PLANE('',#6361);
#171=PLANE('',#6362);
#172=PLANE('',#6363);
#173=PLANE('',#6388);
#174=PLANE('',#6391);
#175=PLANE('',#6394);
#176=PLANE('',#6395);
#177=PLANE('',#6396);
#178=PLANE('',#6399);
#179=PLANE('',#6402);
#180=PLANE('',#6404);
#181=PLANE('',#6405);
#182=PLANE('',#6407);
#183=PLANE('',#6408);
#184=PLANE('',#6409);
#185=PLANE('',#6438);
#186=PLANE('',#6446);
#187=PLANE('',#6452);
#188=PLANE('',#6455);
#189=PLANE('',#6458);
#190=PLANE('',#6461);
#191=PLANE('',#6478);
#192=PLANE('',#6479);
#193=PLANE('',#6480);
#194=PLANE('',#6481);
#195=PLANE('',#6484);
#196=PLANE('',#6485);
#197=PLANE('',#6487);
#198=PLANE('',#6488);
#199=PLANE('',#6490);
#200=PLANE('',#6491);
#201=PLANE('',#6493);
#202=PLANE('',#6495);
#203=PLANE('',#6497);
#204=PLANE('',#6498);
#205=PLANE('',#6499);
#206=PLANE('',#6500);
#207=PLANE('',#6501);
#208=PLANE('',#6502);
#209=PLANE('',#6503);
#210=PLANE('',#6504);
#211=PLANE('',#6505);
#212=PLANE('',#6507);
#213=PLANE('',#6508);
#214=PLANE('',#6509);
#215=PLANE('',#6518);
#216=PLANE('',#6519);
#217=PLANE('',#6520);
#218=PLANE('',#6521);
#219=PLANE('',#6522);
#220=PLANE('',#6524);
#221=PLANE('',#6525);
#222=PLANE('',#6526);
#223=PLANE('',#6529);
#224=PLANE('',#6530);
#225=PLANE('',#6532);
#226=PLANE('',#6533);
#227=PLANE('',#6535);
#228=PLANE('',#6537);
#229=PLANE('',#6539);
#230=PLANE('',#6540);
#231=PLANE('',#6542);
#232=PLANE('',#6543);
#233=PLANE('',#6544);
#234=PLANE('',#6545);
#235=PLANE('',#6546);
#236=PLANE('',#6547);
#237=PLANE('',#6548);
#238=PLANE('',#6550);
#239=PLANE('',#6552);
#240=PLANE('',#6553);
#241=PLANE('',#6555);
#242=PLANE('',#6557);
#243=PLANE('',#6558);
#244=PLANE('',#6560);
#245=PLANE('',#6561);
#246=PLANE('',#6563);
#247=PLANE('',#6565);
#248=PLANE('',#6567);
#249=PLANE('',#6568);
#250=PLANE('',#6569);
#251=PLANE('',#6571);
#252=PLANE('',#6573);
#253=PLANE('',#6575);
#254=PLANE('',#6577);
#255=PLANE('',#6578);
#256=PLANE('',#6579);
#257=PLANE('',#6581);
#258=PLANE('',#6583);
#259=PLANE('',#6585);
#260=PLANE('',#6587);
#261=PLANE('',#6588);
#262=PLANE('',#6589);
#263=PLANE('',#6591);
#264=PLANE('',#6593);
#265=PLANE('',#6595);
#266=PLANE('',#6597);
#267=PLANE('',#6598);
#268=PLANE('',#6599);
#269=PLANE('',#6601);
#270=PLANE('',#6603);
#271=PLANE('',#6605);
#272=PLANE('',#6607);
#273=PLANE('',#6608);
#274=PLANE('',#6609);
#275=PLANE('',#6611);
#276=PLANE('',#6613);
#277=PLANE('',#6615);
#278=PLANE('',#6617);
#279=PLANE('',#6618);
#280=PLANE('',#6619);
#281=PLANE('',#6621);
#282=PLANE('',#6623);
#283=PLANE('',#6625);
#284=PLANE('',#6627);
#285=PLANE('',#6628);
#286=PLANE('',#6629);
#287=PLANE('',#6631);
#288=PLANE('',#6633);
#289=PLANE('',#6635);
#290=PLANE('',#6637);
#291=PLANE('',#6638);
#292=PLANE('',#6639);
#293=PLANE('',#6640);
#294=PLANE('',#6641);
#295=PLANE('',#6642);
#296=PLANE('',#6643);
#297=PLANE('',#6644);
#298=PLANE('',#6645);
#299=PLANE('',#6646);
#300=PLANE('',#6647);
#301=PLANE('',#6648);
#302=PLANE('',#6649);
#303=PLANE('',#6650);
#304=PLANE('',#6651);
#305=PLANE('',#6652);
#306=PLANE('',#6653);
#307=PLANE('',#6654);
#308=PLANE('',#6655);
#309=PLANE('',#6656);
#310=PLANE('',#6657);
#311=PLANE('',#6658);
#312=PLANE('',#6659);
#313=PLANE('',#6660);
#314=PLANE('',#6661);
#315=PLANE('',#6662);
#316=PLANE('',#6663);
#317=PLANE('',#6664);
#318=PLANE('',#6665);
#319=PLANE('',#6666);
#320=PLANE('',#6667);
#321=PLANE('',#6668);
#322=PLANE('',#6669);
#323=PLANE('',#6670);
#324=PLANE('',#6671);
#325=PLANE('',#6672);
#326=PLANE('',#6673);
#327=PLANE('',#6674);
#328=PLANE('',#6675);
#329=PLANE('',#6676);
#330=PLANE('',#6677);
#331=PLANE('',#6678);
#332=PLANE('',#6679);
#333=PLANE('',#6680);
#334=PLANE('',#6681);
#335=PLANE('',#6682);
#336=PLANE('',#6683);
#337=PLANE('',#6684);
#338=PLANE('',#6685);
#339=PLANE('',#6686);
#340=PLANE('',#6687);
#341=PLANE('',#6688);
#342=PLANE('',#6689);
#343=PLANE('',#6690);
#344=PLANE('',#6691);
#345=PLANE('',#6692);
#346=PLANE('',#6693);
#347=PLANE('',#6694);
#348=PLANE('',#6695);
#349=PLANE('',#6696);
#350=PLANE('',#6697);
#351=PLANE('',#6698);
#352=PLANE('',#6699);
#353=PLANE('',#6700);
#354=PLANE('',#6701);
#355=PLANE('',#6702);
#356=PLANE('',#6703);
#357=PLANE('',#6704);
#358=PLANE('',#6705);
#359=PLANE('',#6706);
#360=PLANE('',#6707);
#361=PLANE('',#6708);
#362=PLANE('',#6709);
#363=PLANE('',#6710);
#364=PLANE('',#6711);
#365=PLANE('',#6712);
#366=PLANE('',#6713);
#367=PLANE('',#6714);
#368=PLANE('',#6715);
#369=PLANE('',#6716);
#370=PLANE('',#6717);
#371=PLANE('',#6718);
#372=PLANE('',#6719);
#373=PLANE('',#6720);
#374=PLANE('',#6721);
#375=PLANE('',#6722);
#376=PLANE('',#6723);
#377=PLANE('',#6724);
#378=PLANE('',#6725);
#379=PLANE('',#6726);
#380=PLANE('',#6727);
#381=PLANE('',#6728);
#382=PLANE('',#6729);
#383=PLANE('',#6730);
#384=PLANE('',#6731);
#385=PLANE('',#6732);
#386=PLANE('',#6733);
#387=PLANE('',#6734);
#388=PLANE('',#6735);
#389=PLANE('',#6736);
#390=PLANE('',#6737);
#391=PLANE('',#6738);
#392=PLANE('',#6739);
#393=PLANE('',#6740);
#394=PLANE('',#6741);
#395=PLANE('',#6742);
#396=PLANE('',#6743);
#397=PLANE('',#6744);
#398=PLANE('',#6758);
#399=PLANE('',#6759);
#400=PLANE('',#6760);
#401=PLANE('',#6761);
#402=PLANE('',#6762);
#403=PLANE('',#6763);
#404=PLANE('',#6764);
#405=PLANE('',#6765);
#406=PLANE('',#6766);
#407=PLANE('',#6767);
#408=PLANE('',#6770);
#409=PLANE('',#6771);
#410=PLANE('',#6772);
#411=PLANE('',#6773);
#412=PLANE('',#6774);
#413=PLANE('',#6775);
#414=FACE_OUTER_BOUND('',#733,.T.);
#415=FACE_OUTER_BOUND('',#734,.T.);
#416=FACE_OUTER_BOUND('',#735,.T.);
#417=FACE_OUTER_BOUND('',#736,.T.);
#418=FACE_OUTER_BOUND('',#737,.T.);
#419=FACE_OUTER_BOUND('',#738,.T.);
#420=FACE_OUTER_BOUND('',#742,.T.);
#421=FACE_OUTER_BOUND('',#743,.T.);
#422=FACE_OUTER_BOUND('',#744,.T.);
#423=FACE_OUTER_BOUND('',#745,.T.);
#424=FACE_OUTER_BOUND('',#749,.T.);
#425=FACE_OUTER_BOUND('',#750,.T.);
#426=FACE_OUTER_BOUND('',#751,.T.);
#427=FACE_OUTER_BOUND('',#752,.T.);
#428=FACE_OUTER_BOUND('',#758,.T.);
#429=FACE_OUTER_BOUND('',#759,.T.);
#430=FACE_OUTER_BOUND('',#760,.T.);
#431=FACE_OUTER_BOUND('',#761,.T.);
#432=FACE_OUTER_BOUND('',#762,.T.);
#433=FACE_OUTER_BOUND('',#763,.T.);
#434=FACE_OUTER_BOUND('',#764,.T.);
#435=FACE_OUTER_BOUND('',#765,.T.);
#436=FACE_OUTER_BOUND('',#766,.T.);
#437=FACE_OUTER_BOUND('',#767,.T.);
#438=FACE_OUTER_BOUND('',#768,.T.);
#439=FACE_OUTER_BOUND('',#769,.T.);
#440=FACE_OUTER_BOUND('',#770,.T.);
#441=FACE_OUTER_BOUND('',#771,.T.);
#442=FACE_OUTER_BOUND('',#772,.T.);
#443=FACE_OUTER_BOUND('',#773,.T.);
#444=FACE_OUTER_BOUND('',#774,.T.);
#445=FACE_OUTER_BOUND('',#775,.T.);
#446=FACE_OUTER_BOUND('',#776,.T.);
#447=FACE_OUTER_BOUND('',#777,.T.);
#448=FACE_OUTER_BOUND('',#778,.T.);
#449=FACE_OUTER_BOUND('',#779,.T.);
#450=FACE_OUTER_BOUND('',#780,.T.);
#451=FACE_OUTER_BOUND('',#781,.T.);
#452=FACE_OUTER_BOUND('',#787,.T.);
#453=FACE_OUTER_BOUND('',#794,.T.);
#454=FACE_OUTER_BOUND('',#795,.T.);
#455=FACE_OUTER_BOUND('',#796,.T.);
#456=FACE_OUTER_BOUND('',#797,.T.);
#457=FACE_OUTER_BOUND('',#798,.T.);
#458=FACE_OUTER_BOUND('',#799,.T.);
#459=FACE_OUTER_BOUND('',#800,.T.);
#460=FACE_OUTER_BOUND('',#801,.T.);
#461=FACE_OUTER_BOUND('',#802,.T.);
#462=FACE_OUTER_BOUND('',#803,.T.);
#463=FACE_OUTER_BOUND('',#804,.T.);
#464=FACE_OUTER_BOUND('',#805,.T.);
#465=FACE_OUTER_BOUND('',#806,.T.);
#466=FACE_OUTER_BOUND('',#807,.T.);
#467=FACE_OUTER_BOUND('',#808,.T.);
#468=FACE_OUTER_BOUND('',#809,.T.);
#469=FACE_OUTER_BOUND('',#810,.T.);
#470=FACE_OUTER_BOUND('',#811,.T.);
#471=FACE_OUTER_BOUND('',#812,.T.);
#472=FACE_OUTER_BOUND('',#813,.T.);
#473=FACE_OUTER_BOUND('',#814,.T.);
#474=FACE_OUTER_BOUND('',#815,.T.);
#475=FACE_OUTER_BOUND('',#816,.T.);
#476=FACE_OUTER_BOUND('',#817,.T.);
#477=FACE_OUTER_BOUND('',#818,.T.);
#478=FACE_OUTER_BOUND('',#819,.T.);
#479=FACE_OUTER_BOUND('',#825,.T.);
#480=FACE_OUTER_BOUND('',#826,.T.);
#481=FACE_OUTER_BOUND('',#832,.T.);
#482=FACE_OUTER_BOUND('',#833,.T.);
#483=FACE_OUTER_BOUND('',#834,.T.);
#484=FACE_OUTER_BOUND('',#835,.T.);
#485=FACE_OUTER_BOUND('',#836,.T.);
#486=FACE_OUTER_BOUND('',#837,.T.);
#487=FACE_OUTER_BOUND('',#838,.T.);
#488=FACE_OUTER_BOUND('',#839,.T.);
#489=FACE_OUTER_BOUND('',#840,.T.);
#490=FACE_OUTER_BOUND('',#841,.T.);
#491=FACE_OUTER_BOUND('',#842,.T.);
#492=FACE_OUTER_BOUND('',#843,.T.);
#493=FACE_OUTER_BOUND('',#844,.T.);
#494=FACE_OUTER_BOUND('',#845,.T.);
#495=FACE_OUTER_BOUND('',#846,.T.);
#496=FACE_OUTER_BOUND('',#847,.T.);
#497=FACE_OUTER_BOUND('',#848,.T.);
#498=FACE_OUTER_BOUND('',#850,.T.);
#499=FACE_OUTER_BOUND('',#852,.T.);
#500=FACE_OUTER_BOUND('',#854,.T.);
#501=FACE_OUTER_BOUND('',#856,.T.);
#502=FACE_OUTER_BOUND('',#858,.T.);
#503=FACE_OUTER_BOUND('',#860,.T.);
#504=FACE_OUTER_BOUND('',#862,.T.);
#505=FACE_OUTER_BOUND('',#864,.T.);
#506=FACE_OUTER_BOUND('',#865,.T.);
#507=FACE_OUTER_BOUND('',#867,.T.);
#508=FACE_OUTER_BOUND('',#868,.T.);
#509=FACE_OUTER_BOUND('',#870,.T.);
#510=FACE_OUTER_BOUND('',#871,.T.);
#511=FACE_OUTER_BOUND('',#872,.T.);
#512=FACE_OUTER_BOUND('',#873,.T.);
#513=FACE_OUTER_BOUND('',#874,.T.);
#514=FACE_OUTER_BOUND('',#875,.T.);
#515=FACE_OUTER_BOUND('',#876,.T.);
#516=FACE_OUTER_BOUND('',#877,.T.);
#517=FACE_OUTER_BOUND('',#878,.T.);
#518=FACE_OUTER_BOUND('',#879,.T.);
#519=FACE_OUTER_BOUND('',#881,.T.);
#520=FACE_OUTER_BOUND('',#882,.T.);
#521=FACE_OUTER_BOUND('',#883,.T.);
#522=FACE_OUTER_BOUND('',#892,.T.);
#523=FACE_OUTER_BOUND('',#893,.T.);
#524=FACE_OUTER_BOUND('',#894,.T.);
#525=FACE_OUTER_BOUND('',#895,.T.);
#526=FACE_OUTER_BOUND('',#896,.T.);
#527=FACE_OUTER_BOUND('',#897,.T.);
#528=FACE_OUTER_BOUND('',#898,.T.);
#529=FACE_OUTER_BOUND('',#899,.T.);
#530=FACE_OUTER_BOUND('',#900,.T.);
#531=FACE_OUTER_BOUND('',#901,.T.);
#532=FACE_OUTER_BOUND('',#903,.T.);
#533=FACE_OUTER_BOUND('',#904,.T.);
#534=FACE_OUTER_BOUND('',#905,.T.);
#535=FACE_OUTER_BOUND('',#906,.T.);
#536=FACE_OUTER_BOUND('',#907,.T.);
#537=FACE_OUTER_BOUND('',#908,.T.);
#538=FACE_OUTER_BOUND('',#909,.T.);
#539=FACE_OUTER_BOUND('',#910,.T.);
#540=FACE_OUTER_BOUND('',#911,.T.);
#541=FACE_OUTER_BOUND('',#912,.T.);
#542=FACE_OUTER_BOUND('',#913,.T.);
#543=FACE_OUTER_BOUND('',#914,.T.);
#544=FACE_OUTER_BOUND('',#915,.T.);
#545=FACE_OUTER_BOUND('',#916,.T.);
#546=FACE_OUTER_BOUND('',#917,.T.);
#547=FACE_OUTER_BOUND('',#918,.T.);
#548=FACE_OUTER_BOUND('',#919,.T.);
#549=FACE_OUTER_BOUND('',#920,.T.);
#550=FACE_OUTER_BOUND('',#921,.T.);
#551=FACE_OUTER_BOUND('',#922,.T.);
#552=FACE_OUTER_BOUND('',#923,.T.);
#553=FACE_OUTER_BOUND('',#924,.T.);
#554=FACE_OUTER_BOUND('',#925,.T.);
#555=FACE_OUTER_BOUND('',#926,.T.);
#556=FACE_OUTER_BOUND('',#927,.T.);
#557=FACE_OUTER_BOUND('',#928,.T.);
#558=FACE_OUTER_BOUND('',#929,.T.);
#559=FACE_OUTER_BOUND('',#930,.T.);
#560=FACE_OUTER_BOUND('',#931,.T.);
#561=FACE_OUTER_BOUND('',#932,.T.);
#562=FACE_OUTER_BOUND('',#933,.T.);
#563=FACE_OUTER_BOUND('',#934,.T.);
#564=FACE_OUTER_BOUND('',#935,.T.);
#565=FACE_OUTER_BOUND('',#936,.T.);
#566=FACE_OUTER_BOUND('',#937,.T.);
#567=FACE_OUTER_BOUND('',#938,.T.);
#568=FACE_OUTER_BOUND('',#939,.T.);
#569=FACE_OUTER_BOUND('',#940,.T.);
#570=FACE_OUTER_BOUND('',#941,.T.);
#571=FACE_OUTER_BOUND('',#942,.T.);
#572=FACE_OUTER_BOUND('',#943,.T.);
#573=FACE_OUTER_BOUND('',#944,.T.);
#574=FACE_OUTER_BOUND('',#945,.T.);
#575=FACE_OUTER_BOUND('',#946,.T.);
#576=FACE_OUTER_BOUND('',#947,.T.);
#577=FACE_OUTER_BOUND('',#948,.T.);
#578=FACE_OUTER_BOUND('',#949,.T.);
#579=FACE_OUTER_BOUND('',#950,.T.);
#580=FACE_OUTER_BOUND('',#951,.T.);
#581=FACE_OUTER_BOUND('',#952,.T.);
#582=FACE_OUTER_BOUND('',#953,.T.);
#583=FACE_OUTER_BOUND('',#954,.T.);
#584=FACE_OUTER_BOUND('',#955,.T.);
#585=FACE_OUTER_BOUND('',#956,.T.);
#586=FACE_OUTER_BOUND('',#957,.T.);
#587=FACE_OUTER_BOUND('',#958,.T.);
#588=FACE_OUTER_BOUND('',#959,.T.);
#589=FACE_OUTER_BOUND('',#960,.T.);
#590=FACE_OUTER_BOUND('',#961,.T.);
#591=FACE_OUTER_BOUND('',#962,.T.);
#592=FACE_OUTER_BOUND('',#963,.T.);
#593=FACE_OUTER_BOUND('',#964,.T.);
#594=FACE_OUTER_BOUND('',#965,.T.);
#595=FACE_OUTER_BOUND('',#966,.T.);
#596=FACE_OUTER_BOUND('',#967,.T.);
#597=FACE_OUTER_BOUND('',#968,.T.);
#598=FACE_OUTER_BOUND('',#969,.T.);
#599=FACE_OUTER_BOUND('',#970,.T.);
#600=FACE_OUTER_BOUND('',#971,.T.);
#601=FACE_OUTER_BOUND('',#972,.T.);
#602=FACE_OUTER_BOUND('',#973,.T.);
#603=FACE_OUTER_BOUND('',#974,.T.);
#604=FACE_OUTER_BOUND('',#975,.T.);
#605=FACE_OUTER_BOUND('',#976,.T.);
#606=FACE_OUTER_BOUND('',#977,.T.);
#607=FACE_OUTER_BOUND('',#978,.T.);
#608=FACE_OUTER_BOUND('',#979,.T.);
#609=FACE_OUTER_BOUND('',#980,.T.);
#610=FACE_OUTER_BOUND('',#981,.T.);
#611=FACE_OUTER_BOUND('',#982,.T.);
#612=FACE_OUTER_BOUND('',#983,.T.);
#613=FACE_OUTER_BOUND('',#984,.T.);
#614=FACE_OUTER_BOUND('',#985,.T.);
#615=FACE_OUTER_BOUND('',#986,.T.);
#616=FACE_OUTER_BOUND('',#987,.T.);
#617=FACE_OUTER_BOUND('',#988,.T.);
#618=FACE_OUTER_BOUND('',#989,.T.);
#619=FACE_OUTER_BOUND('',#990,.T.);
#620=FACE_OUTER_BOUND('',#991,.T.);
#621=FACE_OUTER_BOUND('',#992,.T.);
#622=FACE_OUTER_BOUND('',#993,.T.);
#623=FACE_OUTER_BOUND('',#994,.T.);
#624=FACE_OUTER_BOUND('',#995,.T.);
#625=FACE_OUTER_BOUND('',#996,.T.);
#626=FACE_OUTER_BOUND('',#997,.T.);
#627=FACE_OUTER_BOUND('',#998,.T.);
#628=FACE_OUTER_BOUND('',#999,.T.);
#629=FACE_OUTER_BOUND('',#1000,.T.);
#630=FACE_OUTER_BOUND('',#1001,.T.);
#631=FACE_OUTER_BOUND('',#1002,.T.);
#632=FACE_OUTER_BOUND('',#1003,.T.);
#633=FACE_OUTER_BOUND('',#1004,.T.);
#634=FACE_OUTER_BOUND('',#1005,.T.);
#635=FACE_OUTER_BOUND('',#1006,.T.);
#636=FACE_OUTER_BOUND('',#1007,.T.);
#637=FACE_OUTER_BOUND('',#1008,.T.);
#638=FACE_OUTER_BOUND('',#1009,.T.);
#639=FACE_OUTER_BOUND('',#1010,.T.);
#640=FACE_OUTER_BOUND('',#1011,.T.);
#641=FACE_OUTER_BOUND('',#1012,.T.);
#642=FACE_OUTER_BOUND('',#1013,.T.);
#643=FACE_OUTER_BOUND('',#1014,.T.);
#644=FACE_OUTER_BOUND('',#1015,.T.);
#645=FACE_OUTER_BOUND('',#1016,.T.);
#646=FACE_OUTER_BOUND('',#1017,.T.);
#647=FACE_OUTER_BOUND('',#1018,.T.);
#648=FACE_OUTER_BOUND('',#1019,.T.);
#649=FACE_OUTER_BOUND('',#1020,.T.);
#650=FACE_OUTER_BOUND('',#1021,.T.);
#651=FACE_OUTER_BOUND('',#1022,.T.);
#652=FACE_OUTER_BOUND('',#1023,.T.);
#653=FACE_OUTER_BOUND('',#1024,.T.);
#654=FACE_OUTER_BOUND('',#1025,.T.);
#655=FACE_OUTER_BOUND('',#1026,.T.);
#656=FACE_OUTER_BOUND('',#1027,.T.);
#657=FACE_OUTER_BOUND('',#1028,.T.);
#658=FACE_OUTER_BOUND('',#1029,.T.);
#659=FACE_OUTER_BOUND('',#1030,.T.);
#660=FACE_OUTER_BOUND('',#1031,.T.);
#661=FACE_OUTER_BOUND('',#1032,.T.);
#662=FACE_OUTER_BOUND('',#1033,.T.);
#663=FACE_OUTER_BOUND('',#1034,.T.);
#664=FACE_OUTER_BOUND('',#1035,.T.);
#665=FACE_OUTER_BOUND('',#1036,.T.);
#666=FACE_OUTER_BOUND('',#1037,.T.);
#667=FACE_OUTER_BOUND('',#1038,.T.);
#668=FACE_OUTER_BOUND('',#1039,.T.);
#669=FACE_OUTER_BOUND('',#1040,.T.);
#670=FACE_OUTER_BOUND('',#1041,.T.);
#671=FACE_OUTER_BOUND('',#1042,.T.);
#672=FACE_OUTER_BOUND('',#1043,.T.);
#673=FACE_OUTER_BOUND('',#1044,.T.);
#674=FACE_OUTER_BOUND('',#1045,.T.);
#675=FACE_OUTER_BOUND('',#1046,.T.);
#676=FACE_OUTER_BOUND('',#1047,.T.);
#677=FACE_OUTER_BOUND('',#1048,.T.);
#678=FACE_OUTER_BOUND('',#1049,.T.);
#679=FACE_OUTER_BOUND('',#1050,.T.);
#680=FACE_OUTER_BOUND('',#1051,.T.);
#681=FACE_OUTER_BOUND('',#1052,.T.);
#682=FACE_OUTER_BOUND('',#1053,.T.);
#683=FACE_OUTER_BOUND('',#1054,.T.);
#684=FACE_OUTER_BOUND('',#1055,.T.);
#685=FACE_OUTER_BOUND('',#1056,.T.);
#686=FACE_OUTER_BOUND('',#1057,.T.);
#687=FACE_OUTER_BOUND('',#1058,.T.);
#688=FACE_OUTER_BOUND('',#1059,.T.);
#689=FACE_OUTER_BOUND('',#1060,.T.);
#690=FACE_OUTER_BOUND('',#1061,.T.);
#691=FACE_OUTER_BOUND('',#1062,.T.);
#692=FACE_OUTER_BOUND('',#1063,.T.);
#693=FACE_OUTER_BOUND('',#1064,.T.);
#694=FACE_OUTER_BOUND('',#1065,.T.);
#695=FACE_OUTER_BOUND('',#1066,.T.);
#696=FACE_OUTER_BOUND('',#1067,.T.);
#697=FACE_OUTER_BOUND('',#1068,.T.);
#698=FACE_OUTER_BOUND('',#1069,.T.);
#699=FACE_OUTER_BOUND('',#1070,.T.);
#700=FACE_OUTER_BOUND('',#1071,.T.);
#701=FACE_OUTER_BOUND('',#1072,.T.);
#702=FACE_OUTER_BOUND('',#1073,.T.);
#703=FACE_OUTER_BOUND('',#1074,.T.);
#704=FACE_OUTER_BOUND('',#1075,.T.);
#705=FACE_OUTER_BOUND('',#1076,.T.);
#706=FACE_OUTER_BOUND('',#1077,.T.);
#707=FACE_OUTER_BOUND('',#1078,.T.);
#708=FACE_OUTER_BOUND('',#1079,.T.);
#709=FACE_OUTER_BOUND('',#1080,.T.);
#710=FACE_OUTER_BOUND('',#1081,.T.);
#711=FACE_OUTER_BOUND('',#1082,.T.);
#712=FACE_OUTER_BOUND('',#1083,.T.);
#713=FACE_OUTER_BOUND('',#1084,.T.);
#714=FACE_OUTER_BOUND('',#1085,.T.);
#715=FACE_OUTER_BOUND('',#1086,.T.);
#716=FACE_OUTER_BOUND('',#1087,.T.);
#717=FACE_OUTER_BOUND('',#1088,.T.);
#718=FACE_OUTER_BOUND('',#1090,.T.);
#719=FACE_OUTER_BOUND('',#1091,.T.);
#720=FACE_OUTER_BOUND('',#1092,.T.);
#721=FACE_OUTER_BOUND('',#1093,.T.);
#722=FACE_OUTER_BOUND('',#1094,.T.);
#723=FACE_OUTER_BOUND('',#1095,.T.);
#724=FACE_OUTER_BOUND('',#1096,.T.);
#725=FACE_OUTER_BOUND('',#1097,.T.);
#726=FACE_OUTER_BOUND('',#1098,.T.);
#727=FACE_OUTER_BOUND('',#1099,.T.);
#728=FACE_OUTER_BOUND('',#1100,.T.);
#729=FACE_OUTER_BOUND('',#1101,.T.);
#730=FACE_OUTER_BOUND('',#1102,.T.);
#731=FACE_OUTER_BOUND('',#1103,.T.);
#732=FACE_OUTER_BOUND('',#1104,.T.);
#733=EDGE_LOOP('',(#4162,#4163,#4164,#4165));
#734=EDGE_LOOP('',(#4166,#4167,#4168,#4169));
#735=EDGE_LOOP('',(#4170,#4171,#4172,#4173));
#736=EDGE_LOOP('',(#4174,#4175,#4176,#4177));
#737=EDGE_LOOP('',(#4178,#4179,#4180,#4181));
#738=EDGE_LOOP('',(#4182,#4183,#4184,#4185,#4186,#4187));
#739=EDGE_LOOP('',(#4188));
#740=EDGE_LOOP('',(#4189));
#741=EDGE_LOOP('',(#4190));
#742=EDGE_LOOP('',(#4191,#4192,#4193,#4194));
#743=EDGE_LOOP('',(#4195,#4196,#4197,#4198));
#744=EDGE_LOOP('',(#4199,#4200,#4201,#4202));
#745=EDGE_LOOP('',(#4203,#4204,#4205,#4206,#4207,#4208));
#746=EDGE_LOOP('',(#4209));
#747=EDGE_LOOP('',(#4210));
#748=EDGE_LOOP('',(#4211));
#749=EDGE_LOOP('',(#4212,#4213,#4214,#4215));
#750=EDGE_LOOP('',(#4216,#4217,#4218,#4219));
#751=EDGE_LOOP('',(#4220,#4221,#4222,#4223));
#752=EDGE_LOOP('',(#4224,#4225,#4226,#4227,#4228,#4229,#4230,#4231,#4232,
#4233));
#753=EDGE_LOOP('',(#4234));
#754=EDGE_LOOP('',(#4235));
#755=EDGE_LOOP('',(#4236));
#756=EDGE_LOOP('',(#4237));
#757=EDGE_LOOP('',(#4238));
#758=EDGE_LOOP('',(#4239,#4240,#4241,#4242));
#759=EDGE_LOOP('',(#4243,#4244,#4245,#4246));
#760=EDGE_LOOP('',(#4247,#4248,#4249,#4250,#4251,#4252,#4253,#4254,#4255,
#4256,#4257,#4258,#4259,#4260,#4261,#4262,#4263,#4264,#4265,#4266,#4267,
#4268,#4269,#4270,#4271,#4272,#4273));
#761=EDGE_LOOP('',(#4274,#4275,#4276,#4277));
#762=EDGE_LOOP('',(#4278,#4279,#4280,#4281));
#763=EDGE_LOOP('',(#4282,#4283,#4284,#4285));
#764=EDGE_LOOP('',(#4286,#4287,#4288,#4289));
#765=EDGE_LOOP('',(#4290,#4291,#4292,#4293));
#766=EDGE_LOOP('',(#4294,#4295,#4296,#4297));
#767=EDGE_LOOP('',(#4298,#4299,#4300,#4301));
#768=EDGE_LOOP('',(#4302,#4303,#4304,#4305));
#769=EDGE_LOOP('',(#4306,#4307,#4308,#4309));
#770=EDGE_LOOP('',(#4310,#4311,#4312,#4313));
#771=EDGE_LOOP('',(#4314,#4315,#4316,#4317));
#772=EDGE_LOOP('',(#4318,#4319,#4320,#4321));
#773=EDGE_LOOP('',(#4322,#4323,#4324,#4325));
#774=EDGE_LOOP('',(#4326,#4327,#4328,#4329));
#775=EDGE_LOOP('',(#4330,#4331,#4332,#4333));
#776=EDGE_LOOP('',(#4334,#4335,#4336,#4337));
#777=EDGE_LOOP('',(#4338,#4339,#4340,#4341));
#778=EDGE_LOOP('',(#4342,#4343,#4344,#4345));
#779=EDGE_LOOP('',(#4346,#4347,#4348,#4349));
#780=EDGE_LOOP('',(#4350,#4351,#4352,#4353));
#781=EDGE_LOOP('',(#4354,#4355,#4356,#4357,#4358,#4359,#4360,#4361,#4362,
#4363,#4364,#4365,#4366,#4367,#4368,#4369,#4370));
#782=EDGE_LOOP('',(#4371));
#783=EDGE_LOOP('',(#4372));
#784=EDGE_LOOP('',(#4373));
#785=EDGE_LOOP('',(#4374));
#786=EDGE_LOOP('',(#4375));
#787=EDGE_LOOP('',(#4376,#4377,#4378,#4379,#4380,#4381,#4382,#4383,#4384,
#4385,#4386,#4387));
#788=EDGE_LOOP('',(#4388));
#789=EDGE_LOOP('',(#4389));
#790=EDGE_LOOP('',(#4390));
#791=EDGE_LOOP('',(#4391));
#792=EDGE_LOOP('',(#4392));
#793=EDGE_LOOP('',(#4393));
#794=EDGE_LOOP('',(#4394,#4395,#4396,#4397));
#795=EDGE_LOOP('',(#4398,#4399,#4400,#4401));
#796=EDGE_LOOP('',(#4402,#4403,#4404,#4405));
#797=EDGE_LOOP('',(#4406,#4407,#4408,#4409));
#798=EDGE_LOOP('',(#4410,#4411,#4412,#4413));
#799=EDGE_LOOP('',(#4414,#4415,#4416,#4417,#4418,#4419));
#800=EDGE_LOOP('',(#4420,#4421,#4422,#4423,#4424,#4425,#4426));
#801=EDGE_LOOP('',(#4427,#4428,#4429,#4430,#4431,#4432,#4433));
#802=EDGE_LOOP('',(#4434,#4435,#4436,#4437));
#803=EDGE_LOOP('',(#4438,#4439,#4440,#4441,#4442,#4443));
#804=EDGE_LOOP('',(#4444,#4445,#4446,#4447,#4448,#4449));
#805=EDGE_LOOP('',(#4450,#4451,#4452,#4453,#4454,#4455));
#806=EDGE_LOOP('',(#4456,#4457,#4458,#4459,#4460,#4461,#4462));
#807=EDGE_LOOP('',(#4463,#4464,#4465,#4466));
#808=EDGE_LOOP('',(#4467,#4468,#4469,#4470,#4471,#4472));
#809=EDGE_LOOP('',(#4473,#4474,#4475,#4476,#4477,#4478,#4479,#4480,#4481));
#810=EDGE_LOOP('',(#4482,#4483,#4484,#4485,#4486,#4487));
#811=EDGE_LOOP('',(#4488,#4489,#4490,#4491,#4492,#4493));
#812=EDGE_LOOP('',(#4494,#4495,#4496,#4497,#4498,#4499,#4500));
#813=EDGE_LOOP('',(#4501,#4502,#4503,#4504,#4505,#4506,#4507,#4508));
#814=EDGE_LOOP('',(#4509,#4510,#4511,#4512,#4513,#4514,#4515,#4516,#4517));
#815=EDGE_LOOP('',(#4518,#4519,#4520,#4521,#4522,#4523,#4524));
#816=EDGE_LOOP('',(#4525,#4526,#4527,#4528,#4529,#4530,#4531));
#817=EDGE_LOOP('',(#4532,#4533,#4534,#4535,#4536,#4537));
#818=EDGE_LOOP('',(#4538,#4539,#4540,#4541));
#819=EDGE_LOOP('',(#4542));
#820=EDGE_LOOP('',(#4543,#4544));
#821=EDGE_LOOP('',(#4545,#4546,#4547));
#822=EDGE_LOOP('',(#4548,#4549,#4550));
#823=EDGE_LOOP('',(#4551,#4552,#4553));
#824=EDGE_LOOP('',(#4554,#4555,#4556));
#825=EDGE_LOOP('',(#4557,#4558,#4559,#4560));
#826=EDGE_LOOP('',(#4561));
#827=EDGE_LOOP('',(#4562,#4563));
#828=EDGE_LOOP('',(#4564,#4565,#4566));
#829=EDGE_LOOP('',(#4567,#4568,#4569));
#830=EDGE_LOOP('',(#4570,#4571,#4572));
#831=EDGE_LOOP('',(#4573,#4574,#4575));
#832=EDGE_LOOP('',(#4576,#4577,#4578,#4579));
#833=EDGE_LOOP('',(#4580,#4581,#4582,#4583));
#834=EDGE_LOOP('',(#4584,#4585,#4586,#4587));
#835=EDGE_LOOP('',(#4588,#4589,#4590,#4591));
#836=EDGE_LOOP('',(#4592,#4593,#4594,#4595));
#837=EDGE_LOOP('',(#4596,#4597,#4598,#4599));
#838=EDGE_LOOP('',(#4600,#4601,#4602,#4603));
#839=EDGE_LOOP('',(#4604,#4605,#4606,#4607));
#840=EDGE_LOOP('',(#4608,#4609,#4610,#4611));
#841=EDGE_LOOP('',(#4612,#4613,#4614,#4615));
#842=EDGE_LOOP('',(#4616,#4617,#4618,#4619));
#843=EDGE_LOOP('',(#4620,#4621,#4622,#4623));
#844=EDGE_LOOP('',(#4624,#4625,#4626,#4627));
#845=EDGE_LOOP('',(#4628,#4629,#4630,#4631));
#846=EDGE_LOOP('',(#4632,#4633,#4634,#4635));
#847=EDGE_LOOP('',(#4636,#4637,#4638,#4639));
#848=EDGE_LOOP('',(#4640,#4641,#4642,#4643));
#849=EDGE_LOOP('',(#4644,#4645,#4646,#4647));
#850=EDGE_LOOP('',(#4648,#4649,#4650,#4651));
#851=EDGE_LOOP('',(#4652,#4653,#4654,#4655));
#852=EDGE_LOOP('',(#4656,#4657,#4658,#4659));
#853=EDGE_LOOP('',(#4660,#4661));
#854=EDGE_LOOP('',(#4662,#4663,#4664,#4665));
#855=EDGE_LOOP('',(#4666,#4667,#4668,#4669));
#856=EDGE_LOOP('',(#4670,#4671,#4672,#4673));
#857=EDGE_LOOP('',(#4674,#4675,#4676,#4677));
#858=EDGE_LOOP('',(#4678,#4679,#4680,#4681));
#859=EDGE_LOOP('',(#4682,#4683));
#860=EDGE_LOOP('',(#4684,#4685,#4686,#4687));
#861=EDGE_LOOP('',(#4688,#4689,#4690,#4691));
#862=EDGE_LOOP('',(#4692,#4693,#4694,#4695));
#863=EDGE_LOOP('',(#4696,#4697,#4698,#4699));
#864=EDGE_LOOP('',(#4700,#4701,#4702,#4703));
#865=EDGE_LOOP('',(#4704,#4705,#4706,#4707));
#866=EDGE_LOOP('',(#4708,#4709,#4710,#4711));
#867=EDGE_LOOP('',(#4712,#4713,#4714,#4715));
#868=EDGE_LOOP('',(#4716,#4717,#4718,#4719));
#869=EDGE_LOOP('',(#4720,#4721,#4722,#4723));
#870=EDGE_LOOP('',(#4724,#4725,#4726,#4727));
#871=EDGE_LOOP('',(#4728,#4729,#4730,#4731));
#872=EDGE_LOOP('',(#4732,#4733,#4734,#4735));
#873=EDGE_LOOP('',(#4736,#4737,#4738,#4739,#4740,#4741));
#874=EDGE_LOOP('',(#4742,#4743,#4744,#4745,#4746,#4747,#4748));
#875=EDGE_LOOP('',(#4749,#4750,#4751,#4752));
#876=EDGE_LOOP('',(#4753,#4754,#4755,#4756));
#877=EDGE_LOOP('',(#4757,#4758,#4759,#4760,#4761,#4762,#4763));
#878=EDGE_LOOP('',(#4764,#4765,#4766,#4767,#4768,#4769,#4770,#4771,#4772,
#4773,#4774));
#879=EDGE_LOOP('',(#4775,#4776,#4777,#4778));
#880=EDGE_LOOP('',(#4779));
#881=EDGE_LOOP('',(#4780,#4781,#4782,#4783));
#882=EDGE_LOOP('',(#4784,#4785,#4786,#4787));
#883=EDGE_LOOP('',(#4788,#4789,#4790,#4791,#4792,#4793,#4794,#4795,#4796,
#4797,#4798,#4799,#4800,#4801));
#884=EDGE_LOOP('',(#4802));
#885=EDGE_LOOP('',(#4803));
#886=EDGE_LOOP('',(#4804));
#887=EDGE_LOOP('',(#4805));
#888=EDGE_LOOP('',(#4806));
#889=EDGE_LOOP('',(#4807));
#890=EDGE_LOOP('',(#4808));
#891=EDGE_LOOP('',(#4809));
#892=EDGE_LOOP('',(#4810,#4811,#4812,#4813));
#893=EDGE_LOOP('',(#4814,#4815,#4816,#4817,#4818));
#894=EDGE_LOOP('',(#4819,#4820,#4821,#4822,#4823,#4824,#4825,#4826,#4827,
#4828));
#895=EDGE_LOOP('',(#4829,#4830,#4831,#4832));
#896=EDGE_LOOP('',(#4833,#4834,#4835,#4836,#4837,#4838));
#897=EDGE_LOOP('',(#4839,#4840,#4841,#4842,#4843));
#898=EDGE_LOOP('',(#4844,#4845,#4846,#4847,#4848,#4849));
#899=EDGE_LOOP('',(#4850,#4851,#4852,#4853,#4854,#4855,#4856));
#900=EDGE_LOOP('',(#4857,#4858,#4859,#4860));
#901=EDGE_LOOP('',(#4861,#4862,#4863,#4864,#4865,#4866));
#902=EDGE_LOOP('',(#4867));
#903=EDGE_LOOP('',(#4868,#4869,#4870,#4871,#4872));
#904=EDGE_LOOP('',(#4873,#4874,#4875));
#905=EDGE_LOOP('',(#4876,#4877,#4878));
#906=EDGE_LOOP('',(#4879,#4880,#4881));
#907=EDGE_LOOP('',(#4882,#4883,#4884,#4885,#4886));
#908=EDGE_LOOP('',(#4887,#4888,#4889));
#909=EDGE_LOOP('',(#4890,#4891,#4892,#4893));
#910=EDGE_LOOP('',(#4894,#4895,#4896,#4897,#4898,#4899,#4900,#4901,#4902));
#911=EDGE_LOOP('',(#4903,#4904,#4905,#4906,#4907,#4908,#4909,#4910,#4911));
#912=EDGE_LOOP('',(#4912,#4913,#4914,#4915,#4916));
#913=EDGE_LOOP('',(#4917,#4918,#4919,#4920,#4921));
#914=EDGE_LOOP('',(#4922,#4923,#4924,#4925,#4926));
#915=EDGE_LOOP('',(#4927,#4928,#4929));
#916=EDGE_LOOP('',(#4930,#4931,#4932));
#917=EDGE_LOOP('',(#4933,#4934,#4935,#4936,#4937));
#918=EDGE_LOOP('',(#4938,#4939,#4940));
#919=EDGE_LOOP('',(#4941,#4942,#4943));
#920=EDGE_LOOP('',(#4944,#4945,#4946,#4947,#4948));
#921=EDGE_LOOP('',(#4949,#4950,#4951));
#922=EDGE_LOOP('',(#4952,#4953,#4954,#4955,#4956));
#923=EDGE_LOOP('',(#4957,#4958,#4959));
#924=EDGE_LOOP('',(#4960,#4961,#4962));
#925=EDGE_LOOP('',(#4963,#4964,#4965));
#926=EDGE_LOOP('',(#4966,#4967,#4968,#4969,#4970));
#927=EDGE_LOOP('',(#4971,#4972,#4973,#4974,#4975));
#928=EDGE_LOOP('',(#4976,#4977,#4978));
#929=EDGE_LOOP('',(#4979,#4980,#4981));
#930=EDGE_LOOP('',(#4982,#4983,#4984));
#931=EDGE_LOOP('',(#4985,#4986,#4987));
#932=EDGE_LOOP('',(#4988,#4989,#4990,#4991,#4992));
#933=EDGE_LOOP('',(#4993,#4994,#4995,#4996,#4997));
#934=EDGE_LOOP('',(#4998,#4999,#5000));
#935=EDGE_LOOP('',(#5001,#5002,#5003));
#936=EDGE_LOOP('',(#5004,#5005,#5006));
#937=EDGE_LOOP('',(#5007,#5008,#5009));
#938=EDGE_LOOP('',(#5010,#5011,#5012,#5013,#5014));
#939=EDGE_LOOP('',(#5015,#5016,#5017,#5018,#5019));
#940=EDGE_LOOP('',(#5020,#5021,#5022));
#941=EDGE_LOOP('',(#5023,#5024,#5025));
#942=EDGE_LOOP('',(#5026,#5027,#5028));
#943=EDGE_LOOP('',(#5029,#5030,#5031));
#944=EDGE_LOOP('',(#5032,#5033,#5034,#5035,#5036));
#945=EDGE_LOOP('',(#5037,#5038,#5039,#5040,#5041));
#946=EDGE_LOOP('',(#5042,#5043,#5044));
#947=EDGE_LOOP('',(#5045,#5046,#5047));
#948=EDGE_LOOP('',(#5048,#5049,#5050));
#949=EDGE_LOOP('',(#5051,#5052,#5053));
#950=EDGE_LOOP('',(#5054,#5055,#5056,#5057,#5058));
#951=EDGE_LOOP('',(#5059,#5060,#5061,#5062,#5063));
#952=EDGE_LOOP('',(#5064,#5065,#5066));
#953=EDGE_LOOP('',(#5067,#5068,#5069));
#954=EDGE_LOOP('',(#5070,#5071,#5072));
#955=EDGE_LOOP('',(#5073,#5074,#5075));
#956=EDGE_LOOP('',(#5076,#5077,#5078,#5079,#5080));
#957=EDGE_LOOP('',(#5081,#5082,#5083,#5084,#5085));
#958=EDGE_LOOP('',(#5086,#5087,#5088));
#959=EDGE_LOOP('',(#5089,#5090,#5091));
#960=EDGE_LOOP('',(#5092,#5093,#5094));
#961=EDGE_LOOP('',(#5095,#5096,#5097));
#962=EDGE_LOOP('',(#5098,#5099,#5100,#5101,#5102));
#963=EDGE_LOOP('',(#5103,#5104,#5105,#5106,#5107));
#964=EDGE_LOOP('',(#5108,#5109,#5110));
#965=EDGE_LOOP('',(#5111,#5112,#5113));
#966=EDGE_LOOP('',(#5114,#5115,#5116));
#967=EDGE_LOOP('',(#5117,#5118,#5119));
#968=EDGE_LOOP('',(#5120,#5121,#5122,#5123));
#969=EDGE_LOOP('',(#5124,#5125,#5126,#5127));
#970=EDGE_LOOP('',(#5128,#5129,#5130,#5131));
#971=EDGE_LOOP('',(#5132,#5133,#5134,#5135));
#972=EDGE_LOOP('',(#5136,#5137,#5138,#5139));
#973=EDGE_LOOP('',(#5140,#5141,#5142,#5143));
#974=EDGE_LOOP('',(#5144,#5145,#5146,#5147));
#975=EDGE_LOOP('',(#5148,#5149,#5150,#5151));
#976=EDGE_LOOP('',(#5152,#5153,#5154,#5155));
#977=EDGE_LOOP('',(#5156,#5157,#5158,#5159,#5160));
#978=EDGE_LOOP('',(#5161,#5162,#5163,#5164,#5165));
#979=EDGE_LOOP('',(#5166,#5167,#5168,#5169,#5170));
#980=EDGE_LOOP('',(#5171,#5172,#5173,#5174,#5175));
#981=EDGE_LOOP('',(#5176,#5177,#5178,#5179,#5180,#5181,#5182,#5183,#5184));
#982=EDGE_LOOP('',(#5185,#5186,#5187,#5188,#5189,#5190,#5191,#5192,#5193));
#983=EDGE_LOOP('',(#5194,#5195,#5196,#5197,#5198));
#984=EDGE_LOOP('',(#5199,#5200,#5201,#5202,#5203));
#985=EDGE_LOOP('',(#5204,#5205,#5206,#5207,#5208,#5209,#5210,#5211,#5212));
#986=EDGE_LOOP('',(#5213,#5214,#5215,#5216,#5217,#5218,#5219,#5220,#5221));
#987=EDGE_LOOP('',(#5222,#5223,#5224,#5225,#5226));
#988=EDGE_LOOP('',(#5227,#5228,#5229,#5230,#5231,#5232,#5233,#5234,#5235));
#989=EDGE_LOOP('',(#5236,#5237,#5238,#5239,#5240,#5241,#5242,#5243,#5244));
#990=EDGE_LOOP('',(#5245,#5246,#5247,#5248,#5249));
#991=EDGE_LOOP('',(#5250,#5251,#5252,#5253,#5254,#5255,#5256,#5257,#5258));
#992=EDGE_LOOP('',(#5259,#5260,#5261,#5262,#5263,#5264,#5265,#5266,#5267));
#993=EDGE_LOOP('',(#5268,#5269,#5270,#5271,#5272));
#994=EDGE_LOOP('',(#5273,#5274,#5275,#5276,#5277,#5278,#5279,#5280,#5281));
#995=EDGE_LOOP('',(#5282,#5283,#5284,#5285,#5286,#5287,#5288,#5289,#5290));
#996=EDGE_LOOP('',(#5291,#5292,#5293,#5294,#5295));
#997=EDGE_LOOP('',(#5296,#5297,#5298,#5299,#5300,#5301,#5302,#5303,#5304));
#998=EDGE_LOOP('',(#5305,#5306,#5307,#5308,#5309,#5310,#5311,#5312,#5313));
#999=EDGE_LOOP('',(#5314,#5315,#5316,#5317,#5318));
#1000=EDGE_LOOP('',(#5319,#5320,#5321,#5322,#5323,#5324,#5325,#5326,#5327));
#1001=EDGE_LOOP('',(#5328,#5329,#5330,#5331,#5332,#5333,#5334,#5335,#5336));
#1002=EDGE_LOOP('',(#5337,#5338,#5339,#5340,#5341));
#1003=EDGE_LOOP('',(#5342,#5343,#5344,#5345,#5346,#5347,#5348,#5349,#5350));
#1004=EDGE_LOOP('',(#5351,#5352,#5353,#5354,#5355,#5356,#5357,#5358,#5359));
#1005=EDGE_LOOP('',(#5360,#5361,#5362,#5363,#5364));
#1006=EDGE_LOOP('',(#5365,#5366,#5367,#5368,#5369));
#1007=EDGE_LOOP('',(#5370,#5371,#5372,#5373,#5374,#5375,#5376,#5377,#5378));
#1008=EDGE_LOOP('',(#5379,#5380,#5381,#5382,#5383,#5384,#5385,#5386,#5387));
#1009=EDGE_LOOP('',(#5388,#5389,#5390,#5391,#5392));
#1010=EDGE_LOOP('',(#5393,#5394,#5395,#5396,#5397));
#1011=EDGE_LOOP('',(#5398,#5399,#5400,#5401,#5402));
#1012=EDGE_LOOP('',(#5403,#5404,#5405,#5406,#5407));
#1013=EDGE_LOOP('',(#5408,#5409,#5410,#5411,#5412,#5413));
#1014=EDGE_LOOP('',(#5414,#5415,#5416,#5417,#5418,#5419));
#1015=EDGE_LOOP('',(#5420,#5421,#5422,#5423,#5424,#5425));
#1016=EDGE_LOOP('',(#5426,#5427,#5428,#5429,#5430,#5431));
#1017=EDGE_LOOP('',(#5432,#5433,#5434,#5435,#5436,#5437));
#1018=EDGE_LOOP('',(#5438,#5439,#5440,#5441,#5442,#5443));
#1019=EDGE_LOOP('',(#5444,#5445,#5446,#5447,#5448,#5449));
#1020=EDGE_LOOP('',(#5450,#5451,#5452,#5453,#5454,#5455));
#1021=EDGE_LOOP('',(#5456,#5457,#5458,#5459,#5460,#5461));
#1022=EDGE_LOOP('',(#5462,#5463,#5464,#5465,#5466,#5467));
#1023=EDGE_LOOP('',(#5468,#5469,#5470,#5471,#5472,#5473));
#1024=EDGE_LOOP('',(#5474,#5475,#5476,#5477,#5478,#5479));
#1025=EDGE_LOOP('',(#5480,#5481,#5482,#5483,#5484,#5485));
#1026=EDGE_LOOP('',(#5486,#5487,#5488,#5489,#5490,#5491));
#1027=EDGE_LOOP('',(#5492,#5493,#5494,#5495,#5496,#5497));
#1028=EDGE_LOOP('',(#5498,#5499,#5500,#5501,#5502,#5503));
#1029=EDGE_LOOP('',(#5504,#5505,#5506,#5507,#5508,#5509));
#1030=EDGE_LOOP('',(#5510,#5511,#5512,#5513,#5514,#5515));
#1031=EDGE_LOOP('',(#5516,#5517,#5518,#5519));
#1032=EDGE_LOOP('',(#5520,#5521,#5522,#5523,#5524,#5525));
#1033=EDGE_LOOP('',(#5526,#5527,#5528,#5529,#5530,#5531));
#1034=EDGE_LOOP('',(#5532,#5533,#5534,#5535,#5536,#5537));
#1035=EDGE_LOOP('',(#5538,#5539,#5540,#5541,#5542,#5543));
#1036=EDGE_LOOP('',(#5544,#5545,#5546,#5547));
#1037=EDGE_LOOP('',(#5548,#5549,#5550,#5551,#5552,#5553));
#1038=EDGE_LOOP('',(#5554,#5555,#5556,#5557,#5558,#5559));
#1039=EDGE_LOOP('',(#5560,#5561,#5562,#5563));
#1040=EDGE_LOOP('',(#5564,#5565,#5566,#5567,#5568,#5569));
#1041=EDGE_LOOP('',(#5570,#5571,#5572,#5573,#5574,#5575));
#1042=EDGE_LOOP('',(#5576,#5577,#5578,#5579));
#1043=EDGE_LOOP('',(#5580,#5581,#5582,#5583,#5584,#5585));
#1044=EDGE_LOOP('',(#5586,#5587,#5588,#5589));
#1045=EDGE_LOOP('',(#5590,#5591,#5592,#5593));
#1046=EDGE_LOOP('',(#5594,#5595,#5596,#5597,#5598,#5599));
#1047=EDGE_LOOP('',(#5600,#5601,#5602,#5603));
#1048=EDGE_LOOP('',(#5604,#5605,#5606,#5607));
#1049=EDGE_LOOP('',(#5608,#5609,#5610,#5611,#5612,#5613));
#1050=EDGE_LOOP('',(#5614,#5615,#5616,#5617));
#1051=EDGE_LOOP('',(#5618,#5619,#5620,#5621));
#1052=EDGE_LOOP('',(#5622,#5623,#5624,#5625));
#1053=EDGE_LOOP('',(#5626,#5627,#5628,#5629,#5630,#5631));
#1054=EDGE_LOOP('',(#5632,#5633,#5634,#5635));
#1055=EDGE_LOOP('',(#5636,#5637,#5638,#5639));
#1056=EDGE_LOOP('',(#5640,#5641,#5642,#5643));
#1057=EDGE_LOOP('',(#5644,#5645,#5646,#5647,#5648,#5649));
#1058=EDGE_LOOP('',(#5650,#5651,#5652,#5653));
#1059=EDGE_LOOP('',(#5654,#5655,#5656,#5657));
#1060=EDGE_LOOP('',(#5658,#5659,#5660,#5661));
#1061=EDGE_LOOP('',(#5662,#5663,#5664,#5665,#5666,#5667));
#1062=EDGE_LOOP('',(#5668,#5669,#5670,#5671));
#1063=EDGE_LOOP('',(#5672,#5673,#5674,#5675));
#1064=EDGE_LOOP('',(#5676,#5677,#5678,#5679));
#1065=EDGE_LOOP('',(#5680,#5681,#5682,#5683,#5684,#5685));
#1066=EDGE_LOOP('',(#5686,#5687,#5688,#5689));
#1067=EDGE_LOOP('',(#5690,#5691,#5692,#5693,#5694,#5695));
#1068=EDGE_LOOP('',(#5696,#5697,#5698,#5699));
#1069=EDGE_LOOP('',(#5700,#5701,#5702,#5703));
#1070=EDGE_LOOP('',(#5704,#5705,#5706,#5707));
#1071=EDGE_LOOP('',(#5708,#5709,#5710,#5711));
#1072=EDGE_LOOP('',(#5712,#5713,#5714,#5715,#5716,#5717));
#1073=EDGE_LOOP('',(#5718,#5719,#5720,#5721));
#1074=EDGE_LOOP('',(#5722,#5723,#5724,#5725));
#1075=EDGE_LOOP('',(#5726,#5727,#5728,#5729,#5730,#5731));
#1076=EDGE_LOOP('',(#5732,#5733,#5734,#5735,#5736,#5737,#5738));
#1077=EDGE_LOOP('',(#5739,#5740,#5741,#5742,#5743,#5744,#5745));
#1078=EDGE_LOOP('',(#5746,#5747,#5748,#5749,#5750,#5751,#5752));
#1079=EDGE_LOOP('',(#5753,#5754,#5755,#5756,#5757,#5758,#5759));
#1080=EDGE_LOOP('',(#5760,#5761,#5762,#5763,#5764,#5765,#5766));
#1081=EDGE_LOOP('',(#5767,#5768,#5769,#5770,#5771,#5772,#5773));
#1082=EDGE_LOOP('',(#5774,#5775,#5776,#5777,#5778,#5779,#5780));
#1083=EDGE_LOOP('',(#5781,#5782,#5783,#5784,#5785,#5786,#5787));
#1084=EDGE_LOOP('',(#5788,#5789,#5790,#5791,#5792,#5793,#5794));
#1085=EDGE_LOOP('',(#5795,#5796,#5797,#5798));
#1086=EDGE_LOOP('',(#5799,#5800,#5801,#5802));
#1087=EDGE_LOOP('',(#5803,#5804,#5805,#5806));
#1088=EDGE_LOOP('',(#5807,#5808,#5809,#5810));
#1089=EDGE_LOOP('',(#5811));
#1090=EDGE_LOOP('',(#5812,#5813,#5814,#5815,#5816,#5817));
#1091=EDGE_LOOP('',(#5818,#5819,#5820,#5821,#5822,#5823));
#1092=EDGE_LOOP('',(#5824,#5825,#5826,#5827));
#1093=EDGE_LOOP('',(#5828,#5829,#5830,#5831,#5832,#5833));
#1094=EDGE_LOOP('',(#5834,#5835,#5836,#5837,#5838,#5839));
#1095=EDGE_LOOP('',(#5840,#5841,#5842,#5843));
#1096=EDGE_LOOP('',(#5844,#5845,#5846,#5847));
#1097=EDGE_LOOP('',(#5848,#5849,#5850,#5851,#5852,#5853));
#1098=EDGE_LOOP('',(#5854,#5855,#5856,#5857,#5858,#5859,#5860));
#1099=EDGE_LOOP('',(#5861,#5862,#5863,#5864));
#1100=EDGE_LOOP('',(#5865,#5866,#5867,#5868));
#1101=EDGE_LOOP('',(#5869,#5870,#5871,#5872,#5873));
#1102=EDGE_LOOP('',(#5874,#5875,#5876,#5877));
#1103=EDGE_LOOP('',(#5878,#5879,#5880,#5881));
#1104=EDGE_LOOP('',(#5882,#5883,#5884,#5885,#5886,#5887,#5888,#5889,#5890,
#5891,#5892,#5893,#5894,#5895,#5896,#5897));
#1105=EDGE_LOOP('',(#5898,#5899,#5900,#5901,#5902,#5903));
#1106=EDGE_LOOP('',(#5904,#5905,#5906,#5907,#5908,#5909));
#1107=EDGE_LOOP('',(#5910,#5911,#5912,#5913,#5914,#5915));
#1108=EDGE_LOOP('',(#5916,#5917,#5918,#5919,#5920,#5921));
#1109=EDGE_LOOP('',(#5922,#5923,#5924,#5925,#5926,#5927));
#1110=EDGE_LOOP('',(#5928,#5929,#5930,#5931,#5932,#5933));
#1111=EDGE_LOOP('',(#5934,#5935,#5936,#5937,#5938,#5939));
#1112=EDGE_LOOP('',(#5940,#5941,#5942,#5943,#5944,#5945));
#1113=EDGE_LOOP('',(#5946,#5947,#5948,#5949,#5950,#5951));
#1114=EDGE_LOOP('',(#5952,#5953,#5954,#5955,#5956,#5957));
#1115=CIRCLE('',#6331,25.);
#1116=CIRCLE('',#6332,25.);
#1117=CIRCLE('',#6334,25.);
#1118=CIRCLE('',#6335,25.);
#1119=CIRCLE('',#6337,25.);
#1120=CIRCLE('',#6338,25.);
#1121=CIRCLE('',#6342,1.6);
#1122=CIRCLE('',#6343,1.6);
#1123=CIRCLE('',#6344,1.6);
#1124=CIRCLE('',#6349,1.6);
#1125=CIRCLE('',#6350,1.6);
#1126=CIRCLE('',#6351,1.6);
#1127=CIRCLE('',#6356,11.);
#1128=CIRCLE('',#6357,1.6);
#1129=CIRCLE('',#6358,1.6);
#1130=CIRCLE('',#6359,1.6);
#1131=CIRCLE('',#6360,1.6);
#1132=CIRCLE('',#6364,25.);
#1133=CIRCLE('',#6365,0.500000000000025);
#1134=CIRCLE('',#6366,0.500000000000015);
#1135=CIRCLE('',#6367,0.499999999999988);
#1136=CIRCLE('',#6369,1.6);
#1137=CIRCLE('',#6371,1.6);
#1138=CIRCLE('',#6373,1.6);
#1139=CIRCLE('',#6375,1.6);
#1140=CIRCLE('',#6377,1.6);
#1141=CIRCLE('',#6379,1.6);
#1142=CIRCLE('',#6381,1.6);
#1143=CIRCLE('',#6383,1.6);
#1144=CIRCLE('',#6385,1.6);
#1145=CIRCLE('',#6387,1.6);
#1146=CIRCLE('',#6390,0.500000000000025);
#1147=CIRCLE('',#6393,0.500000000000015);
#1148=CIRCLE('',#6398,0.499999999999988);
#1149=CIRCLE('',#6401,11.);
#1150=CIRCLE('',#6403,25.);
#1151=CIRCLE('',#6412,19.7021678324964);
#1152=CIRCLE('',#6413,20.);
#1153=CIRCLE('',#6414,20.);
#1154=CIRCLE('',#6416,19.7021678324964);
#1155=CIRCLE('',#6418,19.7021678324964);
#1156=CIRCLE('',#6419,20.);
#1157=CIRCLE('',#6420,20.);
#1158=CIRCLE('',#6422,19.7021678324964);
#1159=CIRCLE('',#6425,20.);
#1160=CIRCLE('',#6427,20.);
#1161=CIRCLE('',#6428,20.);
#1162=CIRCLE('',#6432,20.);
#1163=CIRCLE('',#6433,20.);
#1164=CIRCLE('',#6435,20.);
#1165=CIRCLE('',#6437,18.);
#1166=CIRCLE('',#6439,2.625);
#1167=CIRCLE('',#6440,12.5);
#1168=CIRCLE('',#6441,12.5);
#1169=CIRCLE('',#6442,12.5);
#1170=CIRCLE('',#6443,12.5);
#1171=CIRCLE('',#6445,18.);
#1172=CIRCLE('',#6447,2.625);
#1173=CIRCLE('',#6448,12.5);
#1174=CIRCLE('',#6449,12.5);
#1175=CIRCLE('',#6450,12.5);
#1176=CIRCLE('',#6451,12.5);
#1177=CIRCLE('',#6453,4.);
#1178=CIRCLE('',#6454,9.);
#1179=CIRCLE('',#6456,9.);
#1180=CIRCLE('',#6457,4.);
#1181=CIRCLE('',#6459,4.);
#1182=CIRCLE('',#6460,9.);
#1183=CIRCLE('',#6462,9.);
#1184=CIRCLE('',#6463,4.);
#1185=CIRCLE('',#6465,9.);
#1186=CIRCLE('',#6467,9.);
#1187=CIRCLE('',#6469,9.);
#1188=CIRCLE('',#6471,4.);
#1189=CIRCLE('',#6473,4.);
#1190=CIRCLE('',#6475,4.);
#1191=CIRCLE('',#6477,4.);
#1192=CIRCLE('',#6482,9.);
#1193=CIRCLE('',#6506,1.6);
#1194=CIRCLE('',#6510,1.6);
#1195=CIRCLE('',#6511,1.6);
#1196=CIRCLE('',#6512,1.6);
#1197=CIRCLE('',#6513,1.6);
#1198=CIRCLE('',#6514,1.6);
#1199=CIRCLE('',#6515,1.6);
#1200=CIRCLE('',#6516,1.6);
#1201=CIRCLE('',#6517,1.6);
#1202=CIRCLE('',#6531,1.6);
#1203=CIRCLE('',#6534,1.6);
#1204=CIRCLE('',#6536,1.6);
#1205=CIRCLE('',#6538,1.6);
#1206=CIRCLE('',#6541,1.6);
#1207=CIRCLE('',#6549,1.6);
#1208=CIRCLE('',#6551,1.6);
#1209=CIRCLE('',#6554,1.6);
#1210=CIRCLE('',#6556,1.6);
#1211=CIRCLE('',#6559,1.6);
#1212=CIRCLE('',#6562,1.6);
#1213=CIRCLE('',#6564,1.6);
#1214=CIRCLE('',#6566,1.6);
#1215=CIRCLE('',#6570,1.6);
#1216=CIRCLE('',#6572,1.6);
#1217=CIRCLE('',#6574,1.6);
#1218=CIRCLE('',#6576,1.6);
#1219=CIRCLE('',#6580,1.6);
#1220=CIRCLE('',#6582,1.6);
#1221=CIRCLE('',#6584,1.6);
#1222=CIRCLE('',#6586,1.6);
#1223=CIRCLE('',#6590,1.6);
#1224=CIRCLE('',#6592,1.6);
#1225=CIRCLE('',#6594,1.6);
#1226=CIRCLE('',#6596,1.6);
#1227=CIRCLE('',#6600,1.6);
#1228=CIRCLE('',#6602,1.6);
#1229=CIRCLE('',#6604,1.6);
#1230=CIRCLE('',#6606,1.6);
#1231=CIRCLE('',#6610,1.6);
#1232=CIRCLE('',#6612,1.6);
#1233=CIRCLE('',#6614,1.6);
#1234=CIRCLE('',#6616,1.6);
#1235=CIRCLE('',#6620,1.6);
#1236=CIRCLE('',#6622,1.6);
#1237=CIRCLE('',#6624,1.6);
#1238=CIRCLE('',#6626,1.6);
#1239=CIRCLE('',#6630,1.6);
#1240=CIRCLE('',#6632,1.6);
#1241=CIRCLE('',#6634,1.6);
#1242=CIRCLE('',#6636,1.6);
#1243=CIRCLE('',#6746,1.6);
#1244=CIRCLE('',#6756,10.);
#1245=CIRCLE('',#6757,10.);
#1246=LINE('',#8401,#1964);
#1247=LINE('',#8405,#1965);
#1248=LINE('',#8410,#1966);
#1249=LINE('',#8414,#1967);
#1250=LINE('',#8419,#1968);
#1251=LINE('',#8423,#1969);
#1252=LINE('',#8428,#1970);
#1253=LINE('',#8430,#1971);
#1254=LINE('',#8432,#1972);
#1255=LINE('',#8433,#1973);
#1256=LINE('',#8436,#1974);
#1257=LINE('',#8438,#1975);
#1258=LINE('',#8439,#1976);
#1259=LINE('',#8442,#1977);
#1260=LINE('',#8444,#1978);
#1261=LINE('',#8446,#1979);
#1262=LINE('',#8447,#1980);
#1263=LINE('',#8456,#1981);
#1264=LINE('',#8457,#1982);
#1265=LINE('',#8461,#1983);
#1266=LINE('',#8463,#1984);
#1267=LINE('',#8465,#1985);
#1268=LINE('',#8466,#1986);
#1269=LINE('',#8469,#1987);
#1270=LINE('',#8471,#1988);
#1271=LINE('',#8472,#1989);
#1272=LINE('',#8475,#1990);
#1273=LINE('',#8477,#1991);
#1274=LINE('',#8479,#1992);
#1275=LINE('',#8480,#1993);
#1276=LINE('',#8489,#1994);
#1277=LINE('',#8490,#1995);
#1278=LINE('',#8494,#1996);
#1279=LINE('',#8496,#1997);
#1280=LINE('',#8498,#1998);
#1281=LINE('',#8499,#1999);
#1282=LINE('',#8501,#2000);
#1283=LINE('',#8502,#2001);
#1284=LINE('',#8504,#2002);
#1285=LINE('',#8506,#2003);
#1286=LINE('',#8508,#2004);
#1287=LINE('',#8509,#2005);
#1288=LINE('',#8522,#2006);
#1289=LINE('',#8524,#2007);
#1290=LINE('',#8525,#2008);
#1291=LINE('',#8527,#2009);
#1292=LINE('',#8530,#2010);
#1293=LINE('',#8532,#2011);
#1294=LINE('',#8533,#2012);
#1295=LINE('',#8534,#2013);
#1296=LINE('',#8536,#2014);
#1297=LINE('',#8538,#2015);
#1298=LINE('',#8542,#2016);
#1299=LINE('',#8546,#2017);
#1300=LINE('',#8549,#2018);
#1301=LINE('',#8550,#2019);
#1302=LINE('',#8552,#2020);
#1303=LINE('',#8554,#2021);
#1304=LINE('',#8558,#2022);
#1305=LINE('',#8562,#2023);
#1306=LINE('',#8566,#2024);
#1307=LINE('',#8570,#2025);
#1308=LINE('',#8574,#2026);
#1309=LINE('',#8578,#2027);
#1310=LINE('',#8582,#2028);
#1311=LINE('',#8586,#2029);
#1312=LINE('',#8590,#2030);
#1313=LINE('',#8594,#2031);
#1314=LINE('',#8599,#2032);
#1315=LINE('',#8600,#2033);
#1316=LINE('',#8601,#2034);
#1317=LINE('',#8605,#2035);
#1318=LINE('',#8608,#2036);
#1319=LINE('',#8609,#2037);
#1320=LINE('',#8613,#2038);
#1321=LINE('',#8615,#2039);
#1322=LINE('',#8618,#2040);
#1323=LINE('',#8619,#2041);
#1324=LINE('',#8622,#2042);
#1325=LINE('',#8623,#2043);
#1326=LINE('',#8627,#2044);
#1327=LINE('',#8629,#2045);
#1328=LINE('',#8632,#2046);
#1329=LINE('',#8637,#2047);
#1330=LINE('',#8639,#2048);
#1331=LINE('',#8640,#2049);
#1332=LINE('',#8641,#2050);
#1333=LINE('',#8644,#2051);
#1334=LINE('',#8645,#2052);
#1335=LINE('',#8648,#2053);
#1336=LINE('',#9864,#2054);
#1337=LINE('',#9910,#2055);
#1338=LINE('',#9975,#2056);
#1339=LINE('',#9983,#2057);
#1340=LINE('',#10080,#2058);
#1341=LINE('',#10084,#2059);
#1342=LINE('',#10088,#2060);
#1343=LINE('',#10092,#2061);
#1344=LINE('',#10094,#2062);
#1345=LINE('',#10098,#2063);
#1346=LINE('',#10101,#2064);
#1347=LINE('',#10104,#2065);
#1348=LINE('',#10107,#2066);
#1349=LINE('',#10110,#2067);
#1350=LINE('',#10113,#2068);
#1351=LINE('',#10117,#2069);
#1352=LINE('',#10121,#2070);
#1353=LINE('',#10125,#2071);
#1354=LINE('',#10128,#2072);
#1355=LINE('',#10131,#2073);
#1356=LINE('',#10133,#2074);
#1357=LINE('',#10137,#2075);
#1358=LINE('',#10139,#2076);
#1359=LINE('',#10143,#2077);
#1360=LINE('',#10145,#2078);
#1361=LINE('',#10150,#2079);
#1362=LINE('',#10154,#2080);
#1363=LINE('',#10159,#2081);
#1364=LINE('',#10163,#2082);
#1365=LINE('',#10168,#2083);
#1366=LINE('',#10172,#2084);
#1367=LINE('',#10177,#2085);
#1368=LINE('',#10181,#2086);
#1369=LINE('',#10185,#2087);
#1370=LINE('',#10187,#2088);
#1371=LINE('',#10191,#2089);
#1372=LINE('',#10193,#2090);
#1373=LINE('',#10197,#2091);
#1374=LINE('',#10200,#2092);
#1375=LINE('',#10203,#2093);
#1376=LINE('',#10206,#2094);
#1377=LINE('',#10209,#2095);
#1378=LINE('',#10211,#2096);
#1379=LINE('',#10215,#2097);
#1380=LINE('',#10218,#2098);
#1381=LINE('',#10221,#2099);
#1382=LINE('',#10223,#2100);
#1383=LINE('',#10226,#2101);
#1384=LINE('',#10227,#2102);
#1385=LINE('',#10229,#2103);
#1386=LINE('',#10230,#2104);
#1387=LINE('',#10232,#2105);
#1388=LINE('',#10233,#2106);
#1389=LINE('',#10236,#2107);
#1390=LINE('',#10238,#2108);
#1391=LINE('',#10241,#2109);
#1392=LINE('',#10242,#2110);
#1393=LINE('',#10244,#2111);
#1394=LINE('',#10245,#2112);
#1395=LINE('',#10247,#2113);
#1396=LINE('',#10250,#2114);
#1397=LINE('',#10251,#2115);
#1398=LINE('',#10253,#2116);
#1399=LINE('',#10256,#2117);
#1400=LINE('',#10257,#2118);
#1401=LINE('',#10259,#2119);
#1402=LINE('',#10262,#2120);
#1403=LINE('',#10263,#2121);
#1404=LINE('',#10265,#2122);
#1405=LINE('',#10268,#2123);
#1406=LINE('',#10269,#2124);
#1407=LINE('',#10274,#2125);
#1408=LINE('',#10276,#2126);
#1409=LINE('',#10278,#2127);
#1410=LINE('',#10279,#2128);
#1411=LINE('',#10282,#2129);
#1412=LINE('',#10284,#2130);
#1413=LINE('',#10286,#2131);
#1414=LINE('',#10288,#2132);
#1415=LINE('',#10289,#2133);
#1416=LINE('',#10292,#2134);
#1417=LINE('',#10294,#2135);
#1418=LINE('',#10296,#2136);
#1419=LINE('',#10298,#2137);
#1420=LINE('',#10299,#2138);
#1421=LINE('',#10302,#2139);
#1422=LINE('',#10304,#2140);
#1423=LINE('',#10305,#2141);
#1424=LINE('',#10308,#2142);
#1425=LINE('',#10310,#2143);
#1426=LINE('',#10311,#2144);
#1427=LINE('',#10314,#2145);
#1428=LINE('',#10316,#2146);
#1429=LINE('',#10318,#2147);
#1430=LINE('',#10319,#2148);
#1431=LINE('',#10321,#2149);
#1432=LINE('',#10323,#2150);
#1433=LINE('',#10325,#2151);
#1434=LINE('',#10327,#2152);
#1435=LINE('',#10329,#2153);
#1436=LINE('',#10331,#2154);
#1437=LINE('',#10333,#2155);
#1438=LINE('',#10335,#2156);
#1439=LINE('',#10336,#2157);
#1440=LINE('',#10343,#2158);
#1441=LINE('',#10345,#2159);
#1442=LINE('',#10347,#2160);
#1443=LINE('',#10348,#2161);
#1444=LINE('',#10351,#2162);
#1445=LINE('',#10353,#2163);
#1446=LINE('',#10354,#2164);
#1447=LINE('',#10356,#2165);
#1448=LINE('',#10358,#2166);
#1449=LINE('',#10360,#2167);
#1450=LINE('',#10361,#2168);
#1451=LINE('',#10363,#2169);
#1452=LINE('',#10365,#2170);
#1453=LINE('',#10367,#2171);
#1454=LINE('',#10368,#2172);
#1455=LINE('',#10387,#2173);
#1456=LINE('',#10388,#2174);
#1457=LINE('',#10391,#2175);
#1458=LINE('',#10393,#2176);
#1459=LINE('',#10394,#2177);
#1460=LINE('',#10397,#2178);
#1461=LINE('',#10399,#2179);
#1462=LINE('',#10401,#2180);
#1463=LINE('',#10403,#2181);
#1464=LINE('',#10405,#2182);
#1465=LINE('',#10407,#2183);
#1466=LINE('',#10409,#2184);
#1467=LINE('',#10410,#2185);
#1468=LINE('',#10412,#2186);
#1469=LINE('',#10417,#2187);
#1470=LINE('',#10419,#2188);
#1471=LINE('',#10421,#2189);
#1472=LINE('',#10422,#2190);
#1473=LINE('',#10425,#2191);
#1474=LINE('',#10427,#2192);
#1475=LINE('',#10429,#2193);
#1476=LINE('',#10430,#2194);
#1477=LINE('',#10433,#2195);
#1478=LINE('',#10434,#2196);
#1479=LINE('',#10438,#2197);
#1480=LINE('',#10441,#2198);
#1481=LINE('',#10444,#2199);
#1482=LINE('',#10445,#2200);
#1483=LINE('',#10451,#2201);
#1484=LINE('',#10453,#2202);
#1485=LINE('',#10455,#2203);
#1486=LINE('',#10457,#2204);
#1487=LINE('',#10458,#2205);
#1488=LINE('',#10461,#2206);
#1489=LINE('',#10465,#2207);
#1490=LINE('',#10469,#2208);
#1491=LINE('',#10471,#2209);
#1492=LINE('',#10476,#2210);
#1493=LINE('',#10478,#2211);
#1494=LINE('',#10479,#2212);
#1495=LINE('',#10480,#2213);
#1496=LINE('',#10482,#2214);
#1497=LINE('',#10487,#2215);
#1498=LINE('',#10489,#2216);
#1499=LINE('',#10491,#2217);
#1500=LINE('',#10492,#2218);
#1501=LINE('',#10496,#2219);
#1502=LINE('',#10498,#2220);
#1503=LINE('',#10499,#2221);
#1504=LINE('',#10501,#2222);
#1505=LINE('',#10502,#2223);
#1506=LINE('',#10505,#2224);
#1507=LINE('',#10506,#2225);
#1508=LINE('',#10508,#2226);
#1509=LINE('',#10509,#2227);
#1510=LINE('',#10512,#2228);
#1511=LINE('',#10513,#2229);
#1512=LINE('',#10516,#2230);
#1513=LINE('',#10517,#2231);
#1514=LINE('',#10521,#2232);
#1515=LINE('',#10523,#2233);
#1516=LINE('',#10525,#2234);
#1517=LINE('',#10527,#2235);
#1518=LINE('',#10528,#2236);
#1519=LINE('',#10532,#2237);
#1520=LINE('',#10534,#2238);
#1521=LINE('',#10537,#2239);
#1522=LINE('',#10542,#2240);
#1523=LINE('',#10544,#2241);
#1524=LINE('',#10545,#2242);
#1525=LINE('',#10546,#2243);
#1526=LINE('',#10549,#2244);
#1527=LINE('',#10552,#2245);
#1528=LINE('',#10557,#2246);
#1529=LINE('',#10559,#2247);
#1530=LINE('',#10561,#2248);
#1531=LINE('',#10563,#2249);
#1532=LINE('',#10564,#2250);
#1533=LINE('',#10568,#2251);
#1534=LINE('',#10570,#2252);
#1535=LINE('',#10575,#2253);
#1536=LINE('',#10577,#2254);
#1537=LINE('',#10578,#2255);
#1538=LINE('',#10579,#2256);
#1539=LINE('',#10582,#2257);
#1540=LINE('',#10585,#2258);
#1541=LINE('',#10588,#2259);
#1542=LINE('',#10593,#2260);
#1543=LINE('',#10595,#2261);
#1544=LINE('',#10597,#2262);
#1545=LINE('',#10599,#2263);
#1546=LINE('',#10600,#2264);
#1547=LINE('',#10604,#2265);
#1548=LINE('',#10606,#2266);
#1549=LINE('',#10608,#2267);
#1550=LINE('',#10610,#2268);
#1551=LINE('',#10611,#2269);
#1552=LINE('',#10614,#2270);
#1553=LINE('',#10617,#2271);
#1554=LINE('',#10621,#2272);
#1555=LINE('',#10624,#2273);
#1556=LINE('',#10629,#2274);
#1557=LINE('',#10631,#2275);
#1558=LINE('',#10633,#2276);
#1559=LINE('',#10635,#2277);
#1560=LINE('',#10636,#2278);
#1561=LINE('',#10640,#2279);
#1562=LINE('',#10642,#2280);
#1563=LINE('',#10644,#2281);
#1564=LINE('',#10646,#2282);
#1565=LINE('',#10647,#2283);
#1566=LINE('',#10650,#2284);
#1567=LINE('',#10654,#2285);
#1568=LINE('',#10657,#2286);
#1569=LINE('',#10660,#2287);
#1570=LINE('',#10665,#2288);
#1571=LINE('',#10667,#2289);
#1572=LINE('',#10669,#2290);
#1573=LINE('',#10671,#2291);
#1574=LINE('',#10672,#2292);
#1575=LINE('',#10676,#2293);
#1576=LINE('',#10678,#2294);
#1577=LINE('',#10680,#2295);
#1578=LINE('',#10682,#2296);
#1579=LINE('',#10683,#2297);
#1580=LINE('',#10686,#2298);
#1581=LINE('',#10690,#2299);
#1582=LINE('',#10693,#2300);
#1583=LINE('',#10696,#2301);
#1584=LINE('',#10701,#2302);
#1585=LINE('',#10703,#2303);
#1586=LINE('',#10705,#2304);
#1587=LINE('',#10707,#2305);
#1588=LINE('',#10708,#2306);
#1589=LINE('',#10712,#2307);
#1590=LINE('',#10714,#2308);
#1591=LINE('',#10716,#2309);
#1592=LINE('',#10718,#2310);
#1593=LINE('',#10719,#2311);
#1594=LINE('',#10722,#2312);
#1595=LINE('',#10726,#2313);
#1596=LINE('',#10729,#2314);
#1597=LINE('',#10732,#2315);
#1598=LINE('',#10737,#2316);
#1599=LINE('',#10739,#2317);
#1600=LINE('',#10741,#2318);
#1601=LINE('',#10743,#2319);
#1602=LINE('',#10744,#2320);
#1603=LINE('',#10748,#2321);
#1604=LINE('',#10750,#2322);
#1605=LINE('',#10752,#2323);
#1606=LINE('',#10754,#2324);
#1607=LINE('',#10755,#2325);
#1608=LINE('',#10758,#2326);
#1609=LINE('',#10762,#2327);
#1610=LINE('',#10765,#2328);
#1611=LINE('',#10768,#2329);
#1612=LINE('',#10773,#2330);
#1613=LINE('',#10775,#2331);
#1614=LINE('',#10777,#2332);
#1615=LINE('',#10779,#2333);
#1616=LINE('',#10780,#2334);
#1617=LINE('',#10784,#2335);
#1618=LINE('',#10786,#2336);
#1619=LINE('',#10788,#2337);
#1620=LINE('',#10790,#2338);
#1621=LINE('',#10791,#2339);
#1622=LINE('',#10794,#2340);
#1623=LINE('',#10798,#2341);
#1624=LINE('',#10801,#2342);
#1625=LINE('',#10804,#2343);
#1626=LINE('',#10809,#2344);
#1627=LINE('',#10811,#2345);
#1628=LINE('',#10813,#2346);
#1629=LINE('',#10815,#2347);
#1630=LINE('',#10816,#2348);
#1631=LINE('',#10820,#2349);
#1632=LINE('',#10822,#2350);
#1633=LINE('',#10824,#2351);
#1634=LINE('',#10826,#2352);
#1635=LINE('',#10827,#2353);
#1636=LINE('',#10830,#2354);
#1637=LINE('',#10834,#2355);
#1638=LINE('',#10837,#2356);
#1639=LINE('',#10840,#2357);
#1640=LINE('',#10845,#2358);
#1641=LINE('',#10847,#2359);
#1642=LINE('',#10849,#2360);
#1643=LINE('',#10850,#2361);
#1644=LINE('',#10854,#2362);
#1645=LINE('',#10856,#2363);
#1646=LINE('',#10858,#2364);
#1647=LINE('',#10859,#2365);
#1648=LINE('',#10863,#2366);
#1649=LINE('',#10865,#2367);
#1650=LINE('',#10867,#2368);
#1651=LINE('',#10868,#2369);
#1652=LINE('',#10872,#2370);
#1653=LINE('',#10874,#2371);
#1654=LINE('',#10876,#2372);
#1655=LINE('',#10877,#2373);
#1656=LINE('',#10881,#2374);
#1657=LINE('',#10883,#2375);
#1658=LINE('',#10885,#2376);
#1659=LINE('',#10886,#2377);
#1660=LINE('',#10890,#2378);
#1661=LINE('',#10892,#2379);
#1662=LINE('',#10894,#2380);
#1663=LINE('',#10895,#2381);
#1664=LINE('',#10899,#2382);
#1665=LINE('',#10901,#2383);
#1666=LINE('',#10903,#2384);
#1667=LINE('',#10904,#2385);
#1668=LINE('',#10908,#2386);
#1669=LINE('',#10910,#2387);
#1670=LINE('',#10912,#2388);
#1671=LINE('',#10913,#2389);
#1672=LINE('',#10917,#2390);
#1673=LINE('',#10919,#2391);
#1674=LINE('',#10921,#2392);
#1675=LINE('',#10922,#2393);
#1676=LINE('',#10925,#2394);
#1677=LINE('',#10927,#2395);
#1678=LINE('',#10929,#2396);
#1679=LINE('',#10930,#2397);
#1680=LINE('',#10933,#2398);
#1681=LINE('',#10935,#2399);
#1682=LINE('',#10937,#2400);
#1683=LINE('',#10938,#2401);
#1684=LINE('',#10941,#2402);
#1685=LINE('',#10943,#2403);
#1686=LINE('',#10945,#2404);
#1687=LINE('',#10946,#2405);
#1688=LINE('',#10949,#2406);
#1689=LINE('',#10951,#2407);
#1690=LINE('',#10953,#2408);
#1691=LINE('',#10954,#2409);
#1692=LINE('',#10958,#2410);
#1693=LINE('',#10960,#2411);
#1694=LINE('',#10961,#2412);
#1695=LINE('',#10963,#2413);
#1696=LINE('',#10964,#2414);
#1697=LINE('',#10967,#2415);
#1698=LINE('',#10968,#2416);
#1699=LINE('',#10970,#2417);
#1700=LINE('',#10971,#2418);
#1701=LINE('',#10974,#2419);
#1702=LINE('',#10975,#2420);
#1703=LINE('',#10979,#2421);
#1704=LINE('',#10981,#2422);
#1705=LINE('',#10982,#2423);
#1706=LINE('',#10983,#2424);
#1707=LINE('',#10987,#2425);
#1708=LINE('',#10989,#2426);
#1709=LINE('',#10990,#2427);
#1710=LINE('',#10992,#2428);
#1711=LINE('',#10993,#2429);
#1712=LINE('',#10996,#2430);
#1713=LINE('',#10997,#2431);
#1714=LINE('',#10999,#2432);
#1715=LINE('',#11000,#2433);
#1716=LINE('',#11003,#2434);
#1717=LINE('',#11004,#2435);
#1718=LINE('',#11008,#2436);
#1719=LINE('',#11010,#2437);
#1720=LINE('',#11011,#2438);
#1721=LINE('',#11013,#2439);
#1722=LINE('',#11014,#2440);
#1723=LINE('',#11017,#2441);
#1724=LINE('',#11018,#2442);
#1725=LINE('',#11020,#2443);
#1726=LINE('',#11021,#2444);
#1727=LINE('',#11024,#2445);
#1728=LINE('',#11025,#2446);
#1729=LINE('',#11029,#2447);
#1730=LINE('',#11031,#2448);
#1731=LINE('',#11032,#2449);
#1732=LINE('',#11034,#2450);
#1733=LINE('',#11035,#2451);
#1734=LINE('',#11038,#2452);
#1735=LINE('',#11039,#2453);
#1736=LINE('',#11041,#2454);
#1737=LINE('',#11042,#2455);
#1738=LINE('',#11045,#2456);
#1739=LINE('',#11046,#2457);
#1740=LINE('',#11050,#2458);
#1741=LINE('',#11051,#2459);
#1742=LINE('',#11053,#2460);
#1743=LINE('',#11054,#2461);
#1744=LINE('',#11057,#2462);
#1745=LINE('',#11058,#2463);
#1746=LINE('',#11059,#2464);
#1747=LINE('',#11062,#2465);
#1748=LINE('',#11063,#2466);
#1749=LINE('',#11067,#2467);
#1750=LINE('',#11068,#2468);
#1751=LINE('',#11070,#2469);
#1752=LINE('',#11071,#2470);
#1753=LINE('',#11074,#2471);
#1754=LINE('',#11075,#2472);
#1755=LINE('',#11076,#2473);
#1756=LINE('',#11079,#2474);
#1757=LINE('',#11080,#2475);
#1758=LINE('',#11084,#2476);
#1759=LINE('',#11085,#2477);
#1760=LINE('',#11087,#2478);
#1761=LINE('',#11088,#2479);
#1762=LINE('',#11091,#2480);
#1763=LINE('',#11092,#2481);
#1764=LINE('',#11093,#2482);
#1765=LINE('',#11096,#2483);
#1766=LINE('',#11097,#2484);
#1767=LINE('',#11101,#2485);
#1768=LINE('',#11102,#2486);
#1769=LINE('',#11104,#2487);
#1770=LINE('',#11105,#2488);
#1771=LINE('',#11108,#2489);
#1772=LINE('',#11109,#2490);
#1773=LINE('',#11110,#2491);
#1774=LINE('',#11113,#2492);
#1775=LINE('',#11114,#2493);
#1776=LINE('',#11117,#2494);
#1777=LINE('',#11118,#2495);
#1778=LINE('',#11122,#2496);
#1779=LINE('',#11123,#2497);
#1780=LINE('',#11125,#2498);
#1781=LINE('',#11126,#2499);
#1782=LINE('',#11129,#2500);
#1783=LINE('',#11130,#2501);
#1784=LINE('',#11131,#2502);
#1785=LINE('',#11134,#2503);
#1786=LINE('',#11135,#2504);
#1787=LINE('',#11138,#2505);
#1788=LINE('',#11139,#2506);
#1789=LINE('',#11142,#2507);
#1790=LINE('',#11143,#2508);
#1791=LINE('',#11146,#2509);
#1792=LINE('',#11147,#2510);
#1793=LINE('',#11151,#2511);
#1794=LINE('',#11152,#2512);
#1795=LINE('',#11153,#2513);
#1796=LINE('',#11156,#2514);
#1797=LINE('',#11158,#2515);
#1798=LINE('',#11159,#2516);
#1799=LINE('',#11163,#2517);
#1800=LINE('',#11164,#2518);
#1801=LINE('',#11165,#2519);
#1802=LINE('',#11168,#2520);
#1803=LINE('',#11170,#2521);
#1804=LINE('',#11171,#2522);
#1805=LINE('',#11175,#2523);
#1806=LINE('',#11176,#2524);
#1807=LINE('',#11177,#2525);
#1808=LINE('',#11180,#2526);
#1809=LINE('',#11182,#2527);
#1810=LINE('',#11183,#2528);
#1811=LINE('',#11187,#2529);
#1812=LINE('',#11188,#2530);
#1813=LINE('',#11189,#2531);
#1814=LINE('',#11192,#2532);
#1815=LINE('',#11194,#2533);
#1816=LINE('',#11195,#2534);
#1817=LINE('',#11199,#2535);
#1818=LINE('',#11201,#2536);
#1819=LINE('',#11202,#2537);
#1820=LINE('',#11203,#2538);
#1821=LINE('',#11207,#2539);
#1822=LINE('',#11208,#2540);
#1823=LINE('',#11209,#2541);
#1824=LINE('',#11213,#2542);
#1825=LINE('',#11215,#2543);
#1826=LINE('',#11216,#2544);
#1827=LINE('',#11217,#2545);
#1828=LINE('',#11221,#2546);
#1829=LINE('',#11223,#2547);
#1830=LINE('',#11224,#2548);
#1831=LINE('',#11225,#2549);
#1832=LINE('',#11229,#2550);
#1833=LINE('',#11231,#2551);
#1834=LINE('',#11232,#2552);
#1835=LINE('',#11233,#2553);
#1836=LINE('',#11237,#2554);
#1837=LINE('',#11239,#2555);
#1838=LINE('',#11240,#2556);
#1839=LINE('',#11241,#2557);
#1840=LINE('',#11245,#2558);
#1841=LINE('',#11247,#2559);
#1842=LINE('',#11248,#2560);
#1843=LINE('',#11249,#2561);
#1844=LINE('',#11253,#2562);
#1845=LINE('',#11255,#2563);
#1846=LINE('',#11256,#2564);
#1847=LINE('',#11257,#2565);
#1848=LINE('',#11261,#2566);
#1849=LINE('',#11263,#2567);
#1850=LINE('',#11264,#2568);
#1851=LINE('',#11265,#2569);
#1852=LINE('',#11269,#2570);
#1853=LINE('',#11270,#2571);
#1854=LINE('',#11271,#2572);
#1855=LINE('',#11274,#2573);
#1856=LINE('',#11275,#2574);
#1857=LINE('',#11278,#2575);
#1858=LINE('',#11279,#2576);
#1859=LINE('',#11283,#2577);
#1860=LINE('',#11285,#2578);
#1861=LINE('',#11286,#2579);
#1862=LINE('',#11287,#2580);
#1863=LINE('',#11290,#2581);
#1864=LINE('',#11291,#2582);
#1865=LINE('',#11295,#2583);
#1866=LINE('',#11296,#2584);
#1867=LINE('',#11297,#2585);
#1868=LINE('',#11300,#2586);
#1869=LINE('',#11301,#2587);
#1870=LINE('',#11304,#2588);
#1871=LINE('',#11305,#2589);
#1872=LINE('',#11309,#2590);
#1873=LINE('',#11310,#2591);
#1874=LINE('',#11311,#2592);
#1875=LINE('',#11314,#2593);
#1876=LINE('',#11315,#2594);
#1877=LINE('',#11318,#2595);
#1878=LINE('',#11319,#2596);
#1879=LINE('',#11323,#2597);
#1880=LINE('',#11324,#2598);
#1881=LINE('',#11325,#2599);
#1882=LINE('',#11328,#2600);
#1883=LINE('',#11329,#2601);
#1884=LINE('',#11332,#2602);
#1885=LINE('',#11333,#2603);
#1886=LINE('',#11335,#2604);
#1887=LINE('',#11338,#2605);
#1888=LINE('',#11339,#2606);
#1889=LINE('',#11341,#2607);
#1890=LINE('',#11343,#2608);
#1891=LINE('',#11346,#2609);
#1892=LINE('',#11348,#2610);
#1893=LINE('',#11349,#2611);
#1894=LINE('',#11351,#2612);
#1895=LINE('',#11352,#2613);
#1896=LINE('',#11355,#2614);
#1897=LINE('',#11356,#2615);
#1898=LINE('',#11359,#2616);
#1899=LINE('',#11360,#2617);
#1900=LINE('',#11362,#2618);
#1901=LINE('',#11365,#2619);
#1902=LINE('',#11366,#2620);
#1903=LINE('',#11369,#2621);
#1904=LINE('',#11370,#2622);
#1905=LINE('',#11372,#2623);
#1906=LINE('',#11375,#2624);
#1907=LINE('',#11376,#2625);
#1908=LINE('',#11379,#2626);
#1909=LINE('',#11380,#2627);
#1910=LINE('',#11382,#2628);
#1911=LINE('',#11385,#2629);
#1912=LINE('',#11386,#2630);
#1913=LINE('',#11389,#2631);
#1914=LINE('',#11390,#2632);
#1915=LINE('',#11392,#2633);
#1916=LINE('',#11396,#2634);
#1917=LINE('',#11397,#2635);
#1918=LINE('',#11399,#2636);
#1919=LINE('',#11401,#2637);
#1920=LINE('',#11403,#2638);
#1921=LINE('',#11406,#2639);
#1922=LINE('',#11407,#2640);
#1923=LINE('',#11409,#2641);
#1924=LINE('',#11411,#2642);
#1925=LINE('',#11414,#2643);
#1926=LINE('',#11415,#2644);
#1927=LINE('',#11417,#2645);
#1928=LINE('',#11420,#2646);
#1929=LINE('',#11423,#2647);
#1930=LINE('',#11425,#2648);
#1931=LINE('',#11427,#2649);
#1932=LINE('',#11429,#2650);
#1933=LINE('',#11431,#2651);
#1934=LINE('',#11433,#2652);
#1935=LINE('',#11435,#2653);
#1936=LINE('',#11437,#2654);
#1937=LINE('',#11443,#2655);
#1938=LINE('',#11446,#2656);
#1939=LINE('',#11448,#2657);
#1940=LINE('',#11449,#2658);
#1941=LINE('',#11451,#2659);
#1942=LINE('',#11452,#2660);
#1943=LINE('',#11457,#2661);
#1944=LINE('',#11458,#2662);
#1945=LINE('',#11459,#2663);
#1946=LINE('',#11462,#2664);
#1947=LINE('',#11464,#2665);
#1948=LINE('',#11465,#2666);
#1949=LINE('',#11468,#2667);
#1950=LINE('',#11470,#2668);
#1951=LINE('',#11471,#2669);
#1952=LINE('',#11474,#2670);
#1953=LINE('',#11475,#2671);
#1954=LINE('',#11476,#2672);
#1955=LINE('',#11479,#2673);
#1956=LINE('',#11480,#2674);
#1957=LINE('',#11482,#2675);
#1958=LINE('',#11485,#2676);
#1959=LINE('',#11487,#2677);
#1960=LINE('',#11489,#2678);
#1961=LINE('',#11492,#2679);
#1962=LINE('',#11494,#2680);
#1963=LINE('',#11496,#2681);
#1964=VECTOR('',#6784,10.);
#1965=VECTOR('',#6787,10.);
#1966=VECTOR('',#6792,10.);
#1967=VECTOR('',#6795,10.);
#1968=VECTOR('',#6800,10.);
#1969=VECTOR('',#6803,10.);
#1970=VECTOR('',#6808,10.);
#1971=VECTOR('',#6809,10.);
#1972=VECTOR('',#6810,10.);
#1973=VECTOR('',#6811,10.);
#1974=VECTOR('',#6814,10.);
#1975=VECTOR('',#6815,10.);
#1976=VECTOR('',#6816,10.);
#1977=VECTOR('',#6819,10.);
#1978=VECTOR('',#6820,10.);
#1979=VECTOR('',#6821,10.);
#1980=VECTOR('',#6822,10.);
#1981=VECTOR('',#6831,10.);
#1982=VECTOR('',#6832,10.);
#1983=VECTOR('',#6835,10.);
#1984=VECTOR('',#6836,10.);
#1985=VECTOR('',#6837,10.);
#1986=VECTOR('',#6838,10.);
#1987=VECTOR('',#6841,10.);
#1988=VECTOR('',#6842,10.);
#1989=VECTOR('',#6843,10.);
#1990=VECTOR('',#6846,10.);
#1991=VECTOR('',#6847,10.);
#1992=VECTOR('',#6848,10.);
#1993=VECTOR('',#6849,10.);
#1994=VECTOR('',#6858,10.);
#1995=VECTOR('',#6859,10.);
#1996=VECTOR('',#6862,10.);
#1997=VECTOR('',#6863,10.);
#1998=VECTOR('',#6864,10.);
#1999=VECTOR('',#6865,10.);
#2000=VECTOR('',#6868,10.);
#2001=VECTOR('',#6869,10.);
#2002=VECTOR('',#6872,10.);
#2003=VECTOR('',#6873,10.);
#2004=VECTOR('',#6874,10.);
#2005=VECTOR('',#6875,10.);
#2006=VECTOR('',#6888,10.);
#2007=VECTOR('',#6889,10.);
#2008=VECTOR('',#6890,10.);
#2009=VECTOR('',#6893,10.);
#2010=VECTOR('',#6896,10.);
#2011=VECTOR('',#6897,10.);
#2012=VECTOR('',#6898,10.);
#2013=VECTOR('',#6899,10.);
#2014=VECTOR('',#6900,10.);
#2015=VECTOR('',#6901,10.);
#2016=VECTOR('',#6904,10.);
#2017=VECTOR('',#6907,10.);
#2018=VECTOR('',#6910,10.);
#2019=VECTOR('',#6911,10.);
#2020=VECTOR('',#6912,10.);
#2021=VECTOR('',#6913,10.);
#2022=VECTOR('',#6918,1.6);
#2023=VECTOR('',#6923,1.6);
#2024=VECTOR('',#6928,1.6);
#2025=VECTOR('',#6933,1.6);
#2026=VECTOR('',#6938,1.6);
#2027=VECTOR('',#6943,1.6);
#2028=VECTOR('',#6948,1.6);
#2029=VECTOR('',#6953,1.6);
#2030=VECTOR('',#6958,1.6);
#2031=VECTOR('',#6963,1.6);
#2032=VECTOR('',#6968,10.);
#2033=VECTOR('',#6969,10.);
#2034=VECTOR('',#6970,10.);
#2035=VECTOR('',#6975,10.);
#2036=VECTOR('',#6978,10.);
#2037=VECTOR('',#6979,10.);
#2038=VECTOR('',#6984,10.);
#2039=VECTOR('',#6987,10.);
#2040=VECTOR('',#6990,10.);
#2041=VECTOR('',#6991,10.);
#2042=VECTOR('',#6994,10.);
#2043=VECTOR('',#6995,10.);
#2044=VECTOR('',#7000,10.);
#2045=VECTOR('',#7003,10.);
#2046=VECTOR('',#7006,11.);
#2047=VECTOR('',#7011,10.);
#2048=VECTOR('',#7012,10.);
#2049=VECTOR('',#7013,10.);
#2050=VECTOR('',#7014,10.);
#2051=VECTOR('',#7019,10.);
#2052=VECTOR('',#7020,10.);
#2053=VECTOR('',#7025,10.);
#2054=VECTOR('',#7060,1.5);
#2055=VECTOR('',#7063,20.);
#2056=VECTOR('',#7074,20.);
#2057=VECTOR('',#7077,1.5);
#2058=VECTOR('',#7088,20.);
#2059=VECTOR('',#7093,19.);
#2060=VECTOR('',#7096,10.);
#2061=VECTOR('',#7099,10.);
#2062=VECTOR('',#7100,10.);
#2063=VECTOR('',#7103,10.);
#2064=VECTOR('',#7106,10.);
#2065=VECTOR('',#7107,10.);
#2066=VECTOR('',#7110,10.);
#2067=VECTOR('',#7111,10.);
#2068=VECTOR('',#7114,10.);
#2069=VECTOR('',#7119,19.);
#2070=VECTOR('',#7122,10.);
#2071=VECTOR('',#7125,10.);
#2072=VECTOR('',#7128,10.);
#2073=VECTOR('',#7129,10.);
#2074=VECTOR('',#7130,10.);
#2075=VECTOR('',#7133,10.);
#2076=VECTOR('',#7134,10.);
#2077=VECTOR('',#7137,10.);
#2078=VECTOR('',#7138,10.);
#2079=VECTOR('',#7143,10.);
#2080=VECTOR('',#7146,10.);
#2081=VECTOR('',#7151,10.);
#2082=VECTOR('',#7154,10.);
#2083=VECTOR('',#7159,10.);
#2084=VECTOR('',#7162,10.);
#2085=VECTOR('',#7167,10.);
#2086=VECTOR('',#7170,10.);
#2087=VECTOR('',#7175,10.);
#2088=VECTOR('',#7176,10.);
#2089=VECTOR('',#7181,10.);
#2090=VECTOR('',#7182,10.);
#2091=VECTOR('',#7187,10.);
#2092=VECTOR('',#7190,10.);
#2093=VECTOR('',#7193,10.);
#2094=VECTOR('',#7196,10.);
#2095=VECTOR('',#7199,10.);
#2096=VECTOR('',#7200,10.);
#2097=VECTOR('',#7205,10.);
#2098=VECTOR('',#7208,10.);
#2099=VECTOR('',#7211,10.);
#2100=VECTOR('',#7212,10.);
#2101=VECTOR('',#7217,10.);
#2102=VECTOR('',#7218,10.);
#2103=VECTOR('',#7221,10.);
#2104=VECTOR('',#7222,10.);
#2105=VECTOR('',#7225,10.);
#2106=VECTOR('',#7226,10.);
#2107=VECTOR('',#7229,10.);
#2108=VECTOR('',#7230,10.);
#2109=VECTOR('',#7235,10.);
#2110=VECTOR('',#7236,10.);
#2111=VECTOR('',#7239,10.);
#2112=VECTOR('',#7240,10.);
#2113=VECTOR('',#7243,10.);
#2114=VECTOR('',#7248,10.);
#2115=VECTOR('',#7249,10.);
#2116=VECTOR('',#7252,10.);
#2117=VECTOR('',#7257,10.);
#2118=VECTOR('',#7258,10.);
#2119=VECTOR('',#7261,10.);
#2120=VECTOR('',#7266,10.);
#2121=VECTOR('',#7267,10.);
#2122=VECTOR('',#7270,10.);
#2123=VECTOR('',#7275,10.);
#2124=VECTOR('',#7276,10.);
#2125=VECTOR('',#7281,10.);
#2126=VECTOR('',#7282,10.);
#2127=VECTOR('',#7283,10.);
#2128=VECTOR('',#7284,10.);
#2129=VECTOR('',#7287,10.);
#2130=VECTOR('',#7288,10.);
#2131=VECTOR('',#7289,10.);
#2132=VECTOR('',#7290,10.);
#2133=VECTOR('',#7291,10.);
#2134=VECTOR('',#7294,10.);
#2135=VECTOR('',#7295,10.);
#2136=VECTOR('',#7296,10.);
#2137=VECTOR('',#7297,10.);
#2138=VECTOR('',#7298,10.);
#2139=VECTOR('',#7301,10.);
#2140=VECTOR('',#7302,10.);
#2141=VECTOR('',#7303,10.);
#2142=VECTOR('',#7306,10.);
#2143=VECTOR('',#7307,10.);
#2144=VECTOR('',#7308,10.);
#2145=VECTOR('',#7311,10.);
#2146=VECTOR('',#7312,10.);
#2147=VECTOR('',#7313,10.);
#2148=VECTOR('',#7314,10.);
#2149=VECTOR('',#7317,10.);
#2150=VECTOR('',#7318,10.);
#2151=VECTOR('',#7319,10.);
#2152=VECTOR('',#7320,10.);
#2153=VECTOR('',#7321,10.);
#2154=VECTOR('',#7322,10.);
#2155=VECTOR('',#7323,10.);
#2156=VECTOR('',#7324,10.);
#2157=VECTOR('',#7325,10.);
#2158=VECTOR('',#7332,10.);
#2159=VECTOR('',#7333,10.);
#2160=VECTOR('',#7334,10.);
#2161=VECTOR('',#7335,10.);
#2162=VECTOR('',#7338,10.);
#2163=VECTOR('',#7339,10.);
#2164=VECTOR('',#7340,10.);
#2165=VECTOR('',#7343,10.);
#2166=VECTOR('',#7344,10.);
#2167=VECTOR('',#7345,10.);
#2168=VECTOR('',#7346,10.);
#2169=VECTOR('',#7347,10.);
#2170=VECTOR('',#7348,10.);
#2171=VECTOR('',#7349,10.);
#2172=VECTOR('',#7350,10.);
#2173=VECTOR('',#7369,10.);
#2174=VECTOR('',#7370,10.);
#2175=VECTOR('',#7373,10.);
#2176=VECTOR('',#7374,10.);
#2177=VECTOR('',#7375,10.);
#2178=VECTOR('',#7378,10.);
#2179=VECTOR('',#7379,10.);
#2180=VECTOR('',#7380,10.);
#2181=VECTOR('',#7381,10.);
#2182=VECTOR('',#7382,10.);
#2183=VECTOR('',#7383,10.);
#2184=VECTOR('',#7384,10.);
#2185=VECTOR('',#7385,10.);
#2186=VECTOR('',#7388,10.);
#2187=VECTOR('',#7393,10.);
#2188=VECTOR('',#7394,10.);
#2189=VECTOR('',#7395,10.);
#2190=VECTOR('',#7396,10.);
#2191=VECTOR('',#7399,10.);
#2192=VECTOR('',#7400,10.);
#2193=VECTOR('',#7401,10.);
#2194=VECTOR('',#7402,10.);
#2195=VECTOR('',#7405,10.);
#2196=VECTOR('',#7406,10.);
#2197=VECTOR('',#7411,10.);
#2198=VECTOR('',#7416,10.);
#2199=VECTOR('',#7419,10.);
#2200=VECTOR('',#7420,10.);
#2201=VECTOR('',#7425,10.);
#2202=VECTOR('',#7426,10.);
#2203=VECTOR('',#7427,10.);
#2204=VECTOR('',#7428,10.);
#2205=VECTOR('',#7429,10.);
#2206=VECTOR('',#7432,10.);
#2207=VECTOR('',#7437,10.);
#2208=VECTOR('',#7442,10.);
#2209=VECTOR('',#7443,10.);
#2210=VECTOR('',#7448,10.);
#2211=VECTOR('',#7449,10.);
#2212=VECTOR('',#7450,10.);
#2213=VECTOR('',#7451,10.);
#2214=VECTOR('',#7454,10.);
#2215=VECTOR('',#7459,10.);
#2216=VECTOR('',#7460,10.);
#2217=VECTOR('',#7461,10.);
#2218=VECTOR('',#7462,10.);
#2219=VECTOR('',#7465,10.);
#2220=VECTOR('',#7466,10.);
#2221=VECTOR('',#7467,10.);
#2222=VECTOR('',#7468,10.);
#2223=VECTOR('',#7469,10.);
#2224=VECTOR('',#7472,10.);
#2225=VECTOR('',#7473,10.);
#2226=VECTOR('',#7474,10.);
#2227=VECTOR('',#7475,10.);
#2228=VECTOR('',#7478,10.);
#2229=VECTOR('',#7479,10.);
#2230=VECTOR('',#7482,10.);
#2231=VECTOR('',#7483,10.);
#2232=VECTOR('',#7486,10.);
#2233=VECTOR('',#7487,10.);
#2234=VECTOR('',#7488,10.);
#2235=VECTOR('',#7489,10.);
#2236=VECTOR('',#7490,10.);
#2237=VECTOR('',#7493,10.);
#2238=VECTOR('',#7494,10.);
#2239=VECTOR('',#7499,10.);
#2240=VECTOR('',#7504,10.);
#2241=VECTOR('',#7505,10.);
#2242=VECTOR('',#7506,10.);
#2243=VECTOR('',#7507,10.);
#2244=VECTOR('',#7510,10.);
#2245=VECTOR('',#7515,10.);
#2246=VECTOR('',#7520,10.);
#2247=VECTOR('',#7521,10.);
#2248=VECTOR('',#7522,10.);
#2249=VECTOR('',#7523,10.);
#2250=VECTOR('',#7524,10.);
#2251=VECTOR('',#7527,10.);
#2252=VECTOR('',#7528,10.);
#2253=VECTOR('',#7533,10.);
#2254=VECTOR('',#7534,10.);
#2255=VECTOR('',#7535,10.);
#2256=VECTOR('',#7536,10.);
#2257=VECTOR('',#7539,10.);
#2258=VECTOR('',#7544,10.);
#2259=VECTOR('',#7549,10.);
#2260=VECTOR('',#7554,10.);
#2261=VECTOR('',#7555,10.);
#2262=VECTOR('',#7556,10.);
#2263=VECTOR('',#7557,10.);
#2264=VECTOR('',#7558,10.);
#2265=VECTOR('',#7561,10.);
#2266=VECTOR('',#7562,10.);
#2267=VECTOR('',#7563,10.);
#2268=VECTOR('',#7564,10.);
#2269=VECTOR('',#7565,10.);
#2270=VECTOR('',#7568,10.);
#2271=VECTOR('',#7573,10.);
#2272=VECTOR('',#7578,10.);
#2273=VECTOR('',#7583,10.);
#2274=VECTOR('',#7588,10.);
#2275=VECTOR('',#7589,10.);
#2276=VECTOR('',#7590,10.);
#2277=VECTOR('',#7591,10.);
#2278=VECTOR('',#7592,10.);
#2279=VECTOR('',#7595,10.);
#2280=VECTOR('',#7596,10.);
#2281=VECTOR('',#7597,10.);
#2282=VECTOR('',#7598,10.);
#2283=VECTOR('',#7599,10.);
#2284=VECTOR('',#7602,10.);
#2285=VECTOR('',#7607,10.);
#2286=VECTOR('',#7612,10.);
#2287=VECTOR('',#7617,10.);
#2288=VECTOR('',#7622,10.);
#2289=VECTOR('',#7623,10.);
#2290=VECTOR('',#7624,10.);
#2291=VECTOR('',#7625,10.);
#2292=VECTOR('',#7626,10.);
#2293=VECTOR('',#7629,10.);
#2294=VECTOR('',#7630,10.);
#2295=VECTOR('',#7631,10.);
#2296=VECTOR('',#7632,10.);
#2297=VECTOR('',#7633,10.);
#2298=VECTOR('',#7636,10.);
#2299=VECTOR('',#7641,10.);
#2300=VECTOR('',#7646,10.);
#2301=VECTOR('',#7651,10.);
#2302=VECTOR('',#7656,10.);
#2303=VECTOR('',#7657,10.);
#2304=VECTOR('',#7658,10.);
#2305=VECTOR('',#7659,10.);
#2306=VECTOR('',#7660,10.);
#2307=VECTOR('',#7663,10.);
#2308=VECTOR('',#7664,10.);
#2309=VECTOR('',#7665,10.);
#2310=VECTOR('',#7666,10.);
#2311=VECTOR('',#7667,10.);
#2312=VECTOR('',#7670,10.);
#2313=VECTOR('',#7675,10.);
#2314=VECTOR('',#7680,10.);
#2315=VECTOR('',#7685,10.);
#2316=VECTOR('',#7690,10.);
#2317=VECTOR('',#7691,10.);
#2318=VECTOR('',#7692,10.);
#2319=VECTOR('',#7693,10.);
#2320=VECTOR('',#7694,10.);
#2321=VECTOR('',#7697,10.);
#2322=VECTOR('',#7698,10.);
#2323=VECTOR('',#7699,10.);
#2324=VECTOR('',#7700,10.);
#2325=VECTOR('',#7701,10.);
#2326=VECTOR('',#7704,10.);
#2327=VECTOR('',#7709,10.);
#2328=VECTOR('',#7714,10.);
#2329=VECTOR('',#7719,10.);
#2330=VECTOR('',#7724,10.);
#2331=VECTOR('',#7725,10.);
#2332=VECTOR('',#7726,10.);
#2333=VECTOR('',#7727,10.);
#2334=VECTOR('',#7728,10.);
#2335=VECTOR('',#7731,10.);
#2336=VECTOR('',#7732,10.);
#2337=VECTOR('',#7733,10.);
#2338=VECTOR('',#7734,10.);
#2339=VECTOR('',#7735,10.);
#2340=VECTOR('',#7738,10.);
#2341=VECTOR('',#7743,10.);
#2342=VECTOR('',#7748,10.);
#2343=VECTOR('',#7753,10.);
#2344=VECTOR('',#7758,10.);
#2345=VECTOR('',#7759,10.);
#2346=VECTOR('',#7760,10.);
#2347=VECTOR('',#7761,10.);
#2348=VECTOR('',#7762,10.);
#2349=VECTOR('',#7765,10.);
#2350=VECTOR('',#7766,10.);
#2351=VECTOR('',#7767,10.);
#2352=VECTOR('',#7768,10.);
#2353=VECTOR('',#7769,10.);
#2354=VECTOR('',#7772,10.);
#2355=VECTOR('',#7777,10.);
#2356=VECTOR('',#7782,10.);
#2357=VECTOR('',#7787,10.);
#2358=VECTOR('',#7792,10.);
#2359=VECTOR('',#7793,10.);
#2360=VECTOR('',#7794,10.);
#2361=VECTOR('',#7795,10.);
#2362=VECTOR('',#7798,10.);
#2363=VECTOR('',#7799,10.);
#2364=VECTOR('',#7800,10.);
#2365=VECTOR('',#7801,10.);
#2366=VECTOR('',#7804,10.);
#2367=VECTOR('',#7805,10.);
#2368=VECTOR('',#7806,10.);
#2369=VECTOR('',#7807,10.);
#2370=VECTOR('',#7810,10.);
#2371=VECTOR('',#7811,10.);
#2372=VECTOR('',#7812,10.);
#2373=VECTOR('',#7813,10.);
#2374=VECTOR('',#7816,10.);
#2375=VECTOR('',#7817,10.);
#2376=VECTOR('',#7818,10.);
#2377=VECTOR('',#7819,10.);
#2378=VECTOR('',#7822,10.);
#2379=VECTOR('',#7823,10.);
#2380=VECTOR('',#7824,10.);
#2381=VECTOR('',#7825,10.);
#2382=VECTOR('',#7828,10.);
#2383=VECTOR('',#7829,10.);
#2384=VECTOR('',#7830,10.);
#2385=VECTOR('',#7831,10.);
#2386=VECTOR('',#7834,10.);
#2387=VECTOR('',#7835,10.);
#2388=VECTOR('',#7836,10.);
#2389=VECTOR('',#7837,10.);
#2390=VECTOR('',#7840,10.);
#2391=VECTOR('',#7841,10.);
#2392=VECTOR('',#7842,10.);
#2393=VECTOR('',#7843,10.);
#2394=VECTOR('',#7846,10.);
#2395=VECTOR('',#7847,10.);
#2396=VECTOR('',#7848,10.);
#2397=VECTOR('',#7849,10.);
#2398=VECTOR('',#7852,10.);
#2399=VECTOR('',#7853,10.);
#2400=VECTOR('',#7854,10.);
#2401=VECTOR('',#7855,10.);
#2402=VECTOR('',#7858,10.);
#2403=VECTOR('',#7859,10.);
#2404=VECTOR('',#7860,10.);
#2405=VECTOR('',#7861,10.);
#2406=VECTOR('',#7864,10.);
#2407=VECTOR('',#7865,10.);
#2408=VECTOR('',#7866,10.);
#2409=VECTOR('',#7867,10.);
#2410=VECTOR('',#7870,10.);
#2411=VECTOR('',#7871,10.);
#2412=VECTOR('',#7872,10.);
#2413=VECTOR('',#7873,10.);
#2414=VECTOR('',#7874,10.);
#2415=VECTOR('',#7877,10.);
#2416=VECTOR('',#7878,10.);
#2417=VECTOR('',#7879,10.);
#2418=VECTOR('',#7880,10.);
#2419=VECTOR('',#7883,10.);
#2420=VECTOR('',#7884,10.);
#2421=VECTOR('',#7887,10.);
#2422=VECTOR('',#7888,10.);
#2423=VECTOR('',#7889,10.);
#2424=VECTOR('',#7890,10.);
#2425=VECTOR('',#7893,10.);
#2426=VECTOR('',#7894,10.);
#2427=VECTOR('',#7895,10.);
#2428=VECTOR('',#7896,10.);
#2429=VECTOR('',#7897,10.);
#2430=VECTOR('',#7900,10.);
#2431=VECTOR('',#7901,10.);
#2432=VECTOR('',#7902,10.);
#2433=VECTOR('',#7903,10.);
#2434=VECTOR('',#7906,10.);
#2435=VECTOR('',#7907,10.);
#2436=VECTOR('',#7910,10.);
#2437=VECTOR('',#7911,10.);
#2438=VECTOR('',#7912,10.);
#2439=VECTOR('',#7913,10.);
#2440=VECTOR('',#7914,10.);
#2441=VECTOR('',#7917,10.);
#2442=VECTOR('',#7918,10.);
#2443=VECTOR('',#7919,10.);
#2444=VECTOR('',#7920,10.);
#2445=VECTOR('',#7923,10.);
#2446=VECTOR('',#7924,10.);
#2447=VECTOR('',#7927,10.);
#2448=VECTOR('',#7928,10.);
#2449=VECTOR('',#7929,10.);
#2450=VECTOR('',#7930,10.);
#2451=VECTOR('',#7931,10.);
#2452=VECTOR('',#7934,10.);
#2453=VECTOR('',#7935,10.);
#2454=VECTOR('',#7936,10.);
#2455=VECTOR('',#7937,10.);
#2456=VECTOR('',#7940,10.);
#2457=VECTOR('',#7941,10.);
#2458=VECTOR('',#7944,10.);
#2459=VECTOR('',#7945,10.);
#2460=VECTOR('',#7946,10.);
#2461=VECTOR('',#7947,10.);
#2462=VECTOR('',#7950,10.);
#2463=VECTOR('',#7951,10.);
#2464=VECTOR('',#7952,10.);
#2465=VECTOR('',#7955,10.);
#2466=VECTOR('',#7956,10.);
#2467=VECTOR('',#7959,10.);
#2468=VECTOR('',#7960,10.);
#2469=VECTOR('',#7961,10.);
#2470=VECTOR('',#7962,10.);
#2471=VECTOR('',#7965,10.);
#2472=VECTOR('',#7966,10.);
#2473=VECTOR('',#7967,10.);
#2474=VECTOR('',#7970,10.);
#2475=VECTOR('',#7971,10.);
#2476=VECTOR('',#7974,10.);
#2477=VECTOR('',#7975,10.);
#2478=VECTOR('',#7976,10.);
#2479=VECTOR('',#7977,10.);
#2480=VECTOR('',#7980,10.);
#2481=VECTOR('',#7981,10.);
#2482=VECTOR('',#7982,10.);
#2483=VECTOR('',#7985,10.);
#2484=VECTOR('',#7986,10.);
#2485=VECTOR('',#7989,10.);
#2486=VECTOR('',#7990,10.);
#2487=VECTOR('',#7991,10.);
#2488=VECTOR('',#7992,10.);
#2489=VECTOR('',#7995,10.);
#2490=VECTOR('',#7996,10.);
#2491=VECTOR('',#7997,10.);
#2492=VECTOR('',#8000,10.);
#2493=VECTOR('',#8001,10.);
#2494=VECTOR('',#8004,10.);
#2495=VECTOR('',#8005,10.);
#2496=VECTOR('',#8008,10.);
#2497=VECTOR('',#8009,10.);
#2498=VECTOR('',#8010,10.);
#2499=VECTOR('',#8011,10.);
#2500=VECTOR('',#8014,10.);
#2501=VECTOR('',#8015,10.);
#2502=VECTOR('',#8016,10.);
#2503=VECTOR('',#8019,10.);
#2504=VECTOR('',#8020,10.);
#2505=VECTOR('',#8023,10.);
#2506=VECTOR('',#8024,10.);
#2507=VECTOR('',#8027,10.);
#2508=VECTOR('',#8028,10.);
#2509=VECTOR('',#8031,10.);
#2510=VECTOR('',#8032,10.);
#2511=VECTOR('',#8035,10.);
#2512=VECTOR('',#8036,10.);
#2513=VECTOR('',#8037,10.);
#2514=VECTOR('',#8040,10.);
#2515=VECTOR('',#8041,10.);
#2516=VECTOR('',#8042,10.);
#2517=VECTOR('',#8045,10.);
#2518=VECTOR('',#8046,10.);
#2519=VECTOR('',#8047,10.);
#2520=VECTOR('',#8050,10.);
#2521=VECTOR('',#8051,10.);
#2522=VECTOR('',#8052,10.);
#2523=VECTOR('',#8055,10.);
#2524=VECTOR('',#8056,10.);
#2525=VECTOR('',#8057,10.);
#2526=VECTOR('',#8060,10.);
#2527=VECTOR('',#8061,10.);
#2528=VECTOR('',#8062,10.);
#2529=VECTOR('',#8065,10.);
#2530=VECTOR('',#8066,10.);
#2531=VECTOR('',#8067,10.);
#2532=VECTOR('',#8070,10.);
#2533=VECTOR('',#8071,10.);
#2534=VECTOR('',#8072,10.);
#2535=VECTOR('',#8075,10.);
#2536=VECTOR('',#8076,10.);
#2537=VECTOR('',#8077,10.);
#2538=VECTOR('',#8078,10.);
#2539=VECTOR('',#8081,10.);
#2540=VECTOR('',#8082,10.);
#2541=VECTOR('',#8083,10.);
#2542=VECTOR('',#8086,10.);
#2543=VECTOR('',#8087,10.);
#2544=VECTOR('',#8088,10.);
#2545=VECTOR('',#8089,10.);
#2546=VECTOR('',#8092,10.);
#2547=VECTOR('',#8093,10.);
#2548=VECTOR('',#8094,10.);
#2549=VECTOR('',#8095,10.);
#2550=VECTOR('',#8098,10.);
#2551=VECTOR('',#8099,10.);
#2552=VECTOR('',#8100,10.);
#2553=VECTOR('',#8101,10.);
#2554=VECTOR('',#8104,10.);
#2555=VECTOR('',#8105,10.);
#2556=VECTOR('',#8106,10.);
#2557=VECTOR('',#8107,10.);
#2558=VECTOR('',#8110,10.);
#2559=VECTOR('',#8111,10.);
#2560=VECTOR('',#8112,10.);
#2561=VECTOR('',#8113,10.);
#2562=VECTOR('',#8116,10.);
#2563=VECTOR('',#8117,10.);
#2564=VECTOR('',#8118,10.);
#2565=VECTOR('',#8119,10.);
#2566=VECTOR('',#8122,10.);
#2567=VECTOR('',#8123,10.);
#2568=VECTOR('',#8124,10.);
#2569=VECTOR('',#8125,10.);
#2570=VECTOR('',#8128,10.);
#2571=VECTOR('',#8129,10.);
#2572=VECTOR('',#8130,10.);
#2573=VECTOR('',#8133,10.);
#2574=VECTOR('',#8134,10.);
#2575=VECTOR('',#8137,10.);
#2576=VECTOR('',#8138,10.);
#2577=VECTOR('',#8141,10.);
#2578=VECTOR('',#8142,10.);
#2579=VECTOR('',#8143,10.);
#2580=VECTOR('',#8144,10.);
#2581=VECTOR('',#8147,10.);
#2582=VECTOR('',#8148,10.);
#2583=VECTOR('',#8151,10.);
#2584=VECTOR('',#8152,10.);
#2585=VECTOR('',#8153,10.);
#2586=VECTOR('',#8156,10.);
#2587=VECTOR('',#8157,10.);
#2588=VECTOR('',#8160,10.);
#2589=VECTOR('',#8161,10.);
#2590=VECTOR('',#8164,10.);
#2591=VECTOR('',#8165,10.);
#2592=VECTOR('',#8166,10.);
#2593=VECTOR('',#8169,10.);
#2594=VECTOR('',#8170,10.);
#2595=VECTOR('',#8173,10.);
#2596=VECTOR('',#8174,10.);
#2597=VECTOR('',#8177,10.);
#2598=VECTOR('',#8178,10.);
#2599=VECTOR('',#8179,10.);
#2600=VECTOR('',#8182,10.);
#2601=VECTOR('',#8183,10.);
#2602=VECTOR('',#8186,10.);
#2603=VECTOR('',#8187,10.);
#2604=VECTOR('',#8190,10.);
#2605=VECTOR('',#8193,10.);
#2606=VECTOR('',#8194,10.);
#2607=VECTOR('',#8197,10.);
#2608=VECTOR('',#8200,10.);
#2609=VECTOR('',#8203,10.);
#2610=VECTOR('',#8204,10.);
#2611=VECTOR('',#8205,10.);
#2612=VECTOR('',#8208,10.);
#2613=VECTOR('',#8209,10.);
#2614=VECTOR('',#8214,10.);
#2615=VECTOR('',#8215,10.);
#2616=VECTOR('',#8218,10.);
#2617=VECTOR('',#8219,10.);
#2618=VECTOR('',#8222,10.);
#2619=VECTOR('',#8227,10.);
#2620=VECTOR('',#8228,10.);
#2621=VECTOR('',#8231,10.);
#2622=VECTOR('',#8232,10.);
#2623=VECTOR('',#8235,10.);
#2624=VECTOR('',#8240,10.);
#2625=VECTOR('',#8241,10.);
#2626=VECTOR('',#8244,10.);
#2627=VECTOR('',#8245,10.);
#2628=VECTOR('',#8248,10.);
#2629=VECTOR('',#8253,10.);
#2630=VECTOR('',#8254,10.);
#2631=VECTOR('',#8257,10.);
#2632=VECTOR('',#8258,10.);
#2633=VECTOR('',#8261,10.);
#2634=VECTOR('',#8266,10.);
#2635=VECTOR('',#8267,10.);
#2636=VECTOR('',#8270,10.);
#2637=VECTOR('',#8273,10.);
#2638=VECTOR('',#8276,10.);
#2639=VECTOR('',#8279,10.);
#2640=VECTOR('',#8280,10.);
#2641=VECTOR('',#8283,10.);
#2642=VECTOR('',#8286,10.);
#2643=VECTOR('',#8289,10.);
#2644=VECTOR('',#8290,10.);
#2645=VECTOR('',#8293,10.);
#2646=VECTOR('',#8296,1.6);
#2647=VECTOR('',#8301,1.6);
#2648=VECTOR('',#8304,1.6);
#2649=VECTOR('',#8307,1.6);
#2650=VECTOR('',#8310,1.6);
#2651=VECTOR('',#8313,1.6);
#2652=VECTOR('',#8316,1.6);
#2653=VECTOR('',#8319,1.6);
#2654=VECTOR('',#8322,1.6);
#2655=VECTOR('',#8327,10.);
#2656=VECTOR('',#8330,10.);
#2657=VECTOR('',#8333,10.);
#2658=VECTOR('',#8334,10.);
#2659=VECTOR('',#8337,10.);
#2660=VECTOR('',#8338,10.);
#2661=VECTOR('',#8343,10.);
#2662=VECTOR('',#8344,10.);
#2663=VECTOR('',#8345,10.);
#2664=VECTOR('',#8348,10.);
#2665=VECTOR('',#8349,10.);
#2666=VECTOR('',#8350,10.);
#2667=VECTOR('',#8353,10.);
#2668=VECTOR('',#8354,10.);
#2669=VECTOR('',#8355,10.);
#2670=VECTOR('',#8358,10.);
#2671=VECTOR('',#8359,10.);
#2672=VECTOR('',#8360,10.);
#2673=VECTOR('',#8363,10.);
#2674=VECTOR('',#8364,10.);
#2675=VECTOR('',#8367,10.);
#2676=VECTOR('',#8372,1.6);
#2677=VECTOR('',#8375,1.6);
#2678=VECTOR('',#8378,10.);
#2679=VECTOR('',#8383,10.);
#2680=VECTOR('',#8386,10.);
#2681=VECTOR('',#8389,10.);
#2682=VERTEX_POINT('',#8399);
#2683=VERTEX_POINT('',#8400);
#2684=VERTEX_POINT('',#8402);
#2685=VERTEX_POINT('',#8404);
#2686=VERTEX_POINT('',#8408);
#2687=VERTEX_POINT('',#8409);
#2688=VERTEX_POINT('',#8411);
#2689=VERTEX_POINT('',#8413);
#2690=VERTEX_POINT('',#8417);
#2691=VERTEX_POINT('',#8418);
#2692=VERTEX_POINT('',#8420);
#2693=VERTEX_POINT('',#8422);
#2694=VERTEX_POINT('',#8426);
#2695=VERTEX_POINT('',#8427);
#2696=VERTEX_POINT('',#8429);
#2697=VERTEX_POINT('',#8431);
#2698=VERTEX_POINT('',#8435);
#2699=VERTEX_POINT('',#8437);
#2700=VERTEX_POINT('',#8441);
#2701=VERTEX_POINT('',#8443);
#2702=VERTEX_POINT('',#8445);
#2703=VERTEX_POINT('',#8448);
#2704=VERTEX_POINT('',#8450);
#2705=VERTEX_POINT('',#8452);
#2706=VERTEX_POINT('',#8455);
#2707=VERTEX_POINT('',#8459);
#2708=VERTEX_POINT('',#8460);
#2709=VERTEX_POINT('',#8462);
#2710=VERTEX_POINT('',#8464);
#2711=VERTEX_POINT('',#8468);
#2712=VERTEX_POINT('',#8470);
#2713=VERTEX_POINT('',#8474);
#2714=VERTEX_POINT('',#8476);
#2715=VERTEX_POINT('',#8478);
#2716=VERTEX_POINT('',#8481);
#2717=VERTEX_POINT('',#8483);
#2718=VERTEX_POINT('',#8485);
#2719=VERTEX_POINT('',#8488);
#2720=VERTEX_POINT('',#8492);
#2721=VERTEX_POINT('',#8493);
#2722=VERTEX_POINT('',#8495);
#2723=VERTEX_POINT('',#8497);
#2724=VERTEX_POINT('',#8505);
#2725=VERTEX_POINT('',#8507);
#2726=VERTEX_POINT('',#8510);
#2727=VERTEX_POINT('',#8512);
#2728=VERTEX_POINT('',#8514);
#2729=VERTEX_POINT('',#8516);
#2730=VERTEX_POINT('',#8518);
#2731=VERTEX_POINT('',#8521);
#2732=VERTEX_POINT('',#8523);
#2733=VERTEX_POINT('',#8529);
#2734=VERTEX_POINT('',#8531);
#2735=VERTEX_POINT('',#8535);
#2736=VERTEX_POINT('',#8537);
#2737=VERTEX_POINT('',#8539);
#2738=VERTEX_POINT('',#8541);
#2739=VERTEX_POINT('',#8543);
#2740=VERTEX_POINT('',#8545);
#2741=VERTEX_POINT('',#8547);
#2742=VERTEX_POINT('',#8551);
#2743=VERTEX_POINT('',#8553);
#2744=VERTEX_POINT('',#8557);
#2745=VERTEX_POINT('',#8561);
#2746=VERTEX_POINT('',#8565);
#2747=VERTEX_POINT('',#8569);
#2748=VERTEX_POINT('',#8573);
#2749=VERTEX_POINT('',#8577);
#2750=VERTEX_POINT('',#8581);
#2751=VERTEX_POINT('',#8585);
#2752=VERTEX_POINT('',#8589);
#2753=VERTEX_POINT('',#8593);
#2754=VERTEX_POINT('',#8597);
#2755=VERTEX_POINT('',#8598);
#2756=VERTEX_POINT('',#8603);
#2757=VERTEX_POINT('',#8607);
#2758=VERTEX_POINT('',#8611);
#2759=VERTEX_POINT('',#8617);
#2760=VERTEX_POINT('',#8621);
#2761=VERTEX_POINT('',#8625);
#2762=VERTEX_POINT('',#8631);
#2763=VERTEX_POINT('',#8635);
#2764=VERTEX_POINT('',#8636);
#2765=VERTEX_POINT('',#8638);
#2766=VERTEX_POINT('',#8749);
#2767=VERTEX_POINT('',#8750);
#2768=VERTEX_POINT('',#8757);
#2769=VERTEX_POINT('',#8849);
#2770=VERTEX_POINT('',#8875);
#2771=VERTEX_POINT('',#8892);
#2772=VERTEX_POINT('',#8945);
#2773=VERTEX_POINT('',#8956);
#2774=VERTEX_POINT('',#8962);
#2775=VERTEX_POINT('',#8973);
#2776=VERTEX_POINT('',#8987);
#2777=VERTEX_POINT('',#8998);
#2778=VERTEX_POINT('',#9006);
#2779=VERTEX_POINT('',#9010);
#2780=VERTEX_POINT('',#9196);
#2781=VERTEX_POINT('',#9222);
#2782=VERTEX_POINT('',#9357);
#2783=VERTEX_POINT('',#9358);
#2784=VERTEX_POINT('',#9365);
#2785=VERTEX_POINT('',#9460);
#2786=VERTEX_POINT('',#9486);
#2787=VERTEX_POINT('',#9503);
#2788=VERTEX_POINT('',#9557);
#2789=VERTEX_POINT('',#9568);
#2790=VERTEX_POINT('',#9574);
#2791=VERTEX_POINT('',#9585);
#2792=VERTEX_POINT('',#9605);
#2793=VERTEX_POINT('',#9613);
#2794=VERTEX_POINT('',#9617);
#2795=VERTEX_POINT('',#9803);
#2796=VERTEX_POINT('',#9829);
#2797=VERTEX_POINT('',#9863);
#2798=VERTEX_POINT('',#9865);
#2799=VERTEX_POINT('',#9909);
#2800=VERTEX_POINT('',#9936);
#2801=VERTEX_POINT('',#9950);
#2802=VERTEX_POINT('',#9971);
#2803=VERTEX_POINT('',#9977);
#2804=VERTEX_POINT('',#9982);
#2805=VERTEX_POINT('',#9984);
#2806=VERTEX_POINT('',#10046);
#2807=VERTEX_POINT('',#10057);
#2808=VERTEX_POINT('',#10074);
#2809=VERTEX_POINT('',#10078);
#2810=VERTEX_POINT('',#10082);
#2811=VERTEX_POINT('',#10086);
#2812=VERTEX_POINT('',#10087);
#2813=VERTEX_POINT('',#10090);
#2814=VERTEX_POINT('',#10091);
#2815=VERTEX_POINT('',#10093);
#2816=VERTEX_POINT('',#10096);
#2817=VERTEX_POINT('',#10097);
#2818=VERTEX_POINT('',#10099);
#2819=VERTEX_POINT('',#10102);
#2820=VERTEX_POINT('',#10103);
#2821=VERTEX_POINT('',#10105);
#2822=VERTEX_POINT('',#10108);
#2823=VERTEX_POINT('',#10109);
#2824=VERTEX_POINT('',#10111);
#2825=VERTEX_POINT('',#10115);
#2826=VERTEX_POINT('',#10119);
#2827=VERTEX_POINT('',#10120);
#2828=VERTEX_POINT('',#10123);
#2829=VERTEX_POINT('',#10124);
#2830=VERTEX_POINT('',#10126);
#2831=VERTEX_POINT('',#10129);
#2832=VERTEX_POINT('',#10130);
#2833=VERTEX_POINT('',#10132);
#2834=VERTEX_POINT('',#10135);
#2835=VERTEX_POINT('',#10136);
#2836=VERTEX_POINT('',#10138);
#2837=VERTEX_POINT('',#10141);
#2838=VERTEX_POINT('',#10142);
#2839=VERTEX_POINT('',#10144);
#2840=VERTEX_POINT('',#10148);
#2841=VERTEX_POINT('',#10149);
#2842=VERTEX_POINT('',#10151);
#2843=VERTEX_POINT('',#10153);
#2844=VERTEX_POINT('',#10157);
#2845=VERTEX_POINT('',#10158);
#2846=VERTEX_POINT('',#10160);
#2847=VERTEX_POINT('',#10162);
#2848=VERTEX_POINT('',#10166);
#2849=VERTEX_POINT('',#10167);
#2850=VERTEX_POINT('',#10169);
#2851=VERTEX_POINT('',#10171);
#2852=VERTEX_POINT('',#10175);
#2853=VERTEX_POINT('',#10176);
#2854=VERTEX_POINT('',#10178);
#2855=VERTEX_POINT('',#10180);
#2856=VERTEX_POINT('',#10184);
#2857=VERTEX_POINT('',#10186);
#2858=VERTEX_POINT('',#10190);
#2859=VERTEX_POINT('',#10192);
#2860=VERTEX_POINT('',#10196);
#2861=VERTEX_POINT('',#10198);
#2862=VERTEX_POINT('',#10202);
#2863=VERTEX_POINT('',#10204);
#2864=VERTEX_POINT('',#10208);
#2865=VERTEX_POINT('',#10210);
#2866=VERTEX_POINT('',#10214);
#2867=VERTEX_POINT('',#10216);
#2868=VERTEX_POINT('',#10220);
#2869=VERTEX_POINT('',#10222);
#2870=VERTEX_POINT('',#10235);
#2871=VERTEX_POINT('',#10237);
#2872=VERTEX_POINT('',#10272);
#2873=VERTEX_POINT('',#10273);
#2874=VERTEX_POINT('',#10275);
#2875=VERTEX_POINT('',#10277);
#2876=VERTEX_POINT('',#10281);
#2877=VERTEX_POINT('',#10283);
#2878=VERTEX_POINT('',#10285);
#2879=VERTEX_POINT('',#10287);
#2880=VERTEX_POINT('',#10291);
#2881=VERTEX_POINT('',#10293);
#2882=VERTEX_POINT('',#10295);
#2883=VERTEX_POINT('',#10297);
#2884=VERTEX_POINT('',#10301);
#2885=VERTEX_POINT('',#10303);
#2886=VERTEX_POINT('',#10307);
#2887=VERTEX_POINT('',#10309);
#2888=VERTEX_POINT('',#10313);
#2889=VERTEX_POINT('',#10315);
#2890=VERTEX_POINT('',#10317);
#2891=VERTEX_POINT('',#10322);
#2892=VERTEX_POINT('',#10324);
#2893=VERTEX_POINT('',#10326);
#2894=VERTEX_POINT('',#10328);
#2895=VERTEX_POINT('',#10330);
#2896=VERTEX_POINT('',#10332);
#2897=VERTEX_POINT('',#10334);
#2898=VERTEX_POINT('',#10338);
#2899=VERTEX_POINT('',#10341);
#2900=VERTEX_POINT('',#10342);
#2901=VERTEX_POINT('',#10344);
#2902=VERTEX_POINT('',#10346);
#2903=VERTEX_POINT('',#10350);
#2904=VERTEX_POINT('',#10352);
#2905=VERTEX_POINT('',#10357);
#2906=VERTEX_POINT('',#10359);
#2907=VERTEX_POINT('',#10362);
#2908=VERTEX_POINT('',#10364);
#2909=VERTEX_POINT('',#10366);
#2910=VERTEX_POINT('',#10369);
#2911=VERTEX_POINT('',#10371);
#2912=VERTEX_POINT('',#10373);
#2913=VERTEX_POINT('',#10375);
#2914=VERTEX_POINT('',#10377);
#2915=VERTEX_POINT('',#10379);
#2916=VERTEX_POINT('',#10381);
#2917=VERTEX_POINT('',#10383);
#2918=VERTEX_POINT('',#10386);
#2919=VERTEX_POINT('',#10390);
#2920=VERTEX_POINT('',#10392);
#2921=VERTEX_POINT('',#10396);
#2922=VERTEX_POINT('',#10398);
#2923=VERTEX_POINT('',#10400);
#2924=VERTEX_POINT('',#10402);
#2925=VERTEX_POINT('',#10404);
#2926=VERTEX_POINT('',#10406);
#2927=VERTEX_POINT('',#10408);
#2928=VERTEX_POINT('',#10414);
#2929=VERTEX_POINT('',#10415);
#2930=VERTEX_POINT('',#10418);
#2931=VERTEX_POINT('',#10420);
#2932=VERTEX_POINT('',#10424);
#2933=VERTEX_POINT('',#10426);
#2934=VERTEX_POINT('',#10428);
#2935=VERTEX_POINT('',#10432);
#2936=VERTEX_POINT('',#10436);
#2937=VERTEX_POINT('',#10443);
#2938=VERTEX_POINT('',#10446);
#2939=VERTEX_POINT('',#10449);
#2940=VERTEX_POINT('',#10450);
#2941=VERTEX_POINT('',#10452);
#2942=VERTEX_POINT('',#10454);
#2943=VERTEX_POINT('',#10456);
#2944=VERTEX_POINT('',#10460);
#2945=VERTEX_POINT('',#10464);
#2946=VERTEX_POINT('',#10468);
#2947=VERTEX_POINT('',#10470);
#2948=VERTEX_POINT('',#10474);
#2949=VERTEX_POINT('',#10475);
#2950=VERTEX_POINT('',#10477);
#2951=VERTEX_POINT('',#10485);
#2952=VERTEX_POINT('',#10486);
#2953=VERTEX_POINT('',#10488);
#2954=VERTEX_POINT('',#10490);
#2955=VERTEX_POINT('',#10494);
#2956=VERTEX_POINT('',#10495);
#2957=VERTEX_POINT('',#10497);
#2958=VERTEX_POINT('',#10500);
#2959=VERTEX_POINT('',#10504);
#2960=VERTEX_POINT('',#10507);
#2961=VERTEX_POINT('',#10511);
#2962=VERTEX_POINT('',#10515);
#2963=VERTEX_POINT('',#10519);
#2964=VERTEX_POINT('',#10520);
#2965=VERTEX_POINT('',#10522);
#2966=VERTEX_POINT('',#10524);
#2967=VERTEX_POINT('',#10526);
#2968=VERTEX_POINT('',#10530);
#2969=VERTEX_POINT('',#10531);
#2970=VERTEX_POINT('',#10533);
#2971=VERTEX_POINT('',#10540);
#2972=VERTEX_POINT('',#10541);
#2973=VERTEX_POINT('',#10543);
#2974=VERTEX_POINT('',#10548);
#2975=VERTEX_POINT('',#10555);
#2976=VERTEX_POINT('',#10556);
#2977=VERTEX_POINT('',#10558);
#2978=VERTEX_POINT('',#10560);
#2979=VERTEX_POINT('',#10562);
#2980=VERTEX_POINT('',#10566);
#2981=VERTEX_POINT('',#10567);
#2982=VERTEX_POINT('',#10569);
#2983=VERTEX_POINT('',#10573);
#2984=VERTEX_POINT('',#10574);
#2985=VERTEX_POINT('',#10576);
#2986=VERTEX_POINT('',#10581);
#2987=VERTEX_POINT('',#10591);
#2988=VERTEX_POINT('',#10592);
#2989=VERTEX_POINT('',#10594);
#2990=VERTEX_POINT('',#10596);
#2991=VERTEX_POINT('',#10598);
#2992=VERTEX_POINT('',#10602);
#2993=VERTEX_POINT('',#10603);
#2994=VERTEX_POINT('',#10605);
#2995=VERTEX_POINT('',#10607);
#2996=VERTEX_POINT('',#10609);
#2997=VERTEX_POINT('',#10613);
#2998=VERTEX_POINT('',#10620);
#2999=VERTEX_POINT('',#10627);
#3000=VERTEX_POINT('',#10628);
#3001=VERTEX_POINT('',#10630);
#3002=VERTEX_POINT('',#10632);
#3003=VERTEX_POINT('',#10634);
#3004=VERTEX_POINT('',#10638);
#3005=VERTEX_POINT('',#10639);
#3006=VERTEX_POINT('',#10641);
#3007=VERTEX_POINT('',#10643);
#3008=VERTEX_POINT('',#10645);
#3009=VERTEX_POINT('',#10649);
#3010=VERTEX_POINT('',#10653);
#3011=VERTEX_POINT('',#10663);
#3012=VERTEX_POINT('',#10664);
#3013=VERTEX_POINT('',#10666);
#3014=VERTEX_POINT('',#10668);
#3015=VERTEX_POINT('',#10670);
#3016=VERTEX_POINT('',#10674);
#3017=VERTEX_POINT('',#10675);
#3018=VERTEX_POINT('',#10677);
#3019=VERTEX_POINT('',#10679);
#3020=VERTEX_POINT('',#10681);
#3021=VERTEX_POINT('',#10685);
#3022=VERTEX_POINT('',#10689);
#3023=VERTEX_POINT('',#10699);
#3024=VERTEX_POINT('',#10700);
#3025=VERTEX_POINT('',#10702);
#3026=VERTEX_POINT('',#10704);
#3027=VERTEX_POINT('',#10706);
#3028=VERTEX_POINT('',#10710);
#3029=VERTEX_POINT('',#10711);
#3030=VERTEX_POINT('',#10713);
#3031=VERTEX_POINT('',#10715);
#3032=VERTEX_POINT('',#10717);
#3033=VERTEX_POINT('',#10721);
#3034=VERTEX_POINT('',#10725);
#3035=VERTEX_POINT('',#10735);
#3036=VERTEX_POINT('',#10736);
#3037=VERTEX_POINT('',#10738);
#3038=VERTEX_POINT('',#10740);
#3039=VERTEX_POINT('',#10742);
#3040=VERTEX_POINT('',#10746);
#3041=VERTEX_POINT('',#10747);
#3042=VERTEX_POINT('',#10749);
#3043=VERTEX_POINT('',#10751);
#3044=VERTEX_POINT('',#10753);
#3045=VERTEX_POINT('',#10757);
#3046=VERTEX_POINT('',#10761);
#3047=VERTEX_POINT('',#10771);
#3048=VERTEX_POINT('',#10772);
#3049=VERTEX_POINT('',#10774);
#3050=VERTEX_POINT('',#10776);
#3051=VERTEX_POINT('',#10778);
#3052=VERTEX_POINT('',#10782);
#3053=VERTEX_POINT('',#10783);
#3054=VERTEX_POINT('',#10785);
#3055=VERTEX_POINT('',#10787);
#3056=VERTEX_POINT('',#10789);
#3057=VERTEX_POINT('',#10793);
#3058=VERTEX_POINT('',#10797);
#3059=VERTEX_POINT('',#10807);
#3060=VERTEX_POINT('',#10808);
#3061=VERTEX_POINT('',#10810);
#3062=VERTEX_POINT('',#10812);
#3063=VERTEX_POINT('',#10814);
#3064=VERTEX_POINT('',#10818);
#3065=VERTEX_POINT('',#10819);
#3066=VERTEX_POINT('',#10821);
#3067=VERTEX_POINT('',#10823);
#3068=VERTEX_POINT('',#10825);
#3069=VERTEX_POINT('',#10829);
#3070=VERTEX_POINT('',#10833);
#3071=VERTEX_POINT('',#10843);
#3072=VERTEX_POINT('',#10844);
#3073=VERTEX_POINT('',#10846);
#3074=VERTEX_POINT('',#10848);
#3075=VERTEX_POINT('',#10852);
#3076=VERTEX_POINT('',#10853);
#3077=VERTEX_POINT('',#10855);
#3078=VERTEX_POINT('',#10857);
#3079=VERTEX_POINT('',#10861);
#3080=VERTEX_POINT('',#10862);
#3081=VERTEX_POINT('',#10864);
#3082=VERTEX_POINT('',#10866);
#3083=VERTEX_POINT('',#10870);
#3084=VERTEX_POINT('',#10871);
#3085=VERTEX_POINT('',#10873);
#3086=VERTEX_POINT('',#10875);
#3087=VERTEX_POINT('',#10879);
#3088=VERTEX_POINT('',#10880);
#3089=VERTEX_POINT('',#10882);
#3090=VERTEX_POINT('',#10884);
#3091=VERTEX_POINT('',#10888);
#3092=VERTEX_POINT('',#10889);
#3093=VERTEX_POINT('',#10891);
#3094=VERTEX_POINT('',#10893);
#3095=VERTEX_POINT('',#10897);
#3096=VERTEX_POINT('',#10898);
#3097=VERTEX_POINT('',#10900);
#3098=VERTEX_POINT('',#10902);
#3099=VERTEX_POINT('',#10906);
#3100=VERTEX_POINT('',#10907);
#3101=VERTEX_POINT('',#10909);
#3102=VERTEX_POINT('',#10911);
#3103=VERTEX_POINT('',#10915);
#3104=VERTEX_POINT('',#10916);
#3105=VERTEX_POINT('',#10918);
#3106=VERTEX_POINT('',#10920);
#3107=VERTEX_POINT('',#10924);
#3108=VERTEX_POINT('',#10926);
#3109=VERTEX_POINT('',#10928);
#3110=VERTEX_POINT('',#10932);
#3111=VERTEX_POINT('',#10934);
#3112=VERTEX_POINT('',#10936);
#3113=VERTEX_POINT('',#10940);
#3114=VERTEX_POINT('',#10942);
#3115=VERTEX_POINT('',#10944);
#3116=VERTEX_POINT('',#10948);
#3117=VERTEX_POINT('',#10950);
#3118=VERTEX_POINT('',#10952);
#3119=VERTEX_POINT('',#10956);
#3120=VERTEX_POINT('',#10957);
#3121=VERTEX_POINT('',#10959);
#3122=VERTEX_POINT('',#10962);
#3123=VERTEX_POINT('',#10966);
#3124=VERTEX_POINT('',#10969);
#3125=VERTEX_POINT('',#10973);
#3126=VERTEX_POINT('',#10977);
#3127=VERTEX_POINT('',#10978);
#3128=VERTEX_POINT('',#10980);
#3129=VERTEX_POINT('',#10985);
#3130=VERTEX_POINT('',#10986);
#3131=VERTEX_POINT('',#10988);
#3132=VERTEX_POINT('',#10991);
#3133=VERTEX_POINT('',#10995);
#3134=VERTEX_POINT('',#10998);
#3135=VERTEX_POINT('',#11002);
#3136=VERTEX_POINT('',#11006);
#3137=VERTEX_POINT('',#11007);
#3138=VERTEX_POINT('',#11009);
#3139=VERTEX_POINT('',#11012);
#3140=VERTEX_POINT('',#11016);
#3141=VERTEX_POINT('',#11019);
#3142=VERTEX_POINT('',#11023);
#3143=VERTEX_POINT('',#11027);
#3144=VERTEX_POINT('',#11028);
#3145=VERTEX_POINT('',#11030);
#3146=VERTEX_POINT('',#11033);
#3147=VERTEX_POINT('',#11037);
#3148=VERTEX_POINT('',#11040);
#3149=VERTEX_POINT('',#11044);
#3150=VERTEX_POINT('',#11048);
#3151=VERTEX_POINT('',#11049);
#3152=VERTEX_POINT('',#11052);
#3153=VERTEX_POINT('',#11056);
#3154=VERTEX_POINT('',#11061);
#3155=VERTEX_POINT('',#11065);
#3156=VERTEX_POINT('',#11066);
#3157=VERTEX_POINT('',#11069);
#3158=VERTEX_POINT('',#11073);
#3159=VERTEX_POINT('',#11078);
#3160=VERTEX_POINT('',#11082);
#3161=VERTEX_POINT('',#11083);
#3162=VERTEX_POINT('',#11086);
#3163=VERTEX_POINT('',#11090);
#3164=VERTEX_POINT('',#11095);
#3165=VERTEX_POINT('',#11099);
#3166=VERTEX_POINT('',#11100);
#3167=VERTEX_POINT('',#11103);
#3168=VERTEX_POINT('',#11107);
#3169=VERTEX_POINT('',#11112);
#3170=VERTEX_POINT('',#11116);
#3171=VERTEX_POINT('',#11120);
#3172=VERTEX_POINT('',#11121);
#3173=VERTEX_POINT('',#11124);
#3174=VERTEX_POINT('',#11128);
#3175=VERTEX_POINT('',#11133);
#3176=VERTEX_POINT('',#11137);
#3177=VERTEX_POINT('',#11141);
#3178=VERTEX_POINT('',#11145);
#3179=VERTEX_POINT('',#11149);
#3180=VERTEX_POINT('',#11150);
#3181=VERTEX_POINT('',#11155);
#3182=VERTEX_POINT('',#11157);
#3183=VERTEX_POINT('',#11161);
#3184=VERTEX_POINT('',#11162);
#3185=VERTEX_POINT('',#11167);
#3186=VERTEX_POINT('',#11169);
#3187=VERTEX_POINT('',#11173);
#3188=VERTEX_POINT('',#11174);
#3189=VERTEX_POINT('',#11179);
#3190=VERTEX_POINT('',#11181);
#3191=VERTEX_POINT('',#11185);
#3192=VERTEX_POINT('',#11186);
#3193=VERTEX_POINT('',#11191);
#3194=VERTEX_POINT('',#11193);
#3195=VERTEX_POINT('',#11197);
#3196=VERTEX_POINT('',#11198);
#3197=VERTEX_POINT('',#11200);
#3198=VERTEX_POINT('',#11205);
#3199=VERTEX_POINT('',#11206);
#3200=VERTEX_POINT('',#11211);
#3201=VERTEX_POINT('',#11212);
#3202=VERTEX_POINT('',#11214);
#3203=VERTEX_POINT('',#11219);
#3204=VERTEX_POINT('',#11220);
#3205=VERTEX_POINT('',#11222);
#3206=VERTEX_POINT('',#11227);
#3207=VERTEX_POINT('',#11228);
#3208=VERTEX_POINT('',#11230);
#3209=VERTEX_POINT('',#11235);
#3210=VERTEX_POINT('',#11236);
#3211=VERTEX_POINT('',#11238);
#3212=VERTEX_POINT('',#11243);
#3213=VERTEX_POINT('',#11244);
#3214=VERTEX_POINT('',#11246);
#3215=VERTEX_POINT('',#11251);
#3216=VERTEX_POINT('',#11252);
#3217=VERTEX_POINT('',#11254);
#3218=VERTEX_POINT('',#11259);
#3219=VERTEX_POINT('',#11260);
#3220=VERTEX_POINT('',#11262);
#3221=VERTEX_POINT('',#11267);
#3222=VERTEX_POINT('',#11268);
#3223=VERTEX_POINT('',#11273);
#3224=VERTEX_POINT('',#11277);
#3225=VERTEX_POINT('',#11281);
#3226=VERTEX_POINT('',#11282);
#3227=VERTEX_POINT('',#11284);
#3228=VERTEX_POINT('',#11289);
#3229=VERTEX_POINT('',#11293);
#3230=VERTEX_POINT('',#11294);
#3231=VERTEX_POINT('',#11299);
#3232=VERTEX_POINT('',#11303);
#3233=VERTEX_POINT('',#11307);
#3234=VERTEX_POINT('',#11308);
#3235=VERTEX_POINT('',#11313);
#3236=VERTEX_POINT('',#11317);
#3237=VERTEX_POINT('',#11321);
#3238=VERTEX_POINT('',#11322);
#3239=VERTEX_POINT('',#11327);
#3240=VERTEX_POINT('',#11331);
#3241=VERTEX_POINT('',#11337);
#3242=VERTEX_POINT('',#11345);
#3243=VERTEX_POINT('',#11347);
#3244=VERTEX_POINT('',#11358);
#3245=VERTEX_POINT('',#11368);
#3246=VERTEX_POINT('',#11378);
#3247=VERTEX_POINT('',#11388);
#3248=VERTEX_POINT('',#11395);
#3249=VERTEX_POINT('',#11405);
#3250=VERTEX_POINT('',#11413);
#3251=VERTEX_POINT('',#11419);
#3252=VERTEX_POINT('',#11439);
#3253=VERTEX_POINT('',#11440);
#3254=VERTEX_POINT('',#11442);
#3255=VERTEX_POINT('',#11444);
#3256=VERTEX_POINT('',#11455);
#3257=VERTEX_POINT('',#11456);
#3258=VERTEX_POINT('',#11461);
#3259=VERTEX_POINT('',#11463);
#3260=VERTEX_POINT('',#11467);
#3261=VERTEX_POINT('',#11469);
#3262=VERTEX_POINT('',#11473);
#3263=VERTEX_POINT('',#11478);
#3264=EDGE_CURVE('',#2682,#2683,#1246,.T.);
#3265=EDGE_CURVE('',#2684,#2683,#1115,.T.);
#3266=EDGE_CURVE('',#2685,#2684,#1247,.T.);
#3267=EDGE_CURVE('',#2682,#2685,#1116,.T.);
#3268=EDGE_CURVE('',#2686,#2687,#1248,.T.);
#3269=EDGE_CURVE('',#2688,#2687,#1117,.T.);
#3270=EDGE_CURVE('',#2689,#2688,#1249,.T.);
#3271=EDGE_CURVE('',#2686,#2689,#1118,.T.);
#3272=EDGE_CURVE('',#2690,#2691,#1250,.T.);
#3273=EDGE_CURVE('',#2692,#2691,#1119,.T.);
#3274=EDGE_CURVE('',#2693,#2692,#1251,.T.);
#3275=EDGE_CURVE('',#2690,#2693,#1120,.T.);
#3276=EDGE_CURVE('',#2694,#2695,#1252,.T.);
#3277=EDGE_CURVE('',#2695,#2696,#1253,.T.);
#3278=EDGE_CURVE('',#2696,#2697,#1254,.T.);
#3279=EDGE_CURVE('',#2697,#2694,#1255,.T.);
#3280=EDGE_CURVE('',#2698,#2697,#1256,.T.);
#3281=EDGE_CURVE('',#2699,#2698,#1257,.T.);
#3282=EDGE_CURVE('',#2699,#2694,#1258,.T.);
#3283=EDGE_CURVE('',#2700,#2696,#1259,.T.);
#3284=EDGE_CURVE('',#2701,#2700,#1260,.T.);
#3285=EDGE_CURVE('',#2702,#2701,#1261,.T.);
#3286=EDGE_CURVE('',#2698,#2702,#1262,.T.);
#3287=EDGE_CURVE('',#2703,#2703,#1121,.T.);
#3288=EDGE_CURVE('',#2704,#2704,#1122,.T.);
#3289=EDGE_CURVE('',#2705,#2705,#1123,.T.);
#3290=EDGE_CURVE('',#2702,#2706,#1263,.T.);
#3291=EDGE_CURVE('',#2706,#2699,#1264,.T.);
#3292=EDGE_CURVE('',#2707,#2708,#1265,.T.);
#3293=EDGE_CURVE('',#2708,#2709,#1266,.T.);
#3294=EDGE_CURVE('',#2709,#2710,#1267,.T.);
#3295=EDGE_CURVE('',#2710,#2707,#1268,.T.);
#3296=EDGE_CURVE('',#2711,#2708,#1269,.T.);
#3297=EDGE_CURVE('',#2712,#2711,#1270,.T.);
#3298=EDGE_CURVE('',#2712,#2709,#1271,.T.);
#3299=EDGE_CURVE('',#2707,#2713,#1272,.T.);
#3300=EDGE_CURVE('',#2714,#2713,#1273,.T.);
#3301=EDGE_CURVE('',#2715,#2714,#1274,.T.);
#3302=EDGE_CURVE('',#2711,#2715,#1275,.T.);
#3303=EDGE_CURVE('',#2716,#2716,#1124,.T.);
#3304=EDGE_CURVE('',#2717,#2717,#1125,.T.);
#3305=EDGE_CURVE('',#2718,#2718,#1126,.T.);
#3306=EDGE_CURVE('',#2715,#2719,#1276,.T.);
#3307=EDGE_CURVE('',#2719,#2712,#1277,.T.);
#3308=EDGE_CURVE('',#2720,#2721,#1278,.T.);
#3309=EDGE_CURVE('',#2721,#2722,#1279,.T.);
#3310=EDGE_CURVE('',#2722,#2723,#1280,.T.);
#3311=EDGE_CURVE('',#2723,#2720,#1281,.T.);
#3312=EDGE_CURVE('',#2714,#2721,#1282,.T.);
#3313=EDGE_CURVE('',#2713,#2722,#1283,.T.);
#3314=EDGE_CURVE('',#2695,#2719,#1284,.T.);
#3315=EDGE_CURVE('',#2720,#2724,#1285,.T.);
#3316=EDGE_CURVE('',#2725,#2724,#1286,.T.);
#3317=EDGE_CURVE('',#2725,#2700,#1287,.T.);
#3318=EDGE_CURVE('',#2726,#2726,#1127,.T.);
#3319=EDGE_CURVE('',#2727,#2727,#1128,.T.);
#3320=EDGE_CURVE('',#2728,#2728,#1129,.T.);
#3321=EDGE_CURVE('',#2729,#2729,#1130,.T.);
#3322=EDGE_CURVE('',#2730,#2730,#1131,.T.);
#3323=EDGE_CURVE('',#2724,#2731,#1288,.T.);
#3324=EDGE_CURVE('',#2731,#2732,#1289,.T.);
#3325=EDGE_CURVE('',#2732,#2725,#1290,.T.);
#3326=EDGE_CURVE('',#2701,#2732,#1291,.T.);
#3327=EDGE_CURVE('',#2733,#2686,#1292,.T.);
#3328=EDGE_CURVE('',#2689,#2734,#1293,.T.);
#3329=EDGE_CURVE('',#2734,#2706,#1294,.T.);
#3330=EDGE_CURVE('',#2723,#2731,#1295,.T.);
#3331=EDGE_CURVE('',#2735,#2710,#1296,.T.);
#3332=EDGE_CURVE('',#2735,#2736,#1297,.T.);
#3333=EDGE_CURVE('',#2736,#2737,#1132,.T.);
#3334=EDGE_CURVE('',#2737,#2738,#1298,.T.);
#3335=EDGE_CURVE('',#2738,#2739,#1133,.T.);
#3336=EDGE_CURVE('',#2739,#2740,#1299,.T.);
#3337=EDGE_CURVE('',#2740,#2741,#1134,.T.);
#3338=EDGE_CURVE('',#2741,#2690,#1300,.T.);
#3339=EDGE_CURVE('',#2684,#2693,#1301,.T.);
#3340=EDGE_CURVE('',#2683,#2742,#1302,.T.);
#3341=EDGE_CURVE('',#2742,#2743,#1303,.T.);
#3342=EDGE_CURVE('',#2743,#2733,#1135,.T.);
#3343=EDGE_CURVE('',#2716,#2744,#1304,.T.);
#3344=EDGE_CURVE('',#2744,#2744,#1136,.T.);
#3345=EDGE_CURVE('',#2717,#2745,#1305,.T.);
#3346=EDGE_CURVE('',#2745,#2745,#1137,.T.);
#3347=EDGE_CURVE('',#2718,#2746,#1306,.T.);
#3348=EDGE_CURVE('',#2746,#2746,#1138,.T.);
#3349=EDGE_CURVE('',#2703,#2747,#1307,.T.);
#3350=EDGE_CURVE('',#2747,#2747,#1139,.T.);
#3351=EDGE_CURVE('',#2704,#2748,#1308,.T.);
#3352=EDGE_CURVE('',#2748,#2748,#1140,.T.);
#3353=EDGE_CURVE('',#2705,#2749,#1309,.T.);
#3354=EDGE_CURVE('',#2749,#2749,#1141,.T.);
#3355=EDGE_CURVE('',#2730,#2750,#1310,.T.);
#3356=EDGE_CURVE('',#2750,#2750,#1142,.T.);
#3357=EDGE_CURVE('',#2729,#2751,#1311,.T.);
#3358=EDGE_CURVE('',#2751,#2751,#1143,.T.);
#3359=EDGE_CURVE('',#2728,#2752,#1312,.T.);
#3360=EDGE_CURVE('',#2752,#2752,#1144,.T.);
#3361=EDGE_CURVE('',#2727,#2753,#1313,.T.);
#3362=EDGE_CURVE('',#2753,#2753,#1145,.T.);
#3363=EDGE_CURVE('',#2754,#2755,#1314,.T.);
#3364=EDGE_CURVE('',#2754,#2738,#1315,.T.);
#3365=EDGE_CURVE('',#2755,#2737,#1316,.T.);
#3366=EDGE_CURVE('',#2756,#2754,#1146,.T.);
#3367=EDGE_CURVE('',#2756,#2739,#1317,.T.);
#3368=EDGE_CURVE('',#2757,#2756,#1318,.T.);
#3369=EDGE_CURVE('',#2757,#2740,#1319,.T.);
#3370=EDGE_CURVE('',#2758,#2757,#1147,.T.);
#3371=EDGE_CURVE('',#2758,#2741,#1320,.T.);
#3372=EDGE_CURVE('',#2691,#2758,#1321,.T.);
#3373=EDGE_CURVE('',#2759,#2682,#1322,.T.);
#3374=EDGE_CURVE('',#2759,#2742,#1323,.T.);
#3375=EDGE_CURVE('',#2760,#2759,#1324,.T.);
#3376=EDGE_CURVE('',#2760,#2743,#1325,.T.);
#3377=EDGE_CURVE('',#2761,#2760,#1148,.T.);
#3378=EDGE_CURVE('',#2761,#2733,#1326,.T.);
#3379=EDGE_CURVE('',#2687,#2761,#1327,.T.);
#3380=EDGE_CURVE('',#2726,#2762,#1328,.T.);
#3381=EDGE_CURVE('',#2762,#2762,#1149,.T.);
#3382=EDGE_CURVE('',#2763,#2764,#1329,.T.);
#3383=EDGE_CURVE('',#2764,#2765,#1330,.T.);
#3384=EDGE_CURVE('',#2765,#2688,#1331,.T.);
#3385=EDGE_CURVE('',#2685,#2692,#1332,.T.);
#3386=EDGE_CURVE('',#2755,#2763,#1150,.T.);
#3387=EDGE_CURVE('',#2734,#2765,#1333,.T.);
#3388=EDGE_CURVE('',#2735,#2764,#1334,.T.);
#3389=EDGE_CURVE('',#2736,#2763,#1335,.T.);
#3390=EDGE_CURVE('',#2766,#2767,#30,.T.);
#3391=EDGE_CURVE('',#2767,#2768,#31,.T.);
#3392=EDGE_CURVE('',#2768,#2769,#32,.T.);
#3393=EDGE_CURVE('',#2769,#2770,#33,.T.);
#3394=EDGE_CURVE('',#2770,#2771,#34,.T.);
#3395=EDGE_CURVE('',#2771,#2766,#35,.T.);
#3396=EDGE_CURVE('',#2772,#2769,#36,.T.);
#3397=EDGE_CURVE('',#2772,#2773,#37,.T.);
#3398=EDGE_CURVE('',#2773,#2774,#38,.T.);
#3399=EDGE_CURVE('',#2775,#2774,#39,.T.);
#3400=EDGE_CURVE('',#2775,#2776,#40,.T.);
#3401=EDGE_CURVE('',#2776,#2770,#41,.T.);
#3402=EDGE_CURVE('',#2768,#2777,#1151,.T.);
#3403=EDGE_CURVE('',#2774,#2777,#42,.T.);
#3404=EDGE_CURVE('',#2773,#2778,#1152,.T.);
#3405=EDGE_CURVE('',#2778,#2772,#1153,.T.);
#3406=EDGE_CURVE('',#2779,#2767,#1154,.T.);
#3407=EDGE_CURVE('',#2777,#2779,#43,.T.);
#3408=EDGE_CURVE('',#2779,#2780,#44,.T.);
#3409=EDGE_CURVE('',#2780,#2781,#45,.T.);
#3410=EDGE_CURVE('',#2781,#2775,#46,.T.);
#3411=EDGE_CURVE('',#2782,#2783,#47,.T.);
#3412=EDGE_CURVE('',#2783,#2784,#48,.T.);
#3413=EDGE_CURVE('',#2784,#2785,#49,.T.);
#3414=EDGE_CURVE('',#2785,#2786,#50,.T.);
#3415=EDGE_CURVE('',#2786,#2787,#51,.T.);
#3416=EDGE_CURVE('',#2787,#2782,#52,.T.);
#3417=EDGE_CURVE('',#2788,#2785,#53,.T.);
#3418=EDGE_CURVE('',#2788,#2789,#54,.T.);
#3419=EDGE_CURVE('',#2789,#2790,#55,.T.);
#3420=EDGE_CURVE('',#2791,#2790,#56,.T.);
#3421=EDGE_CURVE('',#2791,#2786,#57,.T.);
#3422=EDGE_CURVE('',#2784,#2792,#1155,.T.);
#3423=EDGE_CURVE('',#2790,#2792,#58,.T.);
#3424=EDGE_CURVE('',#2789,#2793,#1156,.T.);
#3425=EDGE_CURVE('',#2793,#2788,#1157,.T.);
#3426=EDGE_CURVE('',#2794,#2783,#1158,.T.);
#3427=EDGE_CURVE('',#2792,#2794,#59,.T.);
#3428=EDGE_CURVE('',#2794,#2795,#60,.T.);
#3429=EDGE_CURVE('',#2795,#2796,#61,.T.);
#3430=EDGE_CURVE('',#2796,#2791,#62,.T.);
#3431=EDGE_CURVE('',#2776,#2797,#1336,.T.);
#3432=EDGE_CURVE('',#2798,#2797,#63,.T.);
#3433=EDGE_CURVE('',#2797,#2798,#64,.T.);
#3434=EDGE_CURVE('',#2771,#2781,#65,.T.);
#3435=EDGE_CURVE('',#2778,#2799,#1337,.T.);
#3436=EDGE_CURVE('',#2799,#2799,#1159,.T.);
#3437=EDGE_CURVE('',#2800,#2780,#66,.T.);
#3438=EDGE_CURVE('',#2800,#2801,#67,.T.);
#3439=EDGE_CURVE('',#2801,#2766,#68,.T.);
#3440=EDGE_CURVE('',#2801,#2802,#1160,.T.);
#3441=EDGE_CURVE('',#2802,#2800,#1161,.T.);
#3442=EDGE_CURVE('',#2793,#2802,#1338,.T.);
#3443=EDGE_CURVE('',#2803,#2796,#69,.T.);
#3444=EDGE_CURVE('',#2803,#2804,#1339,.T.);
#3445=EDGE_CURVE('',#2805,#2804,#70,.T.);
#3446=EDGE_CURVE('',#2804,#2805,#71,.T.);
#3447=EDGE_CURVE('',#2787,#2803,#72,.T.);
#3448=EDGE_CURVE('',#2806,#2795,#73,.T.);
#3449=EDGE_CURVE('',#2806,#2807,#74,.T.);
#3450=EDGE_CURVE('',#2807,#2782,#75,.T.);
#3451=EDGE_CURVE('',#2807,#2808,#1162,.T.);
#3452=EDGE_CURVE('',#2808,#2806,#1163,.T.);
#3453=EDGE_CURVE('',#2809,#2809,#1164,.T.);
#3454=EDGE_CURVE('',#2809,#2808,#1340,.T.);
#3455=EDGE_CURVE('',#2810,#2810,#1165,.T.);
#3456=EDGE_CURVE('',#2810,#2799,#1341,.T.);
#3457=EDGE_CURVE('',#2811,#2812,#1342,.F.);
#3458=EDGE_CURVE('',#2812,#2811,#1166,.F.);
#3459=EDGE_CURVE('',#2813,#2814,#1343,.T.);
#3460=EDGE_CURVE('',#2814,#2815,#1344,.T.);
#3461=EDGE_CURVE('',#2815,#2813,#1167,.T.);
#3462=EDGE_CURVE('',#2816,#2817,#1345,.T.);
#3463=EDGE_CURVE('',#2817,#2818,#1168,.T.);
#3464=EDGE_CURVE('',#2818,#2816,#1346,.T.);
#3465=EDGE_CURVE('',#2819,#2820,#1347,.T.);
#3466=EDGE_CURVE('',#2820,#2821,#1169,.T.);
#3467=EDGE_CURVE('',#2821,#2819,#1348,.T.);
#3468=EDGE_CURVE('',#2822,#2823,#1349,.T.);
#3469=EDGE_CURVE('',#2823,#2824,#1170,.T.);
#3470=EDGE_CURVE('',#2824,#2822,#1350,.T.);
#3471=EDGE_CURVE('',#2825,#2825,#1171,.T.);
#3472=EDGE_CURVE('',#2825,#2809,#1351,.T.);
#3473=EDGE_CURVE('',#2826,#2827,#1352,.T.);
#3474=EDGE_CURVE('',#2827,#2826,#1172,.T.);
#3475=EDGE_CURVE('',#2828,#2829,#1353,.T.);
#3476=EDGE_CURVE('',#2829,#2830,#1173,.T.);
#3477=EDGE_CURVE('',#2830,#2828,#1354,.T.);
#3478=EDGE_CURVE('',#2831,#2832,#1355,.T.);
#3479=EDGE_CURVE('',#2832,#2833,#1356,.T.);
#3480=EDGE_CURVE('',#2833,#2831,#1174,.T.);
#3481=EDGE_CURVE('',#2834,#2835,#1357,.T.);
#3482=EDGE_CURVE('',#2835,#2836,#1358,.T.);
#3483=EDGE_CURVE('',#2836,#2834,#1175,.T.);
#3484=EDGE_CURVE('',#2837,#2838,#1359,.T.);
#3485=EDGE_CURVE('',#2838,#2839,#1360,.T.);
#3486=EDGE_CURVE('',#2839,#2837,#1176,.T.);
#3487=EDGE_CURVE('',#2840,#2841,#1361,.T.);
#3488=EDGE_CURVE('',#2842,#2840,#1177,.T.);
#3489=EDGE_CURVE('',#2843,#2842,#1362,.T.);
#3490=EDGE_CURVE('',#2841,#2843,#1178,.T.);
#3491=EDGE_CURVE('',#2844,#2845,#1363,.T.);
#3492=EDGE_CURVE('',#2846,#2844,#1179,.T.);
#3493=EDGE_CURVE('',#2847,#2846,#1364,.T.);
#3494=EDGE_CURVE('',#2845,#2847,#1180,.T.);
#3495=EDGE_CURVE('',#2848,#2849,#1365,.T.);
#3496=EDGE_CURVE('',#2850,#2848,#1181,.T.);
#3497=EDGE_CURVE('',#2851,#2850,#1366,.T.);
#3498=EDGE_CURVE('',#2849,#2851,#1182,.T.);
#3499=EDGE_CURVE('',#2852,#2853,#1367,.T.);
#3500=EDGE_CURVE('',#2854,#2852,#1183,.T.);
#3501=EDGE_CURVE('',#2855,#2854,#1368,.T.);
#3502=EDGE_CURVE('',#2853,#2855,#1184,.T.);
#3503=EDGE_CURVE('',#2849,#2856,#1369,.T.);
#3504=EDGE_CURVE('',#2857,#2851,#1370,.T.);
#3505=EDGE_CURVE('',#2857,#2856,#1185,.T.);
#3506=EDGE_CURVE('',#2841,#2858,#1371,.T.);
#3507=EDGE_CURVE('',#2859,#2843,#1372,.T.);
#3508=EDGE_CURVE('',#2859,#2858,#1186,.T.);
#3509=EDGE_CURVE('',#2860,#2844,#1373,.T.);
#3510=EDGE_CURVE('',#2860,#2861,#1187,.T.);
#3511=EDGE_CURVE('',#2846,#2861,#1374,.T.);
#3512=EDGE_CURVE('',#2862,#2840,#1375,.T.);
#3513=EDGE_CURVE('',#2862,#2863,#1188,.T.);
#3514=EDGE_CURVE('',#2842,#2863,#1376,.T.);
#3515=EDGE_CURVE('',#2845,#2864,#1377,.T.);
#3516=EDGE_CURVE('',#2865,#2847,#1378,.T.);
#3517=EDGE_CURVE('',#2865,#2864,#1189,.T.);
#3518=EDGE_CURVE('',#2866,#2848,#1379,.T.);
#3519=EDGE_CURVE('',#2866,#2867,#1190,.T.);
#3520=EDGE_CURVE('',#2850,#2867,#1380,.T.);
#3521=EDGE_CURVE('',#2853,#2868,#1381,.T.);
#3522=EDGE_CURVE('',#2869,#2855,#1382,.T.);
#3523=EDGE_CURVE('',#2869,#2868,#1191,.T.);
#3524=EDGE_CURVE('',#2858,#2862,#1383,.T.);
#3525=EDGE_CURVE('',#2863,#2859,#1384,.T.);
#3526=EDGE_CURVE('',#2864,#2860,#1385,.T.);
#3527=EDGE_CURVE('',#2861,#2865,#1386,.T.);
#3528=EDGE_CURVE('',#2856,#2866,#1387,.T.);
#3529=EDGE_CURVE('',#2867,#2857,#1388,.T.);
#3530=EDGE_CURVE('',#2868,#2870,#1389,.T.);
#3531=EDGE_CURVE('',#2871,#2869,#1390,.T.);
#3532=EDGE_CURVE('',#2870,#2871,#1192,.T.);
#3533=EDGE_CURVE('',#2870,#2852,#1391,.T.);
#3534=EDGE_CURVE('',#2854,#2871,#1392,.T.);
#3535=EDGE_CURVE('',#2822,#2838,#1393,.T.);
#3536=EDGE_CURVE('',#2823,#2837,#1394,.T.);
#3537=EDGE_CURVE('',#2824,#2839,#1395,.T.);
#3538=EDGE_CURVE('',#2819,#2835,#1396,.T.);
#3539=EDGE_CURVE('',#2820,#2834,#1397,.T.);
#3540=EDGE_CURVE('',#2821,#2836,#1398,.T.);
#3541=EDGE_CURVE('',#2816,#2832,#1399,.T.);
#3542=EDGE_CURVE('',#2817,#2831,#1400,.T.);
#3543=EDGE_CURVE('',#2818,#2833,#1401,.T.);
#3544=EDGE_CURVE('',#2813,#2829,#1402,.T.);
#3545=EDGE_CURVE('',#2814,#2828,#1403,.T.);
#3546=EDGE_CURVE('',#2815,#2830,#1404,.T.);
#3547=EDGE_CURVE('',#2812,#2826,#1405,.F.);
#3548=EDGE_CURVE('',#2811,#2827,#1406,.T.);
#3549=EDGE_CURVE('',#2872,#2873,#1407,.T.);
#3550=EDGE_CURVE('',#2873,#2874,#1408,.T.);
#3551=EDGE_CURVE('',#2874,#2875,#1409,.T.);
#3552=EDGE_CURVE('',#2875,#2872,#1410,.T.);
#3553=EDGE_CURVE('',#2876,#2873,#1411,.T.);
#3554=EDGE_CURVE('',#2877,#2876,#1412,.T.);
#3555=EDGE_CURVE('',#2878,#2877,#1413,.T.);
#3556=EDGE_CURVE('',#2879,#2878,#1414,.T.);
#3557=EDGE_CURVE('',#2879,#2874,#1415,.T.);
#3558=EDGE_CURVE('',#2872,#2880,#1416,.T.);
#3559=EDGE_CURVE('',#2880,#2881,#1417,.T.);
#3560=EDGE_CURVE('',#2881,#2882,#1418,.T.);
#3561=EDGE_CURVE('',#2882,#2883,#1419,.T.);
#3562=EDGE_CURVE('',#2883,#2876,#1420,.T.);
#3563=EDGE_CURVE('',#2878,#2884,#1421,.T.);
#3564=EDGE_CURVE('',#2884,#2885,#1422,.T.);
#3565=EDGE_CURVE('',#2885,#2879,#1423,.T.);
#3566=EDGE_CURVE('',#2886,#2884,#1424,.T.);
#3567=EDGE_CURVE('',#2887,#2886,#1425,.T.);
#3568=EDGE_CURVE('',#2887,#2885,#1426,.T.);
#3569=EDGE_CURVE('',#2877,#2888,#1427,.T.);
#3570=EDGE_CURVE('',#2888,#2889,#1428,.T.);
#3571=EDGE_CURVE('',#2889,#2890,#1429,.T.);
#3572=EDGE_CURVE('',#2890,#2886,#1430,.F.);
#3573=EDGE_CURVE('',#2883,#2888,#1431,.T.);
#3574=EDGE_CURVE('',#2891,#2882,#1432,.T.);
#3575=EDGE_CURVE('',#2892,#2891,#1433,.T.);
#3576=EDGE_CURVE('',#2892,#2893,#1434,.F.);
#3577=EDGE_CURVE('',#2894,#2893,#1435,.T.);
#3578=EDGE_CURVE('',#2895,#2894,#1436,.T.);
#3579=EDGE_CURVE('',#2896,#2895,#1437,.T.);
#3580=EDGE_CURVE('',#2897,#2896,#1438,.T.);
#3581=EDGE_CURVE('',#2889,#2897,#1439,.T.);
#3582=EDGE_CURVE('',#2898,#2898,#1193,.T.);
#3583=EDGE_CURVE('',#2899,#2900,#1440,.T.);
#3584=EDGE_CURVE('',#2900,#2901,#1441,.T.);
#3585=EDGE_CURVE('',#2901,#2902,#1442,.T.);
#3586=EDGE_CURVE('',#2902,#2899,#1443,.T.);
#3587=EDGE_CURVE('',#2902,#2903,#1444,.T.);
#3588=EDGE_CURVE('',#2904,#2903,#1445,.T.);
#3589=EDGE_CURVE('',#2899,#2904,#1446,.T.);
#3590=EDGE_CURVE('',#2890,#2901,#1447,.T.);
#3591=EDGE_CURVE('',#2897,#2905,#1448,.T.);
#3592=EDGE_CURVE('',#2905,#2906,#1449,.T.);
#3593=EDGE_CURVE('',#2906,#2891,#1450,.T.);
#3594=EDGE_CURVE('',#2907,#2881,#1451,.T.);
#3595=EDGE_CURVE('',#2908,#2907,#1452,.T.);
#3596=EDGE_CURVE('',#2909,#2908,#1453,.T.);
#3597=EDGE_CURVE('',#2903,#2909,#1454,.T.);
#3598=EDGE_CURVE('',#2910,#2910,#1194,.T.);
#3599=EDGE_CURVE('',#2911,#2911,#1195,.T.);
#3600=EDGE_CURVE('',#2912,#2912,#1196,.T.);
#3601=EDGE_CURVE('',#2913,#2913,#1197,.T.);
#3602=EDGE_CURVE('',#2914,#2914,#1198,.T.);
#3603=EDGE_CURVE('',#2915,#2915,#1199,.T.);
#3604=EDGE_CURVE('',#2916,#2916,#1200,.T.);
#3605=EDGE_CURVE('',#2917,#2917,#1201,.T.);
#3606=EDGE_CURVE('',#2918,#2904,#1455,.T.);
#3607=EDGE_CURVE('',#2909,#2918,#1456,.T.);
#3608=EDGE_CURVE('',#2919,#2908,#1457,.F.);
#3609=EDGE_CURVE('',#2919,#2920,#1458,.T.);
#3610=EDGE_CURVE('',#2918,#2920,#1459,.T.);
#3611=EDGE_CURVE('',#2880,#2921,#1460,.T.);
#3612=EDGE_CURVE('',#2921,#2922,#1461,.T.);
#3613=EDGE_CURVE('',#2922,#2923,#1462,.T.);
#3614=EDGE_CURVE('',#2923,#2924,#1463,.T.);
#3615=EDGE_CURVE('',#2924,#2925,#1464,.T.);
#3616=EDGE_CURVE('',#2925,#2926,#1465,.T.);
#3617=EDGE_CURVE('',#2926,#2927,#1466,.T.);
#3618=EDGE_CURVE('',#2907,#2927,#1467,.T.);
#3619=EDGE_CURVE('',#2927,#2919,#1468,.T.);
#3620=EDGE_CURVE('',#2928,#2929,#19,.F.);
#3621=EDGE_CURVE('',#2893,#2928,#1469,.T.);
#3622=EDGE_CURVE('',#2892,#2930,#1470,.T.);
#3623=EDGE_CURVE('',#2931,#2930,#1471,.T.);
#3624=EDGE_CURVE('',#2929,#2931,#1472,.T.);
#3625=EDGE_CURVE('',#2932,#2930,#1473,.T.);
#3626=EDGE_CURVE('',#2933,#2932,#1474,.T.);
#3627=EDGE_CURVE('',#2934,#2933,#1475,.T.);
#3628=EDGE_CURVE('',#2934,#2931,#1476,.T.);
#3629=EDGE_CURVE('',#2935,#2906,#1477,.T.);
#3630=EDGE_CURVE('',#2932,#2935,#1478,.T.);
#3631=EDGE_CURVE('',#2929,#2936,#20,.F.);
#3632=EDGE_CURVE('',#2934,#2894,#1479,.T.);
#3633=EDGE_CURVE('',#2936,#2928,#21,.F.);
#3634=EDGE_CURVE('',#2895,#2933,#1480,.T.);
#3635=EDGE_CURVE('',#2937,#2935,#1481,.T.);
#3636=EDGE_CURVE('',#2896,#2937,#1482,.T.);
#3637=EDGE_CURVE('',#2938,#2938,#1202,.T.);
#3638=EDGE_CURVE('',#2939,#2940,#1483,.T.);
#3639=EDGE_CURVE('',#2940,#2941,#1484,.T.);
#3640=EDGE_CURVE('',#2941,#2942,#1485,.T.);
#3641=EDGE_CURVE('',#2942,#2943,#1486,.T.);
#3642=EDGE_CURVE('',#2939,#2943,#1487,.T.);
#3643=EDGE_CURVE('',#2943,#2944,#1488,.T.);
#3644=EDGE_CURVE('',#2944,#2942,#1203,.T.);
#3645=EDGE_CURVE('',#2945,#2941,#1489,.T.);
#3646=EDGE_CURVE('',#2942,#2945,#1204,.T.);
#3647=EDGE_CURVE('',#2946,#2945,#1490,.T.);
#3648=EDGE_CURVE('',#2947,#2946,#1491,.T.);
#3649=EDGE_CURVE('',#2945,#2947,#1205,.T.);
#3650=EDGE_CURVE('',#2948,#2949,#1492,.T.);
#3651=EDGE_CURVE('',#2949,#2950,#1493,.T.);
#3652=EDGE_CURVE('',#2950,#2947,#1494,.T.);
#3653=EDGE_CURVE('',#2948,#2946,#1495,.T.);
#3654=EDGE_CURVE('',#2944,#2950,#1496,.T.);
#3655=EDGE_CURVE('',#2947,#2944,#1206,.T.);
#3656=EDGE_CURVE('',#2951,#2952,#1497,.T.);
#3657=EDGE_CURVE('',#2953,#2952,#1498,.T.);
#3658=EDGE_CURVE('',#2954,#2953,#1499,.T.);
#3659=EDGE_CURVE('',#2951,#2954,#1500,.T.);
#3660=EDGE_CURVE('',#2955,#2956,#1501,.T.);
#3661=EDGE_CURVE('',#2955,#2957,#1502,.T.);
#3662=EDGE_CURVE('',#2957,#2948,#1503,.T.);
#3663=EDGE_CURVE('',#2940,#2958,#1504,.T.);
#3664=EDGE_CURVE('',#2956,#2958,#1505,.T.);
#3665=EDGE_CURVE('',#2951,#2959,#1506,.T.);
#3666=EDGE_CURVE('',#2959,#2939,#1507,.T.);
#3667=EDGE_CURVE('',#2949,#2960,#1508,.T.);
#3668=EDGE_CURVE('',#2952,#2960,#1509,.T.);
#3669=EDGE_CURVE('',#2961,#2959,#1510,.T.);
#3670=EDGE_CURVE('',#2958,#2961,#1511,.T.);
#3671=EDGE_CURVE('',#2962,#2957,#1512,.T.);
#3672=EDGE_CURVE('',#2960,#2962,#1513,.T.);
#3673=EDGE_CURVE('',#2963,#2964,#1514,.T.);
#3674=EDGE_CURVE('',#2964,#2965,#1515,.T.);
#3675=EDGE_CURVE('',#2965,#2966,#1516,.T.);
#3676=EDGE_CURVE('',#2966,#2967,#1517,.T.);
#3677=EDGE_CURVE('',#2963,#2967,#1518,.T.);
#3678=EDGE_CURVE('',#2968,#2969,#1519,.T.);
#3679=EDGE_CURVE('',#2970,#2968,#1520,.T.);
#3680=EDGE_CURVE('',#2969,#2970,#1207,.T.);
#3681=EDGE_CURVE('',#2969,#2965,#1521,.T.);
#3682=EDGE_CURVE('',#2966,#2969,#1208,.T.);
#3683=EDGE_CURVE('',#2971,#2972,#1522,.T.);
#3684=EDGE_CURVE('',#2972,#2973,#1523,.T.);
#3685=EDGE_CURVE('',#2973,#2970,#1524,.T.);
#3686=EDGE_CURVE('',#2971,#2968,#1525,.T.);
#3687=EDGE_CURVE('',#2974,#2973,#1526,.T.);
#3688=EDGE_CURVE('',#2970,#2974,#1209,.T.);
#3689=EDGE_CURVE('',#2967,#2974,#1527,.T.);
#3690=EDGE_CURVE('',#2974,#2966,#1210,.T.);
#3691=EDGE_CURVE('',#2975,#2976,#1528,.T.);
#3692=EDGE_CURVE('',#2976,#2977,#1529,.T.);
#3693=EDGE_CURVE('',#2977,#2978,#1530,.T.);
#3694=EDGE_CURVE('',#2978,#2979,#1531,.T.);
#3695=EDGE_CURVE('',#2975,#2979,#1532,.T.);
#3696=EDGE_CURVE('',#2980,#2981,#1533,.T.);
#3697=EDGE_CURVE('',#2982,#2980,#1534,.T.);
#3698=EDGE_CURVE('',#2981,#2982,#1211,.T.);
#3699=EDGE_CURVE('',#2983,#2984,#1535,.T.);
#3700=EDGE_CURVE('',#2984,#2985,#1536,.T.);
#3701=EDGE_CURVE('',#2985,#2982,#1537,.T.);
#3702=EDGE_CURVE('',#2983,#2980,#1538,.T.);
#3703=EDGE_CURVE('',#2986,#2985,#1539,.T.);
#3704=EDGE_CURVE('',#2982,#2986,#1212,.T.);
#3705=EDGE_CURVE('',#2981,#2977,#1540,.T.);
#3706=EDGE_CURVE('',#2978,#2981,#1213,.T.);
#3707=EDGE_CURVE('',#2979,#2986,#1541,.T.);
#3708=EDGE_CURVE('',#2986,#2978,#1214,.T.);
#3709=EDGE_CURVE('',#2987,#2988,#1542,.T.);
#3710=EDGE_CURVE('',#2988,#2989,#1543,.T.);
#3711=EDGE_CURVE('',#2989,#2990,#1544,.T.);
#3712=EDGE_CURVE('',#2990,#2991,#1545,.T.);
#3713=EDGE_CURVE('',#2987,#2991,#1546,.T.);
#3714=EDGE_CURVE('',#2992,#2993,#1547,.T.);
#3715=EDGE_CURVE('',#2993,#2994,#1548,.T.);
#3716=EDGE_CURVE('',#2994,#2995,#1549,.T.);
#3717=EDGE_CURVE('',#2995,#2996,#1550,.T.);
#3718=EDGE_CURVE('',#2992,#2996,#1551,.T.);
#3719=EDGE_CURVE('',#2996,#2997,#1552,.T.);
#3720=EDGE_CURVE('',#2997,#2995,#1215,.T.);
#3721=EDGE_CURVE('',#2997,#2989,#1553,.T.);
#3722=EDGE_CURVE('',#2990,#2997,#1216,.T.);
#3723=EDGE_CURVE('',#2991,#2998,#1554,.T.);
#3724=EDGE_CURVE('',#2998,#2990,#1217,.T.);
#3725=EDGE_CURVE('',#2998,#2994,#1555,.T.);
#3726=EDGE_CURVE('',#2995,#2998,#1218,.T.);
#3727=EDGE_CURVE('',#2999,#3000,#1556,.T.);
#3728=EDGE_CURVE('',#3000,#3001,#1557,.T.);
#3729=EDGE_CURVE('',#3001,#3002,#1558,.T.);
#3730=EDGE_CURVE('',#3002,#3003,#1559,.T.);
#3731=EDGE_CURVE('',#2999,#3003,#1560,.T.);
#3732=EDGE_CURVE('',#3004,#3005,#1561,.T.);
#3733=EDGE_CURVE('',#3005,#3006,#1562,.T.);
#3734=EDGE_CURVE('',#3006,#3007,#1563,.T.);
#3735=EDGE_CURVE('',#3007,#3008,#1564,.T.);
#3736=EDGE_CURVE('',#3004,#3008,#1565,.T.);
#3737=EDGE_CURVE('',#3003,#3009,#1566,.T.);
#3738=EDGE_CURVE('',#3009,#3002,#1219,.T.);
#3739=EDGE_CURVE('',#3010,#3001,#1567,.T.);
#3740=EDGE_CURVE('',#3002,#3010,#1220,.T.);
#3741=EDGE_CURVE('',#3008,#3010,#1568,.T.);
#3742=EDGE_CURVE('',#3010,#3007,#1221,.T.);
#3743=EDGE_CURVE('',#3009,#3006,#1569,.T.);
#3744=EDGE_CURVE('',#3007,#3009,#1222,.T.);
#3745=EDGE_CURVE('',#3011,#3012,#1570,.T.);
#3746=EDGE_CURVE('',#3012,#3013,#1571,.T.);
#3747=EDGE_CURVE('',#3013,#3014,#1572,.T.);
#3748=EDGE_CURVE('',#3014,#3015,#1573,.T.);
#3749=EDGE_CURVE('',#3011,#3015,#1574,.T.);
#3750=EDGE_CURVE('',#3016,#3017,#1575,.T.);
#3751=EDGE_CURVE('',#3017,#3018,#1576,.T.);
#3752=EDGE_CURVE('',#3018,#3019,#1577,.T.);
#3753=EDGE_CURVE('',#3019,#3020,#1578,.T.);
#3754=EDGE_CURVE('',#3016,#3020,#1579,.T.);
#3755=EDGE_CURVE('',#3021,#3013,#1580,.T.);
#3756=EDGE_CURVE('',#3014,#3021,#1223,.T.);
#3757=EDGE_CURVE('',#3015,#3022,#1581,.T.);
#3758=EDGE_CURVE('',#3022,#3014,#1224,.T.);
#3759=EDGE_CURVE('',#3022,#3018,#1582,.T.);
#3760=EDGE_CURVE('',#3019,#3022,#1225,.T.);
#3761=EDGE_CURVE('',#3020,#3021,#1583,.T.);
#3762=EDGE_CURVE('',#3021,#3019,#1226,.T.);
#3763=EDGE_CURVE('',#3023,#3024,#1584,.T.);
#3764=EDGE_CURVE('',#3024,#3025,#1585,.T.);
#3765=EDGE_CURVE('',#3025,#3026,#1586,.T.);
#3766=EDGE_CURVE('',#3026,#3027,#1587,.T.);
#3767=EDGE_CURVE('',#3023,#3027,#1588,.T.);
#3768=EDGE_CURVE('',#3028,#3029,#1589,.T.);
#3769=EDGE_CURVE('',#3029,#3030,#1590,.T.);
#3770=EDGE_CURVE('',#3030,#3031,#1591,.T.);
#3771=EDGE_CURVE('',#3031,#3032,#1592,.T.);
#3772=EDGE_CURVE('',#3028,#3032,#1593,.T.);
#3773=EDGE_CURVE('',#3033,#3025,#1594,.T.);
#3774=EDGE_CURVE('',#3026,#3033,#1227,.T.);
#3775=EDGE_CURVE('',#3027,#3034,#1595,.T.);
#3776=EDGE_CURVE('',#3034,#3026,#1228,.T.);
#3777=EDGE_CURVE('',#3034,#3030,#1596,.T.);
#3778=EDGE_CURVE('',#3031,#3034,#1229,.T.);
#3779=EDGE_CURVE('',#3032,#3033,#1597,.T.);
#3780=EDGE_CURVE('',#3033,#3031,#1230,.T.);
#3781=EDGE_CURVE('',#3035,#3036,#1598,.T.);
#3782=EDGE_CURVE('',#3036,#3037,#1599,.T.);
#3783=EDGE_CURVE('',#3037,#3038,#1600,.T.);
#3784=EDGE_CURVE('',#3038,#3039,#1601,.T.);
#3785=EDGE_CURVE('',#3035,#3039,#1602,.T.);
#3786=EDGE_CURVE('',#3040,#3041,#1603,.T.);
#3787=EDGE_CURVE('',#3041,#3042,#1604,.T.);
#3788=EDGE_CURVE('',#3042,#3043,#1605,.T.);
#3789=EDGE_CURVE('',#3043,#3044,#1606,.T.);
#3790=EDGE_CURVE('',#3040,#3044,#1607,.T.);
#3791=EDGE_CURVE('',#3039,#3045,#1608,.T.);
#3792=EDGE_CURVE('',#3045,#3038,#1231,.T.);
#3793=EDGE_CURVE('',#3046,#3037,#1609,.T.);
#3794=EDGE_CURVE('',#3038,#3046,#1232,.T.);
#3795=EDGE_CURVE('',#3044,#3046,#1610,.T.);
#3796=EDGE_CURVE('',#3046,#3043,#1233,.T.);
#3797=EDGE_CURVE('',#3045,#3042,#1611,.T.);
#3798=EDGE_CURVE('',#3043,#3045,#1234,.T.);
#3799=EDGE_CURVE('',#3047,#3048,#1612,.T.);
#3800=EDGE_CURVE('',#3048,#3049,#1613,.T.);
#3801=EDGE_CURVE('',#3049,#3050,#1614,.T.);
#3802=EDGE_CURVE('',#3050,#3051,#1615,.T.);
#3803=EDGE_CURVE('',#3047,#3051,#1616,.T.);
#3804=EDGE_CURVE('',#3052,#3053,#1617,.T.);
#3805=EDGE_CURVE('',#3053,#3054,#1618,.T.);
#3806=EDGE_CURVE('',#3054,#3055,#1619,.T.);
#3807=EDGE_CURVE('',#3055,#3056,#1620,.T.);
#3808=EDGE_CURVE('',#3052,#3056,#1621,.T.);
#3809=EDGE_CURVE('',#3057,#3049,#1622,.T.);
#3810=EDGE_CURVE('',#3050,#3057,#1235,.T.);
#3811=EDGE_CURVE('',#3051,#3058,#1623,.T.);
#3812=EDGE_CURVE('',#3058,#3050,#1236,.T.);
#3813=EDGE_CURVE('',#3058,#3054,#1624,.T.);
#3814=EDGE_CURVE('',#3055,#3058,#1237,.T.);
#3815=EDGE_CURVE('',#3056,#3057,#1625,.T.);
#3816=EDGE_CURVE('',#3057,#3055,#1238,.T.);
#3817=EDGE_CURVE('',#3059,#3060,#1626,.T.);
#3818=EDGE_CURVE('',#3060,#3061,#1627,.T.);
#3819=EDGE_CURVE('',#3061,#3062,#1628,.T.);
#3820=EDGE_CURVE('',#3062,#3063,#1629,.T.);
#3821=EDGE_CURVE('',#3059,#3063,#1630,.T.);
#3822=EDGE_CURVE('',#3064,#3065,#1631,.T.);
#3823=EDGE_CURVE('',#3065,#3066,#1632,.T.);
#3824=EDGE_CURVE('',#3066,#3067,#1633,.T.);
#3825=EDGE_CURVE('',#3067,#3068,#1634,.T.);
#3826=EDGE_CURVE('',#3064,#3068,#1635,.T.);
#3827=EDGE_CURVE('',#3063,#3069,#1636,.T.);
#3828=EDGE_CURVE('',#3069,#3062,#1239,.T.);
#3829=EDGE_CURVE('',#3070,#3061,#1637,.T.);
#3830=EDGE_CURVE('',#3062,#3070,#1240,.T.);
#3831=EDGE_CURVE('',#3068,#3070,#1638,.T.);
#3832=EDGE_CURVE('',#3070,#3067,#1241,.T.);
#3833=EDGE_CURVE('',#3069,#3066,#1639,.T.);
#3834=EDGE_CURVE('',#3067,#3069,#1242,.T.);
#3835=EDGE_CURVE('',#3071,#3072,#1640,.T.);
#3836=EDGE_CURVE('',#3073,#3072,#1641,.T.);
#3837=EDGE_CURVE('',#3074,#3073,#1642,.T.);
#3838=EDGE_CURVE('',#3071,#3074,#1643,.T.);
#3839=EDGE_CURVE('',#3075,#3076,#1644,.T.);
#3840=EDGE_CURVE('',#3077,#3076,#1645,.T.);
#3841=EDGE_CURVE('',#3078,#3077,#1646,.T.);
#3842=EDGE_CURVE('',#3075,#3078,#1647,.T.);
#3843=EDGE_CURVE('',#3079,#3080,#1648,.T.);
#3844=EDGE_CURVE('',#3081,#3080,#1649,.T.);
#3845=EDGE_CURVE('',#3082,#3081,#1650,.T.);
#3846=EDGE_CURVE('',#3079,#3082,#1651,.T.);
#3847=EDGE_CURVE('',#3083,#3084,#1652,.T.);
#3848=EDGE_CURVE('',#3085,#3084,#1653,.T.);
#3849=EDGE_CURVE('',#3086,#3085,#1654,.T.);
#3850=EDGE_CURVE('',#3083,#3086,#1655,.T.);
#3851=EDGE_CURVE('',#3087,#3088,#1656,.T.);
#3852=EDGE_CURVE('',#3089,#3088,#1657,.T.);
#3853=EDGE_CURVE('',#3090,#3089,#1658,.T.);
#3854=EDGE_CURVE('',#3087,#3090,#1659,.T.);
#3855=EDGE_CURVE('',#3091,#3092,#1660,.T.);
#3856=EDGE_CURVE('',#3093,#3092,#1661,.T.);
#3857=EDGE_CURVE('',#3094,#3093,#1662,.T.);
#3858=EDGE_CURVE('',#3091,#3094,#1663,.T.);
#3859=EDGE_CURVE('',#3095,#3096,#1664,.T.);
#3860=EDGE_CURVE('',#3097,#3096,#1665,.T.);
#3861=EDGE_CURVE('',#3098,#3097,#1666,.T.);
#3862=EDGE_CURVE('',#3095,#3098,#1667,.T.);
#3863=EDGE_CURVE('',#3099,#3100,#1668,.T.);
#3864=EDGE_CURVE('',#3101,#3100,#1669,.T.);
#3865=EDGE_CURVE('',#3102,#3101,#1670,.T.);
#3866=EDGE_CURVE('',#3099,#3102,#1671,.T.);
#3867=EDGE_CURVE('',#3103,#3104,#1672,.T.);
#3868=EDGE_CURVE('',#3105,#3104,#1673,.T.);
#3869=EDGE_CURVE('',#3106,#3105,#1674,.T.);
#3870=EDGE_CURVE('',#3103,#3106,#1675,.T.);
#3871=EDGE_CURVE('',#3107,#3004,#1676,.T.);
#3872=EDGE_CURVE('',#3108,#3107,#1677,.T.);
#3873=EDGE_CURVE('',#3109,#3108,#1678,.T.);
#3874=EDGE_CURVE('',#3005,#3109,#1679,.T.);
#3875=EDGE_CURVE('',#3110,#3052,#1680,.T.);
#3876=EDGE_CURVE('',#3111,#3110,#1681,.T.);
#3877=EDGE_CURVE('',#3112,#3111,#1682,.T.);
#3878=EDGE_CURVE('',#3053,#3112,#1683,.T.);
#3879=EDGE_CURVE('',#3113,#3028,#1684,.T.);
#3880=EDGE_CURVE('',#3114,#3113,#1685,.T.);
#3881=EDGE_CURVE('',#3115,#3114,#1686,.T.);
#3882=EDGE_CURVE('',#3029,#3115,#1687,.T.);
#3883=EDGE_CURVE('',#3116,#2975,#1688,.T.);
#3884=EDGE_CURVE('',#3117,#3116,#1689,.T.);
#3885=EDGE_CURVE('',#3118,#3117,#1690,.T.);
#3886=EDGE_CURVE('',#2976,#3118,#1691,.T.);
#3887=EDGE_CURVE('',#3119,#3120,#1692,.T.);
#3888=EDGE_CURVE('',#3119,#3121,#1693,.T.);
#3889=EDGE_CURVE('',#3121,#2963,#1694,.T.);
#3890=EDGE_CURVE('',#2972,#3122,#1695,.T.);
#3891=EDGE_CURVE('',#3120,#3122,#1696,.T.);
#3892=EDGE_CURVE('',#3071,#3123,#1697,.T.);
#3893=EDGE_CURVE('',#3123,#2971,#1698,.T.);
#3894=EDGE_CURVE('',#2964,#3124,#1699,.T.);
#3895=EDGE_CURVE('',#3072,#3124,#1700,.T.);
#3896=EDGE_CURVE('',#3125,#3123,#1701,.T.);
#3897=EDGE_CURVE('',#3122,#3125,#1702,.T.);
#3898=EDGE_CURVE('',#3126,#3127,#1703,.T.);
#3899=EDGE_CURVE('',#3128,#3126,#1704,.T.);
#3900=EDGE_CURVE('',#2993,#3128,#1705,.T.);
#3901=EDGE_CURVE('',#3127,#2992,#1706,.T.);
#3902=EDGE_CURVE('',#3129,#3130,#1707,.T.);
#3903=EDGE_CURVE('',#3129,#3131,#1708,.T.);
#3904=EDGE_CURVE('',#3131,#3040,#1709,.T.);
#3905=EDGE_CURVE('',#3036,#3132,#1710,.T.);
#3906=EDGE_CURVE('',#3130,#3132,#1711,.T.);
#3907=EDGE_CURVE('',#3095,#3133,#1712,.T.);
#3908=EDGE_CURVE('',#3133,#3035,#1713,.T.);
#3909=EDGE_CURVE('',#3041,#3134,#1714,.T.);
#3910=EDGE_CURVE('',#3096,#3134,#1715,.T.);
#3911=EDGE_CURVE('',#3135,#3133,#1716,.T.);
#3912=EDGE_CURVE('',#3132,#3135,#1717,.T.);
#3913=EDGE_CURVE('',#3136,#3137,#1718,.T.);
#3914=EDGE_CURVE('',#3136,#3138,#1719,.T.);
#3915=EDGE_CURVE('',#3138,#3016,#1720,.T.);
#3916=EDGE_CURVE('',#3012,#3139,#1721,.T.);
#3917=EDGE_CURVE('',#3137,#3139,#1722,.T.);
#3918=EDGE_CURVE('',#3087,#3140,#1723,.T.);
#3919=EDGE_CURVE('',#3140,#3011,#1724,.T.);
#3920=EDGE_CURVE('',#3017,#3141,#1725,.T.);
#3921=EDGE_CURVE('',#3088,#3141,#1726,.T.);
#3922=EDGE_CURVE('',#3142,#3140,#1727,.T.);
#3923=EDGE_CURVE('',#3139,#3142,#1728,.T.);
#3924=EDGE_CURVE('',#3143,#3144,#1729,.T.);
#3925=EDGE_CURVE('',#3143,#3145,#1730,.T.);
#3926=EDGE_CURVE('',#3145,#3064,#1731,.T.);
#3927=EDGE_CURVE('',#3060,#3146,#1732,.T.);
#3928=EDGE_CURVE('',#3144,#3146,#1733,.T.);
#3929=EDGE_CURVE('',#3103,#3147,#1734,.T.);
#3930=EDGE_CURVE('',#3147,#3059,#1735,.T.);
#3931=EDGE_CURVE('',#3065,#3148,#1736,.T.);
#3932=EDGE_CURVE('',#3104,#3148,#1737,.T.);
#3933=EDGE_CURVE('',#3149,#3147,#1738,.T.);
#3934=EDGE_CURVE('',#3146,#3149,#1739,.T.);
#3935=EDGE_CURVE('',#3150,#3151,#1740,.T.);
#3936=EDGE_CURVE('',#3150,#3107,#1741,.T.);
#3937=EDGE_CURVE('',#3000,#3152,#1742,.T.);
#3938=EDGE_CURVE('',#3151,#3152,#1743,.T.);
#3939=EDGE_CURVE('',#3083,#3153,#1744,.T.);
#3940=EDGE_CURVE('',#3153,#2999,#1745,.T.);
#3941=EDGE_CURVE('',#3084,#3109,#1746,.T.);
#3942=EDGE_CURVE('',#3154,#3153,#1747,.T.);
#3943=EDGE_CURVE('',#3152,#3154,#1748,.T.);
#3944=EDGE_CURVE('',#3155,#3156,#1749,.T.);
#3945=EDGE_CURVE('',#3155,#3110,#1750,.T.);
#3946=EDGE_CURVE('',#3048,#3157,#1751,.T.);
#3947=EDGE_CURVE('',#3156,#3157,#1752,.T.);
#3948=EDGE_CURVE('',#3099,#3158,#1753,.T.);
#3949=EDGE_CURVE('',#3158,#3047,#1754,.T.);
#3950=EDGE_CURVE('',#3100,#3112,#1755,.T.);
#3951=EDGE_CURVE('',#3159,#3158,#1756,.T.);
#3952=EDGE_CURVE('',#3157,#3159,#1757,.T.);
#3953=EDGE_CURVE('',#3160,#3161,#1758,.T.);
#3954=EDGE_CURVE('',#3160,#3113,#1759,.T.);
#3955=EDGE_CURVE('',#3024,#3162,#1760,.T.);
#3956=EDGE_CURVE('',#3161,#3162,#1761,.T.);
#3957=EDGE_CURVE('',#3091,#3163,#1762,.T.);
#3958=EDGE_CURVE('',#3163,#3023,#1763,.T.);
#3959=EDGE_CURVE('',#3092,#3115,#1764,.T.);
#3960=EDGE_CURVE('',#3164,#3163,#1765,.T.);
#3961=EDGE_CURVE('',#3162,#3164,#1766,.T.);
#3962=EDGE_CURVE('',#3165,#3166,#1767,.T.);
#3963=EDGE_CURVE('',#3165,#3116,#1768,.T.);
#3964=EDGE_CURVE('',#2984,#3167,#1769,.T.);
#3965=EDGE_CURVE('',#3166,#3167,#1770,.T.);
#3966=EDGE_CURVE('',#3075,#3168,#1771,.T.);
#3967=EDGE_CURVE('',#3168,#2983,#1772,.T.);
#3968=EDGE_CURVE('',#3076,#3118,#1773,.T.);
#3969=EDGE_CURVE('',#3169,#3168,#1774,.T.);
#3970=EDGE_CURVE('',#3167,#3169,#1775,.T.);
#3971=EDGE_CURVE('',#3170,#3121,#1776,.T.);
#3972=EDGE_CURVE('',#3124,#3170,#1777,.T.);
#3973=EDGE_CURVE('',#3171,#3172,#1778,.T.);
#3974=EDGE_CURVE('',#3171,#3127,#1779,.T.);
#3975=EDGE_CURVE('',#2988,#3173,#1780,.T.);
#3976=EDGE_CURVE('',#3172,#3173,#1781,.T.);
#3977=EDGE_CURVE('',#3079,#3174,#1782,.T.);
#3978=EDGE_CURVE('',#3174,#2987,#1783,.T.);
#3979=EDGE_CURVE('',#3080,#3128,#1784,.T.);
#3980=EDGE_CURVE('',#3175,#3174,#1785,.T.);
#3981=EDGE_CURVE('',#3173,#3175,#1786,.T.);
#3982=EDGE_CURVE('',#3176,#3131,#1787,.T.);
#3983=EDGE_CURVE('',#3134,#3176,#1788,.T.);
#3984=EDGE_CURVE('',#3177,#3138,#1789,.T.);
#3985=EDGE_CURVE('',#3141,#3177,#1790,.T.);
#3986=EDGE_CURVE('',#3178,#3145,#1791,.T.);
#3987=EDGE_CURVE('',#3148,#3178,#1792,.T.);
#3988=EDGE_CURVE('',#3179,#3180,#1793,.T.);
#3989=EDGE_CURVE('',#3179,#3085,#1794,.T.);
#3990=EDGE_CURVE('',#3180,#3108,#1795,.T.);
#3991=EDGE_CURVE('',#3150,#3181,#1796,.T.);
#3992=EDGE_CURVE('',#3182,#3181,#1797,.T.);
#3993=EDGE_CURVE('',#3180,#3182,#1798,.T.);
#3994=EDGE_CURVE('',#3183,#3184,#1799,.T.);
#3995=EDGE_CURVE('',#3183,#3101,#1800,.T.);
#3996=EDGE_CURVE('',#3184,#3111,#1801,.T.);
#3997=EDGE_CURVE('',#3155,#3185,#1802,.T.);
#3998=EDGE_CURVE('',#3186,#3185,#1803,.T.);
#3999=EDGE_CURVE('',#3184,#3186,#1804,.T.);
#4000=EDGE_CURVE('',#3187,#3188,#1805,.T.);
#4001=EDGE_CURVE('',#3187,#3093,#1806,.T.);
#4002=EDGE_CURVE('',#3188,#3114,#1807,.T.);
#4003=EDGE_CURVE('',#3160,#3189,#1808,.T.);
#4004=EDGE_CURVE('',#3190,#3189,#1809,.T.);
#4005=EDGE_CURVE('',#3188,#3190,#1810,.T.);
#4006=EDGE_CURVE('',#3191,#3192,#1811,.T.);
#4007=EDGE_CURVE('',#3191,#3077,#1812,.T.);
#4008=EDGE_CURVE('',#3192,#3117,#1813,.T.);
#4009=EDGE_CURVE('',#3165,#3193,#1814,.T.);
#4010=EDGE_CURVE('',#3194,#3193,#1815,.T.);
#4011=EDGE_CURVE('',#3192,#3194,#1816,.T.);
#4012=EDGE_CURVE('',#3195,#3196,#1817,.T.);
#4013=EDGE_CURVE('',#3195,#3197,#1818,.T.);
#4014=EDGE_CURVE('',#3197,#3120,#1819,.T.);
#4015=EDGE_CURVE('',#3196,#3125,#1820,.T.);
#4016=EDGE_CURVE('',#3198,#3199,#1821,.T.);
#4017=EDGE_CURVE('',#3198,#3081,#1822,.T.);
#4018=EDGE_CURVE('',#3199,#3126,#1823,.T.);
#4019=EDGE_CURVE('',#3200,#3201,#1824,.T.);
#4020=EDGE_CURVE('',#3200,#3202,#1825,.T.);
#4021=EDGE_CURVE('',#3202,#3130,#1826,.T.);
#4022=EDGE_CURVE('',#3201,#3135,#1827,.T.);
#4023=EDGE_CURVE('',#3203,#3204,#1828,.T.);
#4024=EDGE_CURVE('',#3203,#3205,#1829,.T.);
#4025=EDGE_CURVE('',#3205,#3137,#1830,.T.);
#4026=EDGE_CURVE('',#3204,#3142,#1831,.T.);
#4027=EDGE_CURVE('',#3206,#3207,#1832,.T.);
#4028=EDGE_CURVE('',#3206,#3208,#1833,.T.);
#4029=EDGE_CURVE('',#3208,#3144,#1834,.T.);
#4030=EDGE_CURVE('',#3207,#3149,#1835,.T.);
#4031=EDGE_CURVE('',#3209,#3210,#1836,.T.);
#4032=EDGE_CURVE('',#3209,#3211,#1837,.T.);
#4033=EDGE_CURVE('',#3211,#3151,#1838,.T.);
#4034=EDGE_CURVE('',#3210,#3154,#1839,.T.);
#4035=EDGE_CURVE('',#3212,#3213,#1840,.T.);
#4036=EDGE_CURVE('',#3212,#3214,#1841,.T.);
#4037=EDGE_CURVE('',#3214,#3156,#1842,.T.);
#4038=EDGE_CURVE('',#3213,#3159,#1843,.T.);
#4039=EDGE_CURVE('',#3215,#3216,#1844,.T.);
#4040=EDGE_CURVE('',#3215,#3217,#1845,.T.);
#4041=EDGE_CURVE('',#3217,#3161,#1846,.T.);
#4042=EDGE_CURVE('',#3216,#3164,#1847,.T.);
#4043=EDGE_CURVE('',#3218,#3219,#1848,.T.);
#4044=EDGE_CURVE('',#3218,#3220,#1849,.T.);
#4045=EDGE_CURVE('',#3220,#3166,#1850,.T.);
#4046=EDGE_CURVE('',#3219,#3169,#1851,.T.);
#4047=EDGE_CURVE('',#3221,#3222,#1852,.T.);
#4048=EDGE_CURVE('',#3221,#3073,#1853,.T.);
#4049=EDGE_CURVE('',#3222,#3170,#1854,.T.);
#4050=EDGE_CURVE('',#3223,#3197,#1855,.T.);
#4051=EDGE_CURVE('',#3119,#3223,#1856,.T.);
#4052=EDGE_CURVE('',#3224,#3223,#1857,.T.);
#4053=EDGE_CURVE('',#3222,#3224,#1858,.T.);
#4054=EDGE_CURVE('',#3225,#3226,#1859,.T.);
#4055=EDGE_CURVE('',#3225,#3227,#1860,.T.);
#4056=EDGE_CURVE('',#3227,#3172,#1861,.T.);
#4057=EDGE_CURVE('',#3226,#3175,#1862,.T.);
#4058=EDGE_CURVE('',#3228,#3082,#1863,.T.);
#4059=EDGE_CURVE('',#3226,#3228,#1864,.T.);
#4060=EDGE_CURVE('',#3229,#3230,#1865,.T.);
#4061=EDGE_CURVE('',#3229,#3097,#1866,.T.);
#4062=EDGE_CURVE('',#3230,#3176,#1867,.T.);
#4063=EDGE_CURVE('',#3231,#3202,#1868,.T.);
#4064=EDGE_CURVE('',#3129,#3231,#1869,.T.);
#4065=EDGE_CURVE('',#3232,#3231,#1870,.T.);
#4066=EDGE_CURVE('',#3230,#3232,#1871,.T.);
#4067=EDGE_CURVE('',#3233,#3234,#1872,.T.);
#4068=EDGE_CURVE('',#3233,#3089,#1873,.T.);
#4069=EDGE_CURVE('',#3234,#3177,#1874,.T.);
#4070=EDGE_CURVE('',#3235,#3205,#1875,.T.);
#4071=EDGE_CURVE('',#3136,#3235,#1876,.T.);
#4072=EDGE_CURVE('',#3236,#3235,#1877,.T.);
#4073=EDGE_CURVE('',#3234,#3236,#1878,.T.);
#4074=EDGE_CURVE('',#3237,#3238,#1879,.T.);
#4075=EDGE_CURVE('',#3237,#3105,#1880,.T.);
#4076=EDGE_CURVE('',#3238,#3178,#1881,.T.);
#4077=EDGE_CURVE('',#3239,#3208,#1882,.T.);
#4078=EDGE_CURVE('',#3143,#3239,#1883,.T.);
#4079=EDGE_CURVE('',#3240,#3239,#1884,.T.);
#4080=EDGE_CURVE('',#3238,#3240,#1885,.T.);
#4081=EDGE_CURVE('',#3232,#3200,#1886,.T.);
#4082=EDGE_CURVE('',#3241,#3229,#1887,.T.);
#4083=EDGE_CURVE('',#3241,#3098,#1888,.T.);
#4084=EDGE_CURVE('',#3201,#3241,#1889,.T.);
#4085=EDGE_CURVE('',#3228,#3198,#1890,.T.);
#4086=EDGE_CURVE('',#3242,#3225,#1891,.T.);
#4087=EDGE_CURVE('',#3242,#3243,#1892,.T.);
#4088=EDGE_CURVE('',#3243,#3227,#1893,.T.);
#4089=EDGE_CURVE('',#3171,#3243,#1894,.T.);
#4090=EDGE_CURVE('',#3199,#3242,#1895,.T.);
#4091=EDGE_CURVE('',#3194,#3218,#1896,.T.);
#4092=EDGE_CURVE('',#3193,#3220,#1897,.T.);
#4093=EDGE_CURVE('',#3244,#3191,#1898,.T.);
#4094=EDGE_CURVE('',#3244,#3078,#1899,.T.);
#4095=EDGE_CURVE('',#3219,#3244,#1900,.T.);
#4096=EDGE_CURVE('',#3190,#3215,#1901,.T.);
#4097=EDGE_CURVE('',#3189,#3217,#1902,.T.);
#4098=EDGE_CURVE('',#3245,#3187,#1903,.T.);
#4099=EDGE_CURVE('',#3245,#3094,#1904,.T.);
#4100=EDGE_CURVE('',#3216,#3245,#1905,.T.);
#4101=EDGE_CURVE('',#3186,#3212,#1906,.T.);
#4102=EDGE_CURVE('',#3185,#3214,#1907,.T.);
#4103=EDGE_CURVE('',#3246,#3183,#1908,.T.);
#4104=EDGE_CURVE('',#3246,#3102,#1909,.T.);
#4105=EDGE_CURVE('',#3213,#3246,#1910,.T.);
#4106=EDGE_CURVE('',#3182,#3209,#1911,.T.);
#4107=EDGE_CURVE('',#3181,#3211,#1912,.T.);
#4108=EDGE_CURVE('',#3247,#3179,#1913,.T.);
#4109=EDGE_CURVE('',#3247,#3086,#1914,.T.);
#4110=EDGE_CURVE('',#3210,#3247,#1915,.T.);
#4111=EDGE_CURVE('',#3248,#3074,#1916,.T.);
#4112=EDGE_CURVE('',#3196,#3248,#1917,.T.);
#4113=EDGE_CURVE('',#3224,#3195,#1918,.T.);
#4114=EDGE_CURVE('',#3248,#3221,#1919,.T.);
#4115=EDGE_CURVE('',#3236,#3203,#1920,.T.);
#4116=EDGE_CURVE('',#3249,#3233,#1921,.T.);
#4117=EDGE_CURVE('',#3249,#3090,#1922,.T.);
#4118=EDGE_CURVE('',#3204,#3249,#1923,.T.);
#4119=EDGE_CURVE('',#3240,#3206,#1924,.T.);
#4120=EDGE_CURVE('',#3250,#3237,#1925,.T.);
#4121=EDGE_CURVE('',#3250,#3106,#1926,.T.);
#4122=EDGE_CURVE('',#3207,#3250,#1927,.T.);
#4123=EDGE_CURVE('',#3069,#3251,#1928,.T.);
#4124=EDGE_CURVE('',#3251,#3251,#1243,.T.);
#4125=EDGE_CURVE('',#2910,#3046,#1929,.T.);
#4126=EDGE_CURVE('',#2911,#3057,#1930,.T.);
#4127=EDGE_CURVE('',#2912,#3021,#1931,.T.);
#4128=EDGE_CURVE('',#2913,#2998,#1932,.T.);
#4129=EDGE_CURVE('',#2914,#2974,#1933,.T.);
#4130=EDGE_CURVE('',#2915,#2986,#1934,.T.);
#4131=EDGE_CURVE('',#2916,#3010,#1935,.T.);
#4132=EDGE_CURVE('',#2917,#3033,#1936,.T.);
#4133=EDGE_CURVE('',#3252,#3253,#1244,.T.);
#4134=EDGE_CURVE('',#3252,#3254,#1937,.T.);
#4135=EDGE_CURVE('',#3255,#3254,#1245,.T.);
#4136=EDGE_CURVE('',#3253,#3255,#1938,.T.);
#4137=EDGE_CURVE('',#2922,#3253,#1939,.T.);
#4138=EDGE_CURVE('',#2923,#3255,#1940,.T.);
#4139=EDGE_CURVE('',#3252,#2925,#1941,.T.);
#4140=EDGE_CURVE('',#3254,#2924,#1942,.T.);
#4141=EDGE_CURVE('',#3256,#3257,#1943,.T.);
#4142=EDGE_CURVE('',#3256,#2961,#1944,.T.);
#4143=EDGE_CURVE('',#3257,#2954,#1945,.T.);
#4144=EDGE_CURVE('',#3258,#3256,#1946,.T.);
#4145=EDGE_CURVE('',#3258,#3259,#1947,.T.);
#4146=EDGE_CURVE('',#3259,#2956,#1948,.T.);
#4147=EDGE_CURVE('',#3260,#3258,#1949,.T.);
#4148=EDGE_CURVE('',#3260,#3261,#1950,.T.);
#4149=EDGE_CURVE('',#3261,#3259,#1951,.T.);
#4150=EDGE_CURVE('',#3262,#3260,#1952,.T.);
#4151=EDGE_CURVE('',#3262,#2962,#1953,.T.);
#4152=EDGE_CURVE('',#2955,#3261,#1954,.T.);
#4153=EDGE_CURVE('',#3263,#3262,#1955,.T.);
#4154=EDGE_CURVE('',#3263,#2953,#1956,.T.);
#4155=EDGE_CURVE('',#3257,#3263,#1957,.T.);
#4156=EDGE_CURVE('',#2898,#2936,#1958,.T.);
#4157=EDGE_CURVE('',#2938,#2945,#1959,.T.);
#4158=EDGE_CURVE('',#2905,#2937,#1960,.T.);
#4159=EDGE_CURVE('',#2887,#2900,#1961,.T.);
#4160=EDGE_CURVE('',#2920,#2926,#1962,.T.);
#4161=EDGE_CURVE('',#2875,#2921,#1963,.T.);
#4162=ORIENTED_EDGE('',*,*,#3264,.T.);
#4163=ORIENTED_EDGE('',*,*,#3265,.F.);
#4164=ORIENTED_EDGE('',*,*,#3266,.F.);
#4165=ORIENTED_EDGE('',*,*,#3267,.F.);
#4166=ORIENTED_EDGE('',*,*,#3268,.T.);
#4167=ORIENTED_EDGE('',*,*,#3269,.F.);
#4168=ORIENTED_EDGE('',*,*,#3270,.F.);
#4169=ORIENTED_EDGE('',*,*,#3271,.F.);
#4170=ORIENTED_EDGE('',*,*,#3272,.T.);
#4171=ORIENTED_EDGE('',*,*,#3273,.F.);
#4172=ORIENTED_EDGE('',*,*,#3274,.F.);
#4173=ORIENTED_EDGE('',*,*,#3275,.F.);
#4174=ORIENTED_EDGE('',*,*,#3276,.T.);
#4175=ORIENTED_EDGE('',*,*,#3277,.T.);
#4176=ORIENTED_EDGE('',*,*,#3278,.T.);
#4177=ORIENTED_EDGE('',*,*,#3279,.T.);
#4178=ORIENTED_EDGE('',*,*,#3279,.F.);
#4179=ORIENTED_EDGE('',*,*,#3280,.F.);
#4180=ORIENTED_EDGE('',*,*,#3281,.F.);
#4181=ORIENTED_EDGE('',*,*,#3282,.T.);
#4182=ORIENTED_EDGE('',*,*,#3278,.F.);
#4183=ORIENTED_EDGE('',*,*,#3283,.F.);
#4184=ORIENTED_EDGE('',*,*,#3284,.F.);
#4185=ORIENTED_EDGE('',*,*,#3285,.F.);
#4186=ORIENTED_EDGE('',*,*,#3286,.F.);
#4187=ORIENTED_EDGE('',*,*,#3280,.T.);
#4188=ORIENTED_EDGE('',*,*,#3287,.T.);
#4189=ORIENTED_EDGE('',*,*,#3288,.T.);
#4190=ORIENTED_EDGE('',*,*,#3289,.T.);
#4191=ORIENTED_EDGE('',*,*,#3286,.T.);
#4192=ORIENTED_EDGE('',*,*,#3290,.T.);
#4193=ORIENTED_EDGE('',*,*,#3291,.T.);
#4194=ORIENTED_EDGE('',*,*,#3281,.T.);
#4195=ORIENTED_EDGE('',*,*,#3292,.T.);
#4196=ORIENTED_EDGE('',*,*,#3293,.T.);
#4197=ORIENTED_EDGE('',*,*,#3294,.T.);
#4198=ORIENTED_EDGE('',*,*,#3295,.T.);
#4199=ORIENTED_EDGE('',*,*,#3293,.F.);
#4200=ORIENTED_EDGE('',*,*,#3296,.F.);
#4201=ORIENTED_EDGE('',*,*,#3297,.F.);
#4202=ORIENTED_EDGE('',*,*,#3298,.T.);
#4203=ORIENTED_EDGE('',*,*,#3292,.F.);
#4204=ORIENTED_EDGE('',*,*,#3299,.T.);
#4205=ORIENTED_EDGE('',*,*,#3300,.F.);
#4206=ORIENTED_EDGE('',*,*,#3301,.F.);
#4207=ORIENTED_EDGE('',*,*,#3302,.F.);
#4208=ORIENTED_EDGE('',*,*,#3296,.T.);
#4209=ORIENTED_EDGE('',*,*,#3303,.T.);
#4210=ORIENTED_EDGE('',*,*,#3304,.T.);
#4211=ORIENTED_EDGE('',*,*,#3305,.T.);
#4212=ORIENTED_EDGE('',*,*,#3302,.T.);
#4213=ORIENTED_EDGE('',*,*,#3306,.T.);
#4214=ORIENTED_EDGE('',*,*,#3307,.T.);
#4215=ORIENTED_EDGE('',*,*,#3297,.T.);
#4216=ORIENTED_EDGE('',*,*,#3308,.T.);
#4217=ORIENTED_EDGE('',*,*,#3309,.T.);
#4218=ORIENTED_EDGE('',*,*,#3310,.T.);
#4219=ORIENTED_EDGE('',*,*,#3311,.T.);
#4220=ORIENTED_EDGE('',*,*,#3309,.F.);
#4221=ORIENTED_EDGE('',*,*,#3312,.F.);
#4222=ORIENTED_EDGE('',*,*,#3300,.T.);
#4223=ORIENTED_EDGE('',*,*,#3313,.T.);
#4224=ORIENTED_EDGE('',*,*,#3277,.F.);
#4225=ORIENTED_EDGE('',*,*,#3314,.T.);
#4226=ORIENTED_EDGE('',*,*,#3306,.F.);
#4227=ORIENTED_EDGE('',*,*,#3301,.T.);
#4228=ORIENTED_EDGE('',*,*,#3312,.T.);
#4229=ORIENTED_EDGE('',*,*,#3308,.F.);
#4230=ORIENTED_EDGE('',*,*,#3315,.T.);
#4231=ORIENTED_EDGE('',*,*,#3316,.F.);
#4232=ORIENTED_EDGE('',*,*,#3317,.T.);
#4233=ORIENTED_EDGE('',*,*,#3283,.T.);
#4234=ORIENTED_EDGE('',*,*,#3318,.T.);
#4235=ORIENTED_EDGE('',*,*,#3319,.T.);
#4236=ORIENTED_EDGE('',*,*,#3320,.T.);
#4237=ORIENTED_EDGE('',*,*,#3321,.T.);
#4238=ORIENTED_EDGE('',*,*,#3322,.T.);
#4239=ORIENTED_EDGE('',*,*,#3316,.T.);
#4240=ORIENTED_EDGE('',*,*,#3323,.T.);
#4241=ORIENTED_EDGE('',*,*,#3324,.T.);
#4242=ORIENTED_EDGE('',*,*,#3325,.T.);
#4243=ORIENTED_EDGE('',*,*,#3325,.F.);
#4244=ORIENTED_EDGE('',*,*,#3326,.F.);
#4245=ORIENTED_EDGE('',*,*,#3284,.T.);
#4246=ORIENTED_EDGE('',*,*,#3317,.F.);
#4247=ORIENTED_EDGE('',*,*,#3327,.T.);
#4248=ORIENTED_EDGE('',*,*,#3271,.T.);
#4249=ORIENTED_EDGE('',*,*,#3328,.T.);
#4250=ORIENTED_EDGE('',*,*,#3329,.T.);
#4251=ORIENTED_EDGE('',*,*,#3290,.F.);
#4252=ORIENTED_EDGE('',*,*,#3285,.T.);
#4253=ORIENTED_EDGE('',*,*,#3326,.T.);
#4254=ORIENTED_EDGE('',*,*,#3324,.F.);
#4255=ORIENTED_EDGE('',*,*,#3330,.F.);
#4256=ORIENTED_EDGE('',*,*,#3310,.F.);
#4257=ORIENTED_EDGE('',*,*,#3313,.F.);
#4258=ORIENTED_EDGE('',*,*,#3299,.F.);
#4259=ORIENTED_EDGE('',*,*,#3295,.F.);
#4260=ORIENTED_EDGE('',*,*,#3331,.F.);
#4261=ORIENTED_EDGE('',*,*,#3332,.T.);
#4262=ORIENTED_EDGE('',*,*,#3333,.T.);
#4263=ORIENTED_EDGE('',*,*,#3334,.T.);
#4264=ORIENTED_EDGE('',*,*,#3335,.T.);
#4265=ORIENTED_EDGE('',*,*,#3336,.T.);
#4266=ORIENTED_EDGE('',*,*,#3337,.T.);
#4267=ORIENTED_EDGE('',*,*,#3338,.T.);
#4268=ORIENTED_EDGE('',*,*,#3275,.T.);
#4269=ORIENTED_EDGE('',*,*,#3339,.F.);
#4270=ORIENTED_EDGE('',*,*,#3265,.T.);
#4271=ORIENTED_EDGE('',*,*,#3340,.T.);
#4272=ORIENTED_EDGE('',*,*,#3341,.T.);
#4273=ORIENTED_EDGE('',*,*,#3342,.T.);
#4274=ORIENTED_EDGE('',*,*,#3303,.F.);
#4275=ORIENTED_EDGE('',*,*,#3343,.T.);
#4276=ORIENTED_EDGE('',*,*,#3344,.F.);
#4277=ORIENTED_EDGE('',*,*,#3343,.F.);
#4278=ORIENTED_EDGE('',*,*,#3304,.F.);
#4279=ORIENTED_EDGE('',*,*,#3345,.T.);
#4280=ORIENTED_EDGE('',*,*,#3346,.F.);
#4281=ORIENTED_EDGE('',*,*,#3345,.F.);
#4282=ORIENTED_EDGE('',*,*,#3305,.F.);
#4283=ORIENTED_EDGE('',*,*,#3347,.T.);
#4284=ORIENTED_EDGE('',*,*,#3348,.F.);
#4285=ORIENTED_EDGE('',*,*,#3347,.F.);
#4286=ORIENTED_EDGE('',*,*,#3287,.F.);
#4287=ORIENTED_EDGE('',*,*,#3349,.T.);
#4288=ORIENTED_EDGE('',*,*,#3350,.F.);
#4289=ORIENTED_EDGE('',*,*,#3349,.F.);
#4290=ORIENTED_EDGE('',*,*,#3288,.F.);
#4291=ORIENTED_EDGE('',*,*,#3351,.T.);
#4292=ORIENTED_EDGE('',*,*,#3352,.F.);
#4293=ORIENTED_EDGE('',*,*,#3351,.F.);
#4294=ORIENTED_EDGE('',*,*,#3289,.F.);
#4295=ORIENTED_EDGE('',*,*,#3353,.T.);
#4296=ORIENTED_EDGE('',*,*,#3354,.F.);
#4297=ORIENTED_EDGE('',*,*,#3353,.F.);
#4298=ORIENTED_EDGE('',*,*,#3322,.F.);
#4299=ORIENTED_EDGE('',*,*,#3355,.T.);
#4300=ORIENTED_EDGE('',*,*,#3356,.F.);
#4301=ORIENTED_EDGE('',*,*,#3355,.F.);
#4302=ORIENTED_EDGE('',*,*,#3321,.F.);
#4303=ORIENTED_EDGE('',*,*,#3357,.T.);
#4304=ORIENTED_EDGE('',*,*,#3358,.F.);
#4305=ORIENTED_EDGE('',*,*,#3357,.F.);
#4306=ORIENTED_EDGE('',*,*,#3320,.F.);
#4307=ORIENTED_EDGE('',*,*,#3359,.T.);
#4308=ORIENTED_EDGE('',*,*,#3360,.F.);
#4309=ORIENTED_EDGE('',*,*,#3359,.F.);
#4310=ORIENTED_EDGE('',*,*,#3319,.F.);
#4311=ORIENTED_EDGE('',*,*,#3361,.T.);
#4312=ORIENTED_EDGE('',*,*,#3362,.F.);
#4313=ORIENTED_EDGE('',*,*,#3361,.F.);
#4314=ORIENTED_EDGE('',*,*,#3363,.F.);
#4315=ORIENTED_EDGE('',*,*,#3364,.T.);
#4316=ORIENTED_EDGE('',*,*,#3334,.F.);
#4317=ORIENTED_EDGE('',*,*,#3365,.F.);
#4318=ORIENTED_EDGE('',*,*,#3366,.F.);
#4319=ORIENTED_EDGE('',*,*,#3367,.T.);
#4320=ORIENTED_EDGE('',*,*,#3335,.F.);
#4321=ORIENTED_EDGE('',*,*,#3364,.F.);
#4322=ORIENTED_EDGE('',*,*,#3368,.F.);
#4323=ORIENTED_EDGE('',*,*,#3369,.T.);
#4324=ORIENTED_EDGE('',*,*,#3336,.F.);
#4325=ORIENTED_EDGE('',*,*,#3367,.F.);
#4326=ORIENTED_EDGE('',*,*,#3370,.F.);
#4327=ORIENTED_EDGE('',*,*,#3371,.T.);
#4328=ORIENTED_EDGE('',*,*,#3337,.F.);
#4329=ORIENTED_EDGE('',*,*,#3369,.F.);
#4330=ORIENTED_EDGE('',*,*,#3372,.F.);
#4331=ORIENTED_EDGE('',*,*,#3272,.F.);
#4332=ORIENTED_EDGE('',*,*,#3338,.F.);
#4333=ORIENTED_EDGE('',*,*,#3371,.F.);
#4334=ORIENTED_EDGE('',*,*,#3373,.F.);
#4335=ORIENTED_EDGE('',*,*,#3374,.T.);
#4336=ORIENTED_EDGE('',*,*,#3340,.F.);
#4337=ORIENTED_EDGE('',*,*,#3264,.F.);
#4338=ORIENTED_EDGE('',*,*,#3375,.F.);
#4339=ORIENTED_EDGE('',*,*,#3376,.T.);
#4340=ORIENTED_EDGE('',*,*,#3341,.F.);
#4341=ORIENTED_EDGE('',*,*,#3374,.F.);
#4342=ORIENTED_EDGE('',*,*,#3377,.F.);
#4343=ORIENTED_EDGE('',*,*,#3378,.T.);
#4344=ORIENTED_EDGE('',*,*,#3342,.F.);
#4345=ORIENTED_EDGE('',*,*,#3376,.F.);
#4346=ORIENTED_EDGE('',*,*,#3379,.F.);
#4347=ORIENTED_EDGE('',*,*,#3268,.F.);
#4348=ORIENTED_EDGE('',*,*,#3327,.F.);
#4349=ORIENTED_EDGE('',*,*,#3378,.F.);
#4350=ORIENTED_EDGE('',*,*,#3318,.F.);
#4351=ORIENTED_EDGE('',*,*,#3380,.T.);
#4352=ORIENTED_EDGE('',*,*,#3381,.T.);
#4353=ORIENTED_EDGE('',*,*,#3380,.F.);
#4354=ORIENTED_EDGE('',*,*,#3382,.T.);
#4355=ORIENTED_EDGE('',*,*,#3383,.T.);
#4356=ORIENTED_EDGE('',*,*,#3384,.T.);
#4357=ORIENTED_EDGE('',*,*,#3269,.T.);
#4358=ORIENTED_EDGE('',*,*,#3379,.T.);
#4359=ORIENTED_EDGE('',*,*,#3377,.T.);
#4360=ORIENTED_EDGE('',*,*,#3375,.T.);
#4361=ORIENTED_EDGE('',*,*,#3373,.T.);
#4362=ORIENTED_EDGE('',*,*,#3267,.T.);
#4363=ORIENTED_EDGE('',*,*,#3385,.T.);
#4364=ORIENTED_EDGE('',*,*,#3273,.T.);
#4365=ORIENTED_EDGE('',*,*,#3372,.T.);
#4366=ORIENTED_EDGE('',*,*,#3370,.T.);
#4367=ORIENTED_EDGE('',*,*,#3368,.T.);
#4368=ORIENTED_EDGE('',*,*,#3366,.T.);
#4369=ORIENTED_EDGE('',*,*,#3363,.T.);
#4370=ORIENTED_EDGE('',*,*,#3386,.T.);
#4371=ORIENTED_EDGE('',*,*,#3356,.T.);
#4372=ORIENTED_EDGE('',*,*,#3358,.T.);
#4373=ORIENTED_EDGE('',*,*,#3360,.T.);
#4374=ORIENTED_EDGE('',*,*,#3362,.T.);
#4375=ORIENTED_EDGE('',*,*,#3381,.F.);
#4376=ORIENTED_EDGE('',*,*,#3276,.F.);
#4377=ORIENTED_EDGE('',*,*,#3282,.F.);
#4378=ORIENTED_EDGE('',*,*,#3291,.F.);
#4379=ORIENTED_EDGE('',*,*,#3329,.F.);
#4380=ORIENTED_EDGE('',*,*,#3387,.T.);
#4381=ORIENTED_EDGE('',*,*,#3383,.F.);
#4382=ORIENTED_EDGE('',*,*,#3388,.F.);
#4383=ORIENTED_EDGE('',*,*,#3331,.T.);
#4384=ORIENTED_EDGE('',*,*,#3294,.F.);
#4385=ORIENTED_EDGE('',*,*,#3298,.F.);
#4386=ORIENTED_EDGE('',*,*,#3307,.F.);
#4387=ORIENTED_EDGE('',*,*,#3314,.F.);
#4388=ORIENTED_EDGE('',*,*,#3344,.T.);
#4389=ORIENTED_EDGE('',*,*,#3346,.T.);
#4390=ORIENTED_EDGE('',*,*,#3348,.T.);
#4391=ORIENTED_EDGE('',*,*,#3350,.T.);
#4392=ORIENTED_EDGE('',*,*,#3352,.T.);
#4393=ORIENTED_EDGE('',*,*,#3354,.T.);
#4394=ORIENTED_EDGE('',*,*,#3328,.F.);
#4395=ORIENTED_EDGE('',*,*,#3270,.T.);
#4396=ORIENTED_EDGE('',*,*,#3384,.F.);
#4397=ORIENTED_EDGE('',*,*,#3387,.F.);
#4398=ORIENTED_EDGE('',*,*,#3365,.T.);
#4399=ORIENTED_EDGE('',*,*,#3333,.F.);
#4400=ORIENTED_EDGE('',*,*,#3389,.T.);
#4401=ORIENTED_EDGE('',*,*,#3386,.F.);
#4402=ORIENTED_EDGE('',*,*,#3389,.F.);
#4403=ORIENTED_EDGE('',*,*,#3332,.F.);
#4404=ORIENTED_EDGE('',*,*,#3388,.T.);
#4405=ORIENTED_EDGE('',*,*,#3382,.F.);
#4406=ORIENTED_EDGE('',*,*,#3311,.F.);
#4407=ORIENTED_EDGE('',*,*,#3330,.T.);
#4408=ORIENTED_EDGE('',*,*,#3323,.F.);
#4409=ORIENTED_EDGE('',*,*,#3315,.F.);
#4410=ORIENTED_EDGE('',*,*,#3274,.T.);
#4411=ORIENTED_EDGE('',*,*,#3385,.F.);
#4412=ORIENTED_EDGE('',*,*,#3266,.T.);
#4413=ORIENTED_EDGE('',*,*,#3339,.T.);
#4414=ORIENTED_EDGE('',*,*,#3390,.T.);
#4415=ORIENTED_EDGE('',*,*,#3391,.T.);
#4416=ORIENTED_EDGE('',*,*,#3392,.T.);
#4417=ORIENTED_EDGE('',*,*,#3393,.T.);
#4418=ORIENTED_EDGE('',*,*,#3394,.T.);
#4419=ORIENTED_EDGE('',*,*,#3395,.T.);
#4420=ORIENTED_EDGE('',*,*,#3393,.F.);
#4421=ORIENTED_EDGE('',*,*,#3396,.F.);
#4422=ORIENTED_EDGE('',*,*,#3397,.T.);
#4423=ORIENTED_EDGE('',*,*,#3398,.T.);
#4424=ORIENTED_EDGE('',*,*,#3399,.F.);
#4425=ORIENTED_EDGE('',*,*,#3400,.T.);
#4426=ORIENTED_EDGE('',*,*,#3401,.T.);
#4427=ORIENTED_EDGE('',*,*,#3392,.F.);
#4428=ORIENTED_EDGE('',*,*,#3402,.T.);
#4429=ORIENTED_EDGE('',*,*,#3403,.F.);
#4430=ORIENTED_EDGE('',*,*,#3398,.F.);
#4431=ORIENTED_EDGE('',*,*,#3404,.T.);
#4432=ORIENTED_EDGE('',*,*,#3405,.T.);
#4433=ORIENTED_EDGE('',*,*,#3396,.T.);
#4434=ORIENTED_EDGE('',*,*,#3391,.F.);
#4435=ORIENTED_EDGE('',*,*,#3406,.F.);
#4436=ORIENTED_EDGE('',*,*,#3407,.F.);
#4437=ORIENTED_EDGE('',*,*,#3402,.F.);
#4438=ORIENTED_EDGE('',*,*,#3403,.T.);
#4439=ORIENTED_EDGE('',*,*,#3407,.T.);
#4440=ORIENTED_EDGE('',*,*,#3408,.T.);
#4441=ORIENTED_EDGE('',*,*,#3409,.T.);
#4442=ORIENTED_EDGE('',*,*,#3410,.T.);
#4443=ORIENTED_EDGE('',*,*,#3399,.T.);
#4444=ORIENTED_EDGE('',*,*,#3411,.T.);
#4445=ORIENTED_EDGE('',*,*,#3412,.T.);
#4446=ORIENTED_EDGE('',*,*,#3413,.T.);
#4447=ORIENTED_EDGE('',*,*,#3414,.T.);
#4448=ORIENTED_EDGE('',*,*,#3415,.T.);
#4449=ORIENTED_EDGE('',*,*,#3416,.T.);
#4450=ORIENTED_EDGE('',*,*,#3414,.F.);
#4451=ORIENTED_EDGE('',*,*,#3417,.F.);
#4452=ORIENTED_EDGE('',*,*,#3418,.T.);
#4453=ORIENTED_EDGE('',*,*,#3419,.T.);
#4454=ORIENTED_EDGE('',*,*,#3420,.F.);
#4455=ORIENTED_EDGE('',*,*,#3421,.T.);
#4456=ORIENTED_EDGE('',*,*,#3413,.F.);
#4457=ORIENTED_EDGE('',*,*,#3422,.T.);
#4458=ORIENTED_EDGE('',*,*,#3423,.F.);
#4459=ORIENTED_EDGE('',*,*,#3419,.F.);
#4460=ORIENTED_EDGE('',*,*,#3424,.T.);
#4461=ORIENTED_EDGE('',*,*,#3425,.T.);
#4462=ORIENTED_EDGE('',*,*,#3417,.T.);
#4463=ORIENTED_EDGE('',*,*,#3412,.F.);
#4464=ORIENTED_EDGE('',*,*,#3426,.F.);
#4465=ORIENTED_EDGE('',*,*,#3427,.F.);
#4466=ORIENTED_EDGE('',*,*,#3422,.F.);
#4467=ORIENTED_EDGE('',*,*,#3423,.T.);
#4468=ORIENTED_EDGE('',*,*,#3427,.T.);
#4469=ORIENTED_EDGE('',*,*,#3428,.T.);
#4470=ORIENTED_EDGE('',*,*,#3429,.T.);
#4471=ORIENTED_EDGE('',*,*,#3430,.T.);
#4472=ORIENTED_EDGE('',*,*,#3420,.T.);
#4473=ORIENTED_EDGE('',*,*,#3394,.F.);
#4474=ORIENTED_EDGE('',*,*,#3401,.F.);
#4475=ORIENTED_EDGE('',*,*,#3431,.T.);
#4476=ORIENTED_EDGE('',*,*,#3432,.F.);
#4477=ORIENTED_EDGE('',*,*,#3433,.F.);
#4478=ORIENTED_EDGE('',*,*,#3431,.F.);
#4479=ORIENTED_EDGE('',*,*,#3400,.F.);
#4480=ORIENTED_EDGE('',*,*,#3410,.F.);
#4481=ORIENTED_EDGE('',*,*,#3434,.F.);
#4482=ORIENTED_EDGE('',*,*,#3397,.F.);
#4483=ORIENTED_EDGE('',*,*,#3405,.F.);
#4484=ORIENTED_EDGE('',*,*,#3435,.T.);
#4485=ORIENTED_EDGE('',*,*,#3436,.F.);
#4486=ORIENTED_EDGE('',*,*,#3435,.F.);
#4487=ORIENTED_EDGE('',*,*,#3404,.F.);
#4488=ORIENTED_EDGE('',*,*,#3395,.F.);
#4489=ORIENTED_EDGE('',*,*,#3434,.T.);
#4490=ORIENTED_EDGE('',*,*,#3409,.F.);
#4491=ORIENTED_EDGE('',*,*,#3437,.F.);
#4492=ORIENTED_EDGE('',*,*,#3438,.T.);
#4493=ORIENTED_EDGE('',*,*,#3439,.T.);
#4494=ORIENTED_EDGE('',*,*,#3390,.F.);
#4495=ORIENTED_EDGE('',*,*,#3439,.F.);
#4496=ORIENTED_EDGE('',*,*,#3440,.T.);
#4497=ORIENTED_EDGE('',*,*,#3441,.T.);
#4498=ORIENTED_EDGE('',*,*,#3437,.T.);
#4499=ORIENTED_EDGE('',*,*,#3408,.F.);
#4500=ORIENTED_EDGE('',*,*,#3406,.T.);
#4501=ORIENTED_EDGE('',*,*,#3418,.F.);
#4502=ORIENTED_EDGE('',*,*,#3425,.F.);
#4503=ORIENTED_EDGE('',*,*,#3442,.T.);
#4504=ORIENTED_EDGE('',*,*,#3440,.F.);
#4505=ORIENTED_EDGE('',*,*,#3438,.F.);
#4506=ORIENTED_EDGE('',*,*,#3441,.F.);
#4507=ORIENTED_EDGE('',*,*,#3442,.F.);
#4508=ORIENTED_EDGE('',*,*,#3424,.F.);
#4509=ORIENTED_EDGE('',*,*,#3415,.F.);
#4510=ORIENTED_EDGE('',*,*,#3421,.F.);
#4511=ORIENTED_EDGE('',*,*,#3430,.F.);
#4512=ORIENTED_EDGE('',*,*,#3443,.F.);
#4513=ORIENTED_EDGE('',*,*,#3444,.T.);
#4514=ORIENTED_EDGE('',*,*,#3445,.F.);
#4515=ORIENTED_EDGE('',*,*,#3446,.F.);
#4516=ORIENTED_EDGE('',*,*,#3444,.F.);
#4517=ORIENTED_EDGE('',*,*,#3447,.F.);
#4518=ORIENTED_EDGE('',*,*,#3416,.F.);
#4519=ORIENTED_EDGE('',*,*,#3447,.T.);
#4520=ORIENTED_EDGE('',*,*,#3443,.T.);
#4521=ORIENTED_EDGE('',*,*,#3429,.F.);
#4522=ORIENTED_EDGE('',*,*,#3448,.F.);
#4523=ORIENTED_EDGE('',*,*,#3449,.T.);
#4524=ORIENTED_EDGE('',*,*,#3450,.T.);
#4525=ORIENTED_EDGE('',*,*,#3411,.F.);
#4526=ORIENTED_EDGE('',*,*,#3450,.F.);
#4527=ORIENTED_EDGE('',*,*,#3451,.T.);
#4528=ORIENTED_EDGE('',*,*,#3452,.T.);
#4529=ORIENTED_EDGE('',*,*,#3448,.T.);
#4530=ORIENTED_EDGE('',*,*,#3428,.F.);
#4531=ORIENTED_EDGE('',*,*,#3426,.T.);
#4532=ORIENTED_EDGE('',*,*,#3453,.F.);
#4533=ORIENTED_EDGE('',*,*,#3454,.T.);
#4534=ORIENTED_EDGE('',*,*,#3451,.F.);
#4535=ORIENTED_EDGE('',*,*,#3449,.F.);
#4536=ORIENTED_EDGE('',*,*,#3452,.F.);
#4537=ORIENTED_EDGE('',*,*,#3454,.F.);
#4538=ORIENTED_EDGE('',*,*,#3455,.T.);
#4539=ORIENTED_EDGE('',*,*,#3456,.T.);
#4540=ORIENTED_EDGE('',*,*,#3436,.T.);
#4541=ORIENTED_EDGE('',*,*,#3456,.F.);
#4542=ORIENTED_EDGE('',*,*,#3455,.F.);
#4543=ORIENTED_EDGE('',*,*,#3457,.T.);
#4544=ORIENTED_EDGE('',*,*,#3458,.T.);
#4545=ORIENTED_EDGE('',*,*,#3459,.T.);
#4546=ORIENTED_EDGE('',*,*,#3460,.T.);
#4547=ORIENTED_EDGE('',*,*,#3461,.T.);
#4548=ORIENTED_EDGE('',*,*,#3462,.T.);
#4549=ORIENTED_EDGE('',*,*,#3463,.T.);
#4550=ORIENTED_EDGE('',*,*,#3464,.T.);
#4551=ORIENTED_EDGE('',*,*,#3465,.T.);
#4552=ORIENTED_EDGE('',*,*,#3466,.T.);
#4553=ORIENTED_EDGE('',*,*,#3467,.T.);
#4554=ORIENTED_EDGE('',*,*,#3468,.T.);
#4555=ORIENTED_EDGE('',*,*,#3469,.T.);
#4556=ORIENTED_EDGE('',*,*,#3470,.T.);
#4557=ORIENTED_EDGE('',*,*,#3471,.T.);
#4558=ORIENTED_EDGE('',*,*,#3472,.T.);
#4559=ORIENTED_EDGE('',*,*,#3453,.T.);
#4560=ORIENTED_EDGE('',*,*,#3472,.F.);
#4561=ORIENTED_EDGE('',*,*,#3471,.F.);
#4562=ORIENTED_EDGE('',*,*,#3473,.T.);
#4563=ORIENTED_EDGE('',*,*,#3474,.T.);
#4564=ORIENTED_EDGE('',*,*,#3475,.T.);
#4565=ORIENTED_EDGE('',*,*,#3476,.T.);
#4566=ORIENTED_EDGE('',*,*,#3477,.T.);
#4567=ORIENTED_EDGE('',*,*,#3478,.T.);
#4568=ORIENTED_EDGE('',*,*,#3479,.T.);
#4569=ORIENTED_EDGE('',*,*,#3480,.T.);
#4570=ORIENTED_EDGE('',*,*,#3481,.T.);
#4571=ORIENTED_EDGE('',*,*,#3482,.T.);
#4572=ORIENTED_EDGE('',*,*,#3483,.T.);
#4573=ORIENTED_EDGE('',*,*,#3484,.T.);
#4574=ORIENTED_EDGE('',*,*,#3485,.T.);
#4575=ORIENTED_EDGE('',*,*,#3486,.T.);
#4576=ORIENTED_EDGE('',*,*,#3487,.F.);
#4577=ORIENTED_EDGE('',*,*,#3488,.F.);
#4578=ORIENTED_EDGE('',*,*,#3489,.F.);
#4579=ORIENTED_EDGE('',*,*,#3490,.F.);
#4580=ORIENTED_EDGE('',*,*,#3491,.F.);
#4581=ORIENTED_EDGE('',*,*,#3492,.F.);
#4582=ORIENTED_EDGE('',*,*,#3493,.F.);
#4583=ORIENTED_EDGE('',*,*,#3494,.F.);
#4584=ORIENTED_EDGE('',*,*,#3495,.F.);
#4585=ORIENTED_EDGE('',*,*,#3496,.F.);
#4586=ORIENTED_EDGE('',*,*,#3497,.F.);
#4587=ORIENTED_EDGE('',*,*,#3498,.F.);
#4588=ORIENTED_EDGE('',*,*,#3499,.F.);
#4589=ORIENTED_EDGE('',*,*,#3500,.F.);
#4590=ORIENTED_EDGE('',*,*,#3501,.F.);
#4591=ORIENTED_EDGE('',*,*,#3502,.F.);
#4592=ORIENTED_EDGE('',*,*,#3503,.F.);
#4593=ORIENTED_EDGE('',*,*,#3498,.T.);
#4594=ORIENTED_EDGE('',*,*,#3504,.F.);
#4595=ORIENTED_EDGE('',*,*,#3505,.T.);
#4596=ORIENTED_EDGE('',*,*,#3506,.F.);
#4597=ORIENTED_EDGE('',*,*,#3490,.T.);
#4598=ORIENTED_EDGE('',*,*,#3507,.F.);
#4599=ORIENTED_EDGE('',*,*,#3508,.T.);
#4600=ORIENTED_EDGE('',*,*,#3509,.F.);
#4601=ORIENTED_EDGE('',*,*,#3510,.T.);
#4602=ORIENTED_EDGE('',*,*,#3511,.F.);
#4603=ORIENTED_EDGE('',*,*,#3492,.T.);
#4604=ORIENTED_EDGE('',*,*,#3512,.F.);
#4605=ORIENTED_EDGE('',*,*,#3513,.T.);
#4606=ORIENTED_EDGE('',*,*,#3514,.F.);
#4607=ORIENTED_EDGE('',*,*,#3488,.T.);
#4608=ORIENTED_EDGE('',*,*,#3515,.F.);
#4609=ORIENTED_EDGE('',*,*,#3494,.T.);
#4610=ORIENTED_EDGE('',*,*,#3516,.F.);
#4611=ORIENTED_EDGE('',*,*,#3517,.T.);
#4612=ORIENTED_EDGE('',*,*,#3518,.F.);
#4613=ORIENTED_EDGE('',*,*,#3519,.T.);
#4614=ORIENTED_EDGE('',*,*,#3520,.F.);
#4615=ORIENTED_EDGE('',*,*,#3496,.T.);
#4616=ORIENTED_EDGE('',*,*,#3521,.F.);
#4617=ORIENTED_EDGE('',*,*,#3502,.T.);
#4618=ORIENTED_EDGE('',*,*,#3522,.F.);
#4619=ORIENTED_EDGE('',*,*,#3523,.T.);
#4620=ORIENTED_EDGE('',*,*,#3524,.F.);
#4621=ORIENTED_EDGE('',*,*,#3508,.F.);
#4622=ORIENTED_EDGE('',*,*,#3525,.F.);
#4623=ORIENTED_EDGE('',*,*,#3513,.F.);
#4624=ORIENTED_EDGE('',*,*,#3526,.F.);
#4625=ORIENTED_EDGE('',*,*,#3517,.F.);
#4626=ORIENTED_EDGE('',*,*,#3527,.F.);
#4627=ORIENTED_EDGE('',*,*,#3510,.F.);
#4628=ORIENTED_EDGE('',*,*,#3528,.F.);
#4629=ORIENTED_EDGE('',*,*,#3505,.F.);
#4630=ORIENTED_EDGE('',*,*,#3529,.F.);
#4631=ORIENTED_EDGE('',*,*,#3519,.F.);
#4632=ORIENTED_EDGE('',*,*,#3530,.F.);
#4633=ORIENTED_EDGE('',*,*,#3523,.F.);
#4634=ORIENTED_EDGE('',*,*,#3531,.F.);
#4635=ORIENTED_EDGE('',*,*,#3532,.F.);
#4636=ORIENTED_EDGE('',*,*,#3533,.F.);
#4637=ORIENTED_EDGE('',*,*,#3532,.T.);
#4638=ORIENTED_EDGE('',*,*,#3534,.F.);
#4639=ORIENTED_EDGE('',*,*,#3500,.T.);
#4640=ORIENTED_EDGE('',*,*,#3468,.F.);
#4641=ORIENTED_EDGE('',*,*,#3535,.T.);
#4642=ORIENTED_EDGE('',*,*,#3484,.F.);
#4643=ORIENTED_EDGE('',*,*,#3536,.F.);
#4644=ORIENTED_EDGE('',*,*,#3530,.T.);
#4645=ORIENTED_EDGE('',*,*,#3533,.T.);
#4646=ORIENTED_EDGE('',*,*,#3499,.T.);
#4647=ORIENTED_EDGE('',*,*,#3521,.T.);
#4648=ORIENTED_EDGE('',*,*,#3470,.F.);
#4649=ORIENTED_EDGE('',*,*,#3537,.T.);
#4650=ORIENTED_EDGE('',*,*,#3485,.F.);
#4651=ORIENTED_EDGE('',*,*,#3535,.F.);
#4652=ORIENTED_EDGE('',*,*,#3528,.T.);
#4653=ORIENTED_EDGE('',*,*,#3518,.T.);
#4654=ORIENTED_EDGE('',*,*,#3495,.T.);
#4655=ORIENTED_EDGE('',*,*,#3503,.T.);
#4656=ORIENTED_EDGE('',*,*,#3469,.F.);
#4657=ORIENTED_EDGE('',*,*,#3536,.T.);
#4658=ORIENTED_EDGE('',*,*,#3486,.F.);
#4659=ORIENTED_EDGE('',*,*,#3537,.F.);
#4660=ORIENTED_EDGE('',*,*,#3445,.T.);
#4661=ORIENTED_EDGE('',*,*,#3446,.T.);
#4662=ORIENTED_EDGE('',*,*,#3465,.F.);
#4663=ORIENTED_EDGE('',*,*,#3538,.T.);
#4664=ORIENTED_EDGE('',*,*,#3481,.F.);
#4665=ORIENTED_EDGE('',*,*,#3539,.F.);
#4666=ORIENTED_EDGE('',*,*,#3526,.T.);
#4667=ORIENTED_EDGE('',*,*,#3509,.T.);
#4668=ORIENTED_EDGE('',*,*,#3491,.T.);
#4669=ORIENTED_EDGE('',*,*,#3515,.T.);
#4670=ORIENTED_EDGE('',*,*,#3467,.F.);
#4671=ORIENTED_EDGE('',*,*,#3540,.T.);
#4672=ORIENTED_EDGE('',*,*,#3482,.F.);
#4673=ORIENTED_EDGE('',*,*,#3538,.F.);
#4674=ORIENTED_EDGE('',*,*,#3524,.T.);
#4675=ORIENTED_EDGE('',*,*,#3512,.T.);
#4676=ORIENTED_EDGE('',*,*,#3487,.T.);
#4677=ORIENTED_EDGE('',*,*,#3506,.T.);
#4678=ORIENTED_EDGE('',*,*,#3466,.F.);
#4679=ORIENTED_EDGE('',*,*,#3539,.T.);
#4680=ORIENTED_EDGE('',*,*,#3483,.F.);
#4681=ORIENTED_EDGE('',*,*,#3540,.F.);
#4682=ORIENTED_EDGE('',*,*,#3432,.T.);
#4683=ORIENTED_EDGE('',*,*,#3433,.T.);
#4684=ORIENTED_EDGE('',*,*,#3462,.F.);
#4685=ORIENTED_EDGE('',*,*,#3541,.T.);
#4686=ORIENTED_EDGE('',*,*,#3478,.F.);
#4687=ORIENTED_EDGE('',*,*,#3542,.F.);
#4688=ORIENTED_EDGE('',*,*,#3525,.T.);
#4689=ORIENTED_EDGE('',*,*,#3507,.T.);
#4690=ORIENTED_EDGE('',*,*,#3489,.T.);
#4691=ORIENTED_EDGE('',*,*,#3514,.T.);
#4692=ORIENTED_EDGE('',*,*,#3464,.F.);
#4693=ORIENTED_EDGE('',*,*,#3543,.T.);
#4694=ORIENTED_EDGE('',*,*,#3479,.F.);
#4695=ORIENTED_EDGE('',*,*,#3541,.F.);
#4696=ORIENTED_EDGE('',*,*,#3531,.T.);
#4697=ORIENTED_EDGE('',*,*,#3522,.T.);
#4698=ORIENTED_EDGE('',*,*,#3501,.T.);
#4699=ORIENTED_EDGE('',*,*,#3534,.T.);
#4700=ORIENTED_EDGE('',*,*,#3463,.F.);
#4701=ORIENTED_EDGE('',*,*,#3542,.T.);
#4702=ORIENTED_EDGE('',*,*,#3480,.F.);
#4703=ORIENTED_EDGE('',*,*,#3543,.F.);
#4704=ORIENTED_EDGE('',*,*,#3459,.F.);
#4705=ORIENTED_EDGE('',*,*,#3544,.T.);
#4706=ORIENTED_EDGE('',*,*,#3475,.F.);
#4707=ORIENTED_EDGE('',*,*,#3545,.F.);
#4708=ORIENTED_EDGE('',*,*,#3527,.T.);
#4709=ORIENTED_EDGE('',*,*,#3516,.T.);
#4710=ORIENTED_EDGE('',*,*,#3493,.T.);
#4711=ORIENTED_EDGE('',*,*,#3511,.T.);
#4712=ORIENTED_EDGE('',*,*,#3461,.F.);
#4713=ORIENTED_EDGE('',*,*,#3546,.T.);
#4714=ORIENTED_EDGE('',*,*,#3476,.F.);
#4715=ORIENTED_EDGE('',*,*,#3544,.F.);
#4716=ORIENTED_EDGE('',*,*,#3460,.F.);
#4717=ORIENTED_EDGE('',*,*,#3545,.T.);
#4718=ORIENTED_EDGE('',*,*,#3477,.F.);
#4719=ORIENTED_EDGE('',*,*,#3546,.F.);
#4720=ORIENTED_EDGE('',*,*,#3529,.T.);
#4721=ORIENTED_EDGE('',*,*,#3504,.T.);
#4722=ORIENTED_EDGE('',*,*,#3497,.T.);
#4723=ORIENTED_EDGE('',*,*,#3520,.T.);
#4724=ORIENTED_EDGE('',*,*,#3458,.F.);
#4725=ORIENTED_EDGE('',*,*,#3547,.T.);
#4726=ORIENTED_EDGE('',*,*,#3474,.F.);
#4727=ORIENTED_EDGE('',*,*,#3548,.F.);
#4728=ORIENTED_EDGE('',*,*,#3457,.F.);
#4729=ORIENTED_EDGE('',*,*,#3548,.T.);
#4730=ORIENTED_EDGE('',*,*,#3473,.F.);
#4731=ORIENTED_EDGE('',*,*,#3547,.F.);
#4732=ORIENTED_EDGE('',*,*,#3549,.T.);
#4733=ORIENTED_EDGE('',*,*,#3550,.T.);
#4734=ORIENTED_EDGE('',*,*,#3551,.T.);
#4735=ORIENTED_EDGE('',*,*,#3552,.T.);
#4736=ORIENTED_EDGE('',*,*,#3550,.F.);
#4737=ORIENTED_EDGE('',*,*,#3553,.F.);
#4738=ORIENTED_EDGE('',*,*,#3554,.F.);
#4739=ORIENTED_EDGE('',*,*,#3555,.F.);
#4740=ORIENTED_EDGE('',*,*,#3556,.F.);
#4741=ORIENTED_EDGE('',*,*,#3557,.T.);
#4742=ORIENTED_EDGE('',*,*,#3549,.F.);
#4743=ORIENTED_EDGE('',*,*,#3558,.T.);
#4744=ORIENTED_EDGE('',*,*,#3559,.T.);
#4745=ORIENTED_EDGE('',*,*,#3560,.T.);
#4746=ORIENTED_EDGE('',*,*,#3561,.T.);
#4747=ORIENTED_EDGE('',*,*,#3562,.T.);
#4748=ORIENTED_EDGE('',*,*,#3553,.T.);
#4749=ORIENTED_EDGE('',*,*,#3563,.T.);
#4750=ORIENTED_EDGE('',*,*,#3564,.T.);
#4751=ORIENTED_EDGE('',*,*,#3565,.T.);
#4752=ORIENTED_EDGE('',*,*,#3556,.T.);
#4753=ORIENTED_EDGE('',*,*,#3564,.F.);
#4754=ORIENTED_EDGE('',*,*,#3566,.F.);
#4755=ORIENTED_EDGE('',*,*,#3567,.F.);
#4756=ORIENTED_EDGE('',*,*,#3568,.T.);
#4757=ORIENTED_EDGE('',*,*,#3563,.F.);
#4758=ORIENTED_EDGE('',*,*,#3555,.T.);
#4759=ORIENTED_EDGE('',*,*,#3569,.T.);
#4760=ORIENTED_EDGE('',*,*,#3570,.T.);
#4761=ORIENTED_EDGE('',*,*,#3571,.T.);
#4762=ORIENTED_EDGE('',*,*,#3572,.T.);
#4763=ORIENTED_EDGE('',*,*,#3566,.T.);
#4764=ORIENTED_EDGE('',*,*,#3570,.F.);
#4765=ORIENTED_EDGE('',*,*,#3573,.F.);
#4766=ORIENTED_EDGE('',*,*,#3561,.F.);
#4767=ORIENTED_EDGE('',*,*,#3574,.F.);
#4768=ORIENTED_EDGE('',*,*,#3575,.F.);
#4769=ORIENTED_EDGE('',*,*,#3576,.T.);
#4770=ORIENTED_EDGE('',*,*,#3577,.F.);
#4771=ORIENTED_EDGE('',*,*,#3578,.F.);
#4772=ORIENTED_EDGE('',*,*,#3579,.F.);
#4773=ORIENTED_EDGE('',*,*,#3580,.F.);
#4774=ORIENTED_EDGE('',*,*,#3581,.F.);
#4775=ORIENTED_EDGE('',*,*,#3569,.F.);
#4776=ORIENTED_EDGE('',*,*,#3554,.T.);
#4777=ORIENTED_EDGE('',*,*,#3562,.F.);
#4778=ORIENTED_EDGE('',*,*,#3573,.T.);
#4779=ORIENTED_EDGE('',*,*,#3582,.T.);
#4780=ORIENTED_EDGE('',*,*,#3583,.T.);
#4781=ORIENTED_EDGE('',*,*,#3584,.T.);
#4782=ORIENTED_EDGE('',*,*,#3585,.T.);
#4783=ORIENTED_EDGE('',*,*,#3586,.T.);
#4784=ORIENTED_EDGE('',*,*,#3586,.F.);
#4785=ORIENTED_EDGE('',*,*,#3587,.T.);
#4786=ORIENTED_EDGE('',*,*,#3588,.F.);
#4787=ORIENTED_EDGE('',*,*,#3589,.F.);
#4788=ORIENTED_EDGE('',*,*,#3585,.F.);
#4789=ORIENTED_EDGE('',*,*,#3590,.F.);
#4790=ORIENTED_EDGE('',*,*,#3571,.F.);
#4791=ORIENTED_EDGE('',*,*,#3581,.T.);
#4792=ORIENTED_EDGE('',*,*,#3591,.T.);
#4793=ORIENTED_EDGE('',*,*,#3592,.T.);
#4794=ORIENTED_EDGE('',*,*,#3593,.T.);
#4795=ORIENTED_EDGE('',*,*,#3574,.T.);
#4796=ORIENTED_EDGE('',*,*,#3560,.F.);
#4797=ORIENTED_EDGE('',*,*,#3594,.F.);
#4798=ORIENTED_EDGE('',*,*,#3595,.F.);
#4799=ORIENTED_EDGE('',*,*,#3596,.F.);
#4800=ORIENTED_EDGE('',*,*,#3597,.F.);
#4801=ORIENTED_EDGE('',*,*,#3587,.F.);
#4802=ORIENTED_EDGE('',*,*,#3598,.T.);
#4803=ORIENTED_EDGE('',*,*,#3599,.T.);
#4804=ORIENTED_EDGE('',*,*,#3600,.T.);
#4805=ORIENTED_EDGE('',*,*,#3601,.T.);
#4806=ORIENTED_EDGE('',*,*,#3602,.T.);
#4807=ORIENTED_EDGE('',*,*,#3603,.T.);
#4808=ORIENTED_EDGE('',*,*,#3604,.T.);
#4809=ORIENTED_EDGE('',*,*,#3605,.T.);
#4810=ORIENTED_EDGE('',*,*,#3606,.T.);
#4811=ORIENTED_EDGE('',*,*,#3588,.T.);
#4812=ORIENTED_EDGE('',*,*,#3597,.T.);
#4813=ORIENTED_EDGE('',*,*,#3607,.T.);
#4814=ORIENTED_EDGE('',*,*,#3607,.F.);
#4815=ORIENTED_EDGE('',*,*,#3596,.T.);
#4816=ORIENTED_EDGE('',*,*,#3608,.F.);
#4817=ORIENTED_EDGE('',*,*,#3609,.T.);
#4818=ORIENTED_EDGE('',*,*,#3610,.F.);
#4819=ORIENTED_EDGE('',*,*,#3559,.F.);
#4820=ORIENTED_EDGE('',*,*,#3611,.T.);
#4821=ORIENTED_EDGE('',*,*,#3612,.T.);
#4822=ORIENTED_EDGE('',*,*,#3613,.T.);
#4823=ORIENTED_EDGE('',*,*,#3614,.T.);
#4824=ORIENTED_EDGE('',*,*,#3615,.T.);
#4825=ORIENTED_EDGE('',*,*,#3616,.T.);
#4826=ORIENTED_EDGE('',*,*,#3617,.T.);
#4827=ORIENTED_EDGE('',*,*,#3618,.F.);
#4828=ORIENTED_EDGE('',*,*,#3594,.T.);
#4829=ORIENTED_EDGE('',*,*,#3618,.T.);
#4830=ORIENTED_EDGE('',*,*,#3619,.T.);
#4831=ORIENTED_EDGE('',*,*,#3608,.T.);
#4832=ORIENTED_EDGE('',*,*,#3595,.T.);
#4833=ORIENTED_EDGE('',*,*,#3620,.F.);
#4834=ORIENTED_EDGE('',*,*,#3621,.F.);
#4835=ORIENTED_EDGE('',*,*,#3576,.F.);
#4836=ORIENTED_EDGE('',*,*,#3622,.T.);
#4837=ORIENTED_EDGE('',*,*,#3623,.F.);
#4838=ORIENTED_EDGE('',*,*,#3624,.F.);
#4839=ORIENTED_EDGE('',*,*,#3623,.T.);
#4840=ORIENTED_EDGE('',*,*,#3625,.F.);
#4841=ORIENTED_EDGE('',*,*,#3626,.F.);
#4842=ORIENTED_EDGE('',*,*,#3627,.F.);
#4843=ORIENTED_EDGE('',*,*,#3628,.T.);
#4844=ORIENTED_EDGE('',*,*,#3622,.F.);
#4845=ORIENTED_EDGE('',*,*,#3575,.T.);
#4846=ORIENTED_EDGE('',*,*,#3593,.F.);
#4847=ORIENTED_EDGE('',*,*,#3629,.F.);
#4848=ORIENTED_EDGE('',*,*,#3630,.F.);
#4849=ORIENTED_EDGE('',*,*,#3625,.T.);
#4850=ORIENTED_EDGE('',*,*,#3631,.F.);
#4851=ORIENTED_EDGE('',*,*,#3624,.T.);
#4852=ORIENTED_EDGE('',*,*,#3628,.F.);
#4853=ORIENTED_EDGE('',*,*,#3632,.T.);
#4854=ORIENTED_EDGE('',*,*,#3577,.T.);
#4855=ORIENTED_EDGE('',*,*,#3621,.T.);
#4856=ORIENTED_EDGE('',*,*,#3633,.F.);
#4857=ORIENTED_EDGE('',*,*,#3632,.F.);
#4858=ORIENTED_EDGE('',*,*,#3627,.T.);
#4859=ORIENTED_EDGE('',*,*,#3634,.F.);
#4860=ORIENTED_EDGE('',*,*,#3578,.T.);
#4861=ORIENTED_EDGE('',*,*,#3626,.T.);
#4862=ORIENTED_EDGE('',*,*,#3630,.T.);
#4863=ORIENTED_EDGE('',*,*,#3635,.F.);
#4864=ORIENTED_EDGE('',*,*,#3636,.F.);
#4865=ORIENTED_EDGE('',*,*,#3579,.T.);
#4866=ORIENTED_EDGE('',*,*,#3634,.T.);
#4867=ORIENTED_EDGE('',*,*,#3637,.T.);
#4868=ORIENTED_EDGE('',*,*,#3638,.T.);
#4869=ORIENTED_EDGE('',*,*,#3639,.T.);
#4870=ORIENTED_EDGE('',*,*,#3640,.T.);
#4871=ORIENTED_EDGE('',*,*,#3641,.T.);
#4872=ORIENTED_EDGE('',*,*,#3642,.F.);
#4873=ORIENTED_EDGE('',*,*,#3643,.F.);
#4874=ORIENTED_EDGE('',*,*,#3641,.F.);
#4875=ORIENTED_EDGE('',*,*,#3644,.F.);
#4876=ORIENTED_EDGE('',*,*,#3645,.F.);
#4877=ORIENTED_EDGE('',*,*,#3646,.F.);
#4878=ORIENTED_EDGE('',*,*,#3640,.F.);
#4879=ORIENTED_EDGE('',*,*,#3647,.F.);
#4880=ORIENTED_EDGE('',*,*,#3648,.F.);
#4881=ORIENTED_EDGE('',*,*,#3649,.F.);
#4882=ORIENTED_EDGE('',*,*,#3650,.T.);
#4883=ORIENTED_EDGE('',*,*,#3651,.T.);
#4884=ORIENTED_EDGE('',*,*,#3652,.T.);
#4885=ORIENTED_EDGE('',*,*,#3648,.T.);
#4886=ORIENTED_EDGE('',*,*,#3653,.F.);
#4887=ORIENTED_EDGE('',*,*,#3654,.F.);
#4888=ORIENTED_EDGE('',*,*,#3655,.F.);
#4889=ORIENTED_EDGE('',*,*,#3652,.F.);
#4890=ORIENTED_EDGE('',*,*,#3656,.T.);
#4891=ORIENTED_EDGE('',*,*,#3657,.F.);
#4892=ORIENTED_EDGE('',*,*,#3658,.F.);
#4893=ORIENTED_EDGE('',*,*,#3659,.F.);
#4894=ORIENTED_EDGE('',*,*,#3660,.F.);
#4895=ORIENTED_EDGE('',*,*,#3661,.T.);
#4896=ORIENTED_EDGE('',*,*,#3662,.T.);
#4897=ORIENTED_EDGE('',*,*,#3653,.T.);
#4898=ORIENTED_EDGE('',*,*,#3647,.T.);
#4899=ORIENTED_EDGE('',*,*,#3645,.T.);
#4900=ORIENTED_EDGE('',*,*,#3639,.F.);
#4901=ORIENTED_EDGE('',*,*,#3663,.T.);
#4902=ORIENTED_EDGE('',*,*,#3664,.F.);
#4903=ORIENTED_EDGE('',*,*,#3656,.F.);
#4904=ORIENTED_EDGE('',*,*,#3665,.T.);
#4905=ORIENTED_EDGE('',*,*,#3666,.T.);
#4906=ORIENTED_EDGE('',*,*,#3642,.T.);
#4907=ORIENTED_EDGE('',*,*,#3643,.T.);
#4908=ORIENTED_EDGE('',*,*,#3654,.T.);
#4909=ORIENTED_EDGE('',*,*,#3651,.F.);
#4910=ORIENTED_EDGE('',*,*,#3667,.T.);
#4911=ORIENTED_EDGE('',*,*,#3668,.F.);
#4912=ORIENTED_EDGE('',*,*,#3669,.F.);
#4913=ORIENTED_EDGE('',*,*,#3670,.F.);
#4914=ORIENTED_EDGE('',*,*,#3663,.F.);
#4915=ORIENTED_EDGE('',*,*,#3638,.F.);
#4916=ORIENTED_EDGE('',*,*,#3666,.F.);
#4917=ORIENTED_EDGE('',*,*,#3650,.F.);
#4918=ORIENTED_EDGE('',*,*,#3662,.F.);
#4919=ORIENTED_EDGE('',*,*,#3671,.F.);
#4920=ORIENTED_EDGE('',*,*,#3672,.F.);
#4921=ORIENTED_EDGE('',*,*,#3667,.F.);
#4922=ORIENTED_EDGE('',*,*,#3673,.T.);
#4923=ORIENTED_EDGE('',*,*,#3674,.T.);
#4924=ORIENTED_EDGE('',*,*,#3675,.T.);
#4925=ORIENTED_EDGE('',*,*,#3676,.T.);
#4926=ORIENTED_EDGE('',*,*,#3677,.F.);
#4927=ORIENTED_EDGE('',*,*,#3678,.F.);
#4928=ORIENTED_EDGE('',*,*,#3679,.F.);
#4929=ORIENTED_EDGE('',*,*,#3680,.F.);
#4930=ORIENTED_EDGE('',*,*,#3681,.F.);
#4931=ORIENTED_EDGE('',*,*,#3682,.F.);
#4932=ORIENTED_EDGE('',*,*,#3675,.F.);
#4933=ORIENTED_EDGE('',*,*,#3683,.T.);
#4934=ORIENTED_EDGE('',*,*,#3684,.T.);
#4935=ORIENTED_EDGE('',*,*,#3685,.T.);
#4936=ORIENTED_EDGE('',*,*,#3679,.T.);
#4937=ORIENTED_EDGE('',*,*,#3686,.F.);
#4938=ORIENTED_EDGE('',*,*,#3687,.F.);
#4939=ORIENTED_EDGE('',*,*,#3688,.F.);
#4940=ORIENTED_EDGE('',*,*,#3685,.F.);
#4941=ORIENTED_EDGE('',*,*,#3689,.F.);
#4942=ORIENTED_EDGE('',*,*,#3676,.F.);
#4943=ORIENTED_EDGE('',*,*,#3690,.F.);
#4944=ORIENTED_EDGE('',*,*,#3691,.T.);
#4945=ORIENTED_EDGE('',*,*,#3692,.T.);
#4946=ORIENTED_EDGE('',*,*,#3693,.T.);
#4947=ORIENTED_EDGE('',*,*,#3694,.T.);
#4948=ORIENTED_EDGE('',*,*,#3695,.F.);
#4949=ORIENTED_EDGE('',*,*,#3696,.F.);
#4950=ORIENTED_EDGE('',*,*,#3697,.F.);
#4951=ORIENTED_EDGE('',*,*,#3698,.F.);
#4952=ORIENTED_EDGE('',*,*,#3699,.T.);
#4953=ORIENTED_EDGE('',*,*,#3700,.T.);
#4954=ORIENTED_EDGE('',*,*,#3701,.T.);
#4955=ORIENTED_EDGE('',*,*,#3697,.T.);
#4956=ORIENTED_EDGE('',*,*,#3702,.F.);
#4957=ORIENTED_EDGE('',*,*,#3703,.F.);
#4958=ORIENTED_EDGE('',*,*,#3704,.F.);
#4959=ORIENTED_EDGE('',*,*,#3701,.F.);
#4960=ORIENTED_EDGE('',*,*,#3705,.F.);
#4961=ORIENTED_EDGE('',*,*,#3706,.F.);
#4962=ORIENTED_EDGE('',*,*,#3693,.F.);
#4963=ORIENTED_EDGE('',*,*,#3707,.F.);
#4964=ORIENTED_EDGE('',*,*,#3694,.F.);
#4965=ORIENTED_EDGE('',*,*,#3708,.F.);
#4966=ORIENTED_EDGE('',*,*,#3709,.T.);
#4967=ORIENTED_EDGE('',*,*,#3710,.T.);
#4968=ORIENTED_EDGE('',*,*,#3711,.T.);
#4969=ORIENTED_EDGE('',*,*,#3712,.T.);
#4970=ORIENTED_EDGE('',*,*,#3713,.F.);
#4971=ORIENTED_EDGE('',*,*,#3714,.T.);
#4972=ORIENTED_EDGE('',*,*,#3715,.T.);
#4973=ORIENTED_EDGE('',*,*,#3716,.T.);
#4974=ORIENTED_EDGE('',*,*,#3717,.T.);
#4975=ORIENTED_EDGE('',*,*,#3718,.F.);
#4976=ORIENTED_EDGE('',*,*,#3719,.F.);
#4977=ORIENTED_EDGE('',*,*,#3717,.F.);
#4978=ORIENTED_EDGE('',*,*,#3720,.F.);
#4979=ORIENTED_EDGE('',*,*,#3721,.F.);
#4980=ORIENTED_EDGE('',*,*,#3722,.F.);
#4981=ORIENTED_EDGE('',*,*,#3711,.F.);
#4982=ORIENTED_EDGE('',*,*,#3723,.F.);
#4983=ORIENTED_EDGE('',*,*,#3712,.F.);
#4984=ORIENTED_EDGE('',*,*,#3724,.F.);
#4985=ORIENTED_EDGE('',*,*,#3725,.F.);
#4986=ORIENTED_EDGE('',*,*,#3726,.F.);
#4987=ORIENTED_EDGE('',*,*,#3716,.F.);
#4988=ORIENTED_EDGE('',*,*,#3727,.T.);
#4989=ORIENTED_EDGE('',*,*,#3728,.T.);
#4990=ORIENTED_EDGE('',*,*,#3729,.T.);
#4991=ORIENTED_EDGE('',*,*,#3730,.T.);
#4992=ORIENTED_EDGE('',*,*,#3731,.F.);
#4993=ORIENTED_EDGE('',*,*,#3732,.T.);
#4994=ORIENTED_EDGE('',*,*,#3733,.T.);
#4995=ORIENTED_EDGE('',*,*,#3734,.T.);
#4996=ORIENTED_EDGE('',*,*,#3735,.T.);
#4997=ORIENTED_EDGE('',*,*,#3736,.F.);
#4998=ORIENTED_EDGE('',*,*,#3737,.F.);
#4999=ORIENTED_EDGE('',*,*,#3730,.F.);
#5000=ORIENTED_EDGE('',*,*,#3738,.F.);
#5001=ORIENTED_EDGE('',*,*,#3739,.F.);
#5002=ORIENTED_EDGE('',*,*,#3740,.F.);
#5003=ORIENTED_EDGE('',*,*,#3729,.F.);
#5004=ORIENTED_EDGE('',*,*,#3741,.F.);
#5005=ORIENTED_EDGE('',*,*,#3735,.F.);
#5006=ORIENTED_EDGE('',*,*,#3742,.F.);
#5007=ORIENTED_EDGE('',*,*,#3743,.F.);
#5008=ORIENTED_EDGE('',*,*,#3744,.F.);
#5009=ORIENTED_EDGE('',*,*,#3734,.F.);
#5010=ORIENTED_EDGE('',*,*,#3745,.T.);
#5011=ORIENTED_EDGE('',*,*,#3746,.T.);
#5012=ORIENTED_EDGE('',*,*,#3747,.T.);
#5013=ORIENTED_EDGE('',*,*,#3748,.T.);
#5014=ORIENTED_EDGE('',*,*,#3749,.F.);
#5015=ORIENTED_EDGE('',*,*,#3750,.T.);
#5016=ORIENTED_EDGE('',*,*,#3751,.T.);
#5017=ORIENTED_EDGE('',*,*,#3752,.T.);
#5018=ORIENTED_EDGE('',*,*,#3753,.T.);
#5019=ORIENTED_EDGE('',*,*,#3754,.F.);
#5020=ORIENTED_EDGE('',*,*,#3755,.F.);
#5021=ORIENTED_EDGE('',*,*,#3756,.F.);
#5022=ORIENTED_EDGE('',*,*,#3747,.F.);
#5023=ORIENTED_EDGE('',*,*,#3757,.F.);
#5024=ORIENTED_EDGE('',*,*,#3748,.F.);
#5025=ORIENTED_EDGE('',*,*,#3758,.F.);
#5026=ORIENTED_EDGE('',*,*,#3759,.F.);
#5027=ORIENTED_EDGE('',*,*,#3760,.F.);
#5028=ORIENTED_EDGE('',*,*,#3752,.F.);
#5029=ORIENTED_EDGE('',*,*,#3761,.F.);
#5030=ORIENTED_EDGE('',*,*,#3753,.F.);
#5031=ORIENTED_EDGE('',*,*,#3762,.F.);
#5032=ORIENTED_EDGE('',*,*,#3763,.T.);
#5033=ORIENTED_EDGE('',*,*,#3764,.T.);
#5034=ORIENTED_EDGE('',*,*,#3765,.T.);
#5035=ORIENTED_EDGE('',*,*,#3766,.T.);
#5036=ORIENTED_EDGE('',*,*,#3767,.F.);
#5037=ORIENTED_EDGE('',*,*,#3768,.T.);
#5038=ORIENTED_EDGE('',*,*,#3769,.T.);
#5039=ORIENTED_EDGE('',*,*,#3770,.T.);
#5040=ORIENTED_EDGE('',*,*,#3771,.T.);
#5041=ORIENTED_EDGE('',*,*,#3772,.F.);
#5042=ORIENTED_EDGE('',*,*,#3773,.F.);
#5043=ORIENTED_EDGE('',*,*,#3774,.F.);
#5044=ORIENTED_EDGE('',*,*,#3765,.F.);
#5045=ORIENTED_EDGE('',*,*,#3775,.F.);
#5046=ORIENTED_EDGE('',*,*,#3766,.F.);
#5047=ORIENTED_EDGE('',*,*,#3776,.F.);
#5048=ORIENTED_EDGE('',*,*,#3777,.F.);
#5049=ORIENTED_EDGE('',*,*,#3778,.F.);
#5050=ORIENTED_EDGE('',*,*,#3770,.F.);
#5051=ORIENTED_EDGE('',*,*,#3779,.F.);
#5052=ORIENTED_EDGE('',*,*,#3771,.F.);
#5053=ORIENTED_EDGE('',*,*,#3780,.F.);
#5054=ORIENTED_EDGE('',*,*,#3781,.T.);
#5055=ORIENTED_EDGE('',*,*,#3782,.T.);
#5056=ORIENTED_EDGE('',*,*,#3783,.T.);
#5057=ORIENTED_EDGE('',*,*,#3784,.T.);
#5058=ORIENTED_EDGE('',*,*,#3785,.F.);
#5059=ORIENTED_EDGE('',*,*,#3786,.T.);
#5060=ORIENTED_EDGE('',*,*,#3787,.T.);
#5061=ORIENTED_EDGE('',*,*,#3788,.T.);
#5062=ORIENTED_EDGE('',*,*,#3789,.T.);
#5063=ORIENTED_EDGE('',*,*,#3790,.F.);
#5064=ORIENTED_EDGE('',*,*,#3791,.F.);
#5065=ORIENTED_EDGE('',*,*,#3784,.F.);
#5066=ORIENTED_EDGE('',*,*,#3792,.F.);
#5067=ORIENTED_EDGE('',*,*,#3793,.F.);
#5068=ORIENTED_EDGE('',*,*,#3794,.F.);
#5069=ORIENTED_EDGE('',*,*,#3783,.F.);
#5070=ORIENTED_EDGE('',*,*,#3795,.F.);
#5071=ORIENTED_EDGE('',*,*,#3789,.F.);
#5072=ORIENTED_EDGE('',*,*,#3796,.F.);
#5073=ORIENTED_EDGE('',*,*,#3797,.F.);
#5074=ORIENTED_EDGE('',*,*,#3798,.F.);
#5075=ORIENTED_EDGE('',*,*,#3788,.F.);
#5076=ORIENTED_EDGE('',*,*,#3799,.T.);
#5077=ORIENTED_EDGE('',*,*,#3800,.T.);
#5078=ORIENTED_EDGE('',*,*,#3801,.T.);
#5079=ORIENTED_EDGE('',*,*,#3802,.T.);
#5080=ORIENTED_EDGE('',*,*,#3803,.F.);
#5081=ORIENTED_EDGE('',*,*,#3804,.T.);
#5082=ORIENTED_EDGE('',*,*,#3805,.T.);
#5083=ORIENTED_EDGE('',*,*,#3806,.T.);
#5084=ORIENTED_EDGE('',*,*,#3807,.T.);
#5085=ORIENTED_EDGE('',*,*,#3808,.F.);
#5086=ORIENTED_EDGE('',*,*,#3809,.F.);
#5087=ORIENTED_EDGE('',*,*,#3810,.F.);
#5088=ORIENTED_EDGE('',*,*,#3801,.F.);
#5089=ORIENTED_EDGE('',*,*,#3811,.F.);
#5090=ORIENTED_EDGE('',*,*,#3802,.F.);
#5091=ORIENTED_EDGE('',*,*,#3812,.F.);
#5092=ORIENTED_EDGE('',*,*,#3813,.F.);
#5093=ORIENTED_EDGE('',*,*,#3814,.F.);
#5094=ORIENTED_EDGE('',*,*,#3806,.F.);
#5095=ORIENTED_EDGE('',*,*,#3815,.F.);
#5096=ORIENTED_EDGE('',*,*,#3807,.F.);
#5097=ORIENTED_EDGE('',*,*,#3816,.F.);
#5098=ORIENTED_EDGE('',*,*,#3817,.T.);
#5099=ORIENTED_EDGE('',*,*,#3818,.T.);
#5100=ORIENTED_EDGE('',*,*,#3819,.T.);
#5101=ORIENTED_EDGE('',*,*,#3820,.T.);
#5102=ORIENTED_EDGE('',*,*,#3821,.F.);
#5103=ORIENTED_EDGE('',*,*,#3822,.T.);
#5104=ORIENTED_EDGE('',*,*,#3823,.T.);
#5105=ORIENTED_EDGE('',*,*,#3824,.T.);
#5106=ORIENTED_EDGE('',*,*,#3825,.T.);
#5107=ORIENTED_EDGE('',*,*,#3826,.F.);
#5108=ORIENTED_EDGE('',*,*,#3827,.F.);
#5109=ORIENTED_EDGE('',*,*,#3820,.F.);
#5110=ORIENTED_EDGE('',*,*,#3828,.F.);
#5111=ORIENTED_EDGE('',*,*,#3829,.F.);
#5112=ORIENTED_EDGE('',*,*,#3830,.F.);
#5113=ORIENTED_EDGE('',*,*,#3819,.F.);
#5114=ORIENTED_EDGE('',*,*,#3831,.F.);
#5115=ORIENTED_EDGE('',*,*,#3825,.F.);
#5116=ORIENTED_EDGE('',*,*,#3832,.F.);
#5117=ORIENTED_EDGE('',*,*,#3833,.F.);
#5118=ORIENTED_EDGE('',*,*,#3834,.F.);
#5119=ORIENTED_EDGE('',*,*,#3824,.F.);
#5120=ORIENTED_EDGE('',*,*,#3835,.T.);
#5121=ORIENTED_EDGE('',*,*,#3836,.F.);
#5122=ORIENTED_EDGE('',*,*,#3837,.F.);
#5123=ORIENTED_EDGE('',*,*,#3838,.F.);
#5124=ORIENTED_EDGE('',*,*,#3839,.T.);
#5125=ORIENTED_EDGE('',*,*,#3840,.F.);
#5126=ORIENTED_EDGE('',*,*,#3841,.F.);
#5127=ORIENTED_EDGE('',*,*,#3842,.F.);
#5128=ORIENTED_EDGE('',*,*,#3843,.T.);
#5129=ORIENTED_EDGE('',*,*,#3844,.F.);
#5130=ORIENTED_EDGE('',*,*,#3845,.F.);
#5131=ORIENTED_EDGE('',*,*,#3846,.F.);
#5132=ORIENTED_EDGE('',*,*,#3847,.T.);
#5133=ORIENTED_EDGE('',*,*,#3848,.F.);
#5134=ORIENTED_EDGE('',*,*,#3849,.F.);
#5135=ORIENTED_EDGE('',*,*,#3850,.F.);
#5136=ORIENTED_EDGE('',*,*,#3851,.T.);
#5137=ORIENTED_EDGE('',*,*,#3852,.F.);
#5138=ORIENTED_EDGE('',*,*,#3853,.F.);
#5139=ORIENTED_EDGE('',*,*,#3854,.F.);
#5140=ORIENTED_EDGE('',*,*,#3855,.T.);
#5141=ORIENTED_EDGE('',*,*,#3856,.F.);
#5142=ORIENTED_EDGE('',*,*,#3857,.F.);
#5143=ORIENTED_EDGE('',*,*,#3858,.F.);
#5144=ORIENTED_EDGE('',*,*,#3859,.T.);
#5145=ORIENTED_EDGE('',*,*,#3860,.F.);
#5146=ORIENTED_EDGE('',*,*,#3861,.F.);
#5147=ORIENTED_EDGE('',*,*,#3862,.F.);
#5148=ORIENTED_EDGE('',*,*,#3863,.T.);
#5149=ORIENTED_EDGE('',*,*,#3864,.F.);
#5150=ORIENTED_EDGE('',*,*,#3865,.F.);
#5151=ORIENTED_EDGE('',*,*,#3866,.F.);
#5152=ORIENTED_EDGE('',*,*,#3867,.T.);
#5153=ORIENTED_EDGE('',*,*,#3868,.F.);
#5154=ORIENTED_EDGE('',*,*,#3869,.F.);
#5155=ORIENTED_EDGE('',*,*,#3870,.F.);
#5156=ORIENTED_EDGE('',*,*,#3732,.F.);
#5157=ORIENTED_EDGE('',*,*,#3871,.F.);
#5158=ORIENTED_EDGE('',*,*,#3872,.F.);
#5159=ORIENTED_EDGE('',*,*,#3873,.F.);
#5160=ORIENTED_EDGE('',*,*,#3874,.F.);
#5161=ORIENTED_EDGE('',*,*,#3804,.F.);
#5162=ORIENTED_EDGE('',*,*,#3875,.F.);
#5163=ORIENTED_EDGE('',*,*,#3876,.F.);
#5164=ORIENTED_EDGE('',*,*,#3877,.F.);
#5165=ORIENTED_EDGE('',*,*,#3878,.F.);
#5166=ORIENTED_EDGE('',*,*,#3768,.F.);
#5167=ORIENTED_EDGE('',*,*,#3879,.F.);
#5168=ORIENTED_EDGE('',*,*,#3880,.F.);
#5169=ORIENTED_EDGE('',*,*,#3881,.F.);
#5170=ORIENTED_EDGE('',*,*,#3882,.F.);
#5171=ORIENTED_EDGE('',*,*,#3691,.F.);
#5172=ORIENTED_EDGE('',*,*,#3883,.F.);
#5173=ORIENTED_EDGE('',*,*,#3884,.F.);
#5174=ORIENTED_EDGE('',*,*,#3885,.F.);
#5175=ORIENTED_EDGE('',*,*,#3886,.F.);
#5176=ORIENTED_EDGE('',*,*,#3887,.F.);
#5177=ORIENTED_EDGE('',*,*,#3888,.T.);
#5178=ORIENTED_EDGE('',*,*,#3889,.T.);
#5179=ORIENTED_EDGE('',*,*,#3677,.T.);
#5180=ORIENTED_EDGE('',*,*,#3689,.T.);
#5181=ORIENTED_EDGE('',*,*,#3687,.T.);
#5182=ORIENTED_EDGE('',*,*,#3684,.F.);
#5183=ORIENTED_EDGE('',*,*,#3890,.T.);
#5184=ORIENTED_EDGE('',*,*,#3891,.F.);
#5185=ORIENTED_EDGE('',*,*,#3835,.F.);
#5186=ORIENTED_EDGE('',*,*,#3892,.T.);
#5187=ORIENTED_EDGE('',*,*,#3893,.T.);
#5188=ORIENTED_EDGE('',*,*,#3686,.T.);
#5189=ORIENTED_EDGE('',*,*,#3678,.T.);
#5190=ORIENTED_EDGE('',*,*,#3681,.T.);
#5191=ORIENTED_EDGE('',*,*,#3674,.F.);
#5192=ORIENTED_EDGE('',*,*,#3894,.T.);
#5193=ORIENTED_EDGE('',*,*,#3895,.F.);
#5194=ORIENTED_EDGE('',*,*,#3896,.F.);
#5195=ORIENTED_EDGE('',*,*,#3897,.F.);
#5196=ORIENTED_EDGE('',*,*,#3890,.F.);
#5197=ORIENTED_EDGE('',*,*,#3683,.F.);
#5198=ORIENTED_EDGE('',*,*,#3893,.F.);
#5199=ORIENTED_EDGE('',*,*,#3898,.F.);
#5200=ORIENTED_EDGE('',*,*,#3899,.F.);
#5201=ORIENTED_EDGE('',*,*,#3900,.F.);
#5202=ORIENTED_EDGE('',*,*,#3714,.F.);
#5203=ORIENTED_EDGE('',*,*,#3901,.F.);
#5204=ORIENTED_EDGE('',*,*,#3902,.F.);
#5205=ORIENTED_EDGE('',*,*,#3903,.T.);
#5206=ORIENTED_EDGE('',*,*,#3904,.T.);
#5207=ORIENTED_EDGE('',*,*,#3790,.T.);
#5208=ORIENTED_EDGE('',*,*,#3795,.T.);
#5209=ORIENTED_EDGE('',*,*,#3793,.T.);
#5210=ORIENTED_EDGE('',*,*,#3782,.F.);
#5211=ORIENTED_EDGE('',*,*,#3905,.T.);
#5212=ORIENTED_EDGE('',*,*,#3906,.F.);
#5213=ORIENTED_EDGE('',*,*,#3859,.F.);
#5214=ORIENTED_EDGE('',*,*,#3907,.T.);
#5215=ORIENTED_EDGE('',*,*,#3908,.T.);
#5216=ORIENTED_EDGE('',*,*,#3785,.T.);
#5217=ORIENTED_EDGE('',*,*,#3791,.T.);
#5218=ORIENTED_EDGE('',*,*,#3797,.T.);
#5219=ORIENTED_EDGE('',*,*,#3787,.F.);
#5220=ORIENTED_EDGE('',*,*,#3909,.T.);
#5221=ORIENTED_EDGE('',*,*,#3910,.F.);
#5222=ORIENTED_EDGE('',*,*,#3911,.F.);
#5223=ORIENTED_EDGE('',*,*,#3912,.F.);
#5224=ORIENTED_EDGE('',*,*,#3905,.F.);
#5225=ORIENTED_EDGE('',*,*,#3781,.F.);
#5226=ORIENTED_EDGE('',*,*,#3908,.F.);
#5227=ORIENTED_EDGE('',*,*,#3913,.F.);
#5228=ORIENTED_EDGE('',*,*,#3914,.T.);
#5229=ORIENTED_EDGE('',*,*,#3915,.T.);
#5230=ORIENTED_EDGE('',*,*,#3754,.T.);
#5231=ORIENTED_EDGE('',*,*,#3761,.T.);
#5232=ORIENTED_EDGE('',*,*,#3755,.T.);
#5233=ORIENTED_EDGE('',*,*,#3746,.F.);
#5234=ORIENTED_EDGE('',*,*,#3916,.T.);
#5235=ORIENTED_EDGE('',*,*,#3917,.F.);
#5236=ORIENTED_EDGE('',*,*,#3851,.F.);
#5237=ORIENTED_EDGE('',*,*,#3918,.T.);
#5238=ORIENTED_EDGE('',*,*,#3919,.T.);
#5239=ORIENTED_EDGE('',*,*,#3749,.T.);
#5240=ORIENTED_EDGE('',*,*,#3757,.T.);
#5241=ORIENTED_EDGE('',*,*,#3759,.T.);
#5242=ORIENTED_EDGE('',*,*,#3751,.F.);
#5243=ORIENTED_EDGE('',*,*,#3920,.T.);
#5244=ORIENTED_EDGE('',*,*,#3921,.F.);
#5245=ORIENTED_EDGE('',*,*,#3922,.F.);
#5246=ORIENTED_EDGE('',*,*,#3923,.F.);
#5247=ORIENTED_EDGE('',*,*,#3916,.F.);
#5248=ORIENTED_EDGE('',*,*,#3745,.F.);
#5249=ORIENTED_EDGE('',*,*,#3919,.F.);
#5250=ORIENTED_EDGE('',*,*,#3924,.F.);
#5251=ORIENTED_EDGE('',*,*,#3925,.T.);
#5252=ORIENTED_EDGE('',*,*,#3926,.T.);
#5253=ORIENTED_EDGE('',*,*,#3826,.T.);
#5254=ORIENTED_EDGE('',*,*,#3831,.T.);
#5255=ORIENTED_EDGE('',*,*,#3829,.T.);
#5256=ORIENTED_EDGE('',*,*,#3818,.F.);
#5257=ORIENTED_EDGE('',*,*,#3927,.T.);
#5258=ORIENTED_EDGE('',*,*,#3928,.F.);
#5259=ORIENTED_EDGE('',*,*,#3867,.F.);
#5260=ORIENTED_EDGE('',*,*,#3929,.T.);
#5261=ORIENTED_EDGE('',*,*,#3930,.T.);
#5262=ORIENTED_EDGE('',*,*,#3821,.T.);
#5263=ORIENTED_EDGE('',*,*,#3827,.T.);
#5264=ORIENTED_EDGE('',*,*,#3833,.T.);
#5265=ORIENTED_EDGE('',*,*,#3823,.F.);
#5266=ORIENTED_EDGE('',*,*,#3931,.T.);
#5267=ORIENTED_EDGE('',*,*,#3932,.F.);
#5268=ORIENTED_EDGE('',*,*,#3933,.F.);
#5269=ORIENTED_EDGE('',*,*,#3934,.F.);
#5270=ORIENTED_EDGE('',*,*,#3927,.F.);
#5271=ORIENTED_EDGE('',*,*,#3817,.F.);
#5272=ORIENTED_EDGE('',*,*,#3930,.F.);
#5273=ORIENTED_EDGE('',*,*,#3935,.F.);
#5274=ORIENTED_EDGE('',*,*,#3936,.T.);
#5275=ORIENTED_EDGE('',*,*,#3871,.T.);
#5276=ORIENTED_EDGE('',*,*,#3736,.T.);
#5277=ORIENTED_EDGE('',*,*,#3741,.T.);
#5278=ORIENTED_EDGE('',*,*,#3739,.T.);
#5279=ORIENTED_EDGE('',*,*,#3728,.F.);
#5280=ORIENTED_EDGE('',*,*,#3937,.T.);
#5281=ORIENTED_EDGE('',*,*,#3938,.F.);
#5282=ORIENTED_EDGE('',*,*,#3847,.F.);
#5283=ORIENTED_EDGE('',*,*,#3939,.T.);
#5284=ORIENTED_EDGE('',*,*,#3940,.T.);
#5285=ORIENTED_EDGE('',*,*,#3731,.T.);
#5286=ORIENTED_EDGE('',*,*,#3737,.T.);
#5287=ORIENTED_EDGE('',*,*,#3743,.T.);
#5288=ORIENTED_EDGE('',*,*,#3733,.F.);
#5289=ORIENTED_EDGE('',*,*,#3874,.T.);
#5290=ORIENTED_EDGE('',*,*,#3941,.F.);
#5291=ORIENTED_EDGE('',*,*,#3942,.F.);
#5292=ORIENTED_EDGE('',*,*,#3943,.F.);
#5293=ORIENTED_EDGE('',*,*,#3937,.F.);
#5294=ORIENTED_EDGE('',*,*,#3727,.F.);
#5295=ORIENTED_EDGE('',*,*,#3940,.F.);
#5296=ORIENTED_EDGE('',*,*,#3944,.F.);
#5297=ORIENTED_EDGE('',*,*,#3945,.T.);
#5298=ORIENTED_EDGE('',*,*,#3875,.T.);
#5299=ORIENTED_EDGE('',*,*,#3808,.T.);
#5300=ORIENTED_EDGE('',*,*,#3815,.T.);
#5301=ORIENTED_EDGE('',*,*,#3809,.T.);
#5302=ORIENTED_EDGE('',*,*,#3800,.F.);
#5303=ORIENTED_EDGE('',*,*,#3946,.T.);
#5304=ORIENTED_EDGE('',*,*,#3947,.F.);
#5305=ORIENTED_EDGE('',*,*,#3863,.F.);
#5306=ORIENTED_EDGE('',*,*,#3948,.T.);
#5307=ORIENTED_EDGE('',*,*,#3949,.T.);
#5308=ORIENTED_EDGE('',*,*,#3803,.T.);
#5309=ORIENTED_EDGE('',*,*,#3811,.T.);
#5310=ORIENTED_EDGE('',*,*,#3813,.T.);
#5311=ORIENTED_EDGE('',*,*,#3805,.F.);
#5312=ORIENTED_EDGE('',*,*,#3878,.T.);
#5313=ORIENTED_EDGE('',*,*,#3950,.F.);
#5314=ORIENTED_EDGE('',*,*,#3951,.F.);
#5315=ORIENTED_EDGE('',*,*,#3952,.F.);
#5316=ORIENTED_EDGE('',*,*,#3946,.F.);
#5317=ORIENTED_EDGE('',*,*,#3799,.F.);
#5318=ORIENTED_EDGE('',*,*,#3949,.F.);
#5319=ORIENTED_EDGE('',*,*,#3953,.F.);
#5320=ORIENTED_EDGE('',*,*,#3954,.T.);
#5321=ORIENTED_EDGE('',*,*,#3879,.T.);
#5322=ORIENTED_EDGE('',*,*,#3772,.T.);
#5323=ORIENTED_EDGE('',*,*,#3779,.T.);
#5324=ORIENTED_EDGE('',*,*,#3773,.T.);
#5325=ORIENTED_EDGE('',*,*,#3764,.F.);
#5326=ORIENTED_EDGE('',*,*,#3955,.T.);
#5327=ORIENTED_EDGE('',*,*,#3956,.F.);
#5328=ORIENTED_EDGE('',*,*,#3855,.F.);
#5329=ORIENTED_EDGE('',*,*,#3957,.T.);
#5330=ORIENTED_EDGE('',*,*,#3958,.T.);
#5331=ORIENTED_EDGE('',*,*,#3767,.T.);
#5332=ORIENTED_EDGE('',*,*,#3775,.T.);
#5333=ORIENTED_EDGE('',*,*,#3777,.T.);
#5334=ORIENTED_EDGE('',*,*,#3769,.F.);
#5335=ORIENTED_EDGE('',*,*,#3882,.T.);
#5336=ORIENTED_EDGE('',*,*,#3959,.F.);
#5337=ORIENTED_EDGE('',*,*,#3960,.F.);
#5338=ORIENTED_EDGE('',*,*,#3961,.F.);
#5339=ORIENTED_EDGE('',*,*,#3955,.F.);
#5340=ORIENTED_EDGE('',*,*,#3763,.F.);
#5341=ORIENTED_EDGE('',*,*,#3958,.F.);
#5342=ORIENTED_EDGE('',*,*,#3962,.F.);
#5343=ORIENTED_EDGE('',*,*,#3963,.T.);
#5344=ORIENTED_EDGE('',*,*,#3883,.T.);
#5345=ORIENTED_EDGE('',*,*,#3695,.T.);
#5346=ORIENTED_EDGE('',*,*,#3707,.T.);
#5347=ORIENTED_EDGE('',*,*,#3703,.T.);
#5348=ORIENTED_EDGE('',*,*,#3700,.F.);
#5349=ORIENTED_EDGE('',*,*,#3964,.T.);
#5350=ORIENTED_EDGE('',*,*,#3965,.F.);
#5351=ORIENTED_EDGE('',*,*,#3839,.F.);
#5352=ORIENTED_EDGE('',*,*,#3966,.T.);
#5353=ORIENTED_EDGE('',*,*,#3967,.T.);
#5354=ORIENTED_EDGE('',*,*,#3702,.T.);
#5355=ORIENTED_EDGE('',*,*,#3696,.T.);
#5356=ORIENTED_EDGE('',*,*,#3705,.T.);
#5357=ORIENTED_EDGE('',*,*,#3692,.F.);
#5358=ORIENTED_EDGE('',*,*,#3886,.T.);
#5359=ORIENTED_EDGE('',*,*,#3968,.F.);
#5360=ORIENTED_EDGE('',*,*,#3969,.F.);
#5361=ORIENTED_EDGE('',*,*,#3970,.F.);
#5362=ORIENTED_EDGE('',*,*,#3964,.F.);
#5363=ORIENTED_EDGE('',*,*,#3699,.F.);
#5364=ORIENTED_EDGE('',*,*,#3967,.F.);
#5365=ORIENTED_EDGE('',*,*,#3673,.F.);
#5366=ORIENTED_EDGE('',*,*,#3889,.F.);
#5367=ORIENTED_EDGE('',*,*,#3971,.F.);
#5368=ORIENTED_EDGE('',*,*,#3972,.F.);
#5369=ORIENTED_EDGE('',*,*,#3894,.F.);
#5370=ORIENTED_EDGE('',*,*,#3973,.F.);
#5371=ORIENTED_EDGE('',*,*,#3974,.T.);
#5372=ORIENTED_EDGE('',*,*,#3901,.T.);
#5373=ORIENTED_EDGE('',*,*,#3718,.T.);
#5374=ORIENTED_EDGE('',*,*,#3719,.T.);
#5375=ORIENTED_EDGE('',*,*,#3721,.T.);
#5376=ORIENTED_EDGE('',*,*,#3710,.F.);
#5377=ORIENTED_EDGE('',*,*,#3975,.T.);
#5378=ORIENTED_EDGE('',*,*,#3976,.F.);
#5379=ORIENTED_EDGE('',*,*,#3843,.F.);
#5380=ORIENTED_EDGE('',*,*,#3977,.T.);
#5381=ORIENTED_EDGE('',*,*,#3978,.T.);
#5382=ORIENTED_EDGE('',*,*,#3713,.T.);
#5383=ORIENTED_EDGE('',*,*,#3723,.T.);
#5384=ORIENTED_EDGE('',*,*,#3725,.T.);
#5385=ORIENTED_EDGE('',*,*,#3715,.F.);
#5386=ORIENTED_EDGE('',*,*,#3900,.T.);
#5387=ORIENTED_EDGE('',*,*,#3979,.F.);
#5388=ORIENTED_EDGE('',*,*,#3709,.F.);
#5389=ORIENTED_EDGE('',*,*,#3978,.F.);
#5390=ORIENTED_EDGE('',*,*,#3980,.F.);
#5391=ORIENTED_EDGE('',*,*,#3981,.F.);
#5392=ORIENTED_EDGE('',*,*,#3975,.F.);
#5393=ORIENTED_EDGE('',*,*,#3786,.F.);
#5394=ORIENTED_EDGE('',*,*,#3904,.F.);
#5395=ORIENTED_EDGE('',*,*,#3982,.F.);
#5396=ORIENTED_EDGE('',*,*,#3983,.F.);
#5397=ORIENTED_EDGE('',*,*,#3909,.F.);
#5398=ORIENTED_EDGE('',*,*,#3750,.F.);
#5399=ORIENTED_EDGE('',*,*,#3915,.F.);
#5400=ORIENTED_EDGE('',*,*,#3984,.F.);
#5401=ORIENTED_EDGE('',*,*,#3985,.F.);
#5402=ORIENTED_EDGE('',*,*,#3920,.F.);
#5403=ORIENTED_EDGE('',*,*,#3822,.F.);
#5404=ORIENTED_EDGE('',*,*,#3926,.F.);
#5405=ORIENTED_EDGE('',*,*,#3986,.F.);
#5406=ORIENTED_EDGE('',*,*,#3987,.F.);
#5407=ORIENTED_EDGE('',*,*,#3931,.F.);
#5408=ORIENTED_EDGE('',*,*,#3988,.F.);
#5409=ORIENTED_EDGE('',*,*,#3989,.T.);
#5410=ORIENTED_EDGE('',*,*,#3848,.T.);
#5411=ORIENTED_EDGE('',*,*,#3941,.T.);
#5412=ORIENTED_EDGE('',*,*,#3873,.T.);
#5413=ORIENTED_EDGE('',*,*,#3990,.F.);
#5414=ORIENTED_EDGE('',*,*,#3991,.T.);
#5415=ORIENTED_EDGE('',*,*,#3992,.F.);
#5416=ORIENTED_EDGE('',*,*,#3993,.F.);
#5417=ORIENTED_EDGE('',*,*,#3990,.T.);
#5418=ORIENTED_EDGE('',*,*,#3872,.T.);
#5419=ORIENTED_EDGE('',*,*,#3936,.F.);
#5420=ORIENTED_EDGE('',*,*,#3994,.F.);
#5421=ORIENTED_EDGE('',*,*,#3995,.T.);
#5422=ORIENTED_EDGE('',*,*,#3864,.T.);
#5423=ORIENTED_EDGE('',*,*,#3950,.T.);
#5424=ORIENTED_EDGE('',*,*,#3877,.T.);
#5425=ORIENTED_EDGE('',*,*,#3996,.F.);
#5426=ORIENTED_EDGE('',*,*,#3997,.T.);
#5427=ORIENTED_EDGE('',*,*,#3998,.F.);
#5428=ORIENTED_EDGE('',*,*,#3999,.F.);
#5429=ORIENTED_EDGE('',*,*,#3996,.T.);
#5430=ORIENTED_EDGE('',*,*,#3876,.T.);
#5431=ORIENTED_EDGE('',*,*,#3945,.F.);
#5432=ORIENTED_EDGE('',*,*,#4000,.F.);
#5433=ORIENTED_EDGE('',*,*,#4001,.T.);
#5434=ORIENTED_EDGE('',*,*,#3856,.T.);
#5435=ORIENTED_EDGE('',*,*,#3959,.T.);
#5436=ORIENTED_EDGE('',*,*,#3881,.T.);
#5437=ORIENTED_EDGE('',*,*,#4002,.F.);
#5438=ORIENTED_EDGE('',*,*,#4003,.T.);
#5439=ORIENTED_EDGE('',*,*,#4004,.F.);
#5440=ORIENTED_EDGE('',*,*,#4005,.F.);
#5441=ORIENTED_EDGE('',*,*,#4002,.T.);
#5442=ORIENTED_EDGE('',*,*,#3880,.T.);
#5443=ORIENTED_EDGE('',*,*,#3954,.F.);
#5444=ORIENTED_EDGE('',*,*,#4006,.F.);
#5445=ORIENTED_EDGE('',*,*,#4007,.T.);
#5446=ORIENTED_EDGE('',*,*,#3840,.T.);
#5447=ORIENTED_EDGE('',*,*,#3968,.T.);
#5448=ORIENTED_EDGE('',*,*,#3885,.T.);
#5449=ORIENTED_EDGE('',*,*,#4008,.F.);
#5450=ORIENTED_EDGE('',*,*,#4009,.T.);
#5451=ORIENTED_EDGE('',*,*,#4010,.F.);
#5452=ORIENTED_EDGE('',*,*,#4011,.F.);
#5453=ORIENTED_EDGE('',*,*,#4008,.T.);
#5454=ORIENTED_EDGE('',*,*,#3884,.T.);
#5455=ORIENTED_EDGE('',*,*,#3963,.F.);
#5456=ORIENTED_EDGE('',*,*,#4012,.F.);
#5457=ORIENTED_EDGE('',*,*,#4013,.T.);
#5458=ORIENTED_EDGE('',*,*,#4014,.T.);
#5459=ORIENTED_EDGE('',*,*,#3891,.T.);
#5460=ORIENTED_EDGE('',*,*,#3897,.T.);
#5461=ORIENTED_EDGE('',*,*,#4015,.F.);
#5462=ORIENTED_EDGE('',*,*,#4016,.F.);
#5463=ORIENTED_EDGE('',*,*,#4017,.T.);
#5464=ORIENTED_EDGE('',*,*,#3844,.T.);
#5465=ORIENTED_EDGE('',*,*,#3979,.T.);
#5466=ORIENTED_EDGE('',*,*,#3899,.T.);
#5467=ORIENTED_EDGE('',*,*,#4018,.F.);
#5468=ORIENTED_EDGE('',*,*,#4019,.F.);
#5469=ORIENTED_EDGE('',*,*,#4020,.T.);
#5470=ORIENTED_EDGE('',*,*,#4021,.T.);
#5471=ORIENTED_EDGE('',*,*,#3906,.T.);
#5472=ORIENTED_EDGE('',*,*,#3912,.T.);
#5473=ORIENTED_EDGE('',*,*,#4022,.F.);
#5474=ORIENTED_EDGE('',*,*,#4023,.F.);
#5475=ORIENTED_EDGE('',*,*,#4024,.T.);
#5476=ORIENTED_EDGE('',*,*,#4025,.T.);
#5477=ORIENTED_EDGE('',*,*,#3917,.T.);
#5478=ORIENTED_EDGE('',*,*,#3923,.T.);
#5479=ORIENTED_EDGE('',*,*,#4026,.F.);
#5480=ORIENTED_EDGE('',*,*,#4027,.F.);
#5481=ORIENTED_EDGE('',*,*,#4028,.T.);
#5482=ORIENTED_EDGE('',*,*,#4029,.T.);
#5483=ORIENTED_EDGE('',*,*,#3928,.T.);
#5484=ORIENTED_EDGE('',*,*,#3934,.T.);
#5485=ORIENTED_EDGE('',*,*,#4030,.F.);
#5486=ORIENTED_EDGE('',*,*,#4031,.F.);
#5487=ORIENTED_EDGE('',*,*,#4032,.T.);
#5488=ORIENTED_EDGE('',*,*,#4033,.T.);
#5489=ORIENTED_EDGE('',*,*,#3938,.T.);
#5490=ORIENTED_EDGE('',*,*,#3943,.T.);
#5491=ORIENTED_EDGE('',*,*,#4034,.F.);
#5492=ORIENTED_EDGE('',*,*,#4035,.F.);
#5493=ORIENTED_EDGE('',*,*,#4036,.T.);
#5494=ORIENTED_EDGE('',*,*,#4037,.T.);
#5495=ORIENTED_EDGE('',*,*,#3947,.T.);
#5496=ORIENTED_EDGE('',*,*,#3952,.T.);
#5497=ORIENTED_EDGE('',*,*,#4038,.F.);
#5498=ORIENTED_EDGE('',*,*,#4039,.F.);
#5499=ORIENTED_EDGE('',*,*,#4040,.T.);
#5500=ORIENTED_EDGE('',*,*,#4041,.T.);
#5501=ORIENTED_EDGE('',*,*,#3956,.T.);
#5502=ORIENTED_EDGE('',*,*,#3961,.T.);
#5503=ORIENTED_EDGE('',*,*,#4042,.F.);
#5504=ORIENTED_EDGE('',*,*,#4043,.F.);
#5505=ORIENTED_EDGE('',*,*,#4044,.T.);
#5506=ORIENTED_EDGE('',*,*,#4045,.T.);
#5507=ORIENTED_EDGE('',*,*,#3965,.T.);
#5508=ORIENTED_EDGE('',*,*,#3970,.T.);
#5509=ORIENTED_EDGE('',*,*,#4046,.F.);
#5510=ORIENTED_EDGE('',*,*,#4047,.F.);
#5511=ORIENTED_EDGE('',*,*,#4048,.T.);
#5512=ORIENTED_EDGE('',*,*,#3836,.T.);
#5513=ORIENTED_EDGE('',*,*,#3895,.T.);
#5514=ORIENTED_EDGE('',*,*,#3972,.T.);
#5515=ORIENTED_EDGE('',*,*,#4049,.F.);
#5516=ORIENTED_EDGE('',*,*,#3887,.T.);
#5517=ORIENTED_EDGE('',*,*,#4014,.F.);
#5518=ORIENTED_EDGE('',*,*,#4050,.F.);
#5519=ORIENTED_EDGE('',*,*,#4051,.F.);
#5520=ORIENTED_EDGE('',*,*,#4051,.T.);
#5521=ORIENTED_EDGE('',*,*,#4052,.F.);
#5522=ORIENTED_EDGE('',*,*,#4053,.F.);
#5523=ORIENTED_EDGE('',*,*,#4049,.T.);
#5524=ORIENTED_EDGE('',*,*,#3971,.T.);
#5525=ORIENTED_EDGE('',*,*,#3888,.F.);
#5526=ORIENTED_EDGE('',*,*,#4054,.F.);
#5527=ORIENTED_EDGE('',*,*,#4055,.T.);
#5528=ORIENTED_EDGE('',*,*,#4056,.T.);
#5529=ORIENTED_EDGE('',*,*,#3976,.T.);
#5530=ORIENTED_EDGE('',*,*,#3981,.T.);
#5531=ORIENTED_EDGE('',*,*,#4057,.F.);
#5532=ORIENTED_EDGE('',*,*,#3846,.T.);
#5533=ORIENTED_EDGE('',*,*,#4058,.F.);
#5534=ORIENTED_EDGE('',*,*,#4059,.F.);
#5535=ORIENTED_EDGE('',*,*,#4057,.T.);
#5536=ORIENTED_EDGE('',*,*,#3980,.T.);
#5537=ORIENTED_EDGE('',*,*,#3977,.F.);
#5538=ORIENTED_EDGE('',*,*,#4060,.F.);
#5539=ORIENTED_EDGE('',*,*,#4061,.T.);
#5540=ORIENTED_EDGE('',*,*,#3860,.T.);
#5541=ORIENTED_EDGE('',*,*,#3910,.T.);
#5542=ORIENTED_EDGE('',*,*,#3983,.T.);
#5543=ORIENTED_EDGE('',*,*,#4062,.F.);
#5544=ORIENTED_EDGE('',*,*,#3902,.T.);
#5545=ORIENTED_EDGE('',*,*,#4021,.F.);
#5546=ORIENTED_EDGE('',*,*,#4063,.F.);
#5547=ORIENTED_EDGE('',*,*,#4064,.F.);
#5548=ORIENTED_EDGE('',*,*,#4064,.T.);
#5549=ORIENTED_EDGE('',*,*,#4065,.F.);
#5550=ORIENTED_EDGE('',*,*,#4066,.F.);
#5551=ORIENTED_EDGE('',*,*,#4062,.T.);
#5552=ORIENTED_EDGE('',*,*,#3982,.T.);
#5553=ORIENTED_EDGE('',*,*,#3903,.F.);
#5554=ORIENTED_EDGE('',*,*,#4067,.F.);
#5555=ORIENTED_EDGE('',*,*,#4068,.T.);
#5556=ORIENTED_EDGE('',*,*,#3852,.T.);
#5557=ORIENTED_EDGE('',*,*,#3921,.T.);
#5558=ORIENTED_EDGE('',*,*,#3985,.T.);
#5559=ORIENTED_EDGE('',*,*,#4069,.F.);
#5560=ORIENTED_EDGE('',*,*,#3913,.T.);
#5561=ORIENTED_EDGE('',*,*,#4025,.F.);
#5562=ORIENTED_EDGE('',*,*,#4070,.F.);
#5563=ORIENTED_EDGE('',*,*,#4071,.F.);
#5564=ORIENTED_EDGE('',*,*,#4071,.T.);
#5565=ORIENTED_EDGE('',*,*,#4072,.F.);
#5566=ORIENTED_EDGE('',*,*,#4073,.F.);
#5567=ORIENTED_EDGE('',*,*,#4069,.T.);
#5568=ORIENTED_EDGE('',*,*,#3984,.T.);
#5569=ORIENTED_EDGE('',*,*,#3914,.F.);
#5570=ORIENTED_EDGE('',*,*,#4074,.F.);
#5571=ORIENTED_EDGE('',*,*,#4075,.T.);
#5572=ORIENTED_EDGE('',*,*,#3868,.T.);
#5573=ORIENTED_EDGE('',*,*,#3932,.T.);
#5574=ORIENTED_EDGE('',*,*,#3987,.T.);
#5575=ORIENTED_EDGE('',*,*,#4076,.F.);
#5576=ORIENTED_EDGE('',*,*,#3924,.T.);
#5577=ORIENTED_EDGE('',*,*,#4029,.F.);
#5578=ORIENTED_EDGE('',*,*,#4077,.F.);
#5579=ORIENTED_EDGE('',*,*,#4078,.F.);
#5580=ORIENTED_EDGE('',*,*,#4078,.T.);
#5581=ORIENTED_EDGE('',*,*,#4079,.F.);
#5582=ORIENTED_EDGE('',*,*,#4080,.F.);
#5583=ORIENTED_EDGE('',*,*,#4076,.T.);
#5584=ORIENTED_EDGE('',*,*,#3986,.T.);
#5585=ORIENTED_EDGE('',*,*,#3925,.F.);
#5586=ORIENTED_EDGE('',*,*,#4081,.F.);
#5587=ORIENTED_EDGE('',*,*,#4065,.T.);
#5588=ORIENTED_EDGE('',*,*,#4063,.T.);
#5589=ORIENTED_EDGE('',*,*,#4020,.F.);
#5590=ORIENTED_EDGE('',*,*,#4082,.F.);
#5591=ORIENTED_EDGE('',*,*,#4083,.T.);
#5592=ORIENTED_EDGE('',*,*,#3861,.T.);
#5593=ORIENTED_EDGE('',*,*,#4061,.F.);
#5594=ORIENTED_EDGE('',*,*,#3862,.T.);
#5595=ORIENTED_EDGE('',*,*,#4083,.F.);
#5596=ORIENTED_EDGE('',*,*,#4084,.F.);
#5597=ORIENTED_EDGE('',*,*,#4022,.T.);
#5598=ORIENTED_EDGE('',*,*,#3911,.T.);
#5599=ORIENTED_EDGE('',*,*,#3907,.F.);
#5600=ORIENTED_EDGE('',*,*,#4085,.F.);
#5601=ORIENTED_EDGE('',*,*,#4058,.T.);
#5602=ORIENTED_EDGE('',*,*,#3845,.T.);
#5603=ORIENTED_EDGE('',*,*,#4017,.F.);
#5604=ORIENTED_EDGE('',*,*,#4086,.F.);
#5605=ORIENTED_EDGE('',*,*,#4087,.T.);
#5606=ORIENTED_EDGE('',*,*,#4088,.T.);
#5607=ORIENTED_EDGE('',*,*,#4055,.F.);
#5608=ORIENTED_EDGE('',*,*,#4089,.T.);
#5609=ORIENTED_EDGE('',*,*,#4087,.F.);
#5610=ORIENTED_EDGE('',*,*,#4090,.F.);
#5611=ORIENTED_EDGE('',*,*,#4018,.T.);
#5612=ORIENTED_EDGE('',*,*,#3898,.T.);
#5613=ORIENTED_EDGE('',*,*,#3974,.F.);
#5614=ORIENTED_EDGE('',*,*,#3973,.T.);
#5615=ORIENTED_EDGE('',*,*,#4056,.F.);
#5616=ORIENTED_EDGE('',*,*,#4088,.F.);
#5617=ORIENTED_EDGE('',*,*,#4089,.F.);
#5618=ORIENTED_EDGE('',*,*,#4091,.F.);
#5619=ORIENTED_EDGE('',*,*,#4010,.T.);
#5620=ORIENTED_EDGE('',*,*,#4092,.T.);
#5621=ORIENTED_EDGE('',*,*,#4044,.F.);
#5622=ORIENTED_EDGE('',*,*,#4093,.F.);
#5623=ORIENTED_EDGE('',*,*,#4094,.T.);
#5624=ORIENTED_EDGE('',*,*,#3841,.T.);
#5625=ORIENTED_EDGE('',*,*,#4007,.F.);
#5626=ORIENTED_EDGE('',*,*,#3842,.T.);
#5627=ORIENTED_EDGE('',*,*,#4094,.F.);
#5628=ORIENTED_EDGE('',*,*,#4095,.F.);
#5629=ORIENTED_EDGE('',*,*,#4046,.T.);
#5630=ORIENTED_EDGE('',*,*,#3969,.T.);
#5631=ORIENTED_EDGE('',*,*,#3966,.F.);
#5632=ORIENTED_EDGE('',*,*,#3962,.T.);
#5633=ORIENTED_EDGE('',*,*,#4045,.F.);
#5634=ORIENTED_EDGE('',*,*,#4092,.F.);
#5635=ORIENTED_EDGE('',*,*,#4009,.F.);
#5636=ORIENTED_EDGE('',*,*,#4096,.F.);
#5637=ORIENTED_EDGE('',*,*,#4004,.T.);
#5638=ORIENTED_EDGE('',*,*,#4097,.T.);
#5639=ORIENTED_EDGE('',*,*,#4040,.F.);
#5640=ORIENTED_EDGE('',*,*,#4098,.F.);
#5641=ORIENTED_EDGE('',*,*,#4099,.T.);
#5642=ORIENTED_EDGE('',*,*,#3857,.T.);
#5643=ORIENTED_EDGE('',*,*,#4001,.F.);
#5644=ORIENTED_EDGE('',*,*,#3858,.T.);
#5645=ORIENTED_EDGE('',*,*,#4099,.F.);
#5646=ORIENTED_EDGE('',*,*,#4100,.F.);
#5647=ORIENTED_EDGE('',*,*,#4042,.T.);
#5648=ORIENTED_EDGE('',*,*,#3960,.T.);
#5649=ORIENTED_EDGE('',*,*,#3957,.F.);
#5650=ORIENTED_EDGE('',*,*,#3953,.T.);
#5651=ORIENTED_EDGE('',*,*,#4041,.F.);
#5652=ORIENTED_EDGE('',*,*,#4097,.F.);
#5653=ORIENTED_EDGE('',*,*,#4003,.F.);
#5654=ORIENTED_EDGE('',*,*,#4101,.F.);
#5655=ORIENTED_EDGE('',*,*,#3998,.T.);
#5656=ORIENTED_EDGE('',*,*,#4102,.T.);
#5657=ORIENTED_EDGE('',*,*,#4036,.F.);
#5658=ORIENTED_EDGE('',*,*,#4103,.F.);
#5659=ORIENTED_EDGE('',*,*,#4104,.T.);
#5660=ORIENTED_EDGE('',*,*,#3865,.T.);
#5661=ORIENTED_EDGE('',*,*,#3995,.F.);
#5662=ORIENTED_EDGE('',*,*,#3866,.T.);
#5663=ORIENTED_EDGE('',*,*,#4104,.F.);
#5664=ORIENTED_EDGE('',*,*,#4105,.F.);
#5665=ORIENTED_EDGE('',*,*,#4038,.T.);
#5666=ORIENTED_EDGE('',*,*,#3951,.T.);
#5667=ORIENTED_EDGE('',*,*,#3948,.F.);
#5668=ORIENTED_EDGE('',*,*,#3944,.T.);
#5669=ORIENTED_EDGE('',*,*,#4037,.F.);
#5670=ORIENTED_EDGE('',*,*,#4102,.F.);
#5671=ORIENTED_EDGE('',*,*,#3997,.F.);
#5672=ORIENTED_EDGE('',*,*,#4106,.F.);
#5673=ORIENTED_EDGE('',*,*,#3992,.T.);
#5674=ORIENTED_EDGE('',*,*,#4107,.T.);
#5675=ORIENTED_EDGE('',*,*,#4032,.F.);
#5676=ORIENTED_EDGE('',*,*,#4108,.F.);
#5677=ORIENTED_EDGE('',*,*,#4109,.T.);
#5678=ORIENTED_EDGE('',*,*,#3849,.T.);
#5679=ORIENTED_EDGE('',*,*,#3989,.F.);
#5680=ORIENTED_EDGE('',*,*,#3850,.T.);
#5681=ORIENTED_EDGE('',*,*,#4109,.F.);
#5682=ORIENTED_EDGE('',*,*,#4110,.F.);
#5683=ORIENTED_EDGE('',*,*,#4034,.T.);
#5684=ORIENTED_EDGE('',*,*,#3942,.T.);
#5685=ORIENTED_EDGE('',*,*,#3939,.F.);
#5686=ORIENTED_EDGE('',*,*,#3935,.T.);
#5687=ORIENTED_EDGE('',*,*,#4033,.F.);
#5688=ORIENTED_EDGE('',*,*,#4107,.F.);
#5689=ORIENTED_EDGE('',*,*,#3991,.F.);
#5690=ORIENTED_EDGE('',*,*,#3838,.T.);
#5691=ORIENTED_EDGE('',*,*,#4111,.F.);
#5692=ORIENTED_EDGE('',*,*,#4112,.F.);
#5693=ORIENTED_EDGE('',*,*,#4015,.T.);
#5694=ORIENTED_EDGE('',*,*,#3896,.T.);
#5695=ORIENTED_EDGE('',*,*,#3892,.F.);
#5696=ORIENTED_EDGE('',*,*,#4113,.F.);
#5697=ORIENTED_EDGE('',*,*,#4052,.T.);
#5698=ORIENTED_EDGE('',*,*,#4050,.T.);
#5699=ORIENTED_EDGE('',*,*,#4013,.F.);
#5700=ORIENTED_EDGE('',*,*,#4114,.F.);
#5701=ORIENTED_EDGE('',*,*,#4111,.T.);
#5702=ORIENTED_EDGE('',*,*,#3837,.T.);
#5703=ORIENTED_EDGE('',*,*,#4048,.F.);
#5704=ORIENTED_EDGE('',*,*,#4115,.F.);
#5705=ORIENTED_EDGE('',*,*,#4072,.T.);
#5706=ORIENTED_EDGE('',*,*,#4070,.T.);
#5707=ORIENTED_EDGE('',*,*,#4024,.F.);
#5708=ORIENTED_EDGE('',*,*,#4116,.F.);
#5709=ORIENTED_EDGE('',*,*,#4117,.T.);
#5710=ORIENTED_EDGE('',*,*,#3853,.T.);
#5711=ORIENTED_EDGE('',*,*,#4068,.F.);
#5712=ORIENTED_EDGE('',*,*,#3854,.T.);
#5713=ORIENTED_EDGE('',*,*,#4117,.F.);
#5714=ORIENTED_EDGE('',*,*,#4118,.F.);
#5715=ORIENTED_EDGE('',*,*,#4026,.T.);
#5716=ORIENTED_EDGE('',*,*,#3922,.T.);
#5717=ORIENTED_EDGE('',*,*,#3918,.F.);
#5718=ORIENTED_EDGE('',*,*,#4119,.F.);
#5719=ORIENTED_EDGE('',*,*,#4079,.T.);
#5720=ORIENTED_EDGE('',*,*,#4077,.T.);
#5721=ORIENTED_EDGE('',*,*,#4028,.F.);
#5722=ORIENTED_EDGE('',*,*,#4120,.F.);
#5723=ORIENTED_EDGE('',*,*,#4121,.T.);
#5724=ORIENTED_EDGE('',*,*,#3869,.T.);
#5725=ORIENTED_EDGE('',*,*,#4075,.F.);
#5726=ORIENTED_EDGE('',*,*,#3870,.T.);
#5727=ORIENTED_EDGE('',*,*,#4121,.F.);
#5728=ORIENTED_EDGE('',*,*,#4122,.F.);
#5729=ORIENTED_EDGE('',*,*,#4030,.T.);
#5730=ORIENTED_EDGE('',*,*,#3933,.T.);
#5731=ORIENTED_EDGE('',*,*,#3929,.F.);
#5732=ORIENTED_EDGE('',*,*,#3834,.T.);
#5733=ORIENTED_EDGE('',*,*,#4123,.T.);
#5734=ORIENTED_EDGE('',*,*,#4124,.F.);
#5735=ORIENTED_EDGE('',*,*,#4123,.F.);
#5736=ORIENTED_EDGE('',*,*,#3828,.T.);
#5737=ORIENTED_EDGE('',*,*,#3830,.T.);
#5738=ORIENTED_EDGE('',*,*,#3832,.T.);
#5739=ORIENTED_EDGE('',*,*,#3598,.F.);
#5740=ORIENTED_EDGE('',*,*,#4125,.T.);
#5741=ORIENTED_EDGE('',*,*,#3796,.T.);
#5742=ORIENTED_EDGE('',*,*,#3798,.T.);
#5743=ORIENTED_EDGE('',*,*,#3792,.T.);
#5744=ORIENTED_EDGE('',*,*,#3794,.T.);
#5745=ORIENTED_EDGE('',*,*,#4125,.F.);
#5746=ORIENTED_EDGE('',*,*,#3599,.F.);
#5747=ORIENTED_EDGE('',*,*,#4126,.T.);
#5748=ORIENTED_EDGE('',*,*,#3816,.T.);
#5749=ORIENTED_EDGE('',*,*,#3814,.T.);
#5750=ORIENTED_EDGE('',*,*,#3812,.T.);
#5751=ORIENTED_EDGE('',*,*,#3810,.T.);
#5752=ORIENTED_EDGE('',*,*,#4126,.F.);
#5753=ORIENTED_EDGE('',*,*,#3600,.F.);
#5754=ORIENTED_EDGE('',*,*,#4127,.T.);
#5755=ORIENTED_EDGE('',*,*,#3762,.T.);
#5756=ORIENTED_EDGE('',*,*,#3760,.T.);
#5757=ORIENTED_EDGE('',*,*,#3758,.T.);
#5758=ORIENTED_EDGE('',*,*,#3756,.T.);
#5759=ORIENTED_EDGE('',*,*,#4127,.F.);
#5760=ORIENTED_EDGE('',*,*,#3601,.F.);
#5761=ORIENTED_EDGE('',*,*,#4128,.T.);
#5762=ORIENTED_EDGE('',*,*,#3724,.T.);
#5763=ORIENTED_EDGE('',*,*,#3722,.T.);
#5764=ORIENTED_EDGE('',*,*,#3720,.T.);
#5765=ORIENTED_EDGE('',*,*,#3726,.T.);
#5766=ORIENTED_EDGE('',*,*,#4128,.F.);
#5767=ORIENTED_EDGE('',*,*,#3602,.F.);
#5768=ORIENTED_EDGE('',*,*,#4129,.T.);
#5769=ORIENTED_EDGE('',*,*,#3690,.T.);
#5770=ORIENTED_EDGE('',*,*,#3682,.T.);
#5771=ORIENTED_EDGE('',*,*,#3680,.T.);
#5772=ORIENTED_EDGE('',*,*,#3688,.T.);
#5773=ORIENTED_EDGE('',*,*,#4129,.F.);
#5774=ORIENTED_EDGE('',*,*,#3603,.F.);
#5775=ORIENTED_EDGE('',*,*,#4130,.T.);
#5776=ORIENTED_EDGE('',*,*,#3708,.T.);
#5777=ORIENTED_EDGE('',*,*,#3706,.T.);
#5778=ORIENTED_EDGE('',*,*,#3698,.T.);
#5779=ORIENTED_EDGE('',*,*,#3704,.T.);
#5780=ORIENTED_EDGE('',*,*,#4130,.F.);
#5781=ORIENTED_EDGE('',*,*,#3604,.F.);
#5782=ORIENTED_EDGE('',*,*,#4131,.T.);
#5783=ORIENTED_EDGE('',*,*,#3742,.T.);
#5784=ORIENTED_EDGE('',*,*,#3744,.T.);
#5785=ORIENTED_EDGE('',*,*,#3738,.T.);
#5786=ORIENTED_EDGE('',*,*,#3740,.T.);
#5787=ORIENTED_EDGE('',*,*,#4131,.F.);
#5788=ORIENTED_EDGE('',*,*,#3605,.F.);
#5789=ORIENTED_EDGE('',*,*,#4132,.T.);
#5790=ORIENTED_EDGE('',*,*,#3780,.T.);
#5791=ORIENTED_EDGE('',*,*,#3778,.T.);
#5792=ORIENTED_EDGE('',*,*,#3776,.T.);
#5793=ORIENTED_EDGE('',*,*,#3774,.T.);
#5794=ORIENTED_EDGE('',*,*,#4132,.F.);
#5795=ORIENTED_EDGE('',*,*,#4133,.F.);
#5796=ORIENTED_EDGE('',*,*,#4134,.T.);
#5797=ORIENTED_EDGE('',*,*,#4135,.F.);
#5798=ORIENTED_EDGE('',*,*,#4136,.F.);
#5799=ORIENTED_EDGE('',*,*,#4137,.T.);
#5800=ORIENTED_EDGE('',*,*,#4136,.T.);
#5801=ORIENTED_EDGE('',*,*,#4138,.F.);
#5802=ORIENTED_EDGE('',*,*,#3613,.F.);
#5803=ORIENTED_EDGE('',*,*,#4139,.T.);
#5804=ORIENTED_EDGE('',*,*,#3615,.F.);
#5805=ORIENTED_EDGE('',*,*,#4140,.F.);
#5806=ORIENTED_EDGE('',*,*,#4134,.F.);
#5807=ORIENTED_EDGE('',*,*,#4140,.T.);
#5808=ORIENTED_EDGE('',*,*,#3614,.F.);
#5809=ORIENTED_EDGE('',*,*,#4138,.T.);
#5810=ORIENTED_EDGE('',*,*,#4135,.T.);
#5811=ORIENTED_EDGE('',*,*,#4124,.T.);
#5812=ORIENTED_EDGE('',*,*,#4141,.F.);
#5813=ORIENTED_EDGE('',*,*,#4142,.T.);
#5814=ORIENTED_EDGE('',*,*,#3669,.T.);
#5815=ORIENTED_EDGE('',*,*,#3665,.F.);
#5816=ORIENTED_EDGE('',*,*,#3659,.T.);
#5817=ORIENTED_EDGE('',*,*,#4143,.F.);
#5818=ORIENTED_EDGE('',*,*,#4144,.F.);
#5819=ORIENTED_EDGE('',*,*,#4145,.T.);
#5820=ORIENTED_EDGE('',*,*,#4146,.T.);
#5821=ORIENTED_EDGE('',*,*,#3664,.T.);
#5822=ORIENTED_EDGE('',*,*,#3670,.T.);
#5823=ORIENTED_EDGE('',*,*,#4142,.F.);
#5824=ORIENTED_EDGE('',*,*,#4147,.F.);
#5825=ORIENTED_EDGE('',*,*,#4148,.T.);
#5826=ORIENTED_EDGE('',*,*,#4149,.T.);
#5827=ORIENTED_EDGE('',*,*,#4145,.F.);
#5828=ORIENTED_EDGE('',*,*,#4150,.F.);
#5829=ORIENTED_EDGE('',*,*,#4151,.T.);
#5830=ORIENTED_EDGE('',*,*,#3671,.T.);
#5831=ORIENTED_EDGE('',*,*,#3661,.F.);
#5832=ORIENTED_EDGE('',*,*,#4152,.T.);
#5833=ORIENTED_EDGE('',*,*,#4148,.F.);
#5834=ORIENTED_EDGE('',*,*,#4153,.F.);
#5835=ORIENTED_EDGE('',*,*,#4154,.T.);
#5836=ORIENTED_EDGE('',*,*,#3657,.T.);
#5837=ORIENTED_EDGE('',*,*,#3668,.T.);
#5838=ORIENTED_EDGE('',*,*,#3672,.T.);
#5839=ORIENTED_EDGE('',*,*,#4151,.F.);
#5840=ORIENTED_EDGE('',*,*,#4155,.F.);
#5841=ORIENTED_EDGE('',*,*,#4143,.T.);
#5842=ORIENTED_EDGE('',*,*,#3658,.T.);
#5843=ORIENTED_EDGE('',*,*,#4154,.F.);
#5844=ORIENTED_EDGE('',*,*,#3660,.T.);
#5845=ORIENTED_EDGE('',*,*,#4146,.F.);
#5846=ORIENTED_EDGE('',*,*,#4149,.F.);
#5847=ORIENTED_EDGE('',*,*,#4152,.F.);
#5848=ORIENTED_EDGE('',*,*,#3582,.F.);
#5849=ORIENTED_EDGE('',*,*,#4156,.T.);
#5850=ORIENTED_EDGE('',*,*,#3633,.T.);
#5851=ORIENTED_EDGE('',*,*,#3620,.T.);
#5852=ORIENTED_EDGE('',*,*,#3631,.T.);
#5853=ORIENTED_EDGE('',*,*,#4156,.F.);
#5854=ORIENTED_EDGE('',*,*,#3637,.F.);
#5855=ORIENTED_EDGE('',*,*,#4157,.T.);
#5856=ORIENTED_EDGE('',*,*,#3649,.T.);
#5857=ORIENTED_EDGE('',*,*,#3655,.T.);
#5858=ORIENTED_EDGE('',*,*,#3644,.T.);
#5859=ORIENTED_EDGE('',*,*,#3646,.T.);
#5860=ORIENTED_EDGE('',*,*,#4157,.F.);
#5861=ORIENTED_EDGE('',*,*,#3580,.T.);
#5862=ORIENTED_EDGE('',*,*,#3636,.T.);
#5863=ORIENTED_EDGE('',*,*,#4158,.F.);
#5864=ORIENTED_EDGE('',*,*,#3591,.F.);
#5865=ORIENTED_EDGE('',*,*,#3592,.F.);
#5866=ORIENTED_EDGE('',*,*,#4158,.T.);
#5867=ORIENTED_EDGE('',*,*,#3635,.T.);
#5868=ORIENTED_EDGE('',*,*,#3629,.T.);
#5869=ORIENTED_EDGE('',*,*,#3584,.F.);
#5870=ORIENTED_EDGE('',*,*,#4159,.F.);
#5871=ORIENTED_EDGE('',*,*,#3567,.T.);
#5872=ORIENTED_EDGE('',*,*,#3572,.F.);
#5873=ORIENTED_EDGE('',*,*,#3590,.T.);
#5874=ORIENTED_EDGE('',*,*,#3619,.F.);
#5875=ORIENTED_EDGE('',*,*,#3617,.F.);
#5876=ORIENTED_EDGE('',*,*,#4160,.F.);
#5877=ORIENTED_EDGE('',*,*,#3609,.F.);
#5878=ORIENTED_EDGE('',*,*,#3552,.F.);
#5879=ORIENTED_EDGE('',*,*,#4161,.T.);
#5880=ORIENTED_EDGE('',*,*,#3611,.F.);
#5881=ORIENTED_EDGE('',*,*,#3558,.F.);
#5882=ORIENTED_EDGE('',*,*,#3551,.F.);
#5883=ORIENTED_EDGE('',*,*,#3557,.F.);
#5884=ORIENTED_EDGE('',*,*,#3565,.F.);
#5885=ORIENTED_EDGE('',*,*,#3568,.F.);
#5886=ORIENTED_EDGE('',*,*,#4159,.T.);
#5887=ORIENTED_EDGE('',*,*,#3583,.F.);
#5888=ORIENTED_EDGE('',*,*,#3589,.T.);
#5889=ORIENTED_EDGE('',*,*,#3606,.F.);
#5890=ORIENTED_EDGE('',*,*,#3610,.T.);
#5891=ORIENTED_EDGE('',*,*,#4160,.T.);
#5892=ORIENTED_EDGE('',*,*,#3616,.F.);
#5893=ORIENTED_EDGE('',*,*,#4139,.F.);
#5894=ORIENTED_EDGE('',*,*,#4133,.T.);
#5895=ORIENTED_EDGE('',*,*,#4137,.F.);
#5896=ORIENTED_EDGE('',*,*,#3612,.F.);
#5897=ORIENTED_EDGE('',*,*,#4161,.F.);
#5898=ORIENTED_EDGE('',*,*,#4019,.T.);
#5899=ORIENTED_EDGE('',*,*,#4084,.T.);
#5900=ORIENTED_EDGE('',*,*,#4082,.T.);
#5901=ORIENTED_EDGE('',*,*,#4060,.T.);
#5902=ORIENTED_EDGE('',*,*,#4066,.T.);
#5903=ORIENTED_EDGE('',*,*,#4081,.T.);
#5904=ORIENTED_EDGE('',*,*,#4016,.T.);
#5905=ORIENTED_EDGE('',*,*,#4090,.T.);
#5906=ORIENTED_EDGE('',*,*,#4086,.T.);
#5907=ORIENTED_EDGE('',*,*,#4054,.T.);
#5908=ORIENTED_EDGE('',*,*,#4059,.T.);
#5909=ORIENTED_EDGE('',*,*,#4085,.T.);
#5910=ORIENTED_EDGE('',*,*,#4043,.T.);
#5911=ORIENTED_EDGE('',*,*,#4095,.T.);
#5912=ORIENTED_EDGE('',*,*,#4093,.T.);
#5913=ORIENTED_EDGE('',*,*,#4006,.T.);
#5914=ORIENTED_EDGE('',*,*,#4011,.T.);
#5915=ORIENTED_EDGE('',*,*,#4091,.T.);
#5916=ORIENTED_EDGE('',*,*,#4039,.T.);
#5917=ORIENTED_EDGE('',*,*,#4100,.T.);
#5918=ORIENTED_EDGE('',*,*,#4098,.T.);
#5919=ORIENTED_EDGE('',*,*,#4000,.T.);
#5920=ORIENTED_EDGE('',*,*,#4005,.T.);
#5921=ORIENTED_EDGE('',*,*,#4096,.T.);
#5922=ORIENTED_EDGE('',*,*,#4035,.T.);
#5923=ORIENTED_EDGE('',*,*,#4105,.T.);
#5924=ORIENTED_EDGE('',*,*,#4103,.T.);
#5925=ORIENTED_EDGE('',*,*,#3994,.T.);
#5926=ORIENTED_EDGE('',*,*,#3999,.T.);
#5927=ORIENTED_EDGE('',*,*,#4101,.T.);
#5928=ORIENTED_EDGE('',*,*,#4031,.T.);
#5929=ORIENTED_EDGE('',*,*,#4110,.T.);
#5930=ORIENTED_EDGE('',*,*,#4108,.T.);
#5931=ORIENTED_EDGE('',*,*,#3988,.T.);
#5932=ORIENTED_EDGE('',*,*,#3993,.T.);
#5933=ORIENTED_EDGE('',*,*,#4106,.T.);
#5934=ORIENTED_EDGE('',*,*,#4112,.T.);
#5935=ORIENTED_EDGE('',*,*,#4114,.T.);
#5936=ORIENTED_EDGE('',*,*,#4047,.T.);
#5937=ORIENTED_EDGE('',*,*,#4053,.T.);
#5938=ORIENTED_EDGE('',*,*,#4113,.T.);
#5939=ORIENTED_EDGE('',*,*,#4012,.T.);
#5940=ORIENTED_EDGE('',*,*,#4023,.T.);
#5941=ORIENTED_EDGE('',*,*,#4118,.T.);
#5942=ORIENTED_EDGE('',*,*,#4116,.T.);
#5943=ORIENTED_EDGE('',*,*,#4067,.T.);
#5944=ORIENTED_EDGE('',*,*,#4073,.T.);
#5945=ORIENTED_EDGE('',*,*,#4115,.T.);
#5946=ORIENTED_EDGE('',*,*,#4027,.T.);
#5947=ORIENTED_EDGE('',*,*,#4122,.T.);
#5948=ORIENTED_EDGE('',*,*,#4120,.T.);
#5949=ORIENTED_EDGE('',*,*,#4074,.T.);
#5950=ORIENTED_EDGE('',*,*,#4080,.T.);
#5951=ORIENTED_EDGE('',*,*,#4119,.T.);
#5952=ORIENTED_EDGE('',*,*,#4141,.T.);
#5953=ORIENTED_EDGE('',*,*,#4155,.T.);
#5954=ORIENTED_EDGE('',*,*,#4153,.T.);
#5955=ORIENTED_EDGE('',*,*,#4150,.T.);
#5956=ORIENTED_EDGE('',*,*,#4147,.T.);
#5957=ORIENTED_EDGE('',*,*,#4144,.T.);
#5958=CYLINDRICAL_SURFACE('',#6330,25.);
#5959=CYLINDRICAL_SURFACE('',#6333,25.);
#5960=CYLINDRICAL_SURFACE('',#6336,25.);
#5961=CYLINDRICAL_SURFACE('',#6368,1.6);
#5962=CYLINDRICAL_SURFACE('',#6370,1.6);
#5963=CYLINDRICAL_SURFACE('',#6372,1.6);
#5964=CYLINDRICAL_SURFACE('',#6374,1.6);
#5965=CYLINDRICAL_SURFACE('',#6376,1.6);
#5966=CYLINDRICAL_SURFACE('',#6378,1.6);
#5967=CYLINDRICAL_SURFACE('',#6380,1.6);
#5968=CYLINDRICAL_SURFACE('',#6382,1.6);
#5969=CYLINDRICAL_SURFACE('',#6384,1.6);
#5970=CYLINDRICAL_SURFACE('',#6386,1.6);
#5971=CYLINDRICAL_SURFACE('',#6389,0.500000000000025);
#5972=CYLINDRICAL_SURFACE('',#6392,0.500000000000015);
#5973=CYLINDRICAL_SURFACE('',#6397,0.499999999999988);
#5974=CYLINDRICAL_SURFACE('',#6400,11.);
#5975=CYLINDRICAL_SURFACE('',#6406,25.);
#5976=CYLINDRICAL_SURFACE('',#6423,1.5);
#5977=CYLINDRICAL_SURFACE('',#6424,20.);
#5978=CYLINDRICAL_SURFACE('',#6429,20.);
#5979=CYLINDRICAL_SURFACE('',#6430,1.5);
#5980=CYLINDRICAL_SURFACE('',#6434,20.);
#5981=CYLINDRICAL_SURFACE('',#6464,9.);
#5982=CYLINDRICAL_SURFACE('',#6466,9.);
#5983=CYLINDRICAL_SURFACE('',#6468,9.);
#5984=CYLINDRICAL_SURFACE('',#6470,4.);
#5985=CYLINDRICAL_SURFACE('',#6472,4.);
#5986=CYLINDRICAL_SURFACE('',#6474,4.);
#5987=CYLINDRICAL_SURFACE('',#6476,4.);
#5988=CYLINDRICAL_SURFACE('',#6483,9.);
#5989=CYLINDRICAL_SURFACE('',#6486,12.5);
#5990=CYLINDRICAL_SURFACE('',#6489,12.5);
#5991=CYLINDRICAL_SURFACE('',#6492,12.5);
#5992=CYLINDRICAL_SURFACE('',#6494,12.5);
#5993=CYLINDRICAL_SURFACE('',#6496,2.625);
#5994=CYLINDRICAL_SURFACE('',#6745,1.6);
#5995=CYLINDRICAL_SURFACE('',#6747,1.6);
#5996=CYLINDRICAL_SURFACE('',#6748,1.6);
#5997=CYLINDRICAL_SURFACE('',#6749,1.6);
#5998=CYLINDRICAL_SURFACE('',#6750,1.6);
#5999=CYLINDRICAL_SURFACE('',#6751,1.6);
#6000=CYLINDRICAL_SURFACE('',#6752,1.6);
#6001=CYLINDRICAL_SURFACE('',#6753,1.6);
#6002=CYLINDRICAL_SURFACE('',#6754,1.6);
#6003=CYLINDRICAL_SURFACE('',#6755,10.);
#6004=CYLINDRICAL_SURFACE('',#6768,1.6);
#6005=CYLINDRICAL_SURFACE('',#6769,1.6);
#6006=ADVANCED_FACE('',(#414),#5958,.F.);
#6007=ADVANCED_FACE('',(#415),#5959,.F.);
#6008=ADVANCED_FACE('',(#416),#5960,.F.);
#6009=ADVANCED_FACE('',(#417),#159,.T.);
#6010=ADVANCED_FACE('',(#418),#160,.T.);
#6011=ADVANCED_FACE('',(#419,#96,#97,#98),#161,.T.);
#6012=ADVANCED_FACE('',(#420),#162,.T.);
#6013=ADVANCED_FACE('',(#421),#163,.T.);
#6014=ADVANCED_FACE('',(#422),#164,.F.);
#6015=ADVANCED_FACE('',(#423,#99,#100,#101),#165,.F.);
#6016=ADVANCED_FACE('',(#424),#166,.T.);
#6017=ADVANCED_FACE('',(#425),#167,.T.);
#6018=ADVANCED_FACE('',(#426),#168,.T.);
#6019=ADVANCED_FACE('',(#427,#102,#103,#104,#105,#106),#169,.T.);
#6020=ADVANCED_FACE('',(#428),#170,.T.);
#6021=ADVANCED_FACE('',(#429),#171,.T.);
#6022=ADVANCED_FACE('',(#430),#172,.T.);
#6023=ADVANCED_FACE('',(#431),#5961,.F.);
#6024=ADVANCED_FACE('',(#432),#5962,.F.);
#6025=ADVANCED_FACE('',(#433),#5963,.F.);
#6026=ADVANCED_FACE('',(#434),#5964,.F.);
#6027=ADVANCED_FACE('',(#435),#5965,.F.);
#6028=ADVANCED_FACE('',(#436),#5966,.F.);
#6029=ADVANCED_FACE('',(#437),#5967,.F.);
#6030=ADVANCED_FACE('',(#438),#5968,.F.);
#6031=ADVANCED_FACE('',(#439),#5969,.F.);
#6032=ADVANCED_FACE('',(#440),#5970,.F.);
#6033=ADVANCED_FACE('',(#441),#173,.T.);
#6034=ADVANCED_FACE('',(#442),#5971,.F.);
#6035=ADVANCED_FACE('',(#443),#174,.T.);
#6036=ADVANCED_FACE('',(#444),#5972,.F.);
#6037=ADVANCED_FACE('',(#445),#175,.T.);
#6038=ADVANCED_FACE('',(#446),#176,.T.);
#6039=ADVANCED_FACE('',(#447),#177,.T.);
#6040=ADVANCED_FACE('',(#448),#5973,.F.);
#6041=ADVANCED_FACE('',(#449),#178,.T.);
#6042=ADVANCED_FACE('',(#450),#5974,.F.);
#6043=ADVANCED_FACE('',(#451,#107,#108,#109,#110,#111),#179,.F.);
#6044=ADVANCED_FACE('',(#452,#112,#113,#114,#115,#116,#117),#180,.T.);
#6045=ADVANCED_FACE('',(#453),#181,.F.);
#6046=ADVANCED_FACE('',(#454),#5975,.F.);
#6047=ADVANCED_FACE('',(#455),#182,.F.);
#6048=ADVANCED_FACE('',(#456),#183,.T.);
#6049=ADVANCED_FACE('',(#457),#184,.F.);
#6050=ADVANCED_FACE('',(#458),#76,.F.);
#6051=ADVANCED_FACE('',(#459),#77,.T.);
#6052=ADVANCED_FACE('',(#460),#24,.T.);
#6053=ADVANCED_FACE('',(#461),#22,.F.);
#6054=ADVANCED_FACE('',(#462),#78,.F.);
#6055=ADVANCED_FACE('',(#463),#79,.F.);
#6056=ADVANCED_FACE('',(#464),#80,.T.);
#6057=ADVANCED_FACE('',(#465),#25,.T.);
#6058=ADVANCED_FACE('',(#466),#23,.F.);
#6059=ADVANCED_FACE('',(#467),#81,.F.);
#6060=ADVANCED_FACE('',(#468),#5976,.F.);
#6061=ADVANCED_FACE('',(#469),#5977,.T.);
#6062=ADVANCED_FACE('',(#470),#82,.T.);
#6063=ADVANCED_FACE('',(#471),#26,.T.);
#6064=ADVANCED_FACE('',(#472),#5978,.T.);
#6065=ADVANCED_FACE('',(#473),#5979,.F.);
#6066=ADVANCED_FACE('',(#474),#83,.T.);
#6067=ADVANCED_FACE('',(#475),#27,.T.);
#6068=ADVANCED_FACE('',(#476),#5980,.T.);
#6069=ADVANCED_FACE('',(#477),#28,.T.);
#6070=ADVANCED_FACE('',(#478,#118,#119,#120,#121,#122),#185,.T.);
#6071=ADVANCED_FACE('',(#479),#29,.T.);
#6072=ADVANCED_FACE('',(#480,#123,#124,#125,#126,#127),#186,.F.);
#6073=ADVANCED_FACE('',(#481),#187,.F.);
#6074=ADVANCED_FACE('',(#482),#188,.F.);
#6075=ADVANCED_FACE('',(#483),#189,.F.);
#6076=ADVANCED_FACE('',(#484),#190,.F.);
#6077=ADVANCED_FACE('',(#485),#5981,.F.);
#6078=ADVANCED_FACE('',(#486),#5982,.F.);
#6079=ADVANCED_FACE('',(#487),#5983,.F.);
#6080=ADVANCED_FACE('',(#488),#5984,.T.);
#6081=ADVANCED_FACE('',(#489),#5985,.T.);
#6082=ADVANCED_FACE('',(#490),#5986,.T.);
#6083=ADVANCED_FACE('',(#491),#5987,.T.);
#6084=ADVANCED_FACE('',(#492),#191,.T.);
#6085=ADVANCED_FACE('',(#493),#192,.T.);
#6086=ADVANCED_FACE('',(#494),#193,.T.);
#6087=ADVANCED_FACE('',(#495),#194,.T.);
#6088=ADVANCED_FACE('',(#496),#5988,.F.);
#6089=ADVANCED_FACE('',(#497,#128),#195,.F.);
#6090=ADVANCED_FACE('',(#498,#129),#196,.F.);
#6091=ADVANCED_FACE('',(#499,#130),#5989,.F.);
#6092=ADVANCED_FACE('',(#500,#131),#197,.F.);
#6093=ADVANCED_FACE('',(#501,#132),#198,.F.);
#6094=ADVANCED_FACE('',(#502,#133),#5990,.F.);
#6095=ADVANCED_FACE('',(#503,#134),#199,.F.);
#6096=ADVANCED_FACE('',(#504,#135),#200,.F.);
#6097=ADVANCED_FACE('',(#505),#5991,.F.);
#6098=ADVANCED_FACE('',(#506,#136),#201,.F.);
#6099=ADVANCED_FACE('',(#507),#5992,.F.);
#6100=ADVANCED_FACE('',(#508,#137),#202,.F.);
#6101=ADVANCED_FACE('',(#509),#5993,.F.);
#6102=ADVANCED_FACE('',(#510),#203,.T.);
#6103=ADVANCED_FACE('',(#511),#204,.T.);
#6104=ADVANCED_FACE('',(#512),#205,.T.);
#6105=ADVANCED_FACE('',(#513),#206,.T.);
#6106=ADVANCED_FACE('',(#514),#207,.T.);
#6107=ADVANCED_FACE('',(#515),#208,.T.);
#6108=ADVANCED_FACE('',(#516),#209,.T.);
#6109=ADVANCED_FACE('',(#517),#210,.T.);
#6110=ADVANCED_FACE('',(#518,#138),#211,.T.);
#6111=ADVANCED_FACE('',(#519),#212,.T.);
#6112=ADVANCED_FACE('',(#520),#213,.T.);
#6113=ADVANCED_FACE('',(#521,#139,#140,#141,#142,#143,#144,#145,#146),#214,
 .F.);
#6114=ADVANCED_FACE('',(#522),#215,.T.);
#6115=ADVANCED_FACE('',(#523),#216,.T.);
#6116=ADVANCED_FACE('',(#524),#217,.T.);
#6117=ADVANCED_FACE('',(#525),#218,.T.);
#6118=ADVANCED_FACE('',(#526),#219,.T.);
#6119=ADVANCED_FACE('',(#527),#220,.T.);
#6120=ADVANCED_FACE('',(#528),#221,.F.);
#6121=ADVANCED_FACE('',(#529),#222,.T.);
#6122=ADVANCED_FACE('',(#530),#223,.T.);
#6123=ADVANCED_FACE('',(#531,#147),#224,.F.);
#6124=ADVANCED_FACE('',(#532),#225,.F.);
#6125=ADVANCED_FACE('',(#533),#226,.T.);
#6126=ADVANCED_FACE('',(#534),#227,.T.);
#6127=ADVANCED_FACE('',(#535),#228,.T.);
#6128=ADVANCED_FACE('',(#536),#229,.F.);
#6129=ADVANCED_FACE('',(#537),#230,.T.);
#6130=ADVANCED_FACE('',(#538),#231,.T.);
#6131=ADVANCED_FACE('',(#539),#232,.F.);
#6132=ADVANCED_FACE('',(#540),#233,.F.);
#6133=ADVANCED_FACE('',(#541),#234,.F.);
#6134=ADVANCED_FACE('',(#542),#235,.F.);
#6135=ADVANCED_FACE('',(#543),#236,.F.);
#6136=ADVANCED_FACE('',(#544),#237,.T.);
#6137=ADVANCED_FACE('',(#545),#238,.T.);
#6138=ADVANCED_FACE('',(#546),#239,.F.);
#6139=ADVANCED_FACE('',(#547),#240,.T.);
#6140=ADVANCED_FACE('',(#548),#241,.T.);
#6141=ADVANCED_FACE('',(#549),#242,.F.);
#6142=ADVANCED_FACE('',(#550),#243,.T.);
#6143=ADVANCED_FACE('',(#551),#244,.F.);
#6144=ADVANCED_FACE('',(#552),#245,.T.);
#6145=ADVANCED_FACE('',(#553),#246,.T.);
#6146=ADVANCED_FACE('',(#554),#247,.T.);
#6147=ADVANCED_FACE('',(#555),#248,.F.);
#6148=ADVANCED_FACE('',(#556),#249,.F.);
#6149=ADVANCED_FACE('',(#557),#250,.T.);
#6150=ADVANCED_FACE('',(#558),#251,.T.);
#6151=ADVANCED_FACE('',(#559),#252,.T.);
#6152=ADVANCED_FACE('',(#560),#253,.T.);
#6153=ADVANCED_FACE('',(#561),#254,.F.);
#6154=ADVANCED_FACE('',(#562),#255,.F.);
#6155=ADVANCED_FACE('',(#563),#256,.T.);
#6156=ADVANCED_FACE('',(#564),#257,.T.);
#6157=ADVANCED_FACE('',(#565),#258,.T.);
#6158=ADVANCED_FACE('',(#566),#259,.T.);
#6159=ADVANCED_FACE('',(#567),#260,.F.);
#6160=ADVANCED_FACE('',(#568),#261,.F.);
#6161=ADVANCED_FACE('',(#569),#262,.T.);
#6162=ADVANCED_FACE('',(#570),#263,.T.);
#6163=ADVANCED_FACE('',(#571),#264,.T.);
#6164=ADVANCED_FACE('',(#572),#265,.T.);
#6165=ADVANCED_FACE('',(#573),#266,.F.);
#6166=ADVANCED_FACE('',(#574),#267,.F.);
#6167=ADVANCED_FACE('',(#575),#268,.T.);
#6168=ADVANCED_FACE('',(#576),#269,.T.);
#6169=ADVANCED_FACE('',(#577),#270,.T.);
#6170=ADVANCED_FACE('',(#578),#271,.T.);
#6171=ADVANCED_FACE('',(#579),#272,.F.);
#6172=ADVANCED_FACE('',(#580),#273,.F.);
#6173=ADVANCED_FACE('',(#581),#274,.T.);
#6174=ADVANCED_FACE('',(#582),#275,.T.);
#6175=ADVANCED_FACE('',(#583),#276,.T.);
#6176=ADVANCED_FACE('',(#584),#277,.T.);
#6177=ADVANCED_FACE('',(#585),#278,.F.);
#6178=ADVANCED_FACE('',(#586),#279,.F.);
#6179=ADVANCED_FACE('',(#587),#280,.T.);
#6180=ADVANCED_FACE('',(#588),#281,.T.);
#6181=ADVANCED_FACE('',(#589),#282,.T.);
#6182=ADVANCED_FACE('',(#590),#283,.T.);
#6183=ADVANCED_FACE('',(#591),#284,.F.);
#6184=ADVANCED_FACE('',(#592),#285,.F.);
#6185=ADVANCED_FACE('',(#593),#286,.T.);
#6186=ADVANCED_FACE('',(#594),#287,.T.);
#6187=ADVANCED_FACE('',(#595),#288,.T.);
#6188=ADVANCED_FACE('',(#596),#289,.T.);
#6189=ADVANCED_FACE('',(#597),#290,.T.);
#6190=ADVANCED_FACE('',(#598),#291,.T.);
#6191=ADVANCED_FACE('',(#599),#292,.T.);
#6192=ADVANCED_FACE('',(#600),#293,.T.);
#6193=ADVANCED_FACE('',(#601),#294,.T.);
#6194=ADVANCED_FACE('',(#602),#295,.T.);
#6195=ADVANCED_FACE('',(#603),#296,.T.);
#6196=ADVANCED_FACE('',(#604),#297,.T.);
#6197=ADVANCED_FACE('',(#605),#298,.T.);
#6198=ADVANCED_FACE('',(#606),#299,.F.);
#6199=ADVANCED_FACE('',(#607),#300,.F.);
#6200=ADVANCED_FACE('',(#608),#301,.F.);
#6201=ADVANCED_FACE('',(#609),#302,.F.);
#6202=ADVANCED_FACE('',(#610),#303,.F.);
#6203=ADVANCED_FACE('',(#611),#304,.F.);
#6204=ADVANCED_FACE('',(#612),#305,.F.);
#6205=ADVANCED_FACE('',(#613),#306,.F.);
#6206=ADVANCED_FACE('',(#614),#307,.F.);
#6207=ADVANCED_FACE('',(#615),#308,.F.);
#6208=ADVANCED_FACE('',(#616),#309,.F.);
#6209=ADVANCED_FACE('',(#617),#310,.F.);
#6210=ADVANCED_FACE('',(#618),#311,.F.);
#6211=ADVANCED_FACE('',(#619),#312,.F.);
#6212=ADVANCED_FACE('',(#620),#313,.F.);
#6213=ADVANCED_FACE('',(#621),#314,.F.);
#6214=ADVANCED_FACE('',(#622),#315,.F.);
#6215=ADVANCED_FACE('',(#623),#316,.F.);
#6216=ADVANCED_FACE('',(#624),#317,.F.);
#6217=ADVANCED_FACE('',(#625),#318,.F.);
#6218=ADVANCED_FACE('',(#626),#319,.F.);
#6219=ADVANCED_FACE('',(#627),#320,.F.);
#6220=ADVANCED_FACE('',(#628),#321,.F.);
#6221=ADVANCED_FACE('',(#629),#322,.F.);
#6222=ADVANCED_FACE('',(#630),#323,.F.);
#6223=ADVANCED_FACE('',(#631),#324,.F.);
#6224=ADVANCED_FACE('',(#632),#325,.F.);
#6225=ADVANCED_FACE('',(#633),#326,.F.);
#6226=ADVANCED_FACE('',(#634),#327,.F.);
#6227=ADVANCED_FACE('',(#635),#328,.F.);
#6228=ADVANCED_FACE('',(#636),#329,.F.);
#6229=ADVANCED_FACE('',(#637),#330,.F.);
#6230=ADVANCED_FACE('',(#638),#331,.F.);
#6231=ADVANCED_FACE('',(#639),#332,.F.);
#6232=ADVANCED_FACE('',(#640),#333,.F.);
#6233=ADVANCED_FACE('',(#641),#334,.F.);
#6234=ADVANCED_FACE('',(#642),#335,.F.);
#6235=ADVANCED_FACE('',(#643),#336,.F.);
#6236=ADVANCED_FACE('',(#644),#337,.F.);
#6237=ADVANCED_FACE('',(#645),#338,.F.);
#6238=ADVANCED_FACE('',(#646),#339,.F.);
#6239=ADVANCED_FACE('',(#647),#340,.F.);
#6240=ADVANCED_FACE('',(#648),#341,.F.);
#6241=ADVANCED_FACE('',(#649),#342,.F.);
#6242=ADVANCED_FACE('',(#650),#343,.F.);
#6243=ADVANCED_FACE('',(#651),#344,.F.);
#6244=ADVANCED_FACE('',(#652),#345,.F.);
#6245=ADVANCED_FACE('',(#653),#346,.F.);
#6246=ADVANCED_FACE('',(#654),#347,.F.);
#6247=ADVANCED_FACE('',(#655),#348,.F.);
#6248=ADVANCED_FACE('',(#656),#349,.F.);
#6249=ADVANCED_FACE('',(#657),#350,.F.);
#6250=ADVANCED_FACE('',(#658),#351,.F.);
#6251=ADVANCED_FACE('',(#659),#352,.F.);
#6252=ADVANCED_FACE('',(#660),#353,.T.);
#6253=ADVANCED_FACE('',(#661),#354,.F.);
#6254=ADVANCED_FACE('',(#662),#355,.F.);
#6255=ADVANCED_FACE('',(#663),#356,.F.);
#6256=ADVANCED_FACE('',(#664),#357,.F.);
#6257=ADVANCED_FACE('',(#665),#358,.T.);
#6258=ADVANCED_FACE('',(#666),#359,.F.);
#6259=ADVANCED_FACE('',(#667),#360,.F.);
#6260=ADVANCED_FACE('',(#668),#361,.T.);
#6261=ADVANCED_FACE('',(#669),#362,.F.);
#6262=ADVANCED_FACE('',(#670),#363,.F.);
#6263=ADVANCED_FACE('',(#671),#364,.T.);
#6264=ADVANCED_FACE('',(#672),#365,.F.);
#6265=ADVANCED_FACE('',(#673),#366,.F.);
#6266=ADVANCED_FACE('',(#674),#367,.F.);
#6267=ADVANCED_FACE('',(#675),#368,.F.);
#6268=ADVANCED_FACE('',(#676),#369,.F.);
#6269=ADVANCED_FACE('',(#677),#370,.F.);
#6270=ADVANCED_FACE('',(#678),#371,.F.);
#6271=ADVANCED_FACE('',(#679),#372,.T.);
#6272=ADVANCED_FACE('',(#680),#373,.F.);
#6273=ADVANCED_FACE('',(#681),#374,.F.);
#6274=ADVANCED_FACE('',(#682),#375,.F.);
#6275=ADVANCED_FACE('',(#683),#376,.T.);
#6276=ADVANCED_FACE('',(#684),#377,.F.);
#6277=ADVANCED_FACE('',(#685),#378,.F.);
#6278=ADVANCED_FACE('',(#686),#379,.F.);
#6279=ADVANCED_FACE('',(#687),#380,.T.);
#6280=ADVANCED_FACE('',(#688),#381,.F.);
#6281=ADVANCED_FACE('',(#689),#382,.F.);
#6282=ADVANCED_FACE('',(#690),#383,.F.);
#6283=ADVANCED_FACE('',(#691),#384,.T.);
#6284=ADVANCED_FACE('',(#692),#385,.F.);
#6285=ADVANCED_FACE('',(#693),#386,.F.);
#6286=ADVANCED_FACE('',(#694),#387,.F.);
#6287=ADVANCED_FACE('',(#695),#388,.T.);
#6288=ADVANCED_FACE('',(#696),#389,.F.);
#6289=ADVANCED_FACE('',(#697),#390,.F.);
#6290=ADVANCED_FACE('',(#698),#391,.F.);
#6291=ADVANCED_FACE('',(#699),#392,.F.);
#6292=ADVANCED_FACE('',(#700),#393,.F.);
#6293=ADVANCED_FACE('',(#701),#394,.F.);
#6294=ADVANCED_FACE('',(#702),#395,.F.);
#6295=ADVANCED_FACE('',(#703),#396,.F.);
#6296=ADVANCED_FACE('',(#704),#397,.F.);
#6297=ADVANCED_FACE('',(#705),#5994,.F.);
#6298=ADVANCED_FACE('',(#706),#5995,.F.);
#6299=ADVANCED_FACE('',(#707),#5996,.F.);
#6300=ADVANCED_FACE('',(#708),#5997,.F.);
#6301=ADVANCED_FACE('',(#709),#5998,.F.);
#6302=ADVANCED_FACE('',(#710),#5999,.F.);
#6303=ADVANCED_FACE('',(#711),#6000,.F.);
#6304=ADVANCED_FACE('',(#712),#6001,.F.);
#6305=ADVANCED_FACE('',(#713),#6002,.F.);
#6306=ADVANCED_FACE('',(#714),#6003,.T.);
#6307=ADVANCED_FACE('',(#715),#398,.T.);
#6308=ADVANCED_FACE('',(#716),#399,.T.);
#6309=ADVANCED_FACE('',(#717,#148),#400,.F.);
#6310=ADVANCED_FACE('',(#718),#401,.F.);
#6311=ADVANCED_FACE('',(#719),#402,.F.);
#6312=ADVANCED_FACE('',(#720),#403,.F.);
#6313=ADVANCED_FACE('',(#721),#404,.F.);
#6314=ADVANCED_FACE('',(#722),#405,.F.);
#6315=ADVANCED_FACE('',(#723),#406,.F.);
#6316=ADVANCED_FACE('',(#724),#407,.T.);
#6317=ADVANCED_FACE('',(#725),#6004,.F.);
#6318=ADVANCED_FACE('',(#726),#6005,.F.);
#6319=ADVANCED_FACE('',(#727),#408,.F.);
#6320=ADVANCED_FACE('',(#728),#409,.F.);
#6321=ADVANCED_FACE('',(#729),#410,.T.);
#6322=ADVANCED_FACE('',(#730),#411,.T.);
#6323=ADVANCED_FACE('',(#731),#412,.T.);
#6324=ADVANCED_FACE('',(#732,#149,#150,#151,#152,#153,#154,#155,#156,#157,
#158),#413,.T.);
#6325=CLOSED_SHELL('',(#6006,#6007,#6008,#6009,#6010,#6011,#6012,#6013,
#6014,#6015,#6016,#6017,#6018,#6019,#6020,#6021,#6022,#6023,#6024,#6025,
#6026,#6027,#6028,#6029,#6030,#6031,#6032,#6033,#6034,#6035,#6036,#6037,
#6038,#6039,#6040,#6041,#6042,#6043,#6044,#6045,#6046,#6047,#6048,#6049));
#6326=CLOSED_SHELL('',(#6050,#6051,#6052,#6053,#6054,#6055,#6056,#6057,
#6058,#6059,#6060,#6061,#6062,#6063,#6064,#6065,#6066,#6067,#6068,#6069,
#6070,#6071,#6072,#6073,#6074,#6075,#6076,#6077,#6078,#6079,#6080,#6081,
#6082,#6083,#6084,#6085,#6086,#6087,#6088,#6089,#6090,#6091,#6092,#6093,
#6094,#6095,#6096,#6097,#6098,#6099,#6100,#6101,#6102));
#6327=CLOSED_SHELL('',(#6103,#6104,#6105,#6106,#6107,#6108,#6109,#6110,
#6111,#6112,#6113,#6114,#6115,#6116,#6117,#6118,#6119,#6120,#6121,#6122,
#6123,#6124,#6125,#6126,#6127,#6128,#6129,#6130,#6131,#6132,#6133,#6134,
#6135,#6136,#6137,#6138,#6139,#6140,#6141,#6142,#6143,#6144,#6145,#6146,
#6147,#6148,#6149,#6150,#6151,#6152,#6153,#6154,#6155,#6156,#6157,#6158,
#6159,#6160,#6161,#6162,#6163,#6164,#6165,#6166,#6167,#6168,#6169,#6170,
#6171,#6172,#6173,#6174,#6175,#6176,#6177,#6178,#6179,#6180,#6181,#6182,
#6183,#6184,#6185,#6186,#6187,#6188,#6189,#6190,#6191,#6192,#6193,#6194,
#6195,#6196,#6197,#6198,#6199,#6200,#6201,#6202,#6203,#6204,#6205,#6206,
#6207,#6208,#6209,#6210,#6211,#6212,#6213,#6214,#6215,#6216,#6217,#6218,
#6219,#6220,#6221,#6222,#6223,#6224,#6225,#6226,#6227,#6228,#6229,#6230,
#6231,#6232,#6233,#6234,#6235,#6236,#6237,#6238,#6239,#6240,#6241,#6242,
#6243,#6244,#6245,#6246,#6247,#6248,#6249,#6250,#6251,#6252,#6253,#6254,
#6255,#6256,#6257,#6258,#6259,#6260,#6261,#6262,#6263,#6264,#6265,#6266,
#6267,#6268,#6269,#6270,#6271,#6272,#6273,#6274,#6275,#6276,#6277,#6278,
#6279,#6280,#6281,#6282,#6283,#6284,#6285,#6286,#6287,#6288,#6289,#6290,
#6291,#6292,#6293,#6294,#6295,#6296,#6297,#6298,#6299,#6300,#6301,#6302,
#6303,#6304,#6305,#6306,#6307,#6308,#6309,#6310,#6311,#6312,#6313,#6314,
#6315,#6316,#6317,#6318,#6319,#6320,#6321,#6322,#6323,#6324));
#6328=AXIS2_PLACEMENT_3D('',#8396,#6778,#6779);
#6329=AXIS2_PLACEMENT_3D('',#8397,#6780,#6781);
#6330=AXIS2_PLACEMENT_3D('',#8398,#6782,#6783);
#6331=AXIS2_PLACEMENT_3D('',#8403,#6785,#6786);
#6332=AXIS2_PLACEMENT_3D('',#8406,#6788,#6789);
#6333=AXIS2_PLACEMENT_3D('',#8407,#6790,#6791);
#6334=AXIS2_PLACEMENT_3D('',#8412,#6793,#6794);
#6335=AXIS2_PLACEMENT_3D('',#8415,#6796,#6797);
#6336=AXIS2_PLACEMENT_3D('',#8416,#6798,#6799);
#6337=AXIS2_PLACEMENT_3D('',#8421,#6801,#6802);
#6338=AXIS2_PLACEMENT_3D('',#8424,#6804,#6805);
#6339=AXIS2_PLACEMENT_3D('',#8425,#6806,#6807);
#6340=AXIS2_PLACEMENT_3D('',#8434,#6812,#6813);
#6341=AXIS2_PLACEMENT_3D('',#8440,#6817,#6818);
#6342=AXIS2_PLACEMENT_3D('',#8449,#6823,#6824);
#6343=AXIS2_PLACEMENT_3D('',#8451,#6825,#6826);
#6344=AXIS2_PLACEMENT_3D('',#8453,#6827,#6828);
#6345=AXIS2_PLACEMENT_3D('',#8454,#6829,#6830);
#6346=AXIS2_PLACEMENT_3D('',#8458,#6833,#6834);
#6347=AXIS2_PLACEMENT_3D('',#8467,#6839,#6840);
#6348=AXIS2_PLACEMENT_3D('',#8473,#6844,#6845);
#6349=AXIS2_PLACEMENT_3D('',#8482,#6850,#6851);
#6350=AXIS2_PLACEMENT_3D('',#8484,#6852,#6853);
#6351=AXIS2_PLACEMENT_3D('',#8486,#6854,#6855);
#6352=AXIS2_PLACEMENT_3D('',#8487,#6856,#6857);
#6353=AXIS2_PLACEMENT_3D('',#8491,#6860,#6861);
#6354=AXIS2_PLACEMENT_3D('',#8500,#6866,#6867);
#6355=AXIS2_PLACEMENT_3D('',#8503,#6870,#6871);
#6356=AXIS2_PLACEMENT_3D('',#8511,#6876,#6877);
#6357=AXIS2_PLACEMENT_3D('',#8513,#6878,#6879);
#6358=AXIS2_PLACEMENT_3D('',#8515,#6880,#6881);
#6359=AXIS2_PLACEMENT_3D('',#8517,#6882,#6883);
#6360=AXIS2_PLACEMENT_3D('',#8519,#6884,#6885);
#6361=AXIS2_PLACEMENT_3D('',#8520,#6886,#6887);
#6362=AXIS2_PLACEMENT_3D('',#8526,#6891,#6892);
#6363=AXIS2_PLACEMENT_3D('',#8528,#6894,#6895);
#6364=AXIS2_PLACEMENT_3D('',#8540,#6902,#6903);
#6365=AXIS2_PLACEMENT_3D('',#8544,#6905,#6906);
#6366=AXIS2_PLACEMENT_3D('',#8548,#6908,#6909);
#6367=AXIS2_PLACEMENT_3D('',#8555,#6914,#6915);
#6368=AXIS2_PLACEMENT_3D('',#8556,#6916,#6917);
#6369=AXIS2_PLACEMENT_3D('',#8559,#6919,#6920);
#6370=AXIS2_PLACEMENT_3D('',#8560,#6921,#6922);
#6371=AXIS2_PLACEMENT_3D('',#8563,#6924,#6925);
#6372=AXIS2_PLACEMENT_3D('',#8564,#6926,#6927);
#6373=AXIS2_PLACEMENT_3D('',#8567,#6929,#6930);
#6374=AXIS2_PLACEMENT_3D('',#8568,#6931,#6932);
#6375=AXIS2_PLACEMENT_3D('',#8571,#6934,#6935);
#6376=AXIS2_PLACEMENT_3D('',#8572,#6936,#6937);
#6377=AXIS2_PLACEMENT_3D('',#8575,#6939,#6940);
#6378=AXIS2_PLACEMENT_3D('',#8576,#6941,#6942);
#6379=AXIS2_PLACEMENT_3D('',#8579,#6944,#6945);
#6380=AXIS2_PLACEMENT_3D('',#8580,#6946,#6947);
#6381=AXIS2_PLACEMENT_3D('',#8583,#6949,#6950);
#6382=AXIS2_PLACEMENT_3D('',#8584,#6951,#6952);
#6383=AXIS2_PLACEMENT_3D('',#8587,#6954,#6955);
#6384=AXIS2_PLACEMENT_3D('',#8588,#6956,#6957);
#6385=AXIS2_PLACEMENT_3D('',#8591,#6959,#6960);
#6386=AXIS2_PLACEMENT_3D('',#8592,#6961,#6962);
#6387=AXIS2_PLACEMENT_3D('',#8595,#6964,#6965);
#6388=AXIS2_PLACEMENT_3D('',#8596,#6966,#6967);
#6389=AXIS2_PLACEMENT_3D('',#8602,#6971,#6972);
#6390=AXIS2_PLACEMENT_3D('',#8604,#6973,#6974);
#6391=AXIS2_PLACEMENT_3D('',#8606,#6976,#6977);
#6392=AXIS2_PLACEMENT_3D('',#8610,#6980,#6981);
#6393=AXIS2_PLACEMENT_3D('',#8612,#6982,#6983);
#6394=AXIS2_PLACEMENT_3D('',#8614,#6985,#6986);
#6395=AXIS2_PLACEMENT_3D('',#8616,#6988,#6989);
#6396=AXIS2_PLACEMENT_3D('',#8620,#6992,#6993);
#6397=AXIS2_PLACEMENT_3D('',#8624,#6996,#6997);
#6398=AXIS2_PLACEMENT_3D('',#8626,#6998,#6999);
#6399=AXIS2_PLACEMENT_3D('',#8628,#7001,#7002);
#6400=AXIS2_PLACEMENT_3D('',#8630,#7004,#7005);
#6401=AXIS2_PLACEMENT_3D('',#8633,#7007,#7008);
#6402=AXIS2_PLACEMENT_3D('',#8634,#7009,#7010);
#6403=AXIS2_PLACEMENT_3D('',#8642,#7015,#7016);
#6404=AXIS2_PLACEMENT_3D('',#8643,#7017,#7018);
#6405=AXIS2_PLACEMENT_3D('',#8646,#7021,#7022);
#6406=AXIS2_PLACEMENT_3D('',#8647,#7023,#7024);
#6407=AXIS2_PLACEMENT_3D('',#8649,#7026,#7027);
#6408=AXIS2_PLACEMENT_3D('',#8650,#7028,#7029);
#6409=AXIS2_PLACEMENT_3D('',#8651,#7030,#7031);
#6410=AXIS2_PLACEMENT_3D('',#8652,#7032,#7033);
#6411=AXIS2_PLACEMENT_3D('',#8997,#7034,#7035);
#6412=AXIS2_PLACEMENT_3D('',#8999,#7036,#7037);
#6413=AXIS2_PLACEMENT_3D('',#9007,#7038,#7039);
#6414=AXIS2_PLACEMENT_3D('',#9008,#7040,#7041);
#6415=AXIS2_PLACEMENT_3D('',#9009,#7042,#7043);
#6416=AXIS2_PLACEMENT_3D('',#9011,#7044,#7045);
#6417=AXIS2_PLACEMENT_3D('',#9604,#7046,#7047);
#6418=AXIS2_PLACEMENT_3D('',#9606,#7048,#7049);
#6419=AXIS2_PLACEMENT_3D('',#9614,#7050,#7051);
#6420=AXIS2_PLACEMENT_3D('',#9615,#7052,#7053);
#6421=AXIS2_PLACEMENT_3D('',#9616,#7054,#7055);
#6422=AXIS2_PLACEMENT_3D('',#9618,#7056,#7057);
#6423=AXIS2_PLACEMENT_3D('',#9862,#7058,#7059);
#6424=AXIS2_PLACEMENT_3D('',#9908,#7061,#7062);
#6425=AXIS2_PLACEMENT_3D('',#9911,#7064,#7065);
#6426=AXIS2_PLACEMENT_3D('',#9970,#7066,#7067);
#6427=AXIS2_PLACEMENT_3D('',#9972,#7068,#7069);
#6428=AXIS2_PLACEMENT_3D('',#9973,#7070,#7071);
#6429=AXIS2_PLACEMENT_3D('',#9974,#7072,#7073);
#6430=AXIS2_PLACEMENT_3D('',#9976,#7075,#7076);
#6431=AXIS2_PLACEMENT_3D('',#10073,#7078,#7079);
#6432=AXIS2_PLACEMENT_3D('',#10075,#7080,#7081);
#6433=AXIS2_PLACEMENT_3D('',#10076,#7082,#7083);
#6434=AXIS2_PLACEMENT_3D('',#10077,#7084,#7085);
#6435=AXIS2_PLACEMENT_3D('',#10079,#7086,#7087);
#6436=AXIS2_PLACEMENT_3D('',#10081,#7089,#7090);
#6437=AXIS2_PLACEMENT_3D('',#10083,#7091,#7092);
#6438=AXIS2_PLACEMENT_3D('',#10085,#7094,#7095);
#6439=AXIS2_PLACEMENT_3D('',#10089,#7097,#7098);
#6440=AXIS2_PLACEMENT_3D('',#10095,#7101,#7102);
#6441=AXIS2_PLACEMENT_3D('',#10100,#7104,#7105);
#6442=AXIS2_PLACEMENT_3D('',#10106,#7108,#7109);
#6443=AXIS2_PLACEMENT_3D('',#10112,#7112,#7113);
#6444=AXIS2_PLACEMENT_3D('',#10114,#7115,#7116);
#6445=AXIS2_PLACEMENT_3D('',#10116,#7117,#7118);
#6446=AXIS2_PLACEMENT_3D('',#10118,#7120,#7121);
#6447=AXIS2_PLACEMENT_3D('',#10122,#7123,#7124);
#6448=AXIS2_PLACEMENT_3D('',#10127,#7126,#7127);
#6449=AXIS2_PLACEMENT_3D('',#10134,#7131,#7132);
#6450=AXIS2_PLACEMENT_3D('',#10140,#7135,#7136);
#6451=AXIS2_PLACEMENT_3D('',#10146,#7139,#7140);
#6452=AXIS2_PLACEMENT_3D('',#10147,#7141,#7142);
#6453=AXIS2_PLACEMENT_3D('',#10152,#7144,#7145);
#6454=AXIS2_PLACEMENT_3D('',#10155,#7147,#7148);
#6455=AXIS2_PLACEMENT_3D('',#10156,#7149,#7150);
#6456=AXIS2_PLACEMENT_3D('',#10161,#7152,#7153);
#6457=AXIS2_PLACEMENT_3D('',#10164,#7155,#7156);
#6458=AXIS2_PLACEMENT_3D('',#10165,#7157,#7158);
#6459=AXIS2_PLACEMENT_3D('',#10170,#7160,#7161);
#6460=AXIS2_PLACEMENT_3D('',#10173,#7163,#7164);
#6461=AXIS2_PLACEMENT_3D('',#10174,#7165,#7166);
#6462=AXIS2_PLACEMENT_3D('',#10179,#7168,#7169);
#6463=AXIS2_PLACEMENT_3D('',#10182,#7171,#7172);
#6464=AXIS2_PLACEMENT_3D('',#10183,#7173,#7174);
#6465=AXIS2_PLACEMENT_3D('',#10188,#7177,#7178);
#6466=AXIS2_PLACEMENT_3D('',#10189,#7179,#7180);
#6467=AXIS2_PLACEMENT_3D('',#10194,#7183,#7184);
#6468=AXIS2_PLACEMENT_3D('',#10195,#7185,#7186);
#6469=AXIS2_PLACEMENT_3D('',#10199,#7188,#7189);
#6470=AXIS2_PLACEMENT_3D('',#10201,#7191,#7192);
#6471=AXIS2_PLACEMENT_3D('',#10205,#7194,#7195);
#6472=AXIS2_PLACEMENT_3D('',#10207,#7197,#7198);
#6473=AXIS2_PLACEMENT_3D('',#10212,#7201,#7202);
#6474=AXIS2_PLACEMENT_3D('',#10213,#7203,#7204);
#6475=AXIS2_PLACEMENT_3D('',#10217,#7206,#7207);
#6476=AXIS2_PLACEMENT_3D('',#10219,#7209,#7210);
#6477=AXIS2_PLACEMENT_3D('',#10224,#7213,#7214);
#6478=AXIS2_PLACEMENT_3D('',#10225,#7215,#7216);
#6479=AXIS2_PLACEMENT_3D('',#10228,#7219,#7220);
#6480=AXIS2_PLACEMENT_3D('',#10231,#7223,#7224);
#6481=AXIS2_PLACEMENT_3D('',#10234,#7227,#7228);
#6482=AXIS2_PLACEMENT_3D('',#10239,#7231,#7232);
#6483=AXIS2_PLACEMENT_3D('',#10240,#7233,#7234);
#6484=AXIS2_PLACEMENT_3D('',#10243,#7237,#7238);
#6485=AXIS2_PLACEMENT_3D('',#10246,#7241,#7242);
#6486=AXIS2_PLACEMENT_3D('',#10248,#7244,#7245);
#6487=AXIS2_PLACEMENT_3D('',#10249,#7246,#7247);
#6488=AXIS2_PLACEMENT_3D('',#10252,#7250,#7251);
#6489=AXIS2_PLACEMENT_3D('',#10254,#7253,#7254);
#6490=AXIS2_PLACEMENT_3D('',#10255,#7255,#7256);
#6491=AXIS2_PLACEMENT_3D('',#10258,#7259,#7260);
#6492=AXIS2_PLACEMENT_3D('',#10260,#7262,#7263);
#6493=AXIS2_PLACEMENT_3D('',#10261,#7264,#7265);
#6494=AXIS2_PLACEMENT_3D('',#10264,#7268,#7269);
#6495=AXIS2_PLACEMENT_3D('',#10266,#7271,#7272);
#6496=AXIS2_PLACEMENT_3D('',#10267,#7273,#7274);
#6497=AXIS2_PLACEMENT_3D('',#10270,#7277,#7278);
#6498=AXIS2_PLACEMENT_3D('',#10271,#7279,#7280);
#6499=AXIS2_PLACEMENT_3D('',#10280,#7285,#7286);
#6500=AXIS2_PLACEMENT_3D('',#10290,#7292,#7293);
#6501=AXIS2_PLACEMENT_3D('',#10300,#7299,#7300);
#6502=AXIS2_PLACEMENT_3D('',#10306,#7304,#7305);
#6503=AXIS2_PLACEMENT_3D('',#10312,#7309,#7310);
#6504=AXIS2_PLACEMENT_3D('',#10320,#7315,#7316);
#6505=AXIS2_PLACEMENT_3D('',#10337,#7326,#7327);
#6506=AXIS2_PLACEMENT_3D('',#10339,#7328,#7329);
#6507=AXIS2_PLACEMENT_3D('',#10340,#7330,#7331);
#6508=AXIS2_PLACEMENT_3D('',#10349,#7336,#7337);
#6509=AXIS2_PLACEMENT_3D('',#10355,#7341,#7342);
#6510=AXIS2_PLACEMENT_3D('',#10370,#7351,#7352);
#6511=AXIS2_PLACEMENT_3D('',#10372,#7353,#7354);
#6512=AXIS2_PLACEMENT_3D('',#10374,#7355,#7356);
#6513=AXIS2_PLACEMENT_3D('',#10376,#7357,#7358);
#6514=AXIS2_PLACEMENT_3D('',#10378,#7359,#7360);
#6515=AXIS2_PLACEMENT_3D('',#10380,#7361,#7362);
#6516=AXIS2_PLACEMENT_3D('',#10382,#7363,#7364);
#6517=AXIS2_PLACEMENT_3D('',#10384,#7365,#7366);
#6518=AXIS2_PLACEMENT_3D('',#10385,#7367,#7368);
#6519=AXIS2_PLACEMENT_3D('',#10389,#7371,#7372);
#6520=AXIS2_PLACEMENT_3D('',#10395,#7376,#7377);
#6521=AXIS2_PLACEMENT_3D('',#10411,#7386,#7387);
#6522=AXIS2_PLACEMENT_3D('',#10413,#7389,#7390);
#6523=AXIS2_PLACEMENT_3D('',#10416,#7391,#7392);
#6524=AXIS2_PLACEMENT_3D('',#10423,#7397,#7398);
#6525=AXIS2_PLACEMENT_3D('',#10431,#7403,#7404);
#6526=AXIS2_PLACEMENT_3D('',#10435,#7407,#7408);
#6527=AXIS2_PLACEMENT_3D('',#10437,#7409,#7410);
#6528=AXIS2_PLACEMENT_3D('',#10439,#7412,#7413);
#6529=AXIS2_PLACEMENT_3D('',#10440,#7414,#7415);
#6530=AXIS2_PLACEMENT_3D('',#10442,#7417,#7418);
#6531=AXIS2_PLACEMENT_3D('',#10447,#7421,#7422);
#6532=AXIS2_PLACEMENT_3D('',#10448,#7423,#7424);
#6533=AXIS2_PLACEMENT_3D('',#10459,#7430,#7431);
#6534=AXIS2_PLACEMENT_3D('',#10462,#7433,#7434);
#6535=AXIS2_PLACEMENT_3D('',#10463,#7435,#7436);
#6536=AXIS2_PLACEMENT_3D('',#10466,#7438,#7439);
#6537=AXIS2_PLACEMENT_3D('',#10467,#7440,#7441);
#6538=AXIS2_PLACEMENT_3D('',#10472,#7444,#7445);
#6539=AXIS2_PLACEMENT_3D('',#10473,#7446,#7447);
#6540=AXIS2_PLACEMENT_3D('',#10481,#7452,#7453);
#6541=AXIS2_PLACEMENT_3D('',#10483,#7455,#7456);
#6542=AXIS2_PLACEMENT_3D('',#10484,#7457,#7458);
#6543=AXIS2_PLACEMENT_3D('',#10493,#7463,#7464);
#6544=AXIS2_PLACEMENT_3D('',#10503,#7470,#7471);
#6545=AXIS2_PLACEMENT_3D('',#10510,#7476,#7477);
#6546=AXIS2_PLACEMENT_3D('',#10514,#7480,#7481);
#6547=AXIS2_PLACEMENT_3D('',#10518,#7484,#7485);
#6548=AXIS2_PLACEMENT_3D('',#10529,#7491,#7492);
#6549=AXIS2_PLACEMENT_3D('',#10535,#7495,#7496);
#6550=AXIS2_PLACEMENT_3D('',#10536,#7497,#7498);
#6551=AXIS2_PLACEMENT_3D('',#10538,#7500,#7501);
#6552=AXIS2_PLACEMENT_3D('',#10539,#7502,#7503);
#6553=AXIS2_PLACEMENT_3D('',#10547,#7508,#7509);
#6554=AXIS2_PLACEMENT_3D('',#10550,#7511,#7512);
#6555=AXIS2_PLACEMENT_3D('',#10551,#7513,#7514);
#6556=AXIS2_PLACEMENT_3D('',#10553,#7516,#7517);
#6557=AXIS2_PLACEMENT_3D('',#10554,#7518,#7519);
#6558=AXIS2_PLACEMENT_3D('',#10565,#7525,#7526);
#6559=AXIS2_PLACEMENT_3D('',#10571,#7529,#7530);
#6560=AXIS2_PLACEMENT_3D('',#10572,#7531,#7532);
#6561=AXIS2_PLACEMENT_3D('',#10580,#7537,#7538);
#6562=AXIS2_PLACEMENT_3D('',#10583,#7540,#7541);
#6563=AXIS2_PLACEMENT_3D('',#10584,#7542,#7543);
#6564=AXIS2_PLACEMENT_3D('',#10586,#7545,#7546);
#6565=AXIS2_PLACEMENT_3D('',#10587,#7547,#7548);
#6566=AXIS2_PLACEMENT_3D('',#10589,#7550,#7551);
#6567=AXIS2_PLACEMENT_3D('',#10590,#7552,#7553);
#6568=AXIS2_PLACEMENT_3D('',#10601,#7559,#7560);
#6569=AXIS2_PLACEMENT_3D('',#10612,#7566,#7567);
#6570=AXIS2_PLACEMENT_3D('',#10615,#7569,#7570);
#6571=AXIS2_PLACEMENT_3D('',#10616,#7571,#7572);
#6572=AXIS2_PLACEMENT_3D('',#10618,#7574,#7575);
#6573=AXIS2_PLACEMENT_3D('',#10619,#7576,#7577);
#6574=AXIS2_PLACEMENT_3D('',#10622,#7579,#7580);
#6575=AXIS2_PLACEMENT_3D('',#10623,#7581,#7582);
#6576=AXIS2_PLACEMENT_3D('',#10625,#7584,#7585);
#6577=AXIS2_PLACEMENT_3D('',#10626,#7586,#7587);
#6578=AXIS2_PLACEMENT_3D('',#10637,#7593,#7594);
#6579=AXIS2_PLACEMENT_3D('',#10648,#7600,#7601);
#6580=AXIS2_PLACEMENT_3D('',#10651,#7603,#7604);
#6581=AXIS2_PLACEMENT_3D('',#10652,#7605,#7606);
#6582=AXIS2_PLACEMENT_3D('',#10655,#7608,#7609);
#6583=AXIS2_PLACEMENT_3D('',#10656,#7610,#7611);
#6584=AXIS2_PLACEMENT_3D('',#10658,#7613,#7614);
#6585=AXIS2_PLACEMENT_3D('',#10659,#7615,#7616);
#6586=AXIS2_PLACEMENT_3D('',#10661,#7618,#7619);
#6587=AXIS2_PLACEMENT_3D('',#10662,#7620,#7621);
#6588=AXIS2_PLACEMENT_3D('',#10673,#7627,#7628);
#6589=AXIS2_PLACEMENT_3D('',#10684,#7634,#7635);
#6590=AXIS2_PLACEMENT_3D('',#10687,#7637,#7638);
#6591=AXIS2_PLACEMENT_3D('',#10688,#7639,#7640);
#6592=AXIS2_PLACEMENT_3D('',#10691,#7642,#7643);
#6593=AXIS2_PLACEMENT_3D('',#10692,#7644,#7645);
#6594=AXIS2_PLACEMENT_3D('',#10694,#7647,#7648);
#6595=AXIS2_PLACEMENT_3D('',#10695,#7649,#7650);
#6596=AXIS2_PLACEMENT_3D('',#10697,#7652,#7653);
#6597=AXIS2_PLACEMENT_3D('',#10698,#7654,#7655);
#6598=AXIS2_PLACEMENT_3D('',#10709,#7661,#7662);
#6599=AXIS2_PLACEMENT_3D('',#10720,#7668,#7669);
#6600=AXIS2_PLACEMENT_3D('',#10723,#7671,#7672);
#6601=AXIS2_PLACEMENT_3D('',#10724,#7673,#7674);
#6602=AXIS2_PLACEMENT_3D('',#10727,#7676,#7677);
#6603=AXIS2_PLACEMENT_3D('',#10728,#7678,#7679);
#6604=AXIS2_PLACEMENT_3D('',#10730,#7681,#7682);
#6605=AXIS2_PLACEMENT_3D('',#10731,#7683,#7684);
#6606=AXIS2_PLACEMENT_3D('',#10733,#7686,#7687);
#6607=AXIS2_PLACEMENT_3D('',#10734,#7688,#7689);
#6608=AXIS2_PLACEMENT_3D('',#10745,#7695,#7696);
#6609=AXIS2_PLACEMENT_3D('',#10756,#7702,#7703);
#6610=AXIS2_PLACEMENT_3D('',#10759,#7705,#7706);
#6611=AXIS2_PLACEMENT_3D('',#10760,#7707,#7708);
#6612=AXIS2_PLACEMENT_3D('',#10763,#7710,#7711);
#6613=AXIS2_PLACEMENT_3D('',#10764,#7712,#7713);
#6614=AXIS2_PLACEMENT_3D('',#10766,#7715,#7716);
#6615=AXIS2_PLACEMENT_3D('',#10767,#7717,#7718);
#6616=AXIS2_PLACEMENT_3D('',#10769,#7720,#7721);
#6617=AXIS2_PLACEMENT_3D('',#10770,#7722,#7723);
#6618=AXIS2_PLACEMENT_3D('',#10781,#7729,#7730);
#6619=AXIS2_PLACEMENT_3D('',#10792,#7736,#7737);
#6620=AXIS2_PLACEMENT_3D('',#10795,#7739,#7740);
#6621=AXIS2_PLACEMENT_3D('',#10796,#7741,#7742);
#6622=AXIS2_PLACEMENT_3D('',#10799,#7744,#7745);
#6623=AXIS2_PLACEMENT_3D('',#10800,#7746,#7747);
#6624=AXIS2_PLACEMENT_3D('',#10802,#7749,#7750);
#6625=AXIS2_PLACEMENT_3D('',#10803,#7751,#7752);
#6626=AXIS2_PLACEMENT_3D('',#10805,#7754,#7755);
#6627=AXIS2_PLACEMENT_3D('',#10806,#7756,#7757);
#6628=AXIS2_PLACEMENT_3D('',#10817,#7763,#7764);
#6629=AXIS2_PLACEMENT_3D('',#10828,#7770,#7771);
#6630=AXIS2_PLACEMENT_3D('',#10831,#7773,#7774);
#6631=AXIS2_PLACEMENT_3D('',#10832,#7775,#7776);
#6632=AXIS2_PLACEMENT_3D('',#10835,#7778,#7779);
#6633=AXIS2_PLACEMENT_3D('',#10836,#7780,#7781);
#6634=AXIS2_PLACEMENT_3D('',#10838,#7783,#7784);
#6635=AXIS2_PLACEMENT_3D('',#10839,#7785,#7786);
#6636=AXIS2_PLACEMENT_3D('',#10841,#7788,#7789);
#6637=AXIS2_PLACEMENT_3D('',#10842,#7790,#7791);
#6638=AXIS2_PLACEMENT_3D('',#10851,#7796,#7797);
#6639=AXIS2_PLACEMENT_3D('',#10860,#7802,#7803);
#6640=AXIS2_PLACEMENT_3D('',#10869,#7808,#7809);
#6641=AXIS2_PLACEMENT_3D('',#10878,#7814,#7815);
#6642=AXIS2_PLACEMENT_3D('',#10887,#7820,#7821);
#6643=AXIS2_PLACEMENT_3D('',#10896,#7826,#7827);
#6644=AXIS2_PLACEMENT_3D('',#10905,#7832,#7833);
#6645=AXIS2_PLACEMENT_3D('',#10914,#7838,#7839);
#6646=AXIS2_PLACEMENT_3D('',#10923,#7844,#7845);
#6647=AXIS2_PLACEMENT_3D('',#10931,#7850,#7851);
#6648=AXIS2_PLACEMENT_3D('',#10939,#7856,#7857);
#6649=AXIS2_PLACEMENT_3D('',#10947,#7862,#7863);
#6650=AXIS2_PLACEMENT_3D('',#10955,#7868,#7869);
#6651=AXIS2_PLACEMENT_3D('',#10965,#7875,#7876);
#6652=AXIS2_PLACEMENT_3D('',#10972,#7881,#7882);
#6653=AXIS2_PLACEMENT_3D('',#10976,#7885,#7886);
#6654=AXIS2_PLACEMENT_3D('',#10984,#7891,#7892);
#6655=AXIS2_PLACEMENT_3D('',#10994,#7898,#7899);
#6656=AXIS2_PLACEMENT_3D('',#11001,#7904,#7905);
#6657=AXIS2_PLACEMENT_3D('',#11005,#7908,#7909);
#6658=AXIS2_PLACEMENT_3D('',#11015,#7915,#7916);
#6659=AXIS2_PLACEMENT_3D('',#11022,#7921,#7922);
#6660=AXIS2_PLACEMENT_3D('',#11026,#7925,#7926);
#6661=AXIS2_PLACEMENT_3D('',#11036,#7932,#7933);
#6662=AXIS2_PLACEMENT_3D('',#11043,#7938,#7939);
#6663=AXIS2_PLACEMENT_3D('',#11047,#7942,#7943);
#6664=AXIS2_PLACEMENT_3D('',#11055,#7948,#7949);
#6665=AXIS2_PLACEMENT_3D('',#11060,#7953,#7954);
#6666=AXIS2_PLACEMENT_3D('',#11064,#7957,#7958);
#6667=AXIS2_PLACEMENT_3D('',#11072,#7963,#7964);
#6668=AXIS2_PLACEMENT_3D('',#11077,#7968,#7969);
#6669=AXIS2_PLACEMENT_3D('',#11081,#7972,#7973);
#6670=AXIS2_PLACEMENT_3D('',#11089,#7978,#7979);
#6671=AXIS2_PLACEMENT_3D('',#11094,#7983,#7984);
#6672=AXIS2_PLACEMENT_3D('',#11098,#7987,#7988);
#6673=AXIS2_PLACEMENT_3D('',#11106,#7993,#7994);
#6674=AXIS2_PLACEMENT_3D('',#11111,#7998,#7999);
#6675=AXIS2_PLACEMENT_3D('',#11115,#8002,#8003);
#6676=AXIS2_PLACEMENT_3D('',#11119,#8006,#8007);
#6677=AXIS2_PLACEMENT_3D('',#11127,#8012,#8013);
#6678=AXIS2_PLACEMENT_3D('',#11132,#8017,#8018);
#6679=AXIS2_PLACEMENT_3D('',#11136,#8021,#8022);
#6680=AXIS2_PLACEMENT_3D('',#11140,#8025,#8026);
#6681=AXIS2_PLACEMENT_3D('',#11144,#8029,#8030);
#6682=AXIS2_PLACEMENT_3D('',#11148,#8033,#8034);
#6683=AXIS2_PLACEMENT_3D('',#11154,#8038,#8039);
#6684=AXIS2_PLACEMENT_3D('',#11160,#8043,#8044);
#6685=AXIS2_PLACEMENT_3D('',#11166,#8048,#8049);
#6686=AXIS2_PLACEMENT_3D('',#11172,#8053,#8054);
#6687=AXIS2_PLACEMENT_3D('',#11178,#8058,#8059);
#6688=AXIS2_PLACEMENT_3D('',#11184,#8063,#8064);
#6689=AXIS2_PLACEMENT_3D('',#11190,#8068,#8069);
#6690=AXIS2_PLACEMENT_3D('',#11196,#8073,#8074);
#6691=AXIS2_PLACEMENT_3D('',#11204,#8079,#8080);
#6692=AXIS2_PLACEMENT_3D('',#11210,#8084,#8085);
#6693=AXIS2_PLACEMENT_3D('',#11218,#8090,#8091);
#6694=AXIS2_PLACEMENT_3D('',#11226,#8096,#8097);
#6695=AXIS2_PLACEMENT_3D('',#11234,#8102,#8103);
#6696=AXIS2_PLACEMENT_3D('',#11242,#8108,#8109);
#6697=AXIS2_PLACEMENT_3D('',#11250,#8114,#8115);
#6698=AXIS2_PLACEMENT_3D('',#11258,#8120,#8121);
#6699=AXIS2_PLACEMENT_3D('',#11266,#8126,#8127);
#6700=AXIS2_PLACEMENT_3D('',#11272,#8131,#8132);
#6701=AXIS2_PLACEMENT_3D('',#11276,#8135,#8136);
#6702=AXIS2_PLACEMENT_3D('',#11280,#8139,#8140);
#6703=AXIS2_PLACEMENT_3D('',#11288,#8145,#8146);
#6704=AXIS2_PLACEMENT_3D('',#11292,#8149,#8150);
#6705=AXIS2_PLACEMENT_3D('',#11298,#8154,#8155);
#6706=AXIS2_PLACEMENT_3D('',#11302,#8158,#8159);
#6707=AXIS2_PLACEMENT_3D('',#11306,#8162,#8163);
#6708=AXIS2_PLACEMENT_3D('',#11312,#8167,#8168);
#6709=AXIS2_PLACEMENT_3D('',#11316,#8171,#8172);
#6710=AXIS2_PLACEMENT_3D('',#11320,#8175,#8176);
#6711=AXIS2_PLACEMENT_3D('',#11326,#8180,#8181);
#6712=AXIS2_PLACEMENT_3D('',#11330,#8184,#8185);
#6713=AXIS2_PLACEMENT_3D('',#11334,#8188,#8189);
#6714=AXIS2_PLACEMENT_3D('',#11336,#8191,#8192);
#6715=AXIS2_PLACEMENT_3D('',#11340,#8195,#8196);
#6716=AXIS2_PLACEMENT_3D('',#11342,#8198,#8199);
#6717=AXIS2_PLACEMENT_3D('',#11344,#8201,#8202);
#6718=AXIS2_PLACEMENT_3D('',#11350,#8206,#8207);
#6719=AXIS2_PLACEMENT_3D('',#11353,#8210,#8211);
#6720=AXIS2_PLACEMENT_3D('',#11354,#8212,#8213);
#6721=AXIS2_PLACEMENT_3D('',#11357,#8216,#8217);
#6722=AXIS2_PLACEMENT_3D('',#11361,#8220,#8221);
#6723=AXIS2_PLACEMENT_3D('',#11363,#8223,#8224);
#6724=AXIS2_PLACEMENT_3D('',#11364,#8225,#8226);
#6725=AXIS2_PLACEMENT_3D('',#11367,#8229,#8230);
#6726=AXIS2_PLACEMENT_3D('',#11371,#8233,#8234);
#6727=AXIS2_PLACEMENT_3D('',#11373,#8236,#8237);
#6728=AXIS2_PLACEMENT_3D('',#11374,#8238,#8239);
#6729=AXIS2_PLACEMENT_3D('',#11377,#8242,#8243);
#6730=AXIS2_PLACEMENT_3D('',#11381,#8246,#8247);
#6731=AXIS2_PLACEMENT_3D('',#11383,#8249,#8250);
#6732=AXIS2_PLACEMENT_3D('',#11384,#8251,#8252);
#6733=AXIS2_PLACEMENT_3D('',#11387,#8255,#8256);
#6734=AXIS2_PLACEMENT_3D('',#11391,#8259,#8260);
#6735=AXIS2_PLACEMENT_3D('',#11393,#8262,#8263);
#6736=AXIS2_PLACEMENT_3D('',#11394,#8264,#8265);
#6737=AXIS2_PLACEMENT_3D('',#11398,#8268,#8269);
#6738=AXIS2_PLACEMENT_3D('',#11400,#8271,#8272);
#6739=AXIS2_PLACEMENT_3D('',#11402,#8274,#8275);
#6740=AXIS2_PLACEMENT_3D('',#11404,#8277,#8278);
#6741=AXIS2_PLACEMENT_3D('',#11408,#8281,#8282);
#6742=AXIS2_PLACEMENT_3D('',#11410,#8284,#8285);
#6743=AXIS2_PLACEMENT_3D('',#11412,#8287,#8288);
#6744=AXIS2_PLACEMENT_3D('',#11416,#8291,#8292);
#6745=AXIS2_PLACEMENT_3D('',#11418,#8294,#8295);
#6746=AXIS2_PLACEMENT_3D('',#11421,#8297,#8298);
#6747=AXIS2_PLACEMENT_3D('',#11422,#8299,#8300);
#6748=AXIS2_PLACEMENT_3D('',#11424,#8302,#8303);
#6749=AXIS2_PLACEMENT_3D('',#11426,#8305,#8306);
#6750=AXIS2_PLACEMENT_3D('',#11428,#8308,#8309);
#6751=AXIS2_PLACEMENT_3D('',#11430,#8311,#8312);
#6752=AXIS2_PLACEMENT_3D('',#11432,#8314,#8315);
#6753=AXIS2_PLACEMENT_3D('',#11434,#8317,#8318);
#6754=AXIS2_PLACEMENT_3D('',#11436,#8320,#8321);
#6755=AXIS2_PLACEMENT_3D('',#11438,#8323,#8324);
#6756=AXIS2_PLACEMENT_3D('',#11441,#8325,#8326);
#6757=AXIS2_PLACEMENT_3D('',#11445,#8328,#8329);
#6758=AXIS2_PLACEMENT_3D('',#11447,#8331,#8332);
#6759=AXIS2_PLACEMENT_3D('',#11450,#8335,#8336);
#6760=AXIS2_PLACEMENT_3D('',#11453,#8339,#8340);
#6761=AXIS2_PLACEMENT_3D('',#11454,#8341,#8342);
#6762=AXIS2_PLACEMENT_3D('',#11460,#8346,#8347);
#6763=AXIS2_PLACEMENT_3D('',#11466,#8351,#8352);
#6764=AXIS2_PLACEMENT_3D('',#11472,#8356,#8357);
#6765=AXIS2_PLACEMENT_3D('',#11477,#8361,#8362);
#6766=AXIS2_PLACEMENT_3D('',#11481,#8365,#8366);
#6767=AXIS2_PLACEMENT_3D('',#11483,#8368,#8369);
#6768=AXIS2_PLACEMENT_3D('',#11484,#8370,#8371);
#6769=AXIS2_PLACEMENT_3D('',#11486,#8373,#8374);
#6770=AXIS2_PLACEMENT_3D('',#11488,#8376,#8377);
#6771=AXIS2_PLACEMENT_3D('',#11490,#8379,#8380);
#6772=AXIS2_PLACEMENT_3D('',#11491,#8381,#8382);
#6773=AXIS2_PLACEMENT_3D('',#11493,#8384,#8385);
#6774=AXIS2_PLACEMENT_3D('',#11495,#8387,#8388);
#6775=AXIS2_PLACEMENT_3D('',#11497,#8390,#8391);
#6776=AXIS2_PLACEMENT_3D('',#11498,#8392,#8393);
#6777=AXIS2_PLACEMENT_3D('',#11499,#8394,#8395);
#6778=DIRECTION('axis',(0.,0.,1.));
#6779=DIRECTION('refdir',(1.,0.,0.));
#6780=DIRECTION('axis',(0.,0.,1.));
#6781=DIRECTION('refdir',(1.,0.,0.));
#6782=DIRECTION('center_axis',(0.,-1.22464679914735E-16,-1.));
#6783=DIRECTION('ref_axis',(1.,0.,0.));
#6784=DIRECTION('',(0.,-1.22464679914735E-16,-1.));
#6785=DIRECTION('center_axis',(0.,0.,1.));
#6786=DIRECTION('ref_axis',(1.,0.,0.));
#6787=DIRECTION('',(0.,0.,-1.));
#6788=DIRECTION('center_axis',(0.,0.,-1.));
#6789=DIRECTION('ref_axis',(-0.532547688005496,0.8464,0.));
#6790=DIRECTION('center_axis',(0.,-1.22464679914735E-16,-1.));
#6791=DIRECTION('ref_axis',(1.,0.,0.));
#6792=DIRECTION('',(0.,1.22464679914735E-16,1.));
#6793=DIRECTION('center_axis',(0.,0.,-1.));
#6794=DIRECTION('ref_axis',(-0.532547688005496,0.8464,0.));
#6795=DIRECTION('',(0.,0.,1.));
#6796=DIRECTION('center_axis',(0.,0.,1.));
#6797=DIRECTION('ref_axis',(1.,0.,0.));
#6798=DIRECTION('center_axis',(0.,-1.22464679914735E-16,-1.));
#6799=DIRECTION('ref_axis',(1.,0.,0.));
#6800=DIRECTION('',(0.,1.22464679914735E-16,1.));
#6801=DIRECTION('center_axis',(0.,0.,-1.));
#6802=DIRECTION('ref_axis',(0.846399999999998,0.532547688005499,0.));
#6803=DIRECTION('',(0.,0.,1.));
#6804=DIRECTION('center_axis',(0.,0.,1.));
#6805=DIRECTION('ref_axis',(1.,0.,0.));
#6806=DIRECTION('center_axis',(-0.707106781186548,0.,0.707106781186548));
#6807=DIRECTION('ref_axis',(0.707106781186548,0.,0.707106781186548));
#6808=DIRECTION('',(0.707106781186548,0.,0.707106781186548));
#6809=DIRECTION('',(0.,1.,0.));
#6810=DIRECTION('',(-0.707106781186548,0.,-0.707106781186548));
#6811=DIRECTION('',(0.,-1.,0.));
#6812=DIRECTION('center_axis',(-1.,0.,0.));
#6813=DIRECTION('ref_axis',(0.,1.,0.));
#6814=DIRECTION('',(0.,0.,1.));
#6815=DIRECTION('',(0.,1.,0.));
#6816=DIRECTION('',(0.,0.,1.));
#6817=DIRECTION('center_axis',(0.,1.,0.));
#6818=DIRECTION('ref_axis',(1.,0.,0.));
#6819=DIRECTION('',(-1.,0.,0.));
#6820=DIRECTION('',(0.,0.,1.));
#6821=DIRECTION('',(1.,0.,0.));
#6822=DIRECTION('',(0.707106781186547,0.,-0.707106781186548));
#6823=DIRECTION('center_axis',(0.,-1.,0.));
#6824=DIRECTION('ref_axis',(0.,0.,1.));
#6825=DIRECTION('center_axis',(0.,-1.,0.));
#6826=DIRECTION('ref_axis',(0.,0.,1.));
#6827=DIRECTION('center_axis',(0.,-1.,0.));
#6828=DIRECTION('ref_axis',(0.,0.,1.));
#6829=DIRECTION('center_axis',(-0.707106781186548,0.,-0.707106781186547));
#6830=DIRECTION('ref_axis',(-0.707106781186547,0.,0.707106781186548));
#6831=DIRECTION('',(0.,-1.,0.));
#6832=DIRECTION('',(-0.707106781186547,0.,0.707106781186548));
#6833=DIRECTION('center_axis',(0.707106781186548,0.,-0.707106781186547));
#6834=DIRECTION('ref_axis',(-0.707106781186547,0.,-0.707106781186548));
#6835=DIRECTION('',(0.707106781186547,0.,0.707106781186548));
#6836=DIRECTION('',(0.,-1.,0.));
#6837=DIRECTION('',(-0.707106781186547,0.,-0.707106781186548));
#6838=DIRECTION('',(0.,1.,0.));
#6839=DIRECTION('center_axis',(-1.,0.,0.));
#6840=DIRECTION('ref_axis',(0.,1.,0.));
#6841=DIRECTION('',(0.,0.,-1.));
#6842=DIRECTION('',(0.,1.,0.));
#6843=DIRECTION('',(0.,0.,-1.));
#6844=DIRECTION('center_axis',(0.,-1.,0.));
#6845=DIRECTION('ref_axis',(-1.,0.,0.));
#6846=DIRECTION('',(-1.,0.,0.));
#6847=DIRECTION('',(0.,0.,-1.));
#6848=DIRECTION('',(-1.,0.,0.));
#6849=DIRECTION('',(-0.707106781186548,0.,0.707106781186548));
#6850=DIRECTION('center_axis',(0.,-1.,0.));
#6851=DIRECTION('ref_axis',(0.,0.,1.));
#6852=DIRECTION('center_axis',(0.,-1.,0.));
#6853=DIRECTION('ref_axis',(0.,0.,1.));
#6854=DIRECTION('center_axis',(0.,-1.,0.));
#6855=DIRECTION('ref_axis',(0.,0.,1.));
#6856=DIRECTION('center_axis',(0.707106781186548,0.,0.707106781186548));
#6857=DIRECTION('ref_axis',(0.707106781186548,0.,-0.707106781186548));
#6858=DIRECTION('',(0.,-1.,0.));
#6859=DIRECTION('',(0.707106781186548,0.,-0.707106781186548));
#6860=DIRECTION('center_axis',(0.707106781186548,0.707106781186548,0.));
#6861=DIRECTION('ref_axis',(0.,0.,-1.));
#6862=DIRECTION('',(0.707106781186548,-0.707106781186548,0.));
#6863=DIRECTION('',(0.,0.,-1.));
#6864=DIRECTION('',(-0.707106781186548,0.707106781186548,0.));
#6865=DIRECTION('',(0.,0.,1.));
#6866=DIRECTION('center_axis',(1.,0.,0.));
#6867=DIRECTION('ref_axis',(0.,0.,-1.));
#6868=DIRECTION('',(0.,1.,0.));
#6869=DIRECTION('',(0.,1.,0.));
#6870=DIRECTION('center_axis',(0.,0.,1.));
#6871=DIRECTION('ref_axis',(-1.,0.,0.));
#6872=DIRECTION('',(1.,0.,0.));
#6873=DIRECTION('',(-1.,0.,0.));
#6874=DIRECTION('',(0.707106781186548,0.707106781186548,0.));
#6875=DIRECTION('',(0.,-1.,0.));
#6876=DIRECTION('center_axis',(0.,0.,-1.));
#6877=DIRECTION('ref_axis',(-1.,0.,0.));
#6878=DIRECTION('center_axis',(0.,0.,-1.));
#6879=DIRECTION('ref_axis',(1.,0.,0.));
#6880=DIRECTION('center_axis',(0.,0.,-1.));
#6881=DIRECTION('ref_axis',(1.,0.,0.));
#6882=DIRECTION('center_axis',(0.,0.,-1.));
#6883=DIRECTION('ref_axis',(1.,0.,0.));
#6884=DIRECTION('center_axis',(0.,0.,-1.));
#6885=DIRECTION('ref_axis',(1.,0.,0.));
#6886=DIRECTION('center_axis',(-0.707106781186548,0.707106781186548,0.));
#6887=DIRECTION('ref_axis',(0.,0.,1.));
#6888=DIRECTION('',(0.,0.,-1.));
#6889=DIRECTION('',(-0.707106781186548,-0.707106781186548,0.));
#6890=DIRECTION('',(0.,0.,1.));
#6891=DIRECTION('center_axis',(-1.,0.,0.));
#6892=DIRECTION('ref_axis',(0.,0.,1.));
#6893=DIRECTION('',(0.,1.,0.));
#6894=DIRECTION('center_axis',(0.,0.,-1.));
#6895=DIRECTION('ref_axis',(-1.,0.,0.));
#6896=DIRECTION('',(0.,-1.,0.));
#6897=DIRECTION('',(5.21184792287417E-16,-1.,0.));
#6898=DIRECTION('',(-1.,0.,0.));
#6899=DIRECTION('',(-1.,0.,0.));
#6900=DIRECTION('',(1.,0.,0.));
#6901=DIRECTION('',(0.,1.,0.));
#6902=DIRECTION('center_axis',(0.,0.,1.));
#6903=DIRECTION('ref_axis',(1.,0.,0.));
#6904=DIRECTION('',(3.40742260102323E-15,1.,0.));
#6905=DIRECTION('center_axis',(0.,0.,1.));
#6906=DIRECTION('ref_axis',(1.,3.10862446895028E-14,0.));
#6907=DIRECTION('',(-0.707106781186549,0.707106781186546,0.));
#6908=DIRECTION('center_axis',(0.,0.,1.));
#6909=DIRECTION('ref_axis',(0.707106781186539,0.707106781186556,0.));
#6910=DIRECTION('',(-1.,0.,0.));
#6911=DIRECTION('',(1.,0.,0.));
#6912=DIRECTION('',(-1.,0.,0.));
#6913=DIRECTION('',(-0.707106781186548,-0.707106781186546,0.));
#6914=DIRECTION('center_axis',(0.,0.,1.));
#6915=DIRECTION('ref_axis',(-0.707106781186554,0.707106781186541,0.));
#6916=DIRECTION('center_axis',(0.,-1.,0.));
#6917=DIRECTION('ref_axis',(0.,0.,1.));
#6918=DIRECTION('',(0.,-1.,0.));
#6919=DIRECTION('center_axis',(0.,1.,0.));
#6920=DIRECTION('ref_axis',(0.,0.,1.));
#6921=DIRECTION('center_axis',(0.,-1.,0.));
#6922=DIRECTION('ref_axis',(0.,0.,1.));
#6923=DIRECTION('',(0.,-1.,0.));
#6924=DIRECTION('center_axis',(0.,1.,0.));
#6925=DIRECTION('ref_axis',(0.,0.,1.));
#6926=DIRECTION('center_axis',(0.,-1.,0.));
#6927=DIRECTION('ref_axis',(0.,0.,1.));
#6928=DIRECTION('',(0.,-1.,0.));
#6929=DIRECTION('center_axis',(0.,1.,0.));
#6930=DIRECTION('ref_axis',(0.,0.,1.));
#6931=DIRECTION('center_axis',(0.,-1.,0.));
#6932=DIRECTION('ref_axis',(0.,0.,1.));
#6933=DIRECTION('',(0.,-1.,0.));
#6934=DIRECTION('center_axis',(0.,1.,0.));
#6935=DIRECTION('ref_axis',(0.,0.,1.));
#6936=DIRECTION('center_axis',(0.,-1.,0.));
#6937=DIRECTION('ref_axis',(0.,0.,1.));
#6938=DIRECTION('',(0.,-1.,0.));
#6939=DIRECTION('center_axis',(0.,1.,0.));
#6940=DIRECTION('ref_axis',(0.,0.,1.));
#6941=DIRECTION('center_axis',(0.,-1.,0.));
#6942=DIRECTION('ref_axis',(0.,0.,1.));
#6943=DIRECTION('',(0.,-1.,0.));
#6944=DIRECTION('center_axis',(0.,1.,0.));
#6945=DIRECTION('ref_axis',(0.,0.,1.));
#6946=DIRECTION('center_axis',(0.,0.,-1.));
#6947=DIRECTION('ref_axis',(1.,0.,0.));
#6948=DIRECTION('',(0.,0.,-1.));
#6949=DIRECTION('center_axis',(0.,0.,1.));
#6950=DIRECTION('ref_axis',(1.,0.,0.));
#6951=DIRECTION('center_axis',(0.,0.,-1.));
#6952=DIRECTION('ref_axis',(1.,0.,0.));
#6953=DIRECTION('',(0.,0.,-1.));
#6954=DIRECTION('center_axis',(0.,0.,1.));
#6955=DIRECTION('ref_axis',(1.,0.,0.));
#6956=DIRECTION('center_axis',(0.,0.,-1.));
#6957=DIRECTION('ref_axis',(1.,0.,0.));
#6958=DIRECTION('',(0.,0.,-1.));
#6959=DIRECTION('center_axis',(0.,0.,1.));
#6960=DIRECTION('ref_axis',(1.,0.,0.));
#6961=DIRECTION('center_axis',(0.,0.,-1.));
#6962=DIRECTION('ref_axis',(1.,0.,0.));
#6963=DIRECTION('',(0.,0.,-1.));
#6964=DIRECTION('center_axis',(0.,0.,1.));
#6965=DIRECTION('ref_axis',(1.,0.,0.));
#6966=DIRECTION('center_axis',(-1.,3.40742260102323E-15,0.));
#6967=DIRECTION('ref_axis',(-3.40742260102323E-15,-1.,0.));
#6968=DIRECTION('',(-3.40742260102323E-15,-1.,0.));
#6969=DIRECTION('',(0.,0.,-1.));
#6970=DIRECTION('',(0.,-1.22464679914735E-16,-1.));
#6971=DIRECTION('center_axis',(0.,0.,1.));
#6972=DIRECTION('ref_axis',(1.,3.10862446895028E-14,0.));
#6973=DIRECTION('center_axis',(0.,0.,-1.));
#6974=DIRECTION('ref_axis',(1.,3.10862446895028E-14,0.));
#6975=DIRECTION('',(0.,0.,-1.));
#6976=DIRECTION('center_axis',(-0.707106781186546,-0.707106781186549,0.));
#6977=DIRECTION('ref_axis',(0.707106781186549,-0.707106781186546,0.));
#6978=DIRECTION('',(0.707106781186549,-0.707106781186546,0.));
#6979=DIRECTION('',(0.,0.,-1.));
#6980=DIRECTION('center_axis',(0.,0.,1.));
#6981=DIRECTION('ref_axis',(0.707106781186539,0.707106781186556,0.));
#6982=DIRECTION('center_axis',(0.,0.,-1.));
#6983=DIRECTION('ref_axis',(0.707106781186539,0.707106781186556,0.));
#6984=DIRECTION('',(0.,0.,-1.));
#6985=DIRECTION('center_axis',(0.,-1.,0.));
#6986=DIRECTION('ref_axis',(1.,0.,0.));
#6987=DIRECTION('',(1.,0.,0.));
#6988=DIRECTION('center_axis',(0.,-1.,0.));
#6989=DIRECTION('ref_axis',(1.,0.,0.));
#6990=DIRECTION('',(1.,0.,0.));
#6991=DIRECTION('',(0.,0.,-1.));
#6992=DIRECTION('center_axis',(0.707106781186547,-0.707106781186549,0.));
#6993=DIRECTION('ref_axis',(0.707106781186548,0.707106781186546,0.));
#6994=DIRECTION('',(0.707106781186548,0.707106781186546,0.));
#6995=DIRECTION('',(0.,0.,-1.));
#6996=DIRECTION('center_axis',(0.,0.,1.));
#6997=DIRECTION('ref_axis',(-0.707106781186554,0.707106781186541,0.));
#6998=DIRECTION('center_axis',(0.,0.,-1.));
#6999=DIRECTION('ref_axis',(-0.707106781186554,0.707106781186541,0.));
#7000=DIRECTION('',(0.,0.,-1.));
#7001=DIRECTION('center_axis',(1.,0.,0.));
#7002=DIRECTION('ref_axis',(0.,1.,0.));
#7003=DIRECTION('',(0.,1.,0.));
#7004=DIRECTION('center_axis',(0.,0.,1.));
#7005=DIRECTION('ref_axis',(-1.,0.,0.));
#7006=DIRECTION('',(0.,0.,-1.));
#7007=DIRECTION('center_axis',(0.,0.,-1.));
#7008=DIRECTION('ref_axis',(-1.,0.,0.));
#7009=DIRECTION('center_axis',(0.,0.,1.));
#7010=DIRECTION('ref_axis',(-1.,0.,0.));
#7011=DIRECTION('',(3.86571355700583E-16,-1.,0.));
#7012=DIRECTION('',(-1.,0.,0.));
#7013=DIRECTION('',(-2.57714237133722E-16,1.,0.));
#7014=DIRECTION('',(1.,1.66779133531974E-16,0.));
#7015=DIRECTION('center_axis',(0.,0.,-1.));
#7016=DIRECTION('ref_axis',(0.846399999999998,0.532547688005499,0.));
#7017=DIRECTION('center_axis',(0.,-1.,0.));
#7018=DIRECTION('ref_axis',(0.,0.,-1.));
#7019=DIRECTION('',(6.38267287639064E-32,0.,1.));
#7020=DIRECTION('',(0.,0.,1.));
#7021=DIRECTION('center_axis',(-1.,-5.21184792287417E-16,6.38267287639064E-32));
#7022=DIRECTION('ref_axis',(-5.21184792287417E-16,1.,-1.22464679914735E-16));
#7023=DIRECTION('center_axis',(0.,-1.22464679914735E-16,-1.));
#7024=DIRECTION('ref_axis',(1.,0.,0.));
#7025=DIRECTION('',(0.,0.,1.));
#7026=DIRECTION('center_axis',(1.,0.,0.));
#7027=DIRECTION('ref_axis',(0.,1.22464679914735E-16,1.));
#7028=DIRECTION('center_axis',(0.,1.,0.));
#7029=DIRECTION('ref_axis',(0.,0.,1.));
#7030=DIRECTION('center_axis',(0.,1.,0.));
#7031=DIRECTION('ref_axis',(-1.,0.,0.));
#7032=DIRECTION('axis',(0.,0.,1.));
#7033=DIRECTION('refdir',(1.,0.,0.));
#7034=DIRECTION('center_axis',(0.,0.,1.));
#7035=DIRECTION('ref_axis',(1.83697019872103E-16,1.,0.));
#7036=DIRECTION('center_axis',(0.,0.,1.));
#7037=DIRECTION('ref_axis',(-1.,0.,0.));
#7038=DIRECTION('center_axis',(0.,0.,-1.));
#7039=DIRECTION('ref_axis',(-1.,0.,0.));
#7040=DIRECTION('center_axis',(0.,0.,-1.));
#7041=DIRECTION('ref_axis',(-1.,0.,0.));
#7042=DIRECTION('center_axis',(0.,0.,1.));
#7043=DIRECTION('ref_axis',(1.83697019872103E-16,-1.,0.));
#7044=DIRECTION('center_axis',(0.,0.,-1.));
#7045=DIRECTION('ref_axis',(-1.,0.,0.));
#7046=DIRECTION('center_axis',(0.,0.,1.));
#7047=DIRECTION('ref_axis',(3.82856869892695E-16,-1.,0.));
#7048=DIRECTION('center_axis',(0.,0.,1.));
#7049=DIRECTION('ref_axis',(-1.,0.,0.));
#7050=DIRECTION('center_axis',(0.,0.,-1.));
#7051=DIRECTION('ref_axis',(-1.,0.,0.));
#7052=DIRECTION('center_axis',(0.,0.,-1.));
#7053=DIRECTION('ref_axis',(-1.,0.,0.));
#7054=DIRECTION('center_axis',(0.,0.,-1.));
#7055=DIRECTION('ref_axis',(-6.12323399573677E-17,-1.,0.));
#7056=DIRECTION('center_axis',(0.,0.,-1.));
#7057=DIRECTION('ref_axis',(-1.,0.,0.));
#7058=DIRECTION('center_axis',(-1.22464679914735E-16,1.,0.));
#7059=DIRECTION('ref_axis',(0.,0.,-1.));
#7060=DIRECTION('',(-1.22464679914735E-16,1.,0.));
#7061=DIRECTION('center_axis',(0.,0.,-1.));
#7062=DIRECTION('ref_axis',(-1.,0.,0.));
#7063=DIRECTION('',(0.,0.,1.));
#7064=DIRECTION('center_axis',(0.,0.,1.));
#7065=DIRECTION('ref_axis',(-1.,0.,0.));
#7066=DIRECTION('center_axis',(0.,0.,-1.));
#7067=DIRECTION('ref_axis',(1.83697019872103E-16,1.,0.));
#7068=DIRECTION('center_axis',(0.,0.,1.));
#7069=DIRECTION('ref_axis',(-1.,0.,0.));
#7070=DIRECTION('center_axis',(0.,0.,1.));
#7071=DIRECTION('ref_axis',(-1.,0.,0.));
#7072=DIRECTION('center_axis',(0.,0.,-1.));
#7073=DIRECTION('ref_axis',(-1.,0.,0.));
#7074=DIRECTION('',(0.,0.,1.));
#7075=DIRECTION('center_axis',(2.44929359829471E-16,-1.,0.));
#7076=DIRECTION('ref_axis',(0.,0.,1.));
#7077=DIRECTION('',(2.44929359829471E-16,-1.,0.));
#7078=DIRECTION('center_axis',(0.,0.,-1.));
#7079=DIRECTION('ref_axis',(-6.12323399573677E-17,-1.,0.));
#7080=DIRECTION('center_axis',(0.,0.,1.));
#7081=DIRECTION('ref_axis',(-1.,0.,0.));
#7082=DIRECTION('center_axis',(0.,0.,1.));
#7083=DIRECTION('ref_axis',(-1.,0.,0.));
#7084=DIRECTION('center_axis',(0.,0.,-1.));
#7085=DIRECTION('ref_axis',(-1.,0.,0.));
#7086=DIRECTION('center_axis',(0.,0.,-1.));
#7087=DIRECTION('ref_axis',(-1.,0.,0.));
#7088=DIRECTION('',(0.,0.,1.));
#7089=DIRECTION('center_axis',(0.,0.,-1.));
#7090=DIRECTION('ref_axis',(-1.,0.,0.));
#7091=DIRECTION('center_axis',(0.,0.,-1.));
#7092=DIRECTION('ref_axis',(-1.,0.,0.));
#7093=DIRECTION('',(0.707106781186547,8.65956056235493E-17,-0.707106781186548));
#7094=DIRECTION('center_axis',(0.,0.,1.));
#7095=DIRECTION('ref_axis',(-1.,0.,0.));
#7096=DIRECTION('',(1.,0.,0.));
#7097=DIRECTION('center_axis',(0.,0.,1.));
#7098=DIRECTION('ref_axis',(0.6,-0.8,0.));
#7099=DIRECTION('',(-0.707106781186548,0.707106781186547,0.));
#7100=DIRECTION('',(0.707106781186548,0.707106781186548,0.));
#7101=DIRECTION('center_axis',(0.,0.,-1.));
#7102=DIRECTION('ref_axis',(1.,0.,0.));
#7103=DIRECTION('',(-0.707106781186548,-0.707106781186547,0.));
#7104=DIRECTION('center_axis',(0.,0.,-1.));
#7105=DIRECTION('ref_axis',(1.,0.,0.));
#7106=DIRECTION('',(0.707106781186548,-0.707106781186547,0.));
#7107=DIRECTION('',(0.707106781186548,-0.707106781186547,0.));
#7108=DIRECTION('center_axis',(0.,0.,-1.));
#7109=DIRECTION('ref_axis',(1.,0.,0.));
#7110=DIRECTION('',(0.707106781186547,0.707106781186548,0.));
#7111=DIRECTION('',(-0.707106781186547,0.707106781186548,0.));
#7112=DIRECTION('center_axis',(0.,0.,-1.));
#7113=DIRECTION('ref_axis',(1.,0.,0.));
#7114=DIRECTION('',(-0.707106781186547,-0.707106781186548,0.));
#7115=DIRECTION('center_axis',(0.,0.,1.));
#7116=DIRECTION('ref_axis',(-1.,0.,0.));
#7117=DIRECTION('center_axis',(0.,0.,1.));
#7118=DIRECTION('ref_axis',(-1.,0.,0.));
#7119=DIRECTION('',(0.707106781186547,-8.65956056235493E-17,0.707106781186548));
#7120=DIRECTION('center_axis',(0.,0.,1.));
#7121=DIRECTION('ref_axis',(-1.,0.,0.));
#7122=DIRECTION('',(1.,0.,0.));
#7123=DIRECTION('center_axis',(0.,0.,1.));
#7124=DIRECTION('ref_axis',(0.6,-0.8,0.));
#7125=DIRECTION('',(0.707106781186548,-0.707106781186547,0.));
#7126=DIRECTION('center_axis',(0.,0.,1.));
#7127=DIRECTION('ref_axis',(1.,0.,0.));
#7128=DIRECTION('',(-0.707106781186548,-0.707106781186548,0.));
#7129=DIRECTION('',(0.707106781186548,0.707106781186547,0.));
#7130=DIRECTION('',(-0.707106781186548,0.707106781186547,0.));
#7131=DIRECTION('center_axis',(0.,0.,1.));
#7132=DIRECTION('ref_axis',(1.,0.,0.));
#7133=DIRECTION('',(-0.707106781186548,0.707106781186547,0.));
#7134=DIRECTION('',(-0.707106781186547,-0.707106781186548,0.));
#7135=DIRECTION('center_axis',(0.,0.,1.));
#7136=DIRECTION('ref_axis',(1.,0.,0.));
#7137=DIRECTION('',(0.707106781186547,-0.707106781186548,0.));
#7138=DIRECTION('',(0.707106781186547,0.707106781186548,0.));
#7139=DIRECTION('center_axis',(0.,0.,1.));
#7140=DIRECTION('ref_axis',(1.,0.,0.));
#7141=DIRECTION('center_axis',(0.,0.,-1.));
#7142=DIRECTION('ref_axis',(-1.,0.,0.));
#7143=DIRECTION('',(-0.707106781186547,-0.707106781186548,0.));
#7144=DIRECTION('center_axis',(0.,0.,1.));
#7145=DIRECTION('ref_axis',(-1.,0.,0.));
#7146=DIRECTION('',(0.707106781186548,0.707106781186547,0.));
#7147=DIRECTION('center_axis',(0.,0.,-1.));
#7148=DIRECTION('ref_axis',(-1.,0.,0.));
#7149=DIRECTION('center_axis',(0.,0.,-1.));
#7150=DIRECTION('ref_axis',(-1.,0.,0.));
#7151=DIRECTION('',(-0.707106781186548,0.707106781186547,0.));
#7152=DIRECTION('center_axis',(0.,0.,-1.));
#7153=DIRECTION('ref_axis',(-1.,0.,0.));
#7154=DIRECTION('',(0.707106781186548,-0.707106781186547,0.));
#7155=DIRECTION('center_axis',(0.,0.,1.));
#7156=DIRECTION('ref_axis',(-1.,0.,0.));
#7157=DIRECTION('center_axis',(0.,0.,-1.));
#7158=DIRECTION('ref_axis',(-1.,0.,0.));
#7159=DIRECTION('',(0.707106781186547,0.707106781186548,0.));
#7160=DIRECTION('center_axis',(0.,0.,1.));
#7161=DIRECTION('ref_axis',(-1.,0.,0.));
#7162=DIRECTION('',(-0.707106781186548,-0.707106781186548,0.));
#7163=DIRECTION('center_axis',(0.,0.,-1.));
#7164=DIRECTION('ref_axis',(-1.,0.,0.));
#7165=DIRECTION('center_axis',(0.,0.,-1.));
#7166=DIRECTION('ref_axis',(-1.,0.,0.));
#7167=DIRECTION('',(0.707106781186547,-0.707106781186548,0.));
#7168=DIRECTION('center_axis',(0.,0.,-1.));
#7169=DIRECTION('ref_axis',(-1.,0.,0.));
#7170=DIRECTION('',(-0.707106781186548,0.707106781186547,0.));
#7171=DIRECTION('center_axis',(0.,0.,1.));
#7172=DIRECTION('ref_axis',(-1.,0.,0.));
#7173=DIRECTION('center_axis',(0.,0.,-1.));
#7174=DIRECTION('ref_axis',(-1.,0.,0.));
#7175=DIRECTION('',(0.,0.,1.));
#7176=DIRECTION('',(0.,0.,-1.));
#7177=DIRECTION('center_axis',(0.,0.,1.));
#7178=DIRECTION('ref_axis',(-1.,0.,0.));
#7179=DIRECTION('center_axis',(0.,0.,-1.));
#7180=DIRECTION('ref_axis',(-1.,0.,0.));
#7181=DIRECTION('',(0.,0.,1.));
#7182=DIRECTION('',(0.,0.,-1.));
#7183=DIRECTION('center_axis',(0.,0.,1.));
#7184=DIRECTION('ref_axis',(-1.,0.,0.));
#7185=DIRECTION('center_axis',(0.,0.,-1.));
#7186=DIRECTION('ref_axis',(-1.,0.,0.));
#7187=DIRECTION('',(0.,0.,-1.));
#7188=DIRECTION('center_axis',(0.,0.,1.));
#7189=DIRECTION('ref_axis',(-1.,0.,0.));
#7190=DIRECTION('',(0.,0.,1.));
#7191=DIRECTION('center_axis',(0.,0.,-1.));
#7192=DIRECTION('ref_axis',(-1.,0.,0.));
#7193=DIRECTION('',(0.,0.,-1.));
#7194=DIRECTION('center_axis',(0.,0.,-1.));
#7195=DIRECTION('ref_axis',(-1.,0.,0.));
#7196=DIRECTION('',(0.,0.,1.));
#7197=DIRECTION('center_axis',(0.,0.,-1.));
#7198=DIRECTION('ref_axis',(-1.,0.,0.));
#7199=DIRECTION('',(0.,0.,1.));
#7200=DIRECTION('',(0.,0.,-1.));
#7201=DIRECTION('center_axis',(0.,0.,-1.));
#7202=DIRECTION('ref_axis',(-1.,0.,0.));
#7203=DIRECTION('center_axis',(0.,0.,-1.));
#7204=DIRECTION('ref_axis',(-1.,0.,0.));
#7205=DIRECTION('',(0.,0.,-1.));
#7206=DIRECTION('center_axis',(0.,0.,-1.));
#7207=DIRECTION('ref_axis',(-1.,0.,0.));
#7208=DIRECTION('',(0.,0.,1.));
#7209=DIRECTION('center_axis',(0.,0.,-1.));
#7210=DIRECTION('ref_axis',(-1.,0.,0.));
#7211=DIRECTION('',(0.,0.,1.));
#7212=DIRECTION('',(0.,0.,-1.));
#7213=DIRECTION('center_axis',(0.,0.,-1.));
#7214=DIRECTION('ref_axis',(-1.,0.,0.));
#7215=DIRECTION('center_axis',(0.,0.,-1.));
#7216=DIRECTION('ref_axis',(-1.,0.,0.));
#7217=DIRECTION('',(0.707106781186547,0.707106781186548,0.));
#7218=DIRECTION('',(-0.707106781186548,-0.707106781186547,0.));
#7219=DIRECTION('center_axis',(0.,0.,-1.));
#7220=DIRECTION('ref_axis',(-1.,0.,0.));
#7221=DIRECTION('',(0.707106781186548,-0.707106781186547,0.));
#7222=DIRECTION('',(-0.707106781186548,0.707106781186547,0.));
#7223=DIRECTION('center_axis',(0.,0.,-1.));
#7224=DIRECTION('ref_axis',(-1.,0.,0.));
#7225=DIRECTION('',(-0.707106781186547,-0.707106781186548,0.));
#7226=DIRECTION('',(0.707106781186548,0.707106781186548,0.));
#7227=DIRECTION('center_axis',(0.,0.,-1.));
#7228=DIRECTION('ref_axis',(-1.,0.,0.));
#7229=DIRECTION('',(-0.707106781186547,0.707106781186548,0.));
#7230=DIRECTION('',(0.707106781186548,-0.707106781186547,0.));
#7231=DIRECTION('center_axis',(0.,0.,1.));
#7232=DIRECTION('ref_axis',(-1.,0.,0.));
#7233=DIRECTION('center_axis',(0.,0.,-1.));
#7234=DIRECTION('ref_axis',(-1.,0.,0.));
#7235=DIRECTION('',(0.,0.,-1.));
#7236=DIRECTION('',(0.,0.,1.));
#7237=DIRECTION('center_axis',(-0.707106781186548,-0.707106781186547,0.));
#7238=DIRECTION('ref_axis',(-0.707106781186547,0.707106781186548,0.));
#7239=DIRECTION('',(0.,0.,-1.));
#7240=DIRECTION('',(0.,0.,-1.));
#7241=DIRECTION('center_axis',(0.707106781186548,-0.707106781186547,0.));
#7242=DIRECTION('ref_axis',(-0.707106781186547,-0.707106781186548,0.));
#7243=DIRECTION('',(0.,0.,-1.));
#7244=DIRECTION('center_axis',(0.,0.,-1.));
#7245=DIRECTION('ref_axis',(1.,0.,0.));
#7246=DIRECTION('center_axis',(0.707106781186547,0.707106781186548,0.));
#7247=DIRECTION('ref_axis',(0.707106781186548,-0.707106781186547,0.));
#7248=DIRECTION('',(0.,0.,-1.));
#7249=DIRECTION('',(0.,0.,-1.));
#7250=DIRECTION('center_axis',(-0.707106781186548,0.707106781186547,0.));
#7251=DIRECTION('ref_axis',(0.707106781186547,0.707106781186548,0.));
#7252=DIRECTION('',(0.,0.,-1.));
#7253=DIRECTION('center_axis',(0.,0.,-1.));
#7254=DIRECTION('ref_axis',(1.,0.,0.));
#7255=DIRECTION('center_axis',(0.707106781186547,-0.707106781186548,0.));
#7256=DIRECTION('ref_axis',(-0.707106781186548,-0.707106781186547,0.));
#7257=DIRECTION('',(0.,0.,-1.));
#7258=DIRECTION('',(0.,0.,-1.));
#7259=DIRECTION('center_axis',(0.707106781186547,0.707106781186548,0.));
#7260=DIRECTION('ref_axis',(0.707106781186548,-0.707106781186547,0.));
#7261=DIRECTION('',(0.,0.,-1.));
#7262=DIRECTION('center_axis',(0.,0.,-1.));
#7263=DIRECTION('ref_axis',(-1.,-1.22464679914735E-16,0.));
#7264=DIRECTION('center_axis',(-0.707106781186547,-0.707106781186548,0.));
#7265=DIRECTION('ref_axis',(-0.707106781186548,0.707106781186547,0.));
#7266=DIRECTION('',(0.,0.,-1.));
#7267=DIRECTION('',(0.,0.,-1.));
#7268=DIRECTION('center_axis',(0.,0.,-1.));
#7269=DIRECTION('ref_axis',(1.,0.,0.));
#7270=DIRECTION('',(0.,0.,-1.));
#7271=DIRECTION('center_axis',(-0.707106781186548,0.707106781186548,0.));
#7272=DIRECTION('ref_axis',(0.707106781186548,0.707106781186548,0.));
#7273=DIRECTION('center_axis',(0.,0.,-1.));
#7274=DIRECTION('ref_axis',(-3.1720657846433E-16,1.,0.));
#7275=DIRECTION('',(0.,0.,1.));
#7276=DIRECTION('',(0.,0.,-1.));
#7277=DIRECTION('center_axis',(0.,1.,0.));
#7278=DIRECTION('ref_axis',(1.,0.,0.));
#7279=DIRECTION('center_axis',(-0.707106781186554,0.,0.707106781186541));
#7280=DIRECTION('ref_axis',(0.707106781186541,0.,0.707106781186554));
#7281=DIRECTION('',(-0.577350269189619,0.577350269189629,-0.577350269189629));
#7282=DIRECTION('',(0.,-1.,0.));
#7283=DIRECTION('',(0.707106781186541,0.,0.707106781186554));
#7284=DIRECTION('',(0.,1.,0.));
#7285=DIRECTION('center_axis',(-1.,0.,0.));
#7286=DIRECTION('ref_axis',(0.,0.,1.));
#7287=DIRECTION('',(0.,-0.707106781186548,0.707106781186548));
#7288=DIRECTION('',(0.,0.,1.));
#7289=DIRECTION('',(0.,0.707106781186548,0.707106781186548));
#7290=DIRECTION('',(0.,1.,0.));
#7291=DIRECTION('',(0.,0.,1.));
#7292=DIRECTION('center_axis',(0.,0.707106781186548,0.707106781186548));
#7293=DIRECTION('ref_axis',(1.,0.,0.));
#7294=DIRECTION('',(1.,0.,0.));
#7295=DIRECTION('',(0.,0.707106781186548,-0.707106781186548));
#7296=DIRECTION('',(-1.,0.,0.));
#7297=DIRECTION('',(0.,0.707106781186548,-0.707106781186548));
#7298=DIRECTION('',(-1.,0.,0.));
#7299=DIRECTION('center_axis',(-0.707106781186548,0.,-0.707106781186548));
#7300=DIRECTION('ref_axis',(-0.707106781186548,0.,0.707106781186548));
#7301=DIRECTION('',(0.577350269189626,-0.577350269189626,-0.577350269189626));
#7302=DIRECTION('',(0.,-1.,0.));
#7303=DIRECTION('',(-0.707106781186548,0.,0.707106781186548));
#7304=DIRECTION('center_axis',(0.,0.,-1.));
#7305=DIRECTION('ref_axis',(0.,-1.,0.));
#7306=DIRECTION('',(-1.,0.,0.));
#7307=DIRECTION('',(0.,1.,0.));
#7308=DIRECTION('',(-1.,0.,0.));
#7309=DIRECTION('center_axis',(0.,0.707106781186548,-0.707106781186548));
#7310=DIRECTION('ref_axis',(-1.,0.,0.));
#7311=DIRECTION('',(1.,0.,0.));
#7312=DIRECTION('',(0.,-0.707106781186548,-0.707106781186548));
#7313=DIRECTION('',(1.,0.,0.));
#7314=DIRECTION('',(0.,0.707106781186548,0.707106781186548));
#7315=DIRECTION('center_axis',(1.,0.,0.));
#7316=DIRECTION('ref_axis',(0.,0.,-1.));
#7317=DIRECTION('',(0.,0.,-1.));
#7318=DIRECTION('',(0.,0.,1.));
#7319=DIRECTION('',(0.,1.,0.));
#7320=DIRECTION('',(0.,-0.447213595499958,0.894427190999916));
#7321=DIRECTION('',(0.,0.447213595499957,0.894427190999916));
#7322=DIRECTION('',(0.,1.,0.));
#7323=DIRECTION('',(0.,-2.96059473233375E-16,1.));
#7324=DIRECTION('',(0.,-1.,0.));
#7325=DIRECTION('',(0.,0.,1.));
#7326=DIRECTION('center_axis',(0.,1.,0.));
#7327=DIRECTION('ref_axis',(0.,0.,1.));
#7328=DIRECTION('center_axis',(0.,-1.,0.));
#7329=DIRECTION('ref_axis',(0.,0.,1.));
#7330=DIRECTION('center_axis',(-0.707106781186547,0.,-0.707106781186548));
#7331=DIRECTION('ref_axis',(-0.707106781186548,0.,0.707106781186547));
#7332=DIRECTION('',(-0.707106781186548,0.,0.707106781186547));
#7333=DIRECTION('',(0.,1.,0.));
#7334=DIRECTION('',(0.707106781186548,0.,-0.707106781186547));
#7335=DIRECTION('',(0.,-1.,0.));
#7336=DIRECTION('center_axis',(0.,0.,-1.));
#7337=DIRECTION('ref_axis',(1.,0.,0.));
#7338=DIRECTION('',(1.,0.,0.));
#7339=DIRECTION('',(0.,1.,0.));
#7340=DIRECTION('',(1.,0.,0.));
#7341=DIRECTION('center_axis',(0.,-1.,0.));
#7342=DIRECTION('ref_axis',(1.,0.,0.));
#7343=DIRECTION('',(0.,0.,-1.));
#7344=DIRECTION('',(1.,0.,0.));
#7345=DIRECTION('',(0.,0.,1.));
#7346=DIRECTION('',(-1.,0.,0.));
#7347=DIRECTION('',(0.,0.,1.));
#7348=DIRECTION('',(1.,0.,0.));
#7349=DIRECTION('',(0.,0.,1.));
#7350=DIRECTION('',(0.707106781186548,0.,0.707106781186548));
#7351=DIRECTION('center_axis',(0.,-1.,0.));
#7352=DIRECTION('ref_axis',(0.,0.,1.));
#7353=DIRECTION('center_axis',(0.,-1.,0.));
#7354=DIRECTION('ref_axis',(0.,0.,1.));
#7355=DIRECTION('center_axis',(0.,-1.,0.));
#7356=DIRECTION('ref_axis',(0.,0.,1.));
#7357=DIRECTION('center_axis',(0.,-1.,0.));
#7358=DIRECTION('ref_axis',(0.,0.,1.));
#7359=DIRECTION('center_axis',(0.,-1.,0.));
#7360=DIRECTION('ref_axis',(0.,0.,1.));
#7361=DIRECTION('center_axis',(0.,-1.,0.));
#7362=DIRECTION('ref_axis',(0.,0.,1.));
#7363=DIRECTION('center_axis',(0.,-1.,0.));
#7364=DIRECTION('ref_axis',(0.,0.,1.));
#7365=DIRECTION('center_axis',(0.,-1.,0.));
#7366=DIRECTION('ref_axis',(0.,0.,1.));
#7367=DIRECTION('center_axis',(0.707106781186548,0.,-0.707106781186548));
#7368=DIRECTION('ref_axis',(-0.707106781186548,0.,-0.707106781186548));
#7369=DIRECTION('',(-0.707106781186548,0.,-0.707106781186548));
#7370=DIRECTION('',(0.,-1.,0.));
#7371=DIRECTION('center_axis',(1.,0.,0.));
#7372=DIRECTION('ref_axis',(0.,0.,1.));
#7373=DIRECTION('',(0.,-0.707106781186548,-0.707106781186548));
#7374=DIRECTION('',(0.,-1.,0.));
#7375=DIRECTION('',(0.,0.,1.));
#7376=DIRECTION('center_axis',(1.,0.,0.));
#7377=DIRECTION('ref_axis',(0.,0.,-1.));
#7378=DIRECTION('',(0.,-1.,0.));
#7379=DIRECTION('',(0.,0.,-1.));
#7380=DIRECTION('',(0.,1.,0.));
#7381=DIRECTION('',(0.,0.,-1.));
#7382=DIRECTION('',(0.,-1.,0.));
#7383=DIRECTION('',(0.,0.,-1.));
#7384=DIRECTION('',(0.,1.,0.));
#7385=DIRECTION('',(0.,-0.707106781186548,-0.707106781186548));
#7386=DIRECTION('center_axis',(0.,0.707106781186548,-0.707106781186548));
#7387=DIRECTION('ref_axis',(-1.,0.,0.));
#7388=DIRECTION('',(-1.,0.,0.));
#7389=DIRECTION('center_axis',(0.,-0.894427190999916,-0.447213595499958));
#7390=DIRECTION('ref_axis',(0.,0.447213595499958,-0.894427190999916));
#7391=DIRECTION('center_axis',(0.,0.894427190999916,0.447213595499958));
#7392=DIRECTION('ref_axis',(0.,-0.447213595499958,0.894427190999916));
#7393=DIRECTION('',(-1.,0.,0.));
#7394=DIRECTION('',(-1.,0.,0.));
#7395=DIRECTION('',(0.,-0.447213595499958,0.894427190999916));
#7396=DIRECTION('',(-1.,0.,0.));
#7397=DIRECTION('center_axis',(1.,0.,0.));
#7398=DIRECTION('ref_axis',(0.,1.,0.));
#7399=DIRECTION('',(0.,1.,0.));
#7400=DIRECTION('',(0.,-2.96059473233375E-16,1.));
#7401=DIRECTION('',(0.,-1.,-2.32070541977867E-16));
#7402=DIRECTION('',(0.,0.447213595499957,0.894427190999916));
#7403=DIRECTION('center_axis',(0.,0.,1.));
#7404=DIRECTION('ref_axis',(0.,-1.,0.));
#7405=DIRECTION('',(0.,1.,0.));
#7406=DIRECTION('',(1.,0.,0.));
#7407=DIRECTION('center_axis',(0.,-0.894427190999916,0.447213595499957));
#7408=DIRECTION('ref_axis',(0.,-0.447213595499957,-0.894427190999916));
#7409=DIRECTION('center_axis',(0.,0.894427190999916,-0.447213595499957));
#7410=DIRECTION('ref_axis',(0.,0.447213595499957,0.894427190999916));
#7411=DIRECTION('',(1.,0.,0.));
#7412=DIRECTION('center_axis',(0.,0.894427190999916,-0.447213595499957));
#7413=DIRECTION('ref_axis',(0.,0.447213595499957,0.894427190999916));
#7414=DIRECTION('center_axis',(0.,0.,1.));
#7415=DIRECTION('ref_axis',(1.,0.,0.));
#7416=DIRECTION('',(-1.,0.,0.));
#7417=DIRECTION('center_axis',(0.,-1.,-2.96059473233375E-16));
#7418=DIRECTION('ref_axis',(0.,2.96059473233375E-16,-1.));
#7419=DIRECTION('',(0.,-2.96059473233375E-16,1.));
#7420=DIRECTION('',(1.,0.,0.));
#7421=DIRECTION('center_axis',(0.,-1.,-2.96059473233375E-16));
#7422=DIRECTION('ref_axis',(0.,0.,1.));
#7423=DIRECTION('center_axis',(-1.,0.,0.));
#7424=DIRECTION('ref_axis',(0.,0.,1.));
#7425=DIRECTION('',(0.,0.,-1.));
#7426=DIRECTION('',(0.,1.,0.));
#7427=DIRECTION('',(0.,0.,1.));
#7428=DIRECTION('',(0.,0.,1.));
#7429=DIRECTION('',(0.,1.,0.));
#7430=DIRECTION('center_axis',(0.,-1.,0.));
#7431=DIRECTION('ref_axis',(1.,0.,0.));
#7432=DIRECTION('',(1.,0.,0.));
#7433=DIRECTION('center_axis',(0.,-1.,0.));
#7434=DIRECTION('ref_axis',(0.,0.,1.));
#7435=DIRECTION('center_axis',(0.,-1.,0.));
#7436=DIRECTION('ref_axis',(1.,0.,0.));
#7437=DIRECTION('',(-1.,0.,0.));
#7438=DIRECTION('center_axis',(0.,-1.,0.));
#7439=DIRECTION('ref_axis',(0.,0.,1.));
#7440=DIRECTION('center_axis',(0.,-1.,0.));
#7441=DIRECTION('ref_axis',(1.,0.,0.));
#7442=DIRECTION('',(-1.,0.,0.));
#7443=DIRECTION('',(0.,0.,-1.));
#7444=DIRECTION('center_axis',(0.,-1.,0.));
#7445=DIRECTION('ref_axis',(0.,0.,1.));
#7446=DIRECTION('center_axis',(1.,0.,0.));
#7447=DIRECTION('ref_axis',(0.,0.,-1.));
#7448=DIRECTION('',(0.,0.,1.));
#7449=DIRECTION('',(0.,1.,0.));
#7450=DIRECTION('',(0.,0.,-1.));
#7451=DIRECTION('',(0.,1.,0.));
#7452=DIRECTION('center_axis',(0.,-1.,0.));
#7453=DIRECTION('ref_axis',(1.,0.,0.));
#7454=DIRECTION('',(1.,0.,0.));
#7455=DIRECTION('center_axis',(0.,-1.,0.));
#7456=DIRECTION('ref_axis',(0.,0.,1.));
#7457=DIRECTION('center_axis',(0.,-1.,0.));
#7458=DIRECTION('ref_axis',(1.,0.,0.));
#7459=DIRECTION('',(1.,0.,0.));
#7460=DIRECTION('',(0.499999999999998,0.,-0.86602540378444));
#7461=DIRECTION('',(1.,0.,0.));
#7462=DIRECTION('',(0.500000000000003,0.,0.866025403784437));
#7463=DIRECTION('center_axis',(0.,0.,-1.));
#7464=DIRECTION('ref_axis',(-1.,0.,0.));
#7465=DIRECTION('',(-1.,0.,0.));
#7466=DIRECTION('',(0.,1.,0.));
#7467=DIRECTION('',(-1.,0.,0.));
#7468=DIRECTION('',(-1.,0.,0.));
#7469=DIRECTION('',(0.,1.,0.));
#7470=DIRECTION('center_axis',(0.,0.,1.));
#7471=DIRECTION('ref_axis',(1.,0.,0.));
#7472=DIRECTION('',(0.,1.,0.));
#7473=DIRECTION('',(1.,0.,0.));
#7474=DIRECTION('',(1.,0.,0.));
#7475=DIRECTION('',(0.,1.,0.));
#7476=DIRECTION('center_axis',(0.,1.,0.));
#7477=DIRECTION('ref_axis',(0.,0.,1.));
#7478=DIRECTION('',(0.500000000000003,0.,0.866025403784437));
#7479=DIRECTION('',(-0.500000000000006,0.,0.866025403784435));
#7480=DIRECTION('center_axis',(0.,1.,0.));
#7481=DIRECTION('ref_axis',(0.,0.,1.));
#7482=DIRECTION('',(-0.500000000000004,0.,-0.866025403784436));
#7483=DIRECTION('',(0.499999999999998,0.,-0.86602540378444));
#7484=DIRECTION('center_axis',(1.,0.,-1.38777878078144E-15));
#7485=DIRECTION('ref_axis',(-1.38777878078144E-15,0.,-1.));
#7486=DIRECTION('',(1.38777878078144E-15,0.,1.));
#7487=DIRECTION('',(0.,1.,0.));
#7488=DIRECTION('',(-1.38777878078144E-15,0.,-1.));
#7489=DIRECTION('',(-1.38777878078144E-15,0.,-1.));
#7490=DIRECTION('',(0.,1.,0.));
#7491=DIRECTION('center_axis',(0.,-1.,0.));
#7492=DIRECTION('ref_axis',(1.,0.,0.));
#7493=DIRECTION('',(1.,0.,-9.86134710965927E-16));
#7494=DIRECTION('',(1.38777878078144E-15,0.,1.));
#7495=DIRECTION('center_axis',(0.,-1.,0.));
#7496=DIRECTION('ref_axis',(0.,0.,1.));
#7497=DIRECTION('center_axis',(0.,-1.,0.));
#7498=DIRECTION('ref_axis',(1.,0.,0.));
#7499=DIRECTION('',(1.,0.,-9.86134710965927E-16));
#7500=DIRECTION('center_axis',(0.,-1.,0.));
#7501=DIRECTION('ref_axis',(0.,0.,1.));
#7502=DIRECTION('center_axis',(-1.,0.,1.38777878078144E-15));
#7503=DIRECTION('ref_axis',(1.38777878078144E-15,0.,1.));
#7504=DIRECTION('',(-1.38777878078144E-15,0.,-1.));
#7505=DIRECTION('',(0.,1.,0.));
#7506=DIRECTION('',(1.38777878078144E-15,0.,1.));
#7507=DIRECTION('',(0.,1.,0.));
#7508=DIRECTION('center_axis',(0.,-1.,0.));
#7509=DIRECTION('ref_axis',(1.,0.,0.));
#7510=DIRECTION('',(-1.,0.,1.97226942193186E-15));
#7511=DIRECTION('center_axis',(0.,-1.,0.));
#7512=DIRECTION('ref_axis',(0.,0.,1.));
#7513=DIRECTION('center_axis',(0.,-1.,0.));
#7514=DIRECTION('ref_axis',(1.,0.,0.));
#7515=DIRECTION('',(-1.,0.,1.97226942193186E-15));
#7516=DIRECTION('center_axis',(0.,-1.,0.));
#7517=DIRECTION('ref_axis',(0.,0.,1.));
#7518=DIRECTION('center_axis',(1.,0.,0.));
#7519=DIRECTION('ref_axis',(0.,0.,-1.));
#7520=DIRECTION('',(0.,0.,1.));
#7521=DIRECTION('',(0.,1.,0.));
#7522=DIRECTION('',(0.,0.,-1.));
#7523=DIRECTION('',(0.,0.,-1.));
#7524=DIRECTION('',(0.,1.,0.));
#7525=DIRECTION('center_axis',(0.,-1.,0.));
#7526=DIRECTION('ref_axis',(1.,0.,0.));
#7527=DIRECTION('',(1.,0.,0.));
#7528=DIRECTION('',(0.,0.,1.));
#7529=DIRECTION('center_axis',(0.,-1.,0.));
#7530=DIRECTION('ref_axis',(0.,0.,1.));
#7531=DIRECTION('center_axis',(-1.,0.,0.));
#7532=DIRECTION('ref_axis',(0.,0.,1.));
#7533=DIRECTION('',(0.,0.,-1.));
#7534=DIRECTION('',(0.,1.,0.));
#7535=DIRECTION('',(0.,0.,1.));
#7536=DIRECTION('',(0.,1.,0.));
#7537=DIRECTION('center_axis',(0.,-1.,0.));
#7538=DIRECTION('ref_axis',(1.,0.,0.));
#7539=DIRECTION('',(-1.,0.,4.93067355482964E-16));
#7540=DIRECTION('center_axis',(0.,-1.,0.));
#7541=DIRECTION('ref_axis',(0.,0.,1.));
#7542=DIRECTION('center_axis',(0.,-1.,0.));
#7543=DIRECTION('ref_axis',(1.,0.,0.));
#7544=DIRECTION('',(1.,0.,0.));
#7545=DIRECTION('center_axis',(0.,-1.,0.));
#7546=DIRECTION('ref_axis',(0.,0.,1.));
#7547=DIRECTION('center_axis',(0.,-1.,0.));
#7548=DIRECTION('ref_axis',(1.,0.,0.));
#7549=DIRECTION('',(-1.,0.,4.93067355482964E-16));
#7550=DIRECTION('center_axis',(0.,-1.,0.));
#7551=DIRECTION('ref_axis',(0.,0.,1.));
#7552=DIRECTION('center_axis',(1.,0.,0.));
#7553=DIRECTION('ref_axis',(0.,0.,-1.));
#7554=DIRECTION('',(0.,0.,1.));
#7555=DIRECTION('',(0.,1.,0.));
#7556=DIRECTION('',(0.,0.,-1.));
#7557=DIRECTION('',(0.,0.,-1.));
#7558=DIRECTION('',(0.,1.,0.));
#7559=DIRECTION('center_axis',(-1.,0.,0.));
#7560=DIRECTION('ref_axis',(0.,0.,1.));
#7561=DIRECTION('',(0.,0.,-1.));
#7562=DIRECTION('',(0.,1.,0.));
#7563=DIRECTION('',(0.,0.,1.));
#7564=DIRECTION('',(0.,0.,1.));
#7565=DIRECTION('',(0.,1.,0.));
#7566=DIRECTION('center_axis',(0.,-1.,0.));
#7567=DIRECTION('ref_axis',(1.,0.,0.));
#7568=DIRECTION('',(1.,0.,-1.23266838870742E-16));
#7569=DIRECTION('center_axis',(0.,-1.,0.));
#7570=DIRECTION('ref_axis',(0.,0.,1.));
#7571=DIRECTION('center_axis',(0.,-1.,0.));
#7572=DIRECTION('ref_axis',(1.,0.,0.));
#7573=DIRECTION('',(1.,0.,-1.23266838870742E-16));
#7574=DIRECTION('center_axis',(0.,-1.,0.));
#7575=DIRECTION('ref_axis',(0.,0.,1.));
#7576=DIRECTION('center_axis',(0.,-1.,0.));
#7577=DIRECTION('ref_axis',(1.,0.,0.));
#7578=DIRECTION('',(-1.,0.,2.46533677741484E-16));
#7579=DIRECTION('center_axis',(0.,-1.,0.));
#7580=DIRECTION('ref_axis',(0.,0.,1.));
#7581=DIRECTION('center_axis',(0.,-1.,0.));
#7582=DIRECTION('ref_axis',(1.,0.,0.));
#7583=DIRECTION('',(-1.,0.,2.46533677741484E-16));
#7584=DIRECTION('center_axis',(0.,-1.,0.));
#7585=DIRECTION('ref_axis',(0.,0.,1.));
#7586=DIRECTION('center_axis',(-1.,0.,2.77555756156289E-15));
#7587=DIRECTION('ref_axis',(2.77555756156289E-15,0.,1.));
#7588=DIRECTION('',(-2.77555756156289E-15,0.,-1.));
#7589=DIRECTION('',(0.,1.,0.));
#7590=DIRECTION('',(2.77555756156289E-15,0.,1.));
#7591=DIRECTION('',(2.77555756156289E-15,0.,1.));
#7592=DIRECTION('',(0.,1.,0.));
#7593=DIRECTION('center_axis',(1.,0.,-2.7755575615629E-15));
#7594=DIRECTION('ref_axis',(-2.7755575615629E-15,0.,-1.));
#7595=DIRECTION('',(2.7755575615629E-15,0.,1.));
#7596=DIRECTION('',(0.,1.,0.));
#7597=DIRECTION('',(-2.7755575615629E-15,0.,-1.));
#7598=DIRECTION('',(-2.7755575615629E-15,0.,-1.));
#7599=DIRECTION('',(0.,1.,0.));
#7600=DIRECTION('center_axis',(0.,-1.,0.));
#7601=DIRECTION('ref_axis',(1.,0.,0.));
#7602=DIRECTION('',(1.,0.,-1.60246890531963E-15));
#7603=DIRECTION('center_axis',(0.,-1.,0.));
#7604=DIRECTION('ref_axis',(0.,0.,1.));
#7605=DIRECTION('center_axis',(0.,-1.,0.));
#7606=DIRECTION('ref_axis',(1.,0.,0.));
#7607=DIRECTION('',(-1.,0.,9.86134710965929E-16));
#7608=DIRECTION('center_axis',(0.,-1.,0.));
#7609=DIRECTION('ref_axis',(0.,0.,1.));
#7610=DIRECTION('center_axis',(0.,-1.,0.));
#7611=DIRECTION('ref_axis',(1.,0.,0.));
#7612=DIRECTION('',(-1.,0.,9.86134710965929E-16));
#7613=DIRECTION('center_axis',(0.,-1.,0.));
#7614=DIRECTION('ref_axis',(0.,0.,1.));
#7615=DIRECTION('center_axis',(0.,-1.,0.));
#7616=DIRECTION('ref_axis',(1.,0.,0.));
#7617=DIRECTION('',(1.,0.,-1.60246890531963E-15));
#7618=DIRECTION('center_axis',(0.,-1.,0.));
#7619=DIRECTION('ref_axis',(0.,0.,1.));
#7620=DIRECTION('center_axis',(-1.,0.,1.38777878078145E-15));
#7621=DIRECTION('ref_axis',(1.38777878078145E-15,0.,1.));
#7622=DIRECTION('',(-1.38777878078145E-15,0.,-1.));
#7623=DIRECTION('',(0.,1.,0.));
#7624=DIRECTION('',(1.38777878078145E-15,0.,1.));
#7625=DIRECTION('',(1.38777878078145E-15,0.,1.));
#7626=DIRECTION('',(0.,1.,0.));
#7627=DIRECTION('center_axis',(1.,0.,-2.77555756156289E-15));
#7628=DIRECTION('ref_axis',(-2.77555756156289E-15,0.,-1.));
#7629=DIRECTION('',(2.77555756156289E-15,0.,1.));
#7630=DIRECTION('',(0.,1.,0.));
#7631=DIRECTION('',(-2.77555756156289E-15,0.,-1.));
#7632=DIRECTION('',(-2.77555756156289E-15,0.,-1.));
#7633=DIRECTION('',(0.,1.,0.));
#7634=DIRECTION('center_axis',(0.,-1.,0.));
#7635=DIRECTION('ref_axis',(1.,0.,0.));
#7636=DIRECTION('',(-1.,0.,1.97226942193186E-15));
#7637=DIRECTION('center_axis',(0.,-1.,0.));
#7638=DIRECTION('ref_axis',(0.,0.,1.));
#7639=DIRECTION('center_axis',(0.,-1.,0.));
#7640=DIRECTION('ref_axis',(1.,0.,0.));
#7641=DIRECTION('',(1.,0.,-1.97226942193186E-15));
#7642=DIRECTION('center_axis',(0.,-1.,0.));
#7643=DIRECTION('ref_axis',(0.,0.,1.));
#7644=DIRECTION('center_axis',(0.,-1.,0.));
#7645=DIRECTION('ref_axis',(1.,0.,0.));
#7646=DIRECTION('',(1.,0.,-1.97226942193186E-15));
#7647=DIRECTION('center_axis',(0.,-1.,0.));
#7648=DIRECTION('ref_axis',(0.,0.,1.));
#7649=DIRECTION('center_axis',(0.,-1.,0.));
#7650=DIRECTION('ref_axis',(1.,0.,0.));
#7651=DIRECTION('',(-1.,0.,1.97226942193186E-15));
#7652=DIRECTION('center_axis',(0.,-1.,0.));
#7653=DIRECTION('ref_axis',(0.,0.,1.));
#7654=DIRECTION('center_axis',(-1.,0.,0.));
#7655=DIRECTION('ref_axis',(0.,0.,1.));
#7656=DIRECTION('',(0.,0.,-1.));
#7657=DIRECTION('',(0.,1.,0.));
#7658=DIRECTION('',(0.,0.,1.));
#7659=DIRECTION('',(0.,0.,1.));
#7660=DIRECTION('',(0.,1.,0.));
#7661=DIRECTION('center_axis',(1.,0.,0.));
#7662=DIRECTION('ref_axis',(0.,0.,-1.));
#7663=DIRECTION('',(0.,0.,1.));
#7664=DIRECTION('',(0.,1.,0.));
#7665=DIRECTION('',(0.,0.,-1.));
#7666=DIRECTION('',(0.,0.,-1.));
#7667=DIRECTION('',(0.,1.,0.));
#7668=DIRECTION('center_axis',(0.,-1.,0.));
#7669=DIRECTION('ref_axis',(1.,0.,0.));
#7670=DIRECTION('',(-1.,0.,0.));
#7671=DIRECTION('center_axis',(0.,-1.,0.));
#7672=DIRECTION('ref_axis',(0.,0.,1.));
#7673=DIRECTION('center_axis',(0.,-1.,0.));
#7674=DIRECTION('ref_axis',(1.,0.,0.));
#7675=DIRECTION('',(1.,0.,0.));
#7676=DIRECTION('center_axis',(0.,-1.,0.));
#7677=DIRECTION('ref_axis',(0.,0.,1.));
#7678=DIRECTION('center_axis',(0.,-1.,0.));
#7679=DIRECTION('ref_axis',(1.,0.,0.));
#7680=DIRECTION('',(1.,0.,0.));
#7681=DIRECTION('center_axis',(0.,-1.,0.));
#7682=DIRECTION('ref_axis',(0.,0.,1.));
#7683=DIRECTION('center_axis',(0.,-1.,0.));
#7684=DIRECTION('ref_axis',(1.,0.,0.));
#7685=DIRECTION('',(-1.,0.,0.));
#7686=DIRECTION('center_axis',(0.,-1.,0.));
#7687=DIRECTION('ref_axis',(0.,0.,1.));
#7688=DIRECTION('center_axis',(-1.,0.,1.38777878078145E-15));
#7689=DIRECTION('ref_axis',(1.38777878078145E-15,0.,1.));
#7690=DIRECTION('',(-1.38777878078145E-15,0.,-1.));
#7691=DIRECTION('',(0.,1.,0.));
#7692=DIRECTION('',(1.38777878078145E-15,0.,1.));
#7693=DIRECTION('',(1.38777878078145E-15,0.,1.));
#7694=DIRECTION('',(0.,1.,0.));
#7695=DIRECTION('center_axis',(1.,0.,-2.77555756156289E-15));
#7696=DIRECTION('ref_axis',(-2.77555756156289E-15,0.,-1.));
#7697=DIRECTION('',(2.77555756156289E-15,0.,1.));
#7698=DIRECTION('',(0.,1.,0.));
#7699=DIRECTION('',(-2.77555756156289E-15,0.,-1.));
#7700=DIRECTION('',(-2.77555756156289E-15,0.,-1.));
#7701=DIRECTION('',(0.,1.,0.));
#7702=DIRECTION('center_axis',(0.,-1.,0.));
#7703=DIRECTION('ref_axis',(1.,0.,0.));
#7704=DIRECTION('',(1.,0.,-9.86134710965933E-16));
#7705=DIRECTION('center_axis',(0.,-1.,0.));
#7706=DIRECTION('ref_axis',(0.,0.,1.));
#7707=DIRECTION('center_axis',(0.,-1.,0.));
#7708=DIRECTION('ref_axis',(1.,0.,0.));
#7709=DIRECTION('',(-1.,0.,1.97226942193186E-15));
#7710=DIRECTION('center_axis',(0.,-1.,0.));
#7711=DIRECTION('ref_axis',(0.,0.,1.));
#7712=DIRECTION('center_axis',(0.,-1.,0.));
#7713=DIRECTION('ref_axis',(1.,0.,0.));
#7714=DIRECTION('',(-1.,0.,1.97226942193186E-15));
#7715=DIRECTION('center_axis',(0.,-1.,0.));
#7716=DIRECTION('ref_axis',(0.,0.,1.));
#7717=DIRECTION('center_axis',(0.,-1.,0.));
#7718=DIRECTION('ref_axis',(1.,0.,0.));
#7719=DIRECTION('',(1.,0.,-9.86134710965933E-16));
#7720=DIRECTION('center_axis',(0.,-1.,0.));
#7721=DIRECTION('ref_axis',(0.,0.,1.));
#7722=DIRECTION('center_axis',(-1.,0.,0.));
#7723=DIRECTION('ref_axis',(0.,0.,1.));
#7724=DIRECTION('',(0.,0.,-1.));
#7725=DIRECTION('',(0.,1.,0.));
#7726=DIRECTION('',(0.,0.,1.));
#7727=DIRECTION('',(0.,0.,1.));
#7728=DIRECTION('',(0.,1.,0.));
#7729=DIRECTION('center_axis',(1.,0.,0.));
#7730=DIRECTION('ref_axis',(0.,0.,-1.));
#7731=DIRECTION('',(0.,0.,1.));
#7732=DIRECTION('',(0.,1.,0.));
#7733=DIRECTION('',(0.,0.,-1.));
#7734=DIRECTION('',(0.,0.,-1.));
#7735=DIRECTION('',(0.,1.,0.));
#7736=DIRECTION('center_axis',(0.,-1.,0.));
#7737=DIRECTION('ref_axis',(1.,0.,0.));
#7738=DIRECTION('',(-1.,0.,0.));
#7739=DIRECTION('center_axis',(0.,-1.,0.));
#7740=DIRECTION('ref_axis',(0.,0.,1.));
#7741=DIRECTION('center_axis',(0.,-1.,0.));
#7742=DIRECTION('ref_axis',(1.,0.,0.));
#7743=DIRECTION('',(1.,0.,0.));
#7744=DIRECTION('center_axis',(0.,-1.,0.));
#7745=DIRECTION('ref_axis',(0.,0.,1.));
#7746=DIRECTION('center_axis',(0.,-1.,0.));
#7747=DIRECTION('ref_axis',(1.,0.,0.));
#7748=DIRECTION('',(1.,0.,0.));
#7749=DIRECTION('center_axis',(0.,-1.,0.));
#7750=DIRECTION('ref_axis',(0.,0.,1.));
#7751=DIRECTION('center_axis',(0.,-1.,0.));
#7752=DIRECTION('ref_axis',(1.,0.,0.));
#7753=DIRECTION('',(-1.,0.,0.));
#7754=DIRECTION('center_axis',(0.,-1.,0.));
#7755=DIRECTION('ref_axis',(0.,0.,1.));
#7756=DIRECTION('center_axis',(-1.,0.,0.));
#7757=DIRECTION('ref_axis',(0.,0.,1.));
#7758=DIRECTION('',(0.,0.,-1.));
#7759=DIRECTION('',(0.,1.,0.));
#7760=DIRECTION('',(0.,0.,1.));
#7761=DIRECTION('',(0.,0.,1.));
#7762=DIRECTION('',(0.,1.,0.));
#7763=DIRECTION('center_axis',(1.,0.,0.));
#7764=DIRECTION('ref_axis',(0.,0.,-1.));
#7765=DIRECTION('',(0.,0.,1.));
#7766=DIRECTION('',(0.,1.,0.));
#7767=DIRECTION('',(0.,0.,-1.));
#7768=DIRECTION('',(0.,0.,-1.));
#7769=DIRECTION('',(0.,1.,0.));
#7770=DIRECTION('center_axis',(0.,-1.,0.));
#7771=DIRECTION('ref_axis',(1.,0.,0.));
#7772=DIRECTION('',(1.,0.,0.));
#7773=DIRECTION('center_axis',(0.,-1.,0.));
#7774=DIRECTION('ref_axis',(0.,0.,-1.));
#7775=DIRECTION('center_axis',(0.,-1.,0.));
#7776=DIRECTION('ref_axis',(1.,0.,0.));
#7777=DIRECTION('',(-1.,0.,1.97226942193187E-15));
#7778=DIRECTION('center_axis',(0.,-1.,0.));
#7779=DIRECTION('ref_axis',(0.,0.,-1.));
#7780=DIRECTION('center_axis',(0.,-1.,0.));
#7781=DIRECTION('ref_axis',(1.,0.,0.));
#7782=DIRECTION('',(-1.,0.,1.97226942193187E-15));
#7783=DIRECTION('center_axis',(0.,-1.,0.));
#7784=DIRECTION('ref_axis',(0.,0.,-1.));
#7785=DIRECTION('center_axis',(0.,-1.,0.));
#7786=DIRECTION('ref_axis',(1.,0.,0.));
#7787=DIRECTION('',(1.,0.,0.));
#7788=DIRECTION('center_axis',(0.,-1.,0.));
#7789=DIRECTION('ref_axis',(0.,0.,-1.));
#7790=DIRECTION('center_axis',(0.,-1.,0.));
#7791=DIRECTION('ref_axis',(1.,0.,0.));
#7792=DIRECTION('',(1.,0.,-9.86134710965927E-16));
#7793=DIRECTION('',(0.5,0.,-0.866025403784439));
#7794=DIRECTION('',(1.,0.,-1.39851831736986E-15));
#7795=DIRECTION('',(0.5,0.,0.866025403784439));
#7796=DIRECTION('center_axis',(0.,-1.,0.));
#7797=DIRECTION('ref_axis',(1.,0.,0.));
#7798=DIRECTION('',(1.,0.,0.));
#7799=DIRECTION('',(0.5,0.,-0.866025403784439));
#7800=DIRECTION('',(1.,0.,-1.39851831736986E-15));
#7801=DIRECTION('',(0.5,0.,0.866025403784439));
#7802=DIRECTION('center_axis',(0.,-1.,0.));
#7803=DIRECTION('ref_axis',(1.,0.,0.));
#7804=DIRECTION('',(-1.,0.,2.46533677741484E-16));
#7805=DIRECTION('',(-0.499999999999999,0.,0.866025403784439));
#7806=DIRECTION('',(-1.,0.,0.));
#7807=DIRECTION('',(-0.5,0.,-0.866025403784439));
#7808=DIRECTION('center_axis',(0.,-1.,0.));
#7809=DIRECTION('ref_axis',(1.,0.,0.));
#7810=DIRECTION('',(1.,0.,-1.60246890531963E-15));
#7811=DIRECTION('',(0.5,0.,-0.866025403784439));
#7812=DIRECTION('',(1.,0.,-1.39851831736986E-15));
#7813=DIRECTION('',(0.5,0.,0.866025403784439));
#7814=DIRECTION('center_axis',(0.,-1.,0.));
#7815=DIRECTION('ref_axis',(1.,0.,0.));
#7816=DIRECTION('',(1.,0.,-1.97226942193186E-15));
#7817=DIRECTION('',(0.5,0.,-0.866025403784439));
#7818=DIRECTION('',(1.,0.,-1.39851831736986E-15));
#7819=DIRECTION('',(0.499999999999999,0.,0.866025403784439));
#7820=DIRECTION('center_axis',(0.,-1.,0.));
#7821=DIRECTION('ref_axis',(1.,0.,0.));
#7822=DIRECTION('',(1.,0.,0.));
#7823=DIRECTION('',(0.499999999999999,0.,-0.866025403784439));
#7824=DIRECTION('',(1.,0.,0.));
#7825=DIRECTION('',(0.5,0.,0.866025403784439));
#7826=DIRECTION('center_axis',(0.,-1.,0.));
#7827=DIRECTION('ref_axis',(1.,0.,0.));
#7828=DIRECTION('',(1.,0.,-9.86134710965933E-16));
#7829=DIRECTION('',(0.499999999999998,0.,-0.86602540378444));
#7830=DIRECTION('',(1.,0.,-1.39851831736986E-15));
#7831=DIRECTION('',(0.499999999999999,0.,0.866025403784439));
#7832=DIRECTION('center_axis',(0.,-1.,0.));
#7833=DIRECTION('ref_axis',(1.,0.,0.));
#7834=DIRECTION('',(1.,0.,0.));
#7835=DIRECTION('',(0.5,0.,-0.866025403784439));
#7836=DIRECTION('',(1.,0.,0.));
#7837=DIRECTION('',(0.5,0.,0.866025403784439));
#7838=DIRECTION('center_axis',(0.,-1.,0.));
#7839=DIRECTION('ref_axis',(1.,0.,0.));
#7840=DIRECTION('',(1.,0.,0.));
#7841=DIRECTION('',(0.499999999999998,0.,-0.86602540378444));
#7842=DIRECTION('',(1.,0.,-2.79703663473973E-15));
#7843=DIRECTION('',(0.500000000000002,0.,0.866025403784438));
#7844=DIRECTION('center_axis',(0.,1.,0.));
#7845=DIRECTION('ref_axis',(0.,0.,1.));
#7846=DIRECTION('',(-1.,0.,9.86134710965929E-16));
#7847=DIRECTION('',(-0.500000000000001,0.,-0.866025403784438));
#7848=DIRECTION('',(0.5,0.,-0.866025403784439));
#7849=DIRECTION('',(1.,0.,-1.60246890531963E-15));
#7850=DIRECTION('center_axis',(0.,1.,0.));
#7851=DIRECTION('ref_axis',(0.,0.,1.));
#7852=DIRECTION('',(-1.,0.,0.));
#7853=DIRECTION('',(-0.500000000000001,0.,-0.866025403784438));
#7854=DIRECTION('',(0.5,0.,-0.866025403784439));
#7855=DIRECTION('',(1.,0.,0.));
#7856=DIRECTION('center_axis',(0.,1.,0.));
#7857=DIRECTION('ref_axis',(0.,0.,1.));
#7858=DIRECTION('',(-1.,0.,0.));
#7859=DIRECTION('',(-0.500000000000001,0.,-0.866025403784438));
#7860=DIRECTION('',(0.499999999999999,0.,-0.866025403784439));
#7861=DIRECTION('',(1.,0.,0.));
#7862=DIRECTION('center_axis',(0.,1.,0.));
#7863=DIRECTION('ref_axis',(0.,0.,1.));
#7864=DIRECTION('',(-1.,0.,4.93067355482964E-16));
#7865=DIRECTION('',(-0.500000000000001,0.,-0.866025403784438));
#7866=DIRECTION('',(0.5,0.,-0.866025403784439));
#7867=DIRECTION('',(1.,0.,0.));
#7868=DIRECTION('center_axis',(-1.97226942193186E-15,0.,-1.));
#7869=DIRECTION('ref_axis',(-1.,0.,1.97226942193186E-15));
#7870=DIRECTION('',(-1.,0.,1.97226942193186E-15));
#7871=DIRECTION('',(0.,1.,0.));
#7872=DIRECTION('',(-1.,0.,1.97226942193186E-15));
#7873=DIRECTION('',(-1.,0.,1.97226942193186E-15));
#7874=DIRECTION('',(0.,1.,0.));
#7875=DIRECTION('center_axis',(9.86134710965927E-16,0.,1.));
#7876=DIRECTION('ref_axis',(1.,0.,-9.86134710965927E-16));
#7877=DIRECTION('',(0.,1.,0.));
#7878=DIRECTION('',(1.,0.,-9.86134710965927E-16));
#7879=DIRECTION('',(1.,0.,-9.86134710965927E-16));
#7880=DIRECTION('',(0.,1.,0.));
#7881=DIRECTION('center_axis',(0.,1.,0.));
#7882=DIRECTION('ref_axis',(0.,0.,1.));
#7883=DIRECTION('',(0.5,0.,0.866025403784439));
#7884=DIRECTION('',(-0.5,0.,0.866025403784439));
#7885=DIRECTION('center_axis',(0.,1.,0.));
#7886=DIRECTION('ref_axis',(0.,0.,1.));
#7887=DIRECTION('',(0.5,0.,0.866025403784439));
#7888=DIRECTION('',(-0.499999999999999,0.,0.866025403784439));
#7889=DIRECTION('',(-1.,0.,2.46533677741484E-16));
#7890=DIRECTION('',(1.,0.,-1.23266838870742E-16));
#7891=DIRECTION('center_axis',(-1.97226942193186E-15,0.,-1.));
#7892=DIRECTION('ref_axis',(-1.,0.,1.97226942193186E-15));
#7893=DIRECTION('',(-1.,0.,1.97226942193186E-15));
#7894=DIRECTION('',(0.,1.,0.));
#7895=DIRECTION('',(-1.,0.,1.97226942193186E-15));
#7896=DIRECTION('',(-1.,0.,1.97226942193186E-15));
#7897=DIRECTION('',(0.,1.,0.));
#7898=DIRECTION('center_axis',(9.86134710965933E-16,0.,1.));
#7899=DIRECTION('ref_axis',(1.,0.,-9.86134710965933E-16));
#7900=DIRECTION('',(0.,1.,0.));
#7901=DIRECTION('',(1.,0.,-9.86134710965933E-16));
#7902=DIRECTION('',(1.,0.,-9.86134710965933E-16));
#7903=DIRECTION('',(0.,1.,0.));
#7904=DIRECTION('center_axis',(0.,1.,0.));
#7905=DIRECTION('ref_axis',(0.,0.,1.));
#7906=DIRECTION('',(0.499999999999999,0.,0.866025403784439));
#7907=DIRECTION('',(-0.5,0.,0.866025403784439));
#7908=DIRECTION('center_axis',(-1.97226942193186E-15,0.,-1.));
#7909=DIRECTION('ref_axis',(-1.,0.,1.97226942193186E-15));
#7910=DIRECTION('',(-1.,0.,1.97226942193186E-15));
#7911=DIRECTION('',(0.,1.,0.));
#7912=DIRECTION('',(-1.,0.,1.97226942193186E-15));
#7913=DIRECTION('',(-1.,0.,1.97226942193186E-15));
#7914=DIRECTION('',(0.,1.,0.));
#7915=DIRECTION('center_axis',(1.97226942193186E-15,0.,1.));
#7916=DIRECTION('ref_axis',(1.,0.,-1.97226942193186E-15));
#7917=DIRECTION('',(0.,1.,0.));
#7918=DIRECTION('',(1.,0.,-1.97226942193186E-15));
#7919=DIRECTION('',(1.,0.,-1.97226942193186E-15));
#7920=DIRECTION('',(0.,1.,0.));
#7921=DIRECTION('center_axis',(0.,1.,0.));
#7922=DIRECTION('ref_axis',(0.,0.,1.));
#7923=DIRECTION('',(0.499999999999999,0.,0.866025403784439));
#7924=DIRECTION('',(-0.500000000000001,0.,0.866025403784438));
#7925=DIRECTION('center_axis',(-1.97226942193187E-15,0.,-1.));
#7926=DIRECTION('ref_axis',(-1.,0.,1.97226942193187E-15));
#7927=DIRECTION('',(-1.,0.,1.97226942193187E-15));
#7928=DIRECTION('',(0.,1.,0.));
#7929=DIRECTION('',(-1.,0.,1.97226942193187E-15));
#7930=DIRECTION('',(-1.,0.,1.97226942193187E-15));
#7931=DIRECTION('',(0.,1.,0.));
#7932=DIRECTION('center_axis',(0.,0.,1.));
#7933=DIRECTION('ref_axis',(1.,0.,0.));
#7934=DIRECTION('',(0.,1.,0.));
#7935=DIRECTION('',(1.,0.,0.));
#7936=DIRECTION('',(1.,0.,0.));
#7937=DIRECTION('',(0.,1.,0.));
#7938=DIRECTION('center_axis',(0.,1.,0.));
#7939=DIRECTION('ref_axis',(0.,0.,1.));
#7940=DIRECTION('',(0.500000000000002,0.,0.866025403784438));
#7941=DIRECTION('',(-0.500000000000002,0.,0.866025403784437));
#7942=DIRECTION('center_axis',(-9.86134710965929E-16,0.,-1.));
#7943=DIRECTION('ref_axis',(-1.,0.,9.86134710965929E-16));
#7944=DIRECTION('',(-1.,0.,9.86134710965929E-16));
#7945=DIRECTION('',(0.,1.,0.));
#7946=DIRECTION('',(-1.,0.,9.86134710965929E-16));
#7947=DIRECTION('',(0.,1.,0.));
#7948=DIRECTION('center_axis',(1.60246890531963E-15,0.,1.));
#7949=DIRECTION('ref_axis',(1.,0.,-1.60246890531963E-15));
#7950=DIRECTION('',(0.,1.,0.));
#7951=DIRECTION('',(1.,0.,-1.60246890531963E-15));
#7952=DIRECTION('',(0.,1.,0.));
#7953=DIRECTION('center_axis',(0.,1.,0.));
#7954=DIRECTION('ref_axis',(0.,0.,1.));
#7955=DIRECTION('',(0.5,0.,0.866025403784439));
#7956=DIRECTION('',(-0.5,0.,0.866025403784439));
#7957=DIRECTION('center_axis',(0.,0.,-1.));
#7958=DIRECTION('ref_axis',(-1.,0.,0.));
#7959=DIRECTION('',(-1.,0.,0.));
#7960=DIRECTION('',(0.,1.,0.));
#7961=DIRECTION('',(-1.,0.,0.));
#7962=DIRECTION('',(0.,1.,0.));
#7963=DIRECTION('center_axis',(0.,0.,1.));
#7964=DIRECTION('ref_axis',(1.,0.,0.));
#7965=DIRECTION('',(0.,1.,0.));
#7966=DIRECTION('',(1.,0.,0.));
#7967=DIRECTION('',(0.,1.,0.));
#7968=DIRECTION('center_axis',(0.,1.,0.));
#7969=DIRECTION('ref_axis',(0.,0.,1.));
#7970=DIRECTION('',(0.5,0.,0.866025403784439));
#7971=DIRECTION('',(-0.499999999999999,0.,0.866025403784439));
#7972=DIRECTION('center_axis',(0.,0.,-1.));
#7973=DIRECTION('ref_axis',(-1.,0.,0.));
#7974=DIRECTION('',(-1.,0.,0.));
#7975=DIRECTION('',(0.,1.,0.));
#7976=DIRECTION('',(-1.,0.,0.));
#7977=DIRECTION('',(0.,1.,0.));
#7978=DIRECTION('center_axis',(0.,0.,1.));
#7979=DIRECTION('ref_axis',(1.,0.,0.));
#7980=DIRECTION('',(0.,1.,0.));
#7981=DIRECTION('',(1.,0.,0.));
#7982=DIRECTION('',(0.,1.,0.));
#7983=DIRECTION('center_axis',(0.,1.,0.));
#7984=DIRECTION('ref_axis',(0.,0.,1.));
#7985=DIRECTION('',(0.5,0.,0.866025403784439));
#7986=DIRECTION('',(-0.499999999999999,0.,0.866025403784439));
#7987=DIRECTION('center_axis',(-4.93067355482964E-16,0.,-1.));
#7988=DIRECTION('ref_axis',(-1.,0.,4.93067355482964E-16));
#7989=DIRECTION('',(-1.,0.,4.93067355482964E-16));
#7990=DIRECTION('',(0.,1.,0.));
#7991=DIRECTION('',(-1.,0.,4.93067355482964E-16));
#7992=DIRECTION('',(0.,1.,0.));
#7993=DIRECTION('center_axis',(0.,0.,1.));
#7994=DIRECTION('ref_axis',(1.,0.,0.));
#7995=DIRECTION('',(0.,1.,0.));
#7996=DIRECTION('',(1.,0.,0.));
#7997=DIRECTION('',(0.,1.,0.));
#7998=DIRECTION('center_axis',(0.,1.,0.));
#7999=DIRECTION('ref_axis',(0.,0.,1.));
#8000=DIRECTION('',(0.5,0.,0.866025403784439));
#8001=DIRECTION('',(-0.5,0.,0.866025403784439));
#8002=DIRECTION('center_axis',(0.,1.,0.));
#8003=DIRECTION('ref_axis',(0.,0.,1.));
#8004=DIRECTION('',(-0.500000000000001,0.,-0.866025403784438));
#8005=DIRECTION('',(0.5,0.,-0.866025403784439));
#8006=DIRECTION('center_axis',(1.23266838870742E-16,0.,1.));
#8007=DIRECTION('ref_axis',(1.,0.,-1.23266838870742E-16));
#8008=DIRECTION('',(1.,0.,-1.23266838870742E-16));
#8009=DIRECTION('',(0.,1.,0.));
#8010=DIRECTION('',(1.,0.,-1.23266838870742E-16));
#8011=DIRECTION('',(0.,1.,0.));
#8012=DIRECTION('center_axis',(-2.46533677741484E-16,0.,-1.));
#8013=DIRECTION('ref_axis',(-1.,0.,2.46533677741484E-16));
#8014=DIRECTION('',(0.,1.,0.));
#8015=DIRECTION('',(-1.,0.,2.46533677741484E-16));
#8016=DIRECTION('',(0.,1.,0.));
#8017=DIRECTION('center_axis',(0.,1.,0.));
#8018=DIRECTION('ref_axis',(0.,0.,1.));
#8019=DIRECTION('',(-0.5,0.,-0.866025403784439));
#8020=DIRECTION('',(0.5,0.,-0.866025403784439));
#8021=DIRECTION('center_axis',(0.,1.,0.));
#8022=DIRECTION('ref_axis',(0.,0.,1.));
#8023=DIRECTION('',(-0.500000000000001,0.,-0.866025403784438));
#8024=DIRECTION('',(0.499999999999998,0.,-0.86602540378444));
#8025=DIRECTION('center_axis',(0.,1.,0.));
#8026=DIRECTION('ref_axis',(0.,0.,1.));
#8027=DIRECTION('',(-0.5,0.,-0.866025403784438));
#8028=DIRECTION('',(0.5,0.,-0.866025403784439));
#8029=DIRECTION('center_axis',(0.,1.,0.));
#8030=DIRECTION('ref_axis',(0.,0.,1.));
#8031=DIRECTION('',(-0.500000000000003,0.,-0.866025403784437));
#8032=DIRECTION('',(0.499999999999998,0.,-0.86602540378444));
#8033=DIRECTION('center_axis',(0.866025403784439,0.,0.5));
#8034=DIRECTION('ref_axis',(0.5,0.,-0.866025403784438));
#8035=DIRECTION('',(0.5,0.,-0.866025403784438));
#8036=DIRECTION('',(0.,1.,0.));
#8037=DIRECTION('',(0.,1.,0.));
#8038=DIRECTION('center_axis',(0.866025403784438,0.,-0.500000000000001));
#8039=DIRECTION('ref_axis',(-0.500000000000001,0.,-0.866025403784438));
#8040=DIRECTION('',(-0.500000000000001,0.,-0.866025403784438));
#8041=DIRECTION('',(0.,1.,0.));
#8042=DIRECTION('',(-0.500000000000001,0.,-0.866025403784438));
#8043=DIRECTION('center_axis',(0.866025403784439,0.,0.5));
#8044=DIRECTION('ref_axis',(0.5,0.,-0.866025403784439));
#8045=DIRECTION('',(0.5,0.,-0.866025403784439));
#8046=DIRECTION('',(0.,1.,0.));
#8047=DIRECTION('',(0.,1.,0.));
#8048=DIRECTION('center_axis',(0.866025403784438,0.,-0.500000000000001));
#8049=DIRECTION('ref_axis',(-0.500000000000001,0.,-0.866025403784438));
#8050=DIRECTION('',(-0.500000000000001,0.,-0.866025403784438));
#8051=DIRECTION('',(0.,1.,0.));
#8052=DIRECTION('',(-0.500000000000001,0.,-0.866025403784438));
#8053=DIRECTION('center_axis',(0.866025403784439,0.,0.499999999999999));
#8054=DIRECTION('ref_axis',(0.499999999999999,0.,-0.866025403784439));
#8055=DIRECTION('',(0.499999999999999,0.,-0.866025403784439));
#8056=DIRECTION('',(0.,1.,0.));
#8057=DIRECTION('',(0.,1.,0.));
#8058=DIRECTION('center_axis',(0.866025403784438,0.,-0.500000000000001));
#8059=DIRECTION('ref_axis',(-0.500000000000001,0.,-0.866025403784438));
#8060=DIRECTION('',(-0.500000000000001,0.,-0.866025403784438));
#8061=DIRECTION('',(0.,1.,0.));
#8062=DIRECTION('',(-0.500000000000001,0.,-0.866025403784438));
#8063=DIRECTION('center_axis',(0.866025403784439,0.,0.5));
#8064=DIRECTION('ref_axis',(0.5,0.,-0.866025403784439));
#8065=DIRECTION('',(0.5,0.,-0.866025403784439));
#8066=DIRECTION('',(0.,1.,0.));
#8067=DIRECTION('',(0.,1.,0.));
#8068=DIRECTION('center_axis',(0.866025403784438,0.,-0.500000000000001));
#8069=DIRECTION('ref_axis',(-0.500000000000001,0.,-0.866025403784438));
#8070=DIRECTION('',(-0.500000000000001,0.,-0.866025403784438));
#8071=DIRECTION('',(0.,1.,0.));
#8072=DIRECTION('',(-0.500000000000001,0.,-0.866025403784438));
#8073=DIRECTION('center_axis',(-0.866025403784439,0.,-0.5));
#8074=DIRECTION('ref_axis',(-0.5,0.,0.866025403784439));
#8075=DIRECTION('',(-0.5,0.,0.866025403784439));
#8076=DIRECTION('',(0.,1.,0.));
#8077=DIRECTION('',(-0.5,0.,0.866025403784439));
#8078=DIRECTION('',(0.,1.,0.));
#8079=DIRECTION('center_axis',(-0.866025403784439,0.,-0.499999999999999));
#8080=DIRECTION('ref_axis',(-0.499999999999999,0.,0.866025403784439));
#8081=DIRECTION('',(-0.499999999999999,0.,0.866025403784439));
#8082=DIRECTION('',(0.,1.,0.));
#8083=DIRECTION('',(0.,1.,0.));
#8084=DIRECTION('center_axis',(-0.866025403784439,0.,-0.5));
#8085=DIRECTION('ref_axis',(-0.5,0.,0.866025403784439));
#8086=DIRECTION('',(-0.5,0.,0.866025403784439));
#8087=DIRECTION('',(0.,1.,0.));
#8088=DIRECTION('',(-0.5,0.,0.866025403784439));
#8089=DIRECTION('',(0.,1.,0.));
#8090=DIRECTION('center_axis',(-0.866025403784438,0.,-0.500000000000001));
#8091=DIRECTION('ref_axis',(-0.500000000000001,0.,0.866025403784438));
#8092=DIRECTION('',(-0.500000000000001,0.,0.866025403784438));
#8093=DIRECTION('',(0.,1.,0.));
#8094=DIRECTION('',(-0.500000000000001,0.,0.866025403784438));
#8095=DIRECTION('',(0.,1.,0.));
#8096=DIRECTION('center_axis',(-0.866025403784437,0.,-0.500000000000002));
#8097=DIRECTION('ref_axis',(-0.500000000000002,0.,0.866025403784437));
#8098=DIRECTION('',(-0.500000000000002,0.,0.866025403784437));
#8099=DIRECTION('',(0.,1.,0.));
#8100=DIRECTION('',(-0.500000000000002,0.,0.866025403784437));
#8101=DIRECTION('',(0.,1.,0.));
#8102=DIRECTION('center_axis',(-0.866025403784439,0.,-0.5));
#8103=DIRECTION('ref_axis',(-0.5,0.,0.866025403784438));
#8104=DIRECTION('',(-0.5,0.,0.866025403784438));
#8105=DIRECTION('',(0.,1.,0.));
#8106=DIRECTION('',(-0.5,0.,0.866025403784439));
#8107=DIRECTION('',(0.,1.,0.));
#8108=DIRECTION('center_axis',(-0.866025403784439,0.,-0.499999999999999));
#8109=DIRECTION('ref_axis',(-0.499999999999999,0.,0.866025403784439));
#8110=DIRECTION('',(-0.499999999999999,0.,0.866025403784439));
#8111=DIRECTION('',(0.,1.,0.));
#8112=DIRECTION('',(-0.499999999999999,0.,0.866025403784439));
#8113=DIRECTION('',(0.,1.,0.));
#8114=DIRECTION('center_axis',(-0.866025403784439,0.,-0.499999999999999));
#8115=DIRECTION('ref_axis',(-0.499999999999999,0.,0.866025403784439));
#8116=DIRECTION('',(-0.499999999999999,0.,0.866025403784439));
#8117=DIRECTION('',(0.,1.,0.));
#8118=DIRECTION('',(-0.499999999999999,0.,0.866025403784439));
#8119=DIRECTION('',(0.,1.,0.));
#8120=DIRECTION('center_axis',(-0.866025403784439,0.,-0.5));
#8121=DIRECTION('ref_axis',(-0.5,0.,0.866025403784439));
#8122=DIRECTION('',(-0.5,0.,0.866025403784439));
#8123=DIRECTION('',(0.,1.,0.));
#8124=DIRECTION('',(-0.5,0.,0.866025403784439));
#8125=DIRECTION('',(0.,1.,0.));
#8126=DIRECTION('center_axis',(0.866025403784439,0.,0.5));
#8127=DIRECTION('ref_axis',(0.5,0.,-0.866025403784439));
#8128=DIRECTION('',(0.5,0.,-0.866025403784439));
#8129=DIRECTION('',(0.,1.,0.));
#8130=DIRECTION('',(0.,1.,0.));
#8131=DIRECTION('center_axis',(0.,-1.,0.));
#8132=DIRECTION('ref_axis',(1.,0.,0.));
#8133=DIRECTION('',(-1.,0.,0.));
#8134=DIRECTION('',(-0.500000000000001,0.,-0.866025403784438));
#8135=DIRECTION('center_axis',(0.866025403784438,0.,-0.500000000000001));
#8136=DIRECTION('ref_axis',(-0.500000000000001,0.,-0.866025403784438));
#8137=DIRECTION('',(0.,1.,0.));
#8138=DIRECTION('',(-0.500000000000001,0.,-0.866025403784438));
#8139=DIRECTION('center_axis',(0.866025403784439,0.,0.5));
#8140=DIRECTION('ref_axis',(0.5,0.,-0.866025403784439));
#8141=DIRECTION('',(0.5,0.,-0.866025403784439));
#8142=DIRECTION('',(0.,1.,0.));
#8143=DIRECTION('',(0.5,0.,-0.866025403784439));
#8144=DIRECTION('',(0.,1.,0.));
#8145=DIRECTION('center_axis',(0.866025403784439,0.,-0.5));
#8146=DIRECTION('ref_axis',(-0.5,0.,-0.866025403784439));
#8147=DIRECTION('',(0.,1.,0.));
#8148=DIRECTION('',(-0.5,0.,-0.866025403784439));
#8149=DIRECTION('center_axis',(0.86602540378444,0.,0.499999999999998));
#8150=DIRECTION('ref_axis',(0.499999999999998,0.,-0.86602540378444));
#8151=DIRECTION('',(0.499999999999998,0.,-0.86602540378444));
#8152=DIRECTION('',(0.,1.,0.));
#8153=DIRECTION('',(0.,1.,0.));
#8154=DIRECTION('center_axis',(0.,-1.,0.));
#8155=DIRECTION('ref_axis',(1.,0.,0.));
#8156=DIRECTION('',(-1.,0.,0.));
#8157=DIRECTION('',(-0.500000000000001,0.,-0.866025403784438));
#8158=DIRECTION('center_axis',(0.866025403784438,0.,-0.500000000000001));
#8159=DIRECTION('ref_axis',(-0.500000000000001,0.,-0.866025403784438));
#8160=DIRECTION('',(0.,1.,0.));
#8161=DIRECTION('',(-0.500000000000001,0.,-0.866025403784438));
#8162=DIRECTION('center_axis',(0.866025403784439,0.,0.5));
#8163=DIRECTION('ref_axis',(0.5,0.,-0.866025403784439));
#8164=DIRECTION('',(0.5,0.,-0.866025403784439));
#8165=DIRECTION('',(0.,1.,0.));
#8166=DIRECTION('',(0.,1.,0.));
#8167=DIRECTION('center_axis',(0.,-1.,0.));
#8168=DIRECTION('ref_axis',(1.,0.,0.));
#8169=DIRECTION('',(-1.,0.,0.));
#8170=DIRECTION('',(-0.5,0.,-0.866025403784438));
#8171=DIRECTION('center_axis',(0.866025403784438,0.,-0.5));
#8172=DIRECTION('ref_axis',(-0.5,0.,-0.866025403784438));
#8173=DIRECTION('',(0.,1.,0.));
#8174=DIRECTION('',(-0.5,0.,-0.866025403784438));
#8175=DIRECTION('center_axis',(0.86602540378444,0.,0.499999999999998));
#8176=DIRECTION('ref_axis',(0.499999999999998,0.,-0.86602540378444));
#8177=DIRECTION('',(0.499999999999998,0.,-0.86602540378444));
#8178=DIRECTION('',(0.,1.,0.));
#8179=DIRECTION('',(0.,1.,0.));
#8180=DIRECTION('center_axis',(0.,-1.,0.));
#8181=DIRECTION('ref_axis',(1.,0.,0.));
#8182=DIRECTION('',(-1.,0.,0.));
#8183=DIRECTION('',(-0.500000000000003,0.,-0.866025403784437));
#8184=DIRECTION('center_axis',(0.866025403784437,0.,-0.500000000000004));
#8185=DIRECTION('ref_axis',(-0.500000000000003,0.,-0.866025403784437));
#8186=DIRECTION('',(0.,1.,0.));
#8187=DIRECTION('',(-0.500000000000003,0.,-0.866025403784437));
#8188=DIRECTION('center_axis',(0.,0.,-1.));
#8189=DIRECTION('ref_axis',(-1.,0.,0.));
#8190=DIRECTION('',(-1.,0.,0.));
#8191=DIRECTION('center_axis',(1.39851831736986E-15,0.,1.));
#8192=DIRECTION('ref_axis',(1.,0.,-1.39851831736986E-15));
#8193=DIRECTION('',(1.,0.,-1.39851831736986E-15));
#8194=DIRECTION('',(0.,1.,0.));
#8195=DIRECTION('center_axis',(-0.866025403784439,0.,0.499999999999999));
#8196=DIRECTION('ref_axis',(0.499999999999999,0.,0.866025403784439));
#8197=DIRECTION('',(0.499999999999999,0.,0.866025403784439));
#8198=DIRECTION('center_axis',(0.,0.,-1.));
#8199=DIRECTION('ref_axis',(-1.,0.,0.));
#8200=DIRECTION('',(-1.,0.,0.));
#8201=DIRECTION('center_axis',(1.39851831736987E-15,0.,1.));
#8202=DIRECTION('ref_axis',(1.,0.,-1.39851831736987E-15));
#8203=DIRECTION('',(1.,0.,-1.39851831736987E-15));
#8204=DIRECTION('',(0.,1.,0.));
#8205=DIRECTION('',(1.,0.,-1.39851831736987E-15));
#8206=DIRECTION('center_axis',(-0.866025403784439,0.,0.5));
#8207=DIRECTION('ref_axis',(0.5,0.,0.866025403784439));
#8208=DIRECTION('',(0.5,0.,0.866025403784439));
#8209=DIRECTION('',(0.5,0.,0.866025403784439));
#8210=DIRECTION('center_axis',(0.,-1.,0.));
#8211=DIRECTION('ref_axis',(1.,0.,0.));
#8212=DIRECTION('center_axis',(0.,0.,-1.));
#8213=DIRECTION('ref_axis',(-1.,0.,0.));
#8214=DIRECTION('',(-1.,0.,0.));
#8215=DIRECTION('',(-1.,0.,0.));
#8216=DIRECTION('center_axis',(1.39851831736986E-15,0.,1.));
#8217=DIRECTION('ref_axis',(1.,0.,-1.39851831736986E-15));
#8218=DIRECTION('',(1.,0.,-1.39851831736986E-15));
#8219=DIRECTION('',(0.,1.,0.));
#8220=DIRECTION('center_axis',(-0.866025403784439,0.,0.5));
#8221=DIRECTION('ref_axis',(0.5,0.,0.866025403784439));
#8222=DIRECTION('',(0.5,0.,0.866025403784439));
#8223=DIRECTION('center_axis',(0.,-1.,0.));
#8224=DIRECTION('ref_axis',(1.,0.,0.));
#8225=DIRECTION('center_axis',(0.,0.,-1.));
#8226=DIRECTION('ref_axis',(-1.,0.,0.));
#8227=DIRECTION('',(-1.,0.,0.));
#8228=DIRECTION('',(-1.,0.,0.));
#8229=DIRECTION('center_axis',(0.,0.,1.));
#8230=DIRECTION('ref_axis',(1.,0.,0.));
#8231=DIRECTION('',(1.,0.,0.));
#8232=DIRECTION('',(0.,1.,0.));
#8233=DIRECTION('center_axis',(-0.866025403784439,0.,0.5));
#8234=DIRECTION('ref_axis',(0.5,0.,0.866025403784439));
#8235=DIRECTION('',(0.5,0.,0.866025403784439));
#8236=DIRECTION('center_axis',(0.,-1.,0.));
#8237=DIRECTION('ref_axis',(1.,0.,0.));
#8238=DIRECTION('center_axis',(0.,0.,-1.));
#8239=DIRECTION('ref_axis',(-1.,0.,0.));
#8240=DIRECTION('',(-1.,0.,0.));
#8241=DIRECTION('',(-1.,0.,0.));
#8242=DIRECTION('center_axis',(0.,0.,1.));
#8243=DIRECTION('ref_axis',(1.,0.,0.));
#8244=DIRECTION('',(1.,0.,0.));
#8245=DIRECTION('',(0.,1.,0.));
#8246=DIRECTION('center_axis',(-0.866025403784439,0.,0.5));
#8247=DIRECTION('ref_axis',(0.5,0.,0.866025403784439));
#8248=DIRECTION('',(0.5,0.,0.866025403784439));
#8249=DIRECTION('center_axis',(0.,-1.,0.));
#8250=DIRECTION('ref_axis',(1.,0.,0.));
#8251=DIRECTION('center_axis',(0.,0.,-1.));
#8252=DIRECTION('ref_axis',(-1.,0.,0.));
#8253=DIRECTION('',(-1.,0.,0.));
#8254=DIRECTION('',(-1.,0.,0.));
#8255=DIRECTION('center_axis',(1.39851831736986E-15,0.,1.));
#8256=DIRECTION('ref_axis',(1.,0.,-1.39851831736986E-15));
#8257=DIRECTION('',(1.,0.,-1.39851831736986E-15));
#8258=DIRECTION('',(0.,1.,0.));
#8259=DIRECTION('center_axis',(-0.866025403784439,0.,0.5));
#8260=DIRECTION('ref_axis',(0.5,0.,0.866025403784439));
#8261=DIRECTION('',(0.5,0.,0.866025403784439));
#8262=DIRECTION('center_axis',(0.,-1.,0.));
#8263=DIRECTION('ref_axis',(1.,0.,0.));
#8264=DIRECTION('center_axis',(-0.866025403784439,0.,0.5));
#8265=DIRECTION('ref_axis',(0.5,0.,0.866025403784439));
#8266=DIRECTION('',(0.,1.,0.));
#8267=DIRECTION('',(0.5,0.,0.866025403784439));
#8268=DIRECTION('center_axis',(0.,0.,-1.));
#8269=DIRECTION('ref_axis',(-1.,0.,0.));
#8270=DIRECTION('',(-1.,0.,0.));
#8271=DIRECTION('center_axis',(1.39851831736986E-15,0.,1.));
#8272=DIRECTION('ref_axis',(1.,0.,-1.39851831736986E-15));
#8273=DIRECTION('',(1.,0.,-1.39851831736986E-15));
#8274=DIRECTION('center_axis',(0.,0.,-1.));
#8275=DIRECTION('ref_axis',(-1.,0.,0.));
#8276=DIRECTION('',(-1.,0.,0.));
#8277=DIRECTION('center_axis',(1.39851831736986E-15,0.,1.));
#8278=DIRECTION('ref_axis',(1.,0.,-1.39851831736986E-15));
#8279=DIRECTION('',(1.,0.,-1.39851831736986E-15));
#8280=DIRECTION('',(0.,1.,0.));
#8281=DIRECTION('center_axis',(-0.866025403784439,0.,0.499999999999999));
#8282=DIRECTION('ref_axis',(0.499999999999999,0.,0.866025403784439));
#8283=DIRECTION('',(0.499999999999999,0.,0.866025403784439));
#8284=DIRECTION('center_axis',(0.,0.,-1.));
#8285=DIRECTION('ref_axis',(-1.,0.,0.));
#8286=DIRECTION('',(-1.,0.,0.));
#8287=DIRECTION('center_axis',(2.79703663473973E-15,0.,1.));
#8288=DIRECTION('ref_axis',(1.,0.,-2.79703663473973E-15));
#8289=DIRECTION('',(1.,0.,-2.79703663473973E-15));
#8290=DIRECTION('',(0.,1.,0.));
#8291=DIRECTION('center_axis',(-0.866025403784438,0.,0.500000000000002));
#8292=DIRECTION('ref_axis',(0.500000000000002,0.,0.866025403784438));
#8293=DIRECTION('',(0.500000000000002,0.,0.866025403784438));
#8294=DIRECTION('center_axis',(0.,1.,0.));
#8295=DIRECTION('ref_axis',(0.,0.,-1.));
#8296=DIRECTION('',(0.,1.,0.));
#8297=DIRECTION('center_axis',(0.,-1.,0.));
#8298=DIRECTION('ref_axis',(0.,0.,-1.));
#8299=DIRECTION('center_axis',(0.,-1.,0.));
#8300=DIRECTION('ref_axis',(0.,0.,1.));
#8301=DIRECTION('',(0.,-1.,0.));
#8302=DIRECTION('center_axis',(0.,-1.,0.));
#8303=DIRECTION('ref_axis',(0.,0.,1.));
#8304=DIRECTION('',(0.,-1.,0.));
#8305=DIRECTION('center_axis',(0.,-1.,0.));
#8306=DIRECTION('ref_axis',(0.,0.,1.));
#8307=DIRECTION('',(0.,-1.,0.));
#8308=DIRECTION('center_axis',(0.,-1.,0.));
#8309=DIRECTION('ref_axis',(0.,0.,1.));
#8310=DIRECTION('',(0.,-1.,0.));
#8311=DIRECTION('center_axis',(0.,-1.,0.));
#8312=DIRECTION('ref_axis',(0.,0.,1.));
#8313=DIRECTION('',(0.,-1.,0.));
#8314=DIRECTION('center_axis',(0.,-1.,0.));
#8315=DIRECTION('ref_axis',(0.,0.,1.));
#8316=DIRECTION('',(0.,-1.,0.));
#8317=DIRECTION('center_axis',(0.,-1.,0.));
#8318=DIRECTION('ref_axis',(0.,0.,1.));
#8319=DIRECTION('',(0.,-1.,0.));
#8320=DIRECTION('center_axis',(0.,-1.,0.));
#8321=DIRECTION('ref_axis',(0.,0.,1.));
#8322=DIRECTION('',(0.,-1.,0.));
#8323=DIRECTION('center_axis',(0.,1.,0.));
#8324=DIRECTION('ref_axis',(1.,0.,0.));
#8325=DIRECTION('center_axis',(0.,-1.,0.));
#8326=DIRECTION('ref_axis',(1.,0.,0.));
#8327=DIRECTION('',(0.,1.,0.));
#8328=DIRECTION('center_axis',(0.,1.,0.));
#8329=DIRECTION('ref_axis',(1.,0.,0.));
#8330=DIRECTION('',(0.,1.,0.));
#8331=DIRECTION('center_axis',(0.,0.,1.));
#8332=DIRECTION('ref_axis',(1.,0.,0.));
#8333=DIRECTION('',(1.,0.,0.));
#8334=DIRECTION('',(1.,0.,0.));
#8335=DIRECTION('center_axis',(-5.92118946466748E-16,0.,-1.));
#8336=DIRECTION('ref_axis',(-1.,0.,5.92118946466748E-16));
#8337=DIRECTION('',(-1.,0.,5.92118946466748E-16));
#8338=DIRECTION('',(-1.,0.,5.92118946466748E-16));
#8339=DIRECTION('center_axis',(0.,-1.,0.));
#8340=DIRECTION('ref_axis',(1.,0.,0.));
#8341=DIRECTION('center_axis',(-0.866025403784437,0.,0.500000000000004));
#8342=DIRECTION('ref_axis',(0.500000000000003,0.,0.866025403784437));
#8343=DIRECTION('',(0.500000000000003,0.,0.866025403784437));
#8344=DIRECTION('',(0.,1.,0.));
#8345=DIRECTION('',(0.,1.,0.));
#8346=DIRECTION('center_axis',(-0.866025403784435,0.,-0.500000000000007));
#8347=DIRECTION('ref_axis',(-0.500000000000006,0.,0.866025403784435));
#8348=DIRECTION('',(-0.500000000000006,0.,0.866025403784435));
#8349=DIRECTION('',(0.,1.,0.));
#8350=DIRECTION('',(-0.500000000000006,0.,0.866025403784435));
#8351=DIRECTION('center_axis',(0.,0.,-1.));
#8352=DIRECTION('ref_axis',(-1.,0.,0.));
#8353=DIRECTION('',(-1.,0.,0.));
#8354=DIRECTION('',(0.,1.,0.));
#8355=DIRECTION('',(-1.,0.,0.));
#8356=DIRECTION('center_axis',(0.866025403784436,0.,-0.500000000000004));
#8357=DIRECTION('ref_axis',(-0.500000000000004,0.,-0.866025403784436));
#8358=DIRECTION('',(-0.500000000000004,0.,-0.866025403784436));
#8359=DIRECTION('',(0.,1.,0.));
#8360=DIRECTION('',(-0.500000000000004,0.,-0.866025403784436));
#8361=DIRECTION('center_axis',(0.86602540378444,0.,0.499999999999998));
#8362=DIRECTION('ref_axis',(0.499999999999998,0.,-0.86602540378444));
#8363=DIRECTION('',(0.499999999999998,0.,-0.86602540378444));
#8364=DIRECTION('',(0.,1.,0.));
#8365=DIRECTION('center_axis',(0.,0.,1.));
#8366=DIRECTION('ref_axis',(1.,0.,0.));
#8367=DIRECTION('',(1.,0.,0.));
#8368=DIRECTION('center_axis',(0.,-1.,0.));
#8369=DIRECTION('ref_axis',(1.,0.,0.));
#8370=DIRECTION('center_axis',(0.,-1.,0.));
#8371=DIRECTION('ref_axis',(0.,0.,1.));
#8372=DIRECTION('',(0.,-1.,0.));
#8373=DIRECTION('center_axis',(0.,-1.,0.));
#8374=DIRECTION('ref_axis',(0.,0.,1.));
#8375=DIRECTION('',(0.,-1.,0.));
#8376=DIRECTION('center_axis',(0.,0.,-1.));
#8377=DIRECTION('ref_axis',(0.,1.,0.));
#8378=DIRECTION('',(0.,-1.,0.));
#8379=DIRECTION('center_axis',(1.,0.,0.));
#8380=DIRECTION('ref_axis',(0.,0.,-1.));
#8381=DIRECTION('center_axis',(-1.,0.,0.));
#8382=DIRECTION('ref_axis',(0.,0.,-1.));
#8383=DIRECTION('',(0.,0.,-1.));
#8384=DIRECTION('center_axis',(0.,0.,-1.));
#8385=DIRECTION('ref_axis',(0.,1.,0.));
#8386=DIRECTION('',(1.,0.,0.));
#8387=DIRECTION('center_axis',(0.,0.,1.));
#8388=DIRECTION('ref_axis',(-1.,0.,0.));
#8389=DIRECTION('',(1.,0.,0.));
#8390=DIRECTION('center_axis',(0.,-1.,0.));
#8391=DIRECTION('ref_axis',(0.,0.,-1.));
#8392=DIRECTION('',(0.,0.,1.));
#8393=DIRECTION('',(1.,0.,0.));
#8394=DIRECTION('',(0.,0.,1.));
#8395=DIRECTION('',(1.,0.,0.));
#8396=CARTESIAN_POINT('',(0.,0.,0.));
#8397=CARTESIAN_POINT('',(0.,0.,0.));
#8398=CARTESIAN_POINT('Origin',(0.,-2.50000000000003,78.8495179596293));
#8399=CARTESIAN_POINT('',(-13.3295723862395,18.65,26.9999999999999));
#8400=CARTESIAN_POINT('',(-13.3295723862395,18.65,-11.0000000000001));
#8401=CARTESIAN_POINT('',(-13.3295723862395,18.65,78.8495179596293));
#8402=CARTESIAN_POINT('',(-13.3136922001374,18.66,-11.0000000000001));
#8403=CARTESIAN_POINT('Origin',(0.,-2.50000000000004,-11.0000000000001));
#8404=CARTESIAN_POINT('',(-13.3136922001374,18.66,26.9999999999999));
#8405=CARTESIAN_POINT('',(-13.3136922001374,18.66,-3.50000000000008));
#8406=CARTESIAN_POINT('Origin',(2.66453525910038E-14,-2.50000000000007,
26.9999999999999));
#8407=CARTESIAN_POINT('Origin',(0.,-2.50000000000003,78.8495179596293));
#8408=CARTESIAN_POINT('',(-21.15,10.8295723862395,-11.0000000000001));
#8409=CARTESIAN_POINT('',(-21.15,10.8295723862395,26.9999999999999));
#8410=CARTESIAN_POINT('',(-21.15,10.8295723862395,78.8495179596293));
#8411=CARTESIAN_POINT('',(-21.16,10.8136922001374,26.9999999999999));
#8412=CARTESIAN_POINT('Origin',(2.66453525910038E-14,-2.50000000000007,
26.9999999999999));
#8413=CARTESIAN_POINT('',(-21.16,10.8136922001374,-11.0000000000001));
#8414=CARTESIAN_POINT('',(-21.16,10.8136922001374,18.9999999999999));
#8415=CARTESIAN_POINT('Origin',(0.,-2.50000000000004,-11.0000000000001));
#8416=CARTESIAN_POINT('Origin',(0.,-2.50000000000003,78.8495179596293));
#8417=CARTESIAN_POINT('',(13.3295723862396,18.65,-11.0000000000001));
#8418=CARTESIAN_POINT('',(13.3295723862396,18.65,26.9999999999999));
#8419=CARTESIAN_POINT('',(13.3295723862395,18.65,78.8495179596293));
#8420=CARTESIAN_POINT('',(13.3136922001374,18.66,26.9999999999999));
#8421=CARTESIAN_POINT('Origin',(2.66453525910038E-14,-2.50000000000007,
26.9999999999999));
#8422=CARTESIAN_POINT('',(13.3136922001374,18.66,-11.0000000000001));
#8423=CARTESIAN_POINT('',(13.3136922001374,18.66,18.9999999999999));
#8424=CARTESIAN_POINT('Origin',(0.,-2.50000000000004,-11.0000000000001));
#8425=CARTESIAN_POINT('Origin',(-34.91,-11.82250015375,29.7499999999999));
#8426=CARTESIAN_POINT('',(-36.16,-23.650000205,28.4999999999999));
#8427=CARTESIAN_POINT('',(-33.66,-23.650000205,30.9999999999999));
#8428=CARTESIAN_POINT('',(-27.6857884749828,-23.650000205,36.9742115250171));
#8429=CARTESIAN_POINT('',(-33.66,-18.650000205,30.9999999999999));
#8430=CARTESIAN_POINT('',(-33.66,-11.82250015375,30.9999999999999));
#8431=CARTESIAN_POINT('',(-36.16,-18.650000205,28.4999999999999));
#8432=CARTESIAN_POINT('',(-37.91,-18.650000205,26.7499999999999));
#8433=CARTESIAN_POINT('',(-36.16,-11.82250015375,28.4999999999999));
#8434=CARTESIAN_POINT('Origin',(-36.16,-23.650000205,18.9999999999999));
#8435=CARTESIAN_POINT('',(-36.16,-18.650000205,-8.50000000000008));
#8436=CARTESIAN_POINT('',(-36.16,-18.650000205,26.9999999999999));
#8437=CARTESIAN_POINT('',(-36.16,-23.650000205,-8.50000000000007));
#8438=CARTESIAN_POINT('',(-36.16,-2.49500010250003,-8.50000000000007));
#8439=CARTESIAN_POINT('',(-36.16,-23.650000205,18.9999999999999));
#8440=CARTESIAN_POINT('Origin',(-36.16,-18.650000205,18.9999999999999));
#8441=CARTESIAN_POINT('',(-26.16,-18.650000205,30.9999999999999));
#8442=CARTESIAN_POINT('',(-36.16,-18.650000205,30.9999999999999));
#8443=CARTESIAN_POINT('',(-26.16,-18.650000205,-11.0000000000001));
#8444=CARTESIAN_POINT('',(-26.16,-18.650000205,3.99999999999992));
#8445=CARTESIAN_POINT('',(-33.66,-18.650000205,-11.0000000000001));
#8446=CARTESIAN_POINT('',(-36.16,-18.650000205,-11.0000000000001));
#8447=CARTESIAN_POINT('',(-42.41,-18.650000205,-2.25000000000006));
#8448=CARTESIAN_POINT('',(-31.16,-18.650000205,8.39999999999993));
#8449=CARTESIAN_POINT('Origin',(-31.16,-18.650000205,9.99999999999993));
#8450=CARTESIAN_POINT('',(-31.16,-18.650000205,-7.60000000000007));
#8451=CARTESIAN_POINT('Origin',(-31.16,-18.650000205,-6.00000000000007));
#8452=CARTESIAN_POINT('',(-31.16,-18.650000205,24.3999999999999));
#8453=CARTESIAN_POINT('Origin',(-31.16,-18.650000205,25.9999999999999));
#8454=CARTESIAN_POINT('Origin',(-34.91,-2.49500010250003,-9.75000000000008));
#8455=CARTESIAN_POINT('',(-33.66,-23.650000205,-11.0000000000001));
#8456=CARTESIAN_POINT('',(-33.66,-2.49500010250003,-11.0000000000001));
#8457=CARTESIAN_POINT('',(-24.6857884749829,-23.650000205,-19.9742115250172));
#8458=CARTESIAN_POINT('Origin',(34.91,-2.49500010250003,-9.75000000000008));
#8459=CARTESIAN_POINT('',(33.66,-18.650000205,-11.0000000000001));
#8460=CARTESIAN_POINT('',(36.16,-18.650000205,-8.50000000000007));
#8461=CARTESIAN_POINT('',(42.41,-18.650000205,-2.25000000000006));
#8462=CARTESIAN_POINT('',(36.16,-23.650000205,-8.50000000000007));
#8463=CARTESIAN_POINT('',(36.16,-2.49500010250003,-8.50000000000007));
#8464=CARTESIAN_POINT('',(33.66,-23.650000205,-11.0000000000001));
#8465=CARTESIAN_POINT('',(34.5542115250172,-23.650000205,-10.1057884749829));
#8466=CARTESIAN_POINT('',(33.66,-2.49500010250003,-11.0000000000001));
#8467=CARTESIAN_POINT('Origin',(36.16,-23.650000205,18.9999999999999));
#8468=CARTESIAN_POINT('',(36.16,-18.650000205,28.4999999999999));
#8469=CARTESIAN_POINT('',(36.16,-18.650000205,18.9999999999999));
#8470=CARTESIAN_POINT('',(36.16,-23.650000205,28.4999999999999));
#8471=CARTESIAN_POINT('',(36.16,-11.82250015375,28.4999999999999));
#8472=CARTESIAN_POINT('',(36.16,-23.650000205,18.9999999999999));
#8473=CARTESIAN_POINT('Origin',(36.16,-18.650000205,18.9999999999999));
#8474=CARTESIAN_POINT('',(26.16,-18.650000205,-11.0000000000001));
#8475=CARTESIAN_POINT('',(36.16,-18.650000205,-11.0000000000001));
#8476=CARTESIAN_POINT('',(26.16,-18.650000205,30.9999999999999));
#8477=CARTESIAN_POINT('',(26.16,-18.650000205,18.9999999999999));
#8478=CARTESIAN_POINT('',(33.66,-18.650000205,30.9999999999999));
#8479=CARTESIAN_POINT('',(36.16,-18.650000205,30.9999999999999));
#8480=CARTESIAN_POINT('',(37.91,-18.650000205,26.7499999999999));
#8481=CARTESIAN_POINT('',(31.16,-18.650000205,8.39999999999993));
#8482=CARTESIAN_POINT('Origin',(31.16,-18.650000205,9.99999999999993));
#8483=CARTESIAN_POINT('',(31.16,-18.650000205,-7.60000000000007));
#8484=CARTESIAN_POINT('Origin',(31.16,-18.650000205,-6.00000000000007));
#8485=CARTESIAN_POINT('',(31.16,-18.650000205,24.3999999999999));
#8486=CARTESIAN_POINT('Origin',(31.16,-18.650000205,25.9999999999999));
#8487=CARTESIAN_POINT('Origin',(34.91,-11.82250015375,29.7499999999999));
#8488=CARTESIAN_POINT('',(33.66,-23.650000205,30.9999999999999));
#8489=CARTESIAN_POINT('',(33.66,-11.82250015375,30.9999999999999));
#8490=CARTESIAN_POINT('',(37.5542115250172,-23.650000205,27.1057884749828));
#8491=CARTESIAN_POINT('Origin',(23.66,21.16,11.4999999999999));
#8492=CARTESIAN_POINT('',(21.16,23.66,30.9999999999999));
#8493=CARTESIAN_POINT('',(26.16,18.66,30.9999999999999));
#8494=CARTESIAN_POINT('',(23.033750025625,21.786249974375,30.9999999999999));
#8495=CARTESIAN_POINT('',(26.16,18.66,-11.0000000000001));
#8496=CARTESIAN_POINT('',(26.16,18.66,11.4999999999999));
#8497=CARTESIAN_POINT('',(21.16,23.66,-11.0000000000001));
#8498=CARTESIAN_POINT('',(24.91,19.91,-11.0000000000001));
#8499=CARTESIAN_POINT('',(21.16,23.66,11.4999999999999));
#8500=CARTESIAN_POINT('Origin',(26.16,18.66,18.9999999999999));
#8501=CARTESIAN_POINT('',(26.16,-18.650000205,30.9999999999999));
#8502=CARTESIAN_POINT('',(26.16,18.66,-11.0000000000001));
#8503=CARTESIAN_POINT('Origin',(-4.44089209850063E-15,0.00499989749997098,
30.9999999999999));
#8504=CARTESIAN_POINT('',(-21.16,-23.650000205,30.9999999999999));
#8505=CARTESIAN_POINT('',(-21.16,23.66,30.9999999999999));
#8506=CARTESIAN_POINT('',(-26.16,23.66,30.9999999999999));
#8507=CARTESIAN_POINT('',(-26.16,18.66,30.9999999999999));
#8508=CARTESIAN_POINT('',(-23.033750025625,21.786249974375,30.9999999999999));
#8509=CARTESIAN_POINT('',(-26.16,23.66,30.9999999999999));
#8510=CARTESIAN_POINT('',(11.,-2.50000000000002,30.9999999999999));
#8511=CARTESIAN_POINT('Origin',(0.,-2.50000000000002,30.9999999999999));
#8512=CARTESIAN_POINT('',(-17.1,-18.,30.9999999999999));
#8513=CARTESIAN_POINT('Origin',(-15.5,-18.,30.9999999999999));
#8514=CARTESIAN_POINT('',(13.9000000000001,12.9999999999999,30.9999999999999));
#8515=CARTESIAN_POINT('Origin',(15.5000000000001,12.9999999999999,30.9999999999999));
#8516=CARTESIAN_POINT('',(-17.0999999999999,13.,30.9999999999999));
#8517=CARTESIAN_POINT('Origin',(-15.4999999999999,13.,30.9999999999999));
#8518=CARTESIAN_POINT('',(13.8999999999998,-18.0000000000002,30.9999999999999));
#8519=CARTESIAN_POINT('Origin',(15.4999999999998,-18.0000000000002,30.9999999999999));
#8520=CARTESIAN_POINT('Origin',(-23.66,21.16,-3.50000000000008));
#8521=CARTESIAN_POINT('',(-21.16,23.66,-11.0000000000001));
#8522=CARTESIAN_POINT('',(-21.16,23.66,-3.50000000000008));
#8523=CARTESIAN_POINT('',(-26.16,18.66,-11.0000000000001));
#8524=CARTESIAN_POINT('',(-11.83,32.99,-11.0000000000001));
#8525=CARTESIAN_POINT('',(-26.16,18.66,-3.50000000000008));
#8526=CARTESIAN_POINT('Origin',(-26.16,18.66,-11.0000000000001));
#8527=CARTESIAN_POINT('',(-26.16,18.66,-11.0000000000001));
#8528=CARTESIAN_POINT('Origin',(26.16,18.66,-11.0000000000001));
#8529=CARTESIAN_POINT('',(-21.15,14.4428932188134,-11.0000000000001));
#8530=CARTESIAN_POINT('',(-21.15,14.7447861931198,-11.0000000000001));
#8531=CARTESIAN_POINT('',(-21.16,-23.650000205,-11.0000000000001));
#8532=CARTESIAN_POINT('',(-21.16,8.07999999999996,-11.0000000000001));
#8533=CARTESIAN_POINT('',(-26.16,-23.650000205,-11.0000000000001));
#8534=CARTESIAN_POINT('',(-26.16,23.66,-11.0000000000001));
#8535=CARTESIAN_POINT('',(21.16,-23.650000205,-11.0000000000001));
#8536=CARTESIAN_POINT('',(-26.16,-23.650000205,-11.0000000000001));
#8537=CARTESIAN_POINT('',(21.16,10.8136922001374,-11.0000000000001));
#8538=CARTESIAN_POINT('',(21.16,8.07999999999997,-11.0000000000001));
#8539=CARTESIAN_POINT('',(21.1500000000001,10.8295723862394,-11.0000000000001));
#8540=CARTESIAN_POINT('Origin',(0.,-2.50000000000004,-11.0000000000001));
#8541=CARTESIAN_POINT('',(21.15,14.4428932188134,-11.0000000000001));
#8542=CARTESIAN_POINT('',(21.1500000000001,16.5514466094067,-11.0000000000001));
#8543=CARTESIAN_POINT('',(21.0035533905933,14.7964466094067,-11.0000000000001));
#8544=CARTESIAN_POINT('Origin',(20.65,14.4428932188134,-11.0000000000001));
#8545=CARTESIAN_POINT('',(17.2964466094067,18.5035533905933,-11.0000000000001));
#8546=CARTESIAN_POINT('',(19.4732233047034,16.3267766952966,-11.0000000000001));
#8547=CARTESIAN_POINT('',(16.9428932188134,18.65,-11.0000000000001));
#8548=CARTESIAN_POINT('Origin',(16.9428932188134,18.15,-11.0000000000001));
#8549=CARTESIAN_POINT('',(19.7447861931198,18.65,-11.0000000000001));
#8550=CARTESIAN_POINT('',(-26.16,18.66,-11.0000000000001));
#8551=CARTESIAN_POINT('',(-17.15,18.65,-11.0000000000001));
#8552=CARTESIAN_POINT('',(4.50500000000001,18.65,-11.0000000000001));
#8553=CARTESIAN_POINT('',(-21.0035533905933,14.7964466094067,-11.0000000000001));
#8554=CARTESIAN_POINT('',(-8.2467766952966,27.5532233047033,-11.0000000000001));
#8555=CARTESIAN_POINT('Origin',(-20.65,14.4428932188134,-11.0000000000001));
#8556=CARTESIAN_POINT('Origin',(31.16,-21.400000205,9.99999999999993));
#8557=CARTESIAN_POINT('',(31.16,-23.650000205,8.39999999999993));
#8558=CARTESIAN_POINT('',(31.16,-21.400000205,8.39999999999993));
#8559=CARTESIAN_POINT('Origin',(31.16,-23.650000205,9.99999999999993));
#8560=CARTESIAN_POINT('Origin',(31.16,-21.400000205,-6.00000000000007));
#8561=CARTESIAN_POINT('',(31.16,-23.650000205,-7.60000000000007));
#8562=CARTESIAN_POINT('',(31.16,-21.400000205,-7.60000000000007));
#8563=CARTESIAN_POINT('Origin',(31.16,-23.650000205,-6.00000000000007));
#8564=CARTESIAN_POINT('Origin',(31.16,-21.400000205,25.9999999999999));
#8565=CARTESIAN_POINT('',(31.16,-23.650000205,24.3999999999999));
#8566=CARTESIAN_POINT('',(31.16,-21.400000205,24.3999999999999));
#8567=CARTESIAN_POINT('Origin',(31.16,-23.650000205,25.9999999999999));
#8568=CARTESIAN_POINT('Origin',(-31.16,-21.400000205,9.99999999999993));
#8569=CARTESIAN_POINT('',(-31.16,-23.650000205,8.39999999999993));
#8570=CARTESIAN_POINT('',(-31.16,-21.400000205,8.39999999999993));
#8571=CARTESIAN_POINT('Origin',(-31.16,-23.650000205,9.99999999999993));
#8572=CARTESIAN_POINT('Origin',(-31.16,-21.400000205,-6.00000000000007));
#8573=CARTESIAN_POINT('',(-31.16,-23.650000205,-7.60000000000007));
#8574=CARTESIAN_POINT('',(-31.16,-21.400000205,-7.60000000000007));
#8575=CARTESIAN_POINT('Origin',(-31.16,-23.650000205,-6.00000000000007));
#8576=CARTESIAN_POINT('Origin',(-31.16,-21.400000205,25.9999999999999));
#8577=CARTESIAN_POINT('',(-31.16,-23.650000205,24.3999999999999));
#8578=CARTESIAN_POINT('',(-31.16,-21.400000205,24.3999999999999));
#8579=CARTESIAN_POINT('Origin',(-31.16,-23.650000205,25.9999999999999));
#8580=CARTESIAN_POINT('Origin',(15.4999999999998,-18.0000000000002,28.7999999999999));
#8581=CARTESIAN_POINT('',(13.8999999999998,-18.0000000000002,26.9999999999999));
#8582=CARTESIAN_POINT('',(13.8999999999998,-18.0000000000002,28.7999999999999));
#8583=CARTESIAN_POINT('Origin',(15.4999999999998,-18.0000000000002,26.9999999999999));
#8584=CARTESIAN_POINT('Origin',(-15.4999999999999,13.,28.7999999999999));
#8585=CARTESIAN_POINT('',(-17.0999999999999,13.,26.9999999999999));
#8586=CARTESIAN_POINT('',(-17.0999999999999,13.,28.7999999999999));
#8587=CARTESIAN_POINT('Origin',(-15.4999999999999,13.,26.9999999999999));
#8588=CARTESIAN_POINT('Origin',(15.5000000000001,12.9999999999999,28.7999999999999));
#8589=CARTESIAN_POINT('',(13.9000000000001,12.9999999999999,26.9999999999999));
#8590=CARTESIAN_POINT('',(13.9000000000001,12.9999999999999,28.7999999999999));
#8591=CARTESIAN_POINT('Origin',(15.5000000000001,12.9999999999999,26.9999999999999));
#8592=CARTESIAN_POINT('Origin',(-15.5,-18.,28.7999999999999));
#8593=CARTESIAN_POINT('',(-17.1,-18.,26.9999999999999));
#8594=CARTESIAN_POINT('',(-17.1,-18.,28.7999999999999));
#8595=CARTESIAN_POINT('Origin',(-15.5,-18.,26.9999999999999));
#8596=CARTESIAN_POINT('Origin',(21.1500000000001,14.4428932188134,18.9999999999999));
#8597=CARTESIAN_POINT('',(21.15,14.4428932188134,26.9999999999999));
#8598=CARTESIAN_POINT('',(21.1500000000001,10.8295723862394,26.9999999999999));
#8599=CARTESIAN_POINT('',(21.1500000000001,7.22394655815667,26.9999999999999));
#8600=CARTESIAN_POINT('',(21.15,14.4428932188134,18.9999999999999));
#8601=CARTESIAN_POINT('',(21.1500000000001,10.8295723862394,78.8495179596293));
#8602=CARTESIAN_POINT('Origin',(20.65,14.4428932188134,18.9999999999999));
#8603=CARTESIAN_POINT('',(21.0035533905933,14.7964466094067,26.9999999999999));
#8604=CARTESIAN_POINT('Origin',(20.65,14.4428932188134,26.9999999999999));
#8605=CARTESIAN_POINT('',(21.0035533905933,14.7964466094067,18.9999999999999));
#8606=CARTESIAN_POINT('Origin',(17.2964466094067,18.5035533905933,18.9999999999999));
#8607=CARTESIAN_POINT('',(17.2964466094067,18.5035533905933,26.9999999999999));
#8608=CARTESIAN_POINT('',(17.5969733303284,18.2030266696716,26.9999999999999));
#8609=CARTESIAN_POINT('',(17.2964466094067,18.5035533905933,18.9999999999999));
#8610=CARTESIAN_POINT('Origin',(16.9428932188134,18.15,18.9999999999999));
#8611=CARTESIAN_POINT('',(16.9428932188134,18.65,26.9999999999999));
#8612=CARTESIAN_POINT('Origin',(16.9428932188134,18.15,26.9999999999999));
#8613=CARTESIAN_POINT('',(16.9428932188134,18.65,18.9999999999999));
#8614=CARTESIAN_POINT('Origin',(13.3295723862396,18.65,18.9999999999999));
#8615=CARTESIAN_POINT('',(6.66478619311977,18.65,26.9999999999999));
#8616=CARTESIAN_POINT('Origin',(-17.15,18.65,18.9999999999999));
#8617=CARTESIAN_POINT('',(-17.15,18.65,26.9999999999999));
#8618=CARTESIAN_POINT('',(-8.57499999999999,18.65,26.9999999999999));
#8619=CARTESIAN_POINT('',(-17.15,18.65,18.9999999999999));
#8620=CARTESIAN_POINT('Origin',(-21.0035533905933,14.7964466094067,18.9999999999999));
#8621=CARTESIAN_POINT('',(-21.0035533905933,14.7964466094067,26.9999999999999));
#8622=CARTESIAN_POINT('',(-19.4505267209216,16.3494732790783,26.9999999999999));
#8623=CARTESIAN_POINT('',(-21.0035533905933,14.7964466094067,18.9999999999999));
#8624=CARTESIAN_POINT('Origin',(-20.65,14.4428932188134,18.9999999999999));
#8625=CARTESIAN_POINT('',(-21.15,14.4428932188134,26.9999999999999));
#8626=CARTESIAN_POINT('Origin',(-20.65,14.4428932188134,26.9999999999999));
#8627=CARTESIAN_POINT('',(-21.15,14.4428932188134,18.9999999999999));
#8628=CARTESIAN_POINT('Origin',(-21.15,10.8295723862395,18.9999999999999));
#8629=CARTESIAN_POINT('',(-21.15,5.41728614186975,26.9999999999999));
#8630=CARTESIAN_POINT('Origin',(0.,-2.50000000000002,26.9999999999999));
#8631=CARTESIAN_POINT('',(11.,-2.50000000000002,26.9999999999999));
#8632=CARTESIAN_POINT('',(11.,-2.50000000000002,26.9999999999999));
#8633=CARTESIAN_POINT('Origin',(0.,-2.50000000000002,26.9999999999999));
#8634=CARTESIAN_POINT('Origin',(-4.44089209850063E-15,0.00499989749997098,
26.9999999999999));
#8635=CARTESIAN_POINT('',(21.16,10.8136922001374,26.9999999999999));
#8636=CARTESIAN_POINT('',(21.16,-23.650000205,26.9999999999999));
#8637=CARTESIAN_POINT('',(21.16,5.4093460488187,26.9999999999999));
#8638=CARTESIAN_POINT('',(-21.16,-23.650000205,26.9999999999999));
#8639=CARTESIAN_POINT('',(-21.16,-23.650000205,26.9999999999999));
#8640=CARTESIAN_POINT('',(-21.16,-11.82250015375,26.9999999999999));
#8641=CARTESIAN_POINT('',(-6.65684610006871,18.66,26.9999999999999));
#8642=CARTESIAN_POINT('Origin',(2.66453525910038E-14,-2.50000000000007,
26.9999999999999));
#8643=CARTESIAN_POINT('Origin',(19.7368461000687,-23.650000205,3.99999999999992));
#8644=CARTESIAN_POINT('',(-21.16,-23.650000205,41.4247589798146));
#8645=CARTESIAN_POINT('',(21.16,-23.650000205,18.9999999999999));
#8646=CARTESIAN_POINT('Origin',(-21.16,-2.50000000000003,78.8495179596293));
#8647=CARTESIAN_POINT('Origin',(0.,-2.50000000000003,78.8495179596293));
#8648=CARTESIAN_POINT('',(21.16,10.8136922001374,18.9999999999999));
#8649=CARTESIAN_POINT('Origin',(21.16,-2.50000000000003,78.8495179596293));
#8650=CARTESIAN_POINT('Origin',(-4.44089209850063E-15,23.66,3.99999999999992));
#8651=CARTESIAN_POINT('Origin',(-4.44089209850063E-15,18.66,3.99999999999992));
#8652=CARTESIAN_POINT('',(0.,0.,0.));
#8653=CARTESIAN_POINT('Ctrl Pts',(0.674986396178416,-22.1884689846665,47.3395496873852));
#8654=CARTESIAN_POINT('Ctrl Pts',(0.699661518347055,-22.0202725816303,47.327116127104));
#8655=CARTESIAN_POINT('Ctrl Pts',(0.784652972215297,-21.7062575290443,47.2822773004239));
#8656=CARTESIAN_POINT('Ctrl Pts',(0.996391879927725,-21.1556614059997,47.1356146070812));
#8657=CARTESIAN_POINT('Ctrl Pts',(1.21449549707072,-20.6799851893578,46.9097216150746));
#8658=CARTESIAN_POINT('Ctrl Pts',(1.36502106062328,-20.3581752007163,46.6341975254546));
#8659=CARTESIAN_POINT('Ctrl Pts',(1.43198377871102,-20.2165995570269,46.4544247504771));
#8660=CARTESIAN_POINT('Ctrl Pts',(1.4830338769833,-20.1087178029574,46.2615325784368));
#8661=CARTESIAN_POINT('Ctrl Pts',(1.51127933467562,-20.0490981706024,46.0004366190404));
#8662=CARTESIAN_POINT('Ctrl Pts',(1.46605058887993,-20.144690498112,45.5811568828732));
#8663=CARTESIAN_POINT('Ctrl Pts',(1.32742634610919,-20.4365628175468,45.2752175604227));
#8664=CARTESIAN_POINT('Ctrl Pts',(1.13291631575853,-20.8590533444454,45.0059748311315));
#8665=CARTESIAN_POINT('Ctrl Pts',(0.969807228555426,-21.2243704307504,44.845820536903));
#8666=CARTESIAN_POINT('Ctrl Pts',(0.78467877576104,-21.7064993077857,44.7177980658909));
#8667=CARTESIAN_POINT('Ctrl Pts',(0.699662602200817,-22.02026519361,44.6728844190395));
#8668=CARTESIAN_POINT('Ctrl Pts',(0.674986396178417,-22.1884689846665,44.6604503126146));
#8669=CARTESIAN_POINT('Ctrl Pts',(0.715077294340455,-22.2007604031865,47.3193482636346));
#8670=CARTESIAN_POINT('Ctrl Pts',(0.741073061433489,-22.0399265044351,47.3053224938437));
#8671=CARTESIAN_POINT('Ctrl Pts',(0.829897399146408,-21.7399342616334,47.254897768667));
#8672=CARTESIAN_POINT('Ctrl Pts',(1.04715607483204,-21.2167179745659,47.0926708365473));
#8673=CARTESIAN_POINT('Ctrl Pts',(1.26056229488924,-20.7719144033305,46.8478079764737));
#8674=CARTESIAN_POINT('Ctrl Pts',(1.39311756636473,-20.4822958244351,46.5718379256474));
#8675=CARTESIAN_POINT('Ctrl Pts',(1.44806096079698,-20.3583493600148,46.401758368658));
#8676=CARTESIAN_POINT('Ctrl Pts',(1.48781180321735,-20.2657274856467,46.2257610758307));
#8677=CARTESIAN_POINT('Ctrl Pts',(1.50740168732202,-20.2166951856981,46.0003405262068));
#8678=CARTESIAN_POINT('Ctrl Pts',(1.47624446846042,-20.2951367927329,45.6386422766704));
#8679=CARTESIAN_POINT('Ctrl Pts',(1.36317475470242,-20.5502091154395,45.3403372525286));
#8680=CARTESIAN_POINT('Ctrl Pts',(1.18073761270853,-20.9394341731625,45.0604289595141));
#8681=CARTESIAN_POINT('Ctrl Pts',(1.02002297999242,-21.2818649350054,44.8870003330384));
#8682=CARTESIAN_POINT('Ctrl Pts',(0.829921006825962,-21.7401800395326,44.7450904823666));
#8683=CARTESIAN_POINT('Ctrl Pts',(0.741074203296527,-22.0399194398125,44.6946781222375));
#8684=CARTESIAN_POINT('Ctrl Pts',(0.715077294340456,-22.2007604031865,44.6806517363653));
#8685=CARTESIAN_POINT('Ctrl Pts',(0.798188762462641,-22.2253427011069,47.2847638956916));
#8686=CARTESIAN_POINT('Ctrl Pts',(0.827409243727923,-22.0792334002238,47.2684460671238));
#8687=CARTESIAN_POINT('Ctrl Pts',(0.926066874168275,-21.8072788137981,47.2099460516273));
#8688=CARTESIAN_POINT('Ctrl Pts',(1.16314193166108,-21.3387975448421,47.0250073550247));
#8689=CARTESIAN_POINT('Ctrl Pts',(1.38510978975722,-20.955643740556,46.7512045798527));
#8690=CARTESIAN_POINT('Ctrl Pts',(1.50424614811813,-20.730207967941,46.4735294129254));
#8691=CARTESIAN_POINT('Ctrl Pts',(1.54745946452891,-20.6413799126937,46.3182155308486));
#8692=CARTESIAN_POINT('Ctrl Pts',(1.57517202071973,-20.5791441968004,46.168590549998));
#8693=CARTESIAN_POINT('Ctrl Pts',(1.58447779725058,-20.551178186138,46.0002393569645));
#8694=CARTESIAN_POINT('Ctrl Pts',(1.57011044724308,-20.5954934068747,45.730469509114));
#8695=CARTESIAN_POINT('Ctrl Pts',(1.48200245928032,-20.7772670271021,45.4424358642149));
#8696=CARTESIAN_POINT('Ctrl Pts',(1.30201870426065,-21.1001072730778,45.1456154249634));
#8697=CARTESIAN_POINT('Ctrl Pts',(1.1337543028258,-21.3968229250865,44.9521110890323));
#8698=CARTESIAN_POINT('Ctrl Pts',(0.926072997197389,-21.8075332902021,44.7899004127744));
#8699=CARTESIAN_POINT('Ctrl Pts',(0.827410527236403,-22.0792269823786,44.731554649636));
#8700=CARTESIAN_POINT('Ctrl Pts',(0.798188762462642,-22.2253427011069,44.7152361043082));
#8701=CARTESIAN_POINT('Ctrl Pts',(0.951054137028801,-22.2675259166498,47.2457511535691));
#8702=CARTESIAN_POINT('Ctrl Pts',(0.987388815681435,-22.1465483016287,47.2288027850792));
#8703=CARTESIAN_POINT('Ctrl Pts',(1.10877756622018,-21.9217010759754,47.1680885383143));
#8704=CARTESIAN_POINT('Ctrl Pts',(1.40349179825915,-21.5395158480498,46.9772571155395));
#8705=CARTESIAN_POINT('Ctrl Pts',(1.6894926906502,-21.2415200472236,46.6963654083985));
#8706=CARTESIAN_POINT('Ctrl Pts',(1.85565374872894,-21.0892763011651,46.4228893883922));
#8707=CARTESIAN_POINT('Ctrl Pts',(1.91987265512943,-21.0371625738625,46.276629854183));
#8708=CARTESIAN_POINT('Ctrl Pts',(1.96358999311963,-21.0052443021729,46.1409526839135));
#8709=CARTESIAN_POINT('Ctrl Pts',(1.9815396409509,-20.9967188263832,46.0001954310435));
#8710=CARTESIAN_POINT('Ctrl Pts',(1.95335663939763,-21.0096524750691,45.7748006488435));
#8711=CARTESIAN_POINT('Ctrl Pts',(1.82131151804731,-21.114939158421,45.4961140990364));
#8712=CARTESIAN_POINT('Ctrl Pts',(1.58234275651999,-21.3539638042195,45.1975512489181));
#8713=CARTESIAN_POINT('Ctrl Pts',(1.36691236448245,-21.5866113102217,44.9992389429337));
#8714=CARTESIAN_POINT('Ctrl Pts',(1.10876404972997,-21.9219249561801,44.831697477503));
#8715=CARTESIAN_POINT('Ctrl Pts',(0.987390411680751,-22.1465429876918,44.7711979593771));
#8716=CARTESIAN_POINT('Ctrl Pts',(0.951054137028802,-22.2675259166498,44.7542488464308));
#8717=CARTESIAN_POINT('Ctrl Pts',(1.06421479482746,-22.2961734537753,47.2378053550922));
#8718=CARTESIAN_POINT('Ctrl Pts',(1.10639159248246,-22.1920217065785,47.2235519878194));
#8719=CARTESIAN_POINT('Ctrl Pts',(1.24688535831414,-21.9972105952893,47.1724014682849));
#8720=CARTESIAN_POINT('Ctrl Pts',(1.59481045399009,-21.660047359924,47.0092881331187));
#8721=CARTESIAN_POINT('Ctrl Pts',(1.95238473773887,-21.383677905717,46.7658658016128));
#8722=CARTESIAN_POINT('Ctrl Pts',(2.19221550059301,-21.221167180882,46.5041724034947));
#8723=CARTESIAN_POINT('Ctrl Pts',(2.29608907613546,-21.156837993848,46.3489030446551));
#8724=CARTESIAN_POINT('Ctrl Pts',(2.37373312600405,-21.1115583004544,46.1923581995077));
#8725=CARTESIAN_POINT('Ctrl Pts',(2.41469941935574,-21.090842456691,46.0002764330657));
#8726=CARTESIAN_POINT('Ctrl Pts',(2.34928823631803,-21.1236985476233,45.6923073944669));
#8727=CARTESIAN_POINT('Ctrl Pts',(2.134149079378,-21.2552598216892,45.4143357909123));
#8728=CARTESIAN_POINT('Ctrl Pts',(1.8184833420373,-21.4878625126475,45.1427200810605));
#8729=CARTESIAN_POINT('Ctrl Pts',(1.55129599558144,-21.7018213447347,44.9703919354668));
#8730=CARTESIAN_POINT('Ctrl Pts',(1.24688811165416,-21.9973864355983,44.8275389137151));
#8731=CARTESIAN_POINT('Ctrl Pts',(1.10639344509662,-22.1920171317171,44.7764486382591));
#8732=CARTESIAN_POINT('Ctrl Pts',(1.06421479482746,-22.2961734537753,44.7621946449077));
#8733=CARTESIAN_POINT('Ctrl Pts',(1.1320615900884,-22.3124521898924,47.240323784616));
#8734=CARTESIAN_POINT('Ctrl Pts',(1.17770322776356,-22.2177073025541,47.2288112288));
#8735=CARTESIAN_POINT('Ctrl Pts',(1.32951017578585,-22.038834857282,47.1872937966888));
#8736=CARTESIAN_POINT('Ctrl Pts',(1.70857241360437,-21.7192606378844,47.0514950065566));
#8737=CARTESIAN_POINT('Ctrl Pts',(2.10673172832561,-21.4352275436528,46.8423348287728));
#8738=CARTESIAN_POINT('Ctrl Pts',(2.38705740533519,-21.2389527434806,46.5872199309765));
#8739=CARTESIAN_POINT('Ctrl Pts',(2.51260208832461,-21.1519002682837,46.4207636578492));
#8740=CARTESIAN_POINT('Ctrl Pts',(2.60875170456565,-21.0852492693999,46.2421597948489));
#8741=CARTESIAN_POINT('Ctrl Pts',(2.66227544182877,-21.0481684215381,46.0004042768893));
#8742=CARTESIAN_POINT('Ctrl Pts',(2.57655023798,-21.1076286805356,45.6121822989567));
#8743=CARTESIAN_POINT('Ctrl Pts',(2.31611099073305,-21.2875396527733,45.3289051485395));
#8744=CARTESIAN_POINT('Ctrl Pts',(1.95768718666999,-21.5421702176599,45.0796063251217));
#8745=CARTESIAN_POINT('Ctrl Pts',(1.66100105870744,-21.7591422932153,44.9313153119471));
#8746=CARTESIAN_POINT('Ctrl Pts',(1.32952791920431,-22.0389831495694,44.8127759869361));
#8747=CARTESIAN_POINT('Ctrl Pts',(1.17770523257068,-22.2177031408887,44.7711892768885));
#8748=CARTESIAN_POINT('Ctrl Pts',(1.1320615900884,-22.3124521898924,44.7596762153839));
#8749=CARTESIAN_POINT('',(0.890592429943375,-22.2233818630282,44.7393951756246));
#8750=CARTESIAN_POINT('',(1.2293216549887,-22.1637785170713,44.7859999999999));
#8751=CARTESIAN_POINT('Ctrl Pts',(0.890592429943375,-22.2233818630282,44.7393951756246));
#8752=CARTESIAN_POINT('Ctrl Pts',(0.895669830978902,-22.2219331484424,44.7407694991694));
#8753=CARTESIAN_POINT('Ctrl Pts',(0.900760162762378,-22.2205067924353,44.7421157045382));
#8754=CARTESIAN_POINT('Ctrl Pts',(1.01552183739338,-22.1889342258179,44.7717555309873));
#8755=CARTESIAN_POINT('Ctrl Pts',(1.12693134526182,-22.1701796583829,44.7859999999999));
#8756=CARTESIAN_POINT('Ctrl Pts',(1.22932165498873,-22.1637785170712,44.7859999999999));
#8757=CARTESIAN_POINT('',(1.22932165497025,-22.1637785170828,47.2140000000051));
#8758=CARTESIAN_POINT('Ctrl Pts',(1.22910200670335,-22.1636812125032,44.785986855322));
#8759=CARTESIAN_POINT('Ctrl Pts',(1.26236973807643,-22.122628422377,44.7955342527079));
#8760=CARTESIAN_POINT('Ctrl Pts',(1.29965334023295,-22.0826522895689,44.8067334637073));
#8761=CARTESIAN_POINT('Ctrl Pts',(1.33891485889499,-22.043680787046,44.819315525741));
#8762=CARTESIAN_POINT('Ctrl Pts',(1.41349294218292,-21.969653595535,44.8432154181105));
#8763=CARTESIAN_POINT('Ctrl Pts',(1.49520629122777,-21.8992500907721,44.8721055162023));
#8764=CARTESIAN_POINT('Ctrl Pts',(1.57893551736568,-21.8313538454775,44.9057697216393));
#8765=CARTESIAN_POINT('Ctrl Pts',(1.59100696162635,-21.8215650802114,44.9106231712442));
#8766=CARTESIAN_POINT('Ctrl Pts',(1.60312038862704,-21.8118284617044,44.9155758460232));
#8767=CARTESIAN_POINT('Ctrl Pts',(1.61526053318902,-21.8021406688548,44.9206270888354));
#8768=CARTESIAN_POINT('Ctrl Pts',(1.65926749529677,-21.7670232671908,44.9389374021846));
#8769=CARTESIAN_POINT('Ctrl Pts',(1.7036253630243,-21.7325474634375,44.9585429352877));
#8770=CARTESIAN_POINT('Ctrl Pts',(1.74794258184884,-21.6987934184983,44.979455928713));
#8771=CARTESIAN_POINT('Ctrl Pts',(1.81485228484793,-21.6478318919901,45.0110301613933));
#8772=CARTESIAN_POINT('Ctrl Pts',(1.88174624875154,-21.5984132185786,45.0456564601666));
#8773=CARTESIAN_POINT('Ctrl Pts',(1.94713286555469,-21.5509133927906,45.0833422355462));
#8774=CARTESIAN_POINT('Ctrl Pts',(1.98057699061499,-21.5266180523728,45.1026178586998));
#8775=CARTESIAN_POINT('Ctrl Pts',(2.0136267166043,-21.5028244505647,45.1226931619903));
#8776=CARTESIAN_POINT('Ctrl Pts',(2.04608433775804,-21.4795805589032,45.1435645378153));
#8777=CARTESIAN_POINT('Ctrl Pts',(2.0920817783816,-21.4466403898904,45.1731424870339));
#8778=CARTESIAN_POINT('Ctrl Pts',(2.13688927973822,-21.4148047757714,45.2043199694138));
#8779=CARTESIAN_POINT('Ctrl Pts',(2.18012427103869,-21.3842376255451,45.2373060501011));
#8780=CARTESIAN_POINT('Ctrl Pts',(2.21321067202682,-21.3608455313401,45.2625492769371));
#8781=CARTESIAN_POINT('Ctrl Pts',(2.24537612903492,-21.3381963317267,45.2888511685271));
#8782=CARTESIAN_POINT('Ctrl Pts',(2.27629457135485,-21.3164968366284,45.3161309828747));
#8783=CARTESIAN_POINT('Ctrl Pts',(2.33230320039402,-21.2771882919507,45.3655482525496));
#8784=CARTESIAN_POINT('Ctrl Pts',(2.3844320444725,-21.2408190669698,45.4183983355784));
#8785=CARTESIAN_POINT('Ctrl Pts',(2.43073954064533,-21.2086173465262,45.4743828122264));
#8786=CARTESIAN_POINT('Ctrl Pts',(2.47416901399301,-21.1784169713096,45.5268878392179));
#8787=CARTESIAN_POINT('Ctrl Pts',(2.51247845277841,-21.1518821566573,45.5821497116726));
#8788=CARTESIAN_POINT('Ctrl Pts',(2.54402601525588,-21.1300522160911,45.6399219414604));
#8789=CARTESIAN_POINT('Ctrl Pts',(2.54611663708224,-21.1286055702448,45.6437504427792));
#8790=CARTESIAN_POINT('Ctrl Pts',(2.54817754742586,-21.127179596464,45.6475899685915));
#8791=CARTESIAN_POINT('Ctrl Pts',(2.5502082613581,-21.1257746017135,45.651440447234));
#8792=CARTESIAN_POINT('Ctrl Pts',(2.56116724165849,-21.1181923866372,45.6722199961999));
#8793=CARTESIAN_POINT('Ctrl Pts',(2.57122623990912,-21.1112353695997,45.6932791823298));
#8794=CARTESIAN_POINT('Ctrl Pts',(2.58032099609752,-21.1049430231408,45.7146109828634));
#8795=CARTESIAN_POINT('Ctrl Pts',(2.59868395268436,-21.0922383301881,45.7576813982766));
#8796=CARTESIAN_POINT('Ctrl Pts',(2.61311905462957,-21.0822412015565,45.8018620733821));
#8797=CARTESIAN_POINT('Ctrl Pts',(2.62327818025002,-21.0751969261265,45.8466403966233));
#8798=CARTESIAN_POINT('Ctrl Pts',(2.632820525048,-21.068580322738,45.8887001383577));
#8799=CARTESIAN_POINT('Ctrl Pts',(2.63859045415497,-21.0645688659271,45.9312881392582));
#8800=CARTESIAN_POINT('Ctrl Pts',(2.64025920030873,-21.0633934247587,45.9739850224821));
#8801=CARTESIAN_POINT('Ctrl Pts',(2.64036706170412,-21.0633174487186,45.976744786388));
#8802=CARTESIAN_POINT('Ctrl Pts',(2.6404577739016,-21.0632533313258,45.9795050043806));
#8803=CARTESIAN_POINT('Ctrl Pts',(2.64053124172218,-21.0632011392417,45.9822655626726));
#8804=CARTESIAN_POINT('Ctrl Pts',(2.64069057804333,-21.0630879455387,45.9882526356399));
#8805=CARTESIAN_POINT('Ctrl Pts',(2.64076964185173,-21.0630307330379,45.9942404193264));
#8806=CARTESIAN_POINT('Ctrl Pts',(2.64076747889014,-21.0630301445091,46.0002276220561));
#8807=CARTESIAN_POINT('Ctrl Pts',(2.64074441202947,-21.0630238681558,46.0640780259351));
#8808=CARTESIAN_POINT('Ctrl Pts',(2.6314824130195,-21.0694578956351,46.1278665097157));
#8809=CARTESIAN_POINT('Ctrl Pts',(2.61394690121335,-21.0816279324692,46.1902261644253));
#8810=CARTESIAN_POINT('Ctrl Pts',(2.60488377868026,-21.0879179419243,46.2224563723601));
#8811=CARTESIAN_POINT('Ctrl Pts',(2.59361076975664,-21.0957400874637,46.254303999166));
#8812=CARTESIAN_POINT('Ctrl Pts',(2.58026372091784,-21.1049947739911,46.2855758902519));
#8813=CARTESIAN_POINT('Ctrl Pts',(2.57614259828782,-21.107852311904,46.295231605129));
#8814=CARTESIAN_POINT('Ctrl Pts',(2.57182376087029,-21.1108464060459,46.3048324172415));
#8815=CARTESIAN_POINT('Ctrl Pts',(2.56731418601761,-21.1139720534193,46.3143754974198));
#8816=CARTESIAN_POINT('Ctrl Pts',(2.55039187163478,-21.1257011385835,46.3501861909407));
#8817=CARTESIAN_POINT('Ctrl Pts',(2.53080171024668,-21.1392813829323,46.3851888888329));
#8818=CARTESIAN_POINT('Ctrl Pts',(2.50892228203026,-21.1544505724666,46.4192434400514));
#8819=CARTESIAN_POINT('Ctrl Pts',(2.48120882069301,-21.1736645456801,46.4623784561595));
#8820=CARTESIAN_POINT('Ctrl Pts',(2.44982247836541,-21.1954278183687,46.5039922560359));
#8821=CARTESIAN_POINT('Ctrl Pts',(2.41555023527701,-21.2192812836241,46.5438802470789));
#8822=CARTESIAN_POINT('Ctrl Pts',(2.38439394952072,-21.2409660440249,46.5801417092767));
#8823=CARTESIAN_POINT('Ctrl Pts',(2.35085265824016,-21.2643781935547,46.6149768972066));
#8824=CARTESIAN_POINT('Ctrl Pts',(2.31540159516217,-21.2891984050634,46.6483882734004));
#8825=CARTESIAN_POINT('Ctrl Pts',(2.27285969030758,-21.3189830993657,46.688482517795));
#8826=CARTESIAN_POINT('Ctrl Pts',(2.22755866831725,-21.3508088475518,46.7265456383206));
#8827=CARTESIAN_POINT('Ctrl Pts',(2.18032384288731,-21.3841212014244,46.7625696719115));
#8828=CARTESIAN_POINT('Ctrl Pts',(2.09426509830376,-21.4448141187223,46.828203091268));
#8829=CARTESIAN_POINT('Ctrl Pts',(2.0017862478486,-21.5104428163513,46.887065248402));
#8830=CARTESIAN_POINT('Ctrl Pts',(1.90690847146786,-21.579963955754,46.9394836559907));
#8831=CARTESIAN_POINT('Ctrl Pts',(1.87672068786112,-21.6020838788007,46.956161908851));
#8832=CARTESIAN_POINT('Ctrl Pts',(1.84629024378965,-21.6245976503562,46.9721881469454));
#8833=CARTESIAN_POINT('Ctrl Pts',(1.81574689453613,-21.6474712220317,46.9875738154415));
#8834=CARTESIAN_POINT('Ctrl Pts',(1.7490767000055,-21.6973997829293,47.021157739166));
#8835=CARTESIAN_POINT('Ctrl Pts',(1.68185759964122,-21.7490545683522,47.0516989081874));
#8836=CARTESIAN_POINT('Ctrl Pts',(1.61539827722496,-21.8021159531643,47.0793312551187));
#8837=CARTESIAN_POINT('Ctrl Pts',(1.51905234209388,-21.8790389272965,47.1193898083536));
#8838=CARTESIAN_POINT('Ctrl Pts',(1.42430009153003,-21.9589171372691,47.1533362916822));
#8839=CARTESIAN_POINT('Ctrl Pts',(1.33894121850759,-22.0436061911753,47.1806983059501));
#8840=CARTESIAN_POINT('Ctrl Pts',(1.31775032205945,-22.0646308006631,47.18749110429));
#8841=CARTESIAN_POINT('Ctrl Pts',(1.29713855053446,-22.0859520146497,47.1938779650015));
#8842=CARTESIAN_POINT('Ctrl Pts',(1.27742494241558,-22.1075789686158,47.1998181524257));
#8843=CARTESIAN_POINT('Ctrl Pts',(1.26367478850137,-22.1226636727417,47.2039614067133));
#8844=CARTESIAN_POINT('Ctrl Pts',(1.25036160301779,-22.1378971211557,47.2078873511647));
#8845=CARTESIAN_POINT('Ctrl Pts',(1.23759386581789,-22.1532824398225,47.2115821106603));
#8846=CARTESIAN_POINT('Ctrl Pts',(1.23472796180212,-22.1567358980087,47.2124114530809));
#8847=CARTESIAN_POINT('Ctrl Pts',(1.2318896595884,-22.1601968574033,47.2132291134288));
#8848=CARTESIAN_POINT('Ctrl Pts',(1.22907944855154,-22.1636662775188,47.2140351454322));
#8849=CARTESIAN_POINT('',(0.890592429943374,-22.2233818630282,47.2606048243752));
#8850=CARTESIAN_POINT('Ctrl Pts',(1.22886789237393,-22.1639275413537,47.2140958177749));
#8851=CARTESIAN_POINT('Ctrl Pts',(1.20798993359504,-22.1652409780944,47.2140860693426));
#8852=CARTESIAN_POINT('Ctrl Pts',(1.18709957651086,-22.1670458966983,47.2146736761765));
#8853=CARTESIAN_POINT('Ctrl Pts',(1.16632473007724,-22.1692816778261,47.2157941243154));
#8854=CARTESIAN_POINT('Ctrl Pts',(1.16194603192789,-22.1697529116674,47.2160302802941));
#8855=CARTESIAN_POINT('Ctrl Pts',(1.15757231544674,-22.1702431814256,47.2162900858596));
#8856=CARTESIAN_POINT('Ctrl Pts',(1.15320453525298,-22.1707517405475,47.2165729154406));
#8857=CARTESIAN_POINT('Ctrl Pts',(1.13231248614858,-22.17318429019,47.2179257512592));
#8858=CARTESIAN_POINT('Ctrl Pts',(1.11146423295827,-22.1760483709816,47.2198118592332));
#8859=CARTESIAN_POINT('Ctrl Pts',(1.09076440921283,-22.1793006043624,47.2221824710096));
#8860=CARTESIAN_POINT('Ctrl Pts',(1.08567653015266,-22.1800999817059,47.222765151624));
#8861=CARTESIAN_POINT('Ctrl Pts',(1.08059743344421,-22.1809226488455,47.2233770867125));
#8862=CARTESIAN_POINT('Ctrl Pts',(1.07552831076112,-22.1817676284517,47.2240175410136));
#8863=CARTESIAN_POINT('Ctrl Pts',(1.05373354738864,-22.185400630003,47.2267711831756));
#8864=CARTESIAN_POINT('Ctrl Pts',(1.03201303478386,-22.1894541890408,47.2300646824461));
#8865=CARTESIAN_POINT('Ctrl Pts',(1.01046233074689,-22.1939230174607,47.2338654275534));
#8866=CARTESIAN_POINT('Ctrl Pts',(0.988911626709918,-22.1983918458805,47.2376661726607));
#8867=CARTESIAN_POINT('Ctrl Pts',(0.967530500586443,-22.2032765609049,47.2419734191459));
#8868=CARTESIAN_POINT('Ctrl Pts',(0.946381576087249,-22.2085291485114,47.2467551407831));
#8869=CARTESIAN_POINT('Ctrl Pts',(0.942768680187792,-22.2094264542929,47.2475720079716));
#8870=CARTESIAN_POINT('Ctrl Pts',(0.939162488650925,-22.2103343827891,47.2484027382331));
#8871=CARTESIAN_POINT('Ctrl Pts',(0.935563222936187,-22.2112525538713,47.2492471709649));
#8872=CARTESIAN_POINT('Ctrl Pts',(0.920473419990592,-22.2151019558883,47.2527874273764));
#8873=CARTESIAN_POINT('Ctrl Pts',(0.905468920459968,-22.2191574756194,47.2565785089428));
#8874=CARTESIAN_POINT('Ctrl Pts',(0.890578028889786,-22.223395356345,47.2606098721733));
#8875=CARTESIAN_POINT('',(0.674833694566885,-22.1884312700665,47.3392509477266));
#8876=CARTESIAN_POINT('Ctrl Pts',(0.890578028889786,-22.223395356345,47.2606098721733));
#8877=CARTESIAN_POINT('Ctrl Pts',(0.865442077300277,-22.214677381825,47.2663083578858));
#8878=CARTESIAN_POINT('Ctrl Pts',(0.840213560625859,-22.2074564198842,47.2732787605737));
#8879=CARTESIAN_POINT('Ctrl Pts',(0.81488606881579,-22.2018693030877,47.281521496058));
#8880=CARTESIAN_POINT('Ctrl Pts',(0.811463720619818,-22.2011143503576,47.2826352862084));
#8881=CARTESIAN_POINT('Ctrl Pts',(0.808039574492038,-22.2003891533355,47.283772318469));
#8882=CARTESIAN_POINT('Ctrl Pts',(0.804613622192524,-22.199693982017,47.2849326103951));
#8883=CARTESIAN_POINT('Ctrl Pts',(0.801441677380943,-22.1990503521984,47.2860068757769));
#8884=CARTESIAN_POINT('Ctrl Pts',(0.798268184309408,-22.1984324606205,47.2871010796565));
#8885=CARTESIAN_POINT('Ctrl Pts',(0.795093129580036,-22.1978405113081,47.2882152221439));
#8886=CARTESIAN_POINT('Ctrl Pts',(0.773690476891131,-22.1938502539352,47.2957255193628));
#8887=CARTESIAN_POINT('Ctrl Pts',(0.752490940857161,-22.1910909619034,47.3040448808999));
#8888=CARTESIAN_POINT('Ctrl Pts',(0.731517441307565,-22.1895712956436,47.3131031517872));
#8889=CARTESIAN_POINT('Ctrl Pts',(0.712485600465375,-22.1881923151677,47.3213228372728));
#8890=CARTESIAN_POINT('Ctrl Pts',(0.693639512689977,-22.1878334609547,47.3301505587003));
#8891=CARTESIAN_POINT('Ctrl Pts',(0.674986396178416,-22.1884689846665,47.3395496873852));
#8892=CARTESIAN_POINT('',(0.674816831617132,-22.1888816284255,44.6608193750915));
#8893=CARTESIAN_POINT('Ctrl Pts',(0.674986396178416,-22.1884689846665,47.3395496873852));
#8894=CARTESIAN_POINT('Ctrl Pts',(0.699661518347055,-22.0202725816303,47.327116127104));
#8895=CARTESIAN_POINT('Ctrl Pts',(0.784652972215297,-21.7062575290443,47.2822773004239));
#8896=CARTESIAN_POINT('Ctrl Pts',(0.996391879927725,-21.1556614059997,47.1356146070812));
#8897=CARTESIAN_POINT('Ctrl Pts',(1.21449549707072,-20.6799851893578,46.9097216150746));
#8898=CARTESIAN_POINT('Ctrl Pts',(1.36502106062328,-20.3581752007163,46.6341975254546));
#8899=CARTESIAN_POINT('Ctrl Pts',(1.43198377871102,-20.2165995570269,46.4544247504771));
#8900=CARTESIAN_POINT('Ctrl Pts',(1.4830338769833,-20.1087178029574,46.2615325784368));
#8901=CARTESIAN_POINT('Ctrl Pts',(1.51127933467562,-20.0490981706024,46.0004366190404));
#8902=CARTESIAN_POINT('Ctrl Pts',(1.46605058887993,-20.144690498112,45.5811568828732));
#8903=CARTESIAN_POINT('Ctrl Pts',(1.32742634610919,-20.4365628175468,45.2752175604227));
#8904=CARTESIAN_POINT('Ctrl Pts',(1.13291631575853,-20.8590533444454,45.0059748311315));
#8905=CARTESIAN_POINT('Ctrl Pts',(0.969807228555426,-21.2243704307504,44.845820536903));
#8906=CARTESIAN_POINT('Ctrl Pts',(0.78467877576104,-21.7064993077857,44.7177980658909));
#8907=CARTESIAN_POINT('Ctrl Pts',(0.699662602200817,-22.02026519361,44.6728844190395));
#8908=CARTESIAN_POINT('Ctrl Pts',(0.674986396178417,-22.1884689846665,44.6604503126146));
#8909=CARTESIAN_POINT('Ctrl Pts',(0.674986396178418,-22.1884689846665,44.6604503126146));
#8910=CARTESIAN_POINT('Ctrl Pts',(0.695556045999219,-22.1877681634285,44.6708151642763));
#8911=CARTESIAN_POINT('Ctrl Pts',(0.716360554507091,-22.1882774544516,44.6804855837152));
#8912=CARTESIAN_POINT('Ctrl Pts',(0.737389645022251,-22.1900291146642,44.6894110332094));
#8913=CARTESIAN_POINT('Ctrl Pts',(0.756445122364896,-22.1916163788148,44.6974988152506));
#8914=CARTESIAN_POINT('Ctrl Pts',(0.775685027531571,-22.1942232574097,44.7049739800758));
#8915=CARTESIAN_POINT('Ctrl Pts',(0.795091736355215,-22.1978415883357,44.7117837319188));
#8916=CARTESIAN_POINT('Ctrl Pts',(0.79826724766139,-22.198433654248,44.7128980086447));
#8917=CARTESIAN_POINT('Ctrl Pts',(0.801441196715074,-22.1990516680079,44.7139923409289));
#8918=CARTESIAN_POINT('Ctrl Pts',(0.804613596968153,-22.1996954251414,44.7150667294004));
#8919=CARTESIAN_POINT('Ctrl Pts',(0.829990214113892,-22.2048449576744,44.7236609617581));
#8920=CARTESIAN_POINT('Ctrl Pts',(0.855267286149237,-22.2116456996898,44.730980008869));
#8921=CARTESIAN_POINT('Ctrl Pts',(0.880450397595839,-22.2199673099219,44.7370253938416));
#8922=CARTESIAN_POINT('Ctrl Pts',(0.883827911880182,-22.2210833895409,44.7378361901621));
#8923=CARTESIAN_POINT('Ctrl Pts',(0.887203745639296,-22.2222267502097,44.7386240667035));
#8924=CARTESIAN_POINT('Ctrl Pts',(0.890577923297047,-22.2233970031653,44.7393890239812));
#8925=CARTESIAN_POINT('Ctrl Pts',(-1.04700337200246,-22.4725757963017,47.4640228320615));
#8926=CARTESIAN_POINT('Ctrl Pts',(-0.700624553055768,-22.4907336841538,
47.7119278041304));
#8927=CARTESIAN_POINT('Ctrl Pts',(0.0569307094143838,-22.5113523172079,
47.9181151039482));
#8928=CARTESIAN_POINT('Ctrl Pts',(0.787219257792526,-22.4861942121908,47.6499515611131));
#8929=CARTESIAN_POINT('Ctrl Pts',(1.04700337200246,-22.4725757963017,47.4640228320615));
#8930=CARTESIAN_POINT('Ctrl Pts',(-0.986027867557167,-22.375429614672,47.3847220141728));
#8931=CARTESIAN_POINT('Ctrl Pts',(-0.658800515717063,-22.3917204245824,
47.6178626841549));
#8932=CARTESIAN_POINT('Ctrl Pts',(0.0533495388641304,-22.4101513146433,
47.8104104012582));
#8933=CARTESIAN_POINT('Ctrl Pts',(0.740607353677171,-22.3876477221048,47.5595775166594));
#8934=CARTESIAN_POINT('Ctrl Pts',(0.986027867557171,-22.375429614672,47.3847220141728));
#8935=CARTESIAN_POINT('Ctrl Pts',(-0.925052363111877,-22.2782834330424,
47.3054211962842));
#8936=CARTESIAN_POINT('Ctrl Pts',(-0.616976478378358,-22.2927071650111,
47.5237975641795));
#8937=CARTESIAN_POINT('Ctrl Pts',(0.0497683683138761,-22.3089503120786,
47.7027056985681));
#8938=CARTESIAN_POINT('Ctrl Pts',(0.693995449561816,-22.2891012320189,47.4692034722056));
#8939=CARTESIAN_POINT('Ctrl Pts',(0.925052363111881,-22.2782834330424,47.3054211962842));
#8940=CARTESIAN_POINT('Ctrl Pts',(-0.864076858666586,-22.1811372514127,
47.2261203783955));
#8941=CARTESIAN_POINT('Ctrl Pts',(-0.575152441039654,-22.1936939054397,
47.4297324442041));
#8942=CARTESIAN_POINT('Ctrl Pts',(0.0461871977636221,-22.207749309514,47.5950009958781));
#8943=CARTESIAN_POINT('Ctrl Pts',(0.647383545446461,-22.1905547419329,47.3788294277519));
#8944=CARTESIAN_POINT('Ctrl Pts',(0.864076858666591,-22.1811372514127,47.2261203783955));
#8945=CARTESIAN_POINT('',(0.914908084549611,-22.4790317849349,47.549818239634));
#8946=CARTESIAN_POINT('Ctrl Pts',(0.91505739247012,-22.4790250014874,47.5497304870687));
#8947=CARTESIAN_POINT('Ctrl Pts',(0.912562656669266,-22.4331394348122,47.4979927348957));
#8948=CARTESIAN_POINT('Ctrl Pts',(0.909082327687654,-22.3872456412938,47.4461702862799));
#8949=CARTESIAN_POINT('Ctrl Pts',(0.904591781809089,-22.3414667166619,47.3943765988432));
#8950=CARTESIAN_POINT('Ctrl Pts',(0.904237392354227,-22.3378538890496,47.3902890920784));
#8951=CARTESIAN_POINT('Ctrl Pts',(0.903876688445152,-22.3342417798531,47.3862017781138));
#8952=CARTESIAN_POINT('Ctrl Pts',(0.903509646895379,-22.3306304511194,47.382114719877));
#8953=CARTESIAN_POINT('Ctrl Pts',(0.89987326195917,-22.2948519911194,47.3416230725008));
#8954=CARTESIAN_POINT('Ctrl Pts',(0.895580810350711,-22.2590796887683,47.3010925113212));
#8955=CARTESIAN_POINT('Ctrl Pts',(0.890592429942712,-22.2233818630272,47.2606048243745));
#8956=CARTESIAN_POINT('',(-0.914955527132171,-22.4789677111004,47.5497615548336));
#8957=CARTESIAN_POINT('Ctrl Pts',(0.914908084549611,-22.4790317849349,47.549818239634));
#8958=CARTESIAN_POINT('Ctrl Pts',(0.684273921075415,-22.4895091642691,47.6853534027985));
#8959=CARTESIAN_POINT('Ctrl Pts',(0.05526593771961,-22.508353321102,47.8870374833676));
#8960=CARTESIAN_POINT('Ctrl Pts',(-0.593864286839459,-22.4934152421342,
47.7386609721607));
#8961=CARTESIAN_POINT('Ctrl Pts',(-0.914926263204562,-22.4789938422788,
47.5498521511564));
#8962=CARTESIAN_POINT('',(-0.89059242994336,-22.2233818630282,47.2606048243752));
#8963=CARTESIAN_POINT('Ctrl Pts',(-0.915388538909446,-22.4789730721022,
47.549580203856));
#8964=CARTESIAN_POINT('Ctrl Pts',(-0.912777628807177,-22.4330082235064,
47.4977862087237));
#8965=CARTESIAN_POINT('Ctrl Pts',(-0.909200584995628,-22.3870303609164,
47.4458930502954));
#8966=CARTESIAN_POINT('Ctrl Pts',(-0.904638976905898,-22.341162792287,47.3940137066246));
#8967=CARTESIAN_POINT('Ctrl Pts',(-0.90426288853436,-22.3373811743021,47.389736439158));
#8968=CARTESIAN_POINT('Ctrl Pts',(-0.903880083674401,-22.3336003095424,
47.3854592816004));
#8969=CARTESIAN_POINT('Ctrl Pts',(-0.903490539687507,-22.3298202690304,
47.381182306116));
#8970=CARTESIAN_POINT('Ctrl Pts',(-0.899831642104337,-22.2943152129682,
47.3410096535026));
#8971=CARTESIAN_POINT('Ctrl Pts',(-0.895543781416993,-22.2588134855859,
47.3007904787587));
#8972=CARTESIAN_POINT('Ctrl Pts',(-0.890592429942772,-22.2233818630273,
47.2606048243746));
#8973=CARTESIAN_POINT('',(-0.675257174281514,-22.1884389911937,47.3393650053202));
#8974=CARTESIAN_POINT('Ctrl Pts',(-0.676283577376172,-22.1883200706079,
47.3386528470382));
#8975=CARTESIAN_POINT('Ctrl Pts',(-0.70205867784562,-22.1874615328474,47.3256820771501));
#8976=CARTESIAN_POINT('Ctrl Pts',(-0.728286641437905,-22.1885698378989,
47.3138215243992));
#8977=CARTESIAN_POINT('Ctrl Pts',(-0.75495780606777,-22.1916683126445,47.3031497312325));
#8978=CARTESIAN_POINT('Ctrl Pts',(-0.768272801604601,-22.1932151583852,
47.2978220719287));
#8979=CARTESIAN_POINT('Ctrl Pts',(-0.781698267632758,-22.1952580202968,
47.2927913937645));
#8980=CARTESIAN_POINT('Ctrl Pts',(-0.79523223201278,-22.19779995929,47.2880724541133));
#8981=CARTESIAN_POINT('Ctrl Pts',(-0.817759064331421,-22.202030931964,47.2802179364525));
#8982=CARTESIAN_POINT('Ctrl Pts',(-0.840271784691131,-22.2075827017284,
47.2733334548899));
#8983=CARTESIAN_POINT('Ctrl Pts',(-0.862741696283634,-22.2143568316812,
47.2674271185742));
#8984=CARTESIAN_POINT('Ctrl Pts',(-0.872034329903264,-22.2171583339249,
47.264984500178));
#8985=CARTESIAN_POINT('Ctrl Pts',(-0.881319199634283,-22.2201689376901,
47.2627095927881));
#8986=CARTESIAN_POINT('Ctrl Pts',(-0.890592429932512,-22.2233818630096,
47.2606048243595));
#8987=CARTESIAN_POINT('',(-4.89405699126422E-8,-22.1999024768258,47.4995463535044));
#8988=CARTESIAN_POINT('Ctrl Pts',(-0.674884344135844,-22.188366628163,47.3393560636695));
#8989=CARTESIAN_POINT('Ctrl Pts',(-0.465436280017259,-22.1953283562669,
47.4444816861855));
#8990=CARTESIAN_POINT('Ctrl Pts',(-0.23324052990429,-22.1997387269188,47.4994087110788));
#8991=CARTESIAN_POINT('Ctrl Pts',(-4.89405698744783E-8,-22.1999024768258,
47.4995463535044));
#8992=CARTESIAN_POINT('Ctrl Pts',(-4.89405698744783E-8,-22.1999024768258,
47.4995463535044));
#8993=CARTESIAN_POINT('Ctrl Pts',(0.0428003572932795,-22.19993252548,47.4995716113486));
#8994=CARTESIAN_POINT('Ctrl Pts',(0.274836152396181,-22.1993206883673,47.4897145394559));
#8995=CARTESIAN_POINT('Ctrl Pts',(0.503969156957888,-22.1942055095916,47.4248892518348));
#8996=CARTESIAN_POINT('Ctrl Pts',(0.674833694566885,-22.1884312700665,47.3392509477266));
#8997=CARTESIAN_POINT('Origin',(0.,-2.50000000000001,47.382));
#8998=CARTESIAN_POINT('',(-1.2293216549887,-22.1637785170713,47.214));
#8999=CARTESIAN_POINT('Origin',(0.,-2.50000000000001,47.214));
#9000=CARTESIAN_POINT('Ctrl Pts',(-0.89059242994336,-22.2233818630282,47.2606048243752));
#9001=CARTESIAN_POINT('Ctrl Pts',(-0.895669830978894,-22.2219331484424,
47.2592305008305));
#9002=CARTESIAN_POINT('Ctrl Pts',(-0.90076016276237,-22.2205067924353,47.2578842954617));
#9003=CARTESIAN_POINT('Ctrl Pts',(-1.01552183739269,-22.1889342258181,47.2282444690127));
#9004=CARTESIAN_POINT('Ctrl Pts',(-1.1269313452612,-22.1701796583829,47.214));
#9005=CARTESIAN_POINT('Ctrl Pts',(-1.22932165498874,-22.1637785170712,47.214));
#9006=CARTESIAN_POINT('',(20.,-2.50000000000002,47.5499999999999));
#9007=CARTESIAN_POINT('Origin',(0.,-2.50000000000001,47.5499999999999));
#9008=CARTESIAN_POINT('Origin',(0.,-2.50000000000001,47.5499999999999));
#9009=CARTESIAN_POINT('Origin',(0.,-2.50000000000001,45.9999999999999));
#9010=CARTESIAN_POINT('',(-1.22932165497026,-22.1637785170828,44.7859999999948));
#9011=CARTESIAN_POINT('Origin',(0.,-2.50000000000001,44.7859999999999));
#9012=CARTESIAN_POINT('Ctrl Pts',(-1.22909271852675,-22.1636776531597,47.2140109892444));
#9013=CARTESIAN_POINT('Ctrl Pts',(-1.26233609055075,-22.1226474598592,47.2044674956041));
#9014=CARTESIAN_POINT('Ctrl Pts',(-1.29959508918757,-22.0826907290455,47.193272154375));
#9015=CARTESIAN_POINT('Ctrl Pts',(-1.33882675215192,-22.0437439215866,47.1806945773091));
#9016=CARTESIAN_POINT('Ctrl Pts',(-1.42409133821615,-21.9590984295124,47.1533589554876));
#9017=CARTESIAN_POINT('Ctrl Pts',(-1.51867173137913,-21.8792227464975,47.1194929846146));
#9018=CARTESIAN_POINT('Ctrl Pts',(-1.61496494911493,-21.8023801538047,47.0794203889108));
#9019=CARTESIAN_POINT('Ctrl Pts',(-1.65905923415401,-21.7671926373315,47.0610704729066));
#9020=CARTESIAN_POINT('Ctrl Pts',(-1.70351330908104,-21.7326413068058,47.0414193440307));
#9021=CARTESIAN_POINT('Ctrl Pts',(-1.74790484818815,-21.6988219033773,47.0204589097729));
#9022=CARTESIAN_POINT('Ctrl Pts',(-1.8084572381842,-21.6526904615074,46.9918677769761));
#9023=CARTESIAN_POINT('Ctrl Pts',(-1.86907204566772,-21.607778205869,46.9607468048857));
#9024=CARTESIAN_POINT('Ctrl Pts',(-1.92853151342031,-21.5644413315777,46.9271124036118));
#9025=CARTESIAN_POINT('Ctrl Pts',(-1.96817061437453,-21.5355504786992,46.9046897772746));
#9026=CARTESIAN_POINT('Ctrl Pts',(-2.00729564474183,-21.5073594316607,46.8811509981035));
#9027=CARTESIAN_POINT('Ctrl Pts',(-2.04554862865099,-21.4799672739129,46.8565120182248));
#9028=CARTESIAN_POINT('Ctrl Pts',(-2.09147062991695,-21.447083494029,46.8269333775659));
#9029=CARTESIAN_POINT('Ctrl Pts',(-2.13613520829089,-21.4153513978185,46.7957682079855));
#9030=CARTESIAN_POINT('Ctrl Pts',(-2.17930674495041,-21.3848252241093,46.7628088993623));
#9031=CARTESIAN_POINT('Ctrl Pts',(-2.21255382865049,-21.3613165345679,46.7374264141121));
#9032=CARTESIAN_POINT('Ctrl Pts',(-2.24491504173615,-21.3385233167457,46.7109806733811));
#9033=CARTESIAN_POINT('Ctrl Pts',(-2.27601450411702,-21.316684687202,46.6835713225492));
#9034=CARTESIAN_POINT('Ctrl Pts',(-2.3219698151334,-21.2844140003148,46.6430688461137));
#9035=CARTESIAN_POINT('Ctrl Pts',(-2.36535228856288,-21.2540783795213,46.600276901271));
#9036=CARTESIAN_POINT('Ctrl Pts',(-2.4050595408034,-21.2263989113626,46.5553372760838));
#9037=CARTESIAN_POINT('Ctrl Pts',(-2.4389316625684,-21.2027870454448,46.517001698311));
#9038=CARTESIAN_POINT('Ctrl Pts',(-2.47012981058313,-21.1811078579779,46.4771032015527));
#9039=CARTESIAN_POINT('Ctrl Pts',(-2.49793962934726,-21.16182775497,46.435718019446));
#9040=CARTESIAN_POINT('Ctrl Pts',(-2.51700006148357,-21.1486134619148,46.4073532371478));
#9041=CARTESIAN_POINT('Ctrl Pts',(-2.53446825314219,-21.1365264732337,46.3782898712892));
#9042=CARTESIAN_POINT('Ctrl Pts',(-2.55010238974492,-21.1257243329098,46.3485484835234));
#9043=CARTESIAN_POINT('Ctrl Pts',(-2.56102198572769,-21.1181796241047,46.3277757381763));
#9044=CARTESIAN_POINT('Ctrl Pts',(-2.57101001539794,-21.1112801482879,46.306717012252));
#9045=CARTESIAN_POINT('Ctrl Pts',(-2.57999077736088,-21.105074255717,46.2853869361533));
#9046=CARTESIAN_POINT('Ctrl Pts',(-2.6060207712093,-21.0870869907042,46.2235634793098));
#9047=CARTESIAN_POINT('Ctrl Pts',(-2.62359054268537,-21.0749255133495,46.1594643224567));
#9048=CARTESIAN_POINT('Ctrl Pts',(-2.63248671795173,-21.0687584410862,46.0946934112798));
#9049=CARTESIAN_POINT('Ctrl Pts',(-2.63600188550123,-21.066321630699,46.0691003223058));
#9050=CARTESIAN_POINT('Ctrl Pts',(-2.63816266391371,-21.0648208190717,46.0434018163149));
#9051=CARTESIAN_POINT('Ctrl Pts',(-2.6389550456554,-21.0642668975011,46.0176948070922));
#9052=CARTESIAN_POINT('Ctrl Pts',(-2.63999518471636,-21.063539778952,45.9839498795825));
#9053=CARTESIAN_POINT('Ctrl Pts',(-2.63851421848878,-21.0644673905466,45.9500862621123));
#9054=CARTESIAN_POINT('Ctrl Pts',(-2.63456554019691,-21.067078918517,45.916390509891));
#9055=CARTESIAN_POINT('Ctrl Pts',(-2.63024724709288,-21.0699348977566,45.8795406771884));
#9056=CARTESIAN_POINT('Ctrl Pts',(-2.62297843648036,-21.0748035486735,45.8428925711877));
#9057=CARTESIAN_POINT('Ctrl Pts',(-2.61285821014774,-21.0817028690606,45.8067630024269));
#9058=CARTESIAN_POINT('Ctrl Pts',(-2.60412373950608,-21.0876574702115,45.7755806308805));
#9059=CARTESIAN_POINT('Ctrl Pts',(-2.59326639509159,-21.0951235741026,45.7447827928805));
#9060=CARTESIAN_POINT('Ctrl Pts',(-2.58035564155598,-21.1041158651221,45.7145425768945));
#9061=CARTESIAN_POINT('Ctrl Pts',(-2.57618840311636,-21.1070183309382,45.704781861524));
#9062=CARTESIAN_POINT('Ctrl Pts',(-2.57180723437975,-21.1100798870242,45.695079078724));
#9063=CARTESIAN_POINT('Ctrl Pts',(-2.56724996769215,-21.1132773527081,45.6854336250596));
#9064=CARTESIAN_POINT('Ctrl Pts',(-2.56109167186831,-21.1175981311302,45.672399593678));
#9065=CARTESIAN_POINT('Ctrl Pts',(-2.55455288926414,-21.1221754233432,45.6594717341414));
#9066=CARTESIAN_POINT('Ctrl Pts',(-2.54772092058812,-21.1269514549533,45.6466519765016));
#9067=CARTESIAN_POINT('Ctrl Pts',(-2.53583794108143,-21.135258502078,45.6243543161143));
#9068=CARTESIAN_POINT('Ctrl Pts',(-2.52306819882633,-21.1441665154005,45.6023838461083));
#9069=CARTESIAN_POINT('Ctrl Pts',(-2.50930295522998,-21.1537426001618,45.5807980160294));
#9070=CARTESIAN_POINT('Ctrl Pts',(-2.4817866828111,-21.1728848808744,45.5376486466282));
#9071=CARTESIAN_POINT('Ctrl Pts',(-2.45029260843303,-21.1946961244234,45.4960382214351));
#9072=CARTESIAN_POINT('Ctrl Pts',(-2.41594235565658,-21.2185786258414,45.4561613483208));
#9073=CARTESIAN_POINT('Ctrl Pts',(-2.38461205854205,-21.2403614601667,45.4197903122531));
#9074=CARTESIAN_POINT('Ctrl Pts',(-2.35090617436613,-21.2638675036587,45.3848597227648));
#9075=CARTESIAN_POINT('Ctrl Pts',(-2.31535793313826,-21.2887822783634,45.3513538954078));
#9076=CARTESIAN_POINT('Ctrl Pts',(-2.27293759446002,-21.3185135152561,45.3113708049627));
#9077=CARTESIAN_POINT('Ctrl Pts',(-2.22781454526301,-21.3502703064596,45.27340445158));
#9078=CARTESIAN_POINT('Ctrl Pts',(-2.18075855953413,-21.3835169987205,45.2374689357668));
#9079=CARTESIAN_POINT('Ctrl Pts',(-2.1091845309923,-21.4340865418711,45.182809584897));
#9080=CARTESIAN_POINT('Ctrl Pts',(-2.03313733585499,-21.4881031456299,45.1328511660103));
#9081=CARTESIAN_POINT('Ctrl Pts',(-1.95492386847875,-21.5449205169361,45.0874196055342));
#9082=CARTESIAN_POINT('Ctrl Pts',(-1.90914946947175,-21.5781728596841,45.0608308038034));
#9083=CARTESIAN_POINT('Ctrl Pts',(-1.86263392364021,-21.6123839867126,45.0357917622095));
#9084=CARTESIAN_POINT('Ctrl Pts',(-1.81584383579718,-21.6474232102786,45.0122606968425));
#9085=CARTESIAN_POINT('Ctrl Pts',(-1.7492103805708,-21.697322337258,44.9787502619867));
#9086=CARTESIAN_POINT('Ctrl Pts',(-1.6820387814402,-21.7489493007027,44.9482584043919));
#9087=CARTESIAN_POINT('Ctrl Pts',(-1.61563358803788,-21.8019664014552,44.9206639019739));
#9088=CARTESIAN_POINT('Ctrl Pts',(-1.52516233907182,-21.8741975489889,44.8830688138425));
#9089=CARTESIAN_POINT('Ctrl Pts',(-1.43611105711035,-21.9490075050491,44.8508516076903));
#9090=CARTESIAN_POINT('Ctrl Pts',(-1.35490001861223,-22.0279677207873,44.8244137789129));
#9091=CARTESIAN_POINT('Ctrl Pts',(-1.34958159871479,-22.0331387368247,44.8226823951354));
#9092=CARTESIAN_POINT('Ctrl Pts',(-1.34429682175206,-22.0383275607065,44.8209757987397));
#9093=CARTESIAN_POINT('Ctrl Pts',(-1.33904749905548,-22.0435346377795,44.8192941030385));
#9094=CARTESIAN_POINT('Ctrl Pts',(-1.301413288122,-22.0808659752188,44.8072374446079));
#9095=CARTESIAN_POINT('Ctrl Pts',(-1.26560085321332,-22.1191353853842,44.7964605834238));
#9096=CARTESIAN_POINT('Ctrl Pts',(-1.23340133316389,-22.1583868110902,44.7871910407162));
#9097=CARTESIAN_POINT('Ctrl Pts',(-1.23195838875335,-22.1601457697716,44.7867756483496));
#9098=CARTESIAN_POINT('Ctrl Pts',(-1.2305225735796,-22.1619068646339,44.786363244315));
#9099=CARTESIAN_POINT('Ctrl Pts',(-1.22909404911414,-22.1636701060247,44.7859538496713));
#9100=CARTESIAN_POINT('Ctrl Pts',(-0.67498639617841,-22.1884689846665,44.6604503126146));
#9101=CARTESIAN_POINT('Ctrl Pts',(-0.699661518347126,-22.0202725816298,
44.672883872896));
#9102=CARTESIAN_POINT('Ctrl Pts',(-0.784710506865276,-21.7061150525184,
44.7177127540301));
#9103=CARTESIAN_POINT('Ctrl Pts',(-0.9965687615366,-21.1555556284626,44.8643575416661));
#9104=CARTESIAN_POINT('Ctrl Pts',(-1.21486297752882,-20.6791025021975,45.0902248375952));
#9105=CARTESIAN_POINT('Ctrl Pts',(-1.36530083438781,-20.3572306935556,45.3657003202572));
#9106=CARTESIAN_POINT('Ctrl Pts',(-1.42407559603566,-20.2330805626103,45.522982717001));
#9107=CARTESIAN_POINT('Ctrl Pts',(-1.45140993397501,-20.1752398859997,45.6178139975149));
#9108=CARTESIAN_POINT('Ctrl Pts',(-1.510596046352,-20.0503274942888,45.8620009993816));
#9109=CARTESIAN_POINT('Ctrl Pts',(-1.50699067567503,-20.0582972060184,46.331068624035));
#9110=CARTESIAN_POINT('Ctrl Pts',(-1.32668943256483,-20.4380518705221,46.7249502654293));
#9111=CARTESIAN_POINT('Ctrl Pts',(-1.13280324105407,-20.8592331220184,46.994041186633));
#9112=CARTESIAN_POINT('Ctrl Pts',(-0.969560638283237,-21.2248571538757,
47.1542333151795));
#9113=CARTESIAN_POINT('Ctrl Pts',(-0.784656983400966,-21.7065327344855,
47.2822047769361));
#9114=CARTESIAN_POINT('Ctrl Pts',(-0.699662602200814,-22.02026519361,47.3271155809603));
#9115=CARTESIAN_POINT('Ctrl Pts',(-0.674986396178411,-22.1884689846665,
47.3395496873852));
#9116=CARTESIAN_POINT('Ctrl Pts',(-0.715077294340449,-22.2007604031865,
44.6806517363653));
#9117=CARTESIAN_POINT('Ctrl Pts',(-0.741073061433565,-22.0399265044346,
44.6946775061562));
#9118=CARTESIAN_POINT('Ctrl Pts',(-0.829882814584873,-21.7398614616221,
44.7450984199614));
#9119=CARTESIAN_POINT('Ctrl Pts',(-1.047186753131,-21.2167639898545,44.9072353403099));
#9120=CARTESIAN_POINT('Ctrl Pts',(-1.26047601853981,-20.7714706573838,45.1521684046498));
#9121=CARTESIAN_POINT('Ctrl Pts',(-1.39297245786136,-20.481757340408,45.4280914383241));
#9122=CARTESIAN_POINT('Ctrl Pts',(-1.44106572251778,-20.3731974065645,45.5769391298825));
#9123=CARTESIAN_POINT('Ctrl Pts',(-1.46283117990933,-20.3231133010864,45.6641588733342));
#9124=CARTESIAN_POINT('Ctrl Pts',(-1.50736171950958,-20.2172810641638,45.884958722266));
#9125=CARTESIAN_POINT('Ctrl Pts',(-1.50830601236471,-20.2207995589909,46.2759977094384));
#9126=CARTESIAN_POINT('Ctrl Pts',(-1.36327349605914,-20.5508737206348,46.6598113584665));
#9127=CARTESIAN_POINT('Ctrl Pts',(-1.18074216441047,-20.9394956294557,46.9396152121377));
#9128=CARTESIAN_POINT('Ctrl Pts',(-1.02005350897288,-21.2820777164377,47.1130544683704));
#9129=CARTESIAN_POINT('Ctrl Pts',(-0.829921618195073,-21.7401908680533,
47.2549185658411));
#9130=CARTESIAN_POINT('Ctrl Pts',(-0.741074203296526,-22.0399194398124,
47.3053218777624));
#9131=CARTESIAN_POINT('Ctrl Pts',(-0.71507729434045,-22.2007604031865,47.3193482636346));
#9132=CARTESIAN_POINT('Ctrl Pts',(-0.798188762462636,-22.2253427011069,
44.7152361043082));
#9133=CARTESIAN_POINT('Ctrl Pts',(-0.827409243728012,-22.0792334002233,
44.7315539328761));
#9134=CARTESIAN_POINT('Ctrl Pts',(-0.92595288912047,-21.8073455625796,44.7900592364223));
#9135=CARTESIAN_POINT('Ctrl Pts',(-1.16294177878982,-21.3391412316733,44.9747764161988));
#9136=CARTESIAN_POINT('Ctrl Pts',(-1.38439785235997,-20.9560796093775,45.2488142629962));
#9137=CARTESIAN_POINT('Ctrl Pts',(-1.50352166847811,-20.7304824675136,45.5264359590088));
#9138=CARTESIAN_POINT('Ctrl Pts',(-1.54111400994928,-20.6529776248965,45.6624460703525));
#9139=CARTESIAN_POINT('Ctrl Pts',(-1.55714167087221,-20.6183417764628,45.7378177322157));
#9140=CARTESIAN_POINT('Ctrl Pts',(-1.58536327324253,-20.5504938012299,45.9218742404236));
#9141=CARTESIAN_POINT('Ctrl Pts',(-1.59281596889404,-20.5451669522536,46.1874580681047));
#9142=CARTESIAN_POINT('Ctrl Pts',(-1.48330242444116,-20.7762978448183,46.5577095413823));
#9143=CARTESIAN_POINT('Ctrl Pts',(-1.30219912151745,-21.0999363064465,46.8544825653352));
#9144=CARTESIAN_POINT('Ctrl Pts',(-1.13418478960309,-21.3964933297376,47.0479555256491));
#9145=CARTESIAN_POINT('Ctrl Pts',(-0.926107290117294,-21.8074997832497,
47.2101203685979));
#9146=CARTESIAN_POINT('Ctrl Pts',(-0.827410527236406,-22.0792269823785,
47.2684453503639));
#9147=CARTESIAN_POINT('Ctrl Pts',(-0.798188762462637,-22.2253427011069,
47.2847638956916));
#9148=CARTESIAN_POINT('Ctrl Pts',(-0.951054137028796,-22.2675259166498,
44.7542488464308));
#9149=CARTESIAN_POINT('Ctrl Pts',(-0.987388815681551,-22.1465483016283,
44.7711972149207));
#9150=CARTESIAN_POINT('Ctrl Pts',(-1.10867889025782,-21.9218665283,44.8319205492923));
#9151=CARTESIAN_POINT('Ctrl Pts',(-1.40330709714505,-21.5400641788421,45.0224786338818));
#9152=CARTESIAN_POINT('Ctrl Pts',(-1.68887633047131,-21.2425736987915,45.3036709980127));
#9153=CARTESIAN_POINT('Ctrl Pts',(-1.85501903096507,-21.0901433758574,45.5770906224065));
#9154=CARTESIAN_POINT('Ctrl Pts',(-1.91102861987229,-21.0449970060748,45.705212273062));
#9155=CARTESIAN_POINT('Ctrl Pts',(-1.93564280298543,-21.0260750908025,45.7741756990751));
#9156=CARTESIAN_POINT('Ctrl Pts',(-1.98226936488929,-20.9950832417463,45.939201280072));
#9157=CARTESIAN_POINT('Ctrl Pts',(-1.98893916143817,-20.9833999063526,46.1459327974384));
#9158=CARTESIAN_POINT('Ctrl Pts',(-1.82245133462671,-21.1127787996928,46.5040333797576));
#9159=CARTESIAN_POINT('Ctrl Pts',(-1.58250390315647,-21.3536207337902,46.8025687904838));
#9160=CARTESIAN_POINT('Ctrl Pts',(-1.36729051956709,-21.5858856463073,47.0008335215981));
#9161=CARTESIAN_POINT('Ctrl Pts',(-1.10879476161274,-21.921858548255,47.168328097825));
#9162=CARTESIAN_POINT('Ctrl Pts',(-0.987390411680762,-22.1465429876917,
47.2288020406228));
#9163=CARTESIAN_POINT('Ctrl Pts',(-0.951054137028797,-22.2675259166498,
47.2457511535691));
#9164=CARTESIAN_POINT('Ctrl Pts',(-1.06421479482746,-22.2961734537753,44.7621946449077));
#9165=CARTESIAN_POINT('Ctrl Pts',(-1.1063915924826,-22.1920217065781,44.7764480121805));
#9166=CARTESIAN_POINT('Ctrl Pts',(-1.24692626784352,-21.9972589668222,44.82759834873));
#9167=CARTESIAN_POINT('Ctrl Pts',(-1.59495047502449,-21.6602388767074,44.9905755553139));
#9168=CARTESIAN_POINT('Ctrl Pts',(-1.95264786944224,-21.3839957101447,45.2341283360793));
#9169=CARTESIAN_POINT('Ctrl Pts',(-2.19238285422922,-21.2213727713305,45.4957774339624));
#9170=CARTESIAN_POINT('Ctrl Pts',(-2.28343439597297,-21.1652167926118,45.6316940726027));
#9171=CARTESIAN_POINT('Ctrl Pts',(-2.32537571450306,-21.1400791067853,45.7097283858308));
#9172=CARTESIAN_POINT('Ctrl Pts',(-2.41408344664649,-21.0904782171606,45.9048107873454));
#9173=CARTESIAN_POINT('Ctrl Pts',(-2.41174191064809,-21.0871355482313,46.2283074824622));
#9174=CARTESIAN_POINT('Ctrl Pts',(-2.13359998382874,-21.2546849298703,46.5857909001368));
#9175=CARTESIAN_POINT('Ctrl Pts',(-1.81839758171472,-21.4877724323636,46.8573404691643));
#9176=CARTESIAN_POINT('Ctrl Pts',(-1.55111189865066,-21.7016285258552,47.0296602144991));
#9177=CARTESIAN_POINT('Ctrl Pts',(-1.24687154557903,-21.9973690283034,47.1724737858211));
#9178=CARTESIAN_POINT('Ctrl Pts',(-1.10639344509664,-22.1920171317171,47.2235513617408));
#9179=CARTESIAN_POINT('Ctrl Pts',(-1.06421479482746,-22.2961734537753,47.2378053550922));
#9180=CARTESIAN_POINT('Ctrl Pts',(-1.13206159008839,-22.3124521898924,44.7596762153839));
#9181=CARTESIAN_POINT('Ctrl Pts',(-1.17770322776371,-22.2177073025538,44.7711887712));
#9182=CARTESIAN_POINT('Ctrl Pts',(-1.32962849049,-22.0387411821195,44.8126969944723));
#9183=CARTESIAN_POINT('Ctrl Pts',(-1.70888961795606,-21.7191843413522,44.9484792052464));
#9184=CARTESIAN_POINT('Ctrl Pts',(-2.10748384330045,-21.4346467306817,45.1576155903658));
#9185=CARTESIAN_POINT('Ctrl Pts',(-2.38766611776597,-21.2383372304158,45.4126854817196));
#9186=CARTESIAN_POINT('Ctrl Pts',(-2.4978684477316,-21.1619841183834,45.5583173305565));
#9187=CARTESIAN_POINT('Ctrl Pts',(-2.54926588121087,-21.1263162719047,45.6461240717731));
#9188=CARTESIAN_POINT('Ctrl Pts',(-2.66093263706194,-21.0489861736448,45.8722231475756));
#9189=CARTESIAN_POINT('Ctrl Pts',(-2.65366137438876,-21.0542457995962,46.3065450222546));
#9190=CARTESIAN_POINT('Ctrl Pts',(-2.31464277259261,-21.2885255424006,46.6712502457678));
#9191=CARTESIAN_POINT('Ctrl Pts',(-1.95746882498231,-21.5422904077254,46.9204085061416));
#9192=CARTESIAN_POINT('Ctrl Pts',(-1.66051139803825,-21.7594648238796,47.0687345510921));
#9193=CARTESIAN_POINT('Ctrl Pts',(-1.32948600901508,-22.0390055339296,47.1872266453112));
#9194=CARTESIAN_POINT('Ctrl Pts',(-1.1777052325707,-22.2177031408886,47.2288107231114));
#9195=CARTESIAN_POINT('Ctrl Pts',(-1.13206159008839,-22.3124521898923,47.240323784616));
#9196=CARTESIAN_POINT('',(-0.890592429943364,-22.2233818630282,44.7393951756246));
#9197=CARTESIAN_POINT('Ctrl Pts',(-1.22890938102597,-22.1638981057391,44.7859009315681));
#9198=CARTESIAN_POINT('Ctrl Pts',(-1.20803107993384,-22.1652228797577,44.7859110741132));
#9199=CARTESIAN_POINT('Ctrl Pts',(-1.18714168829505,-22.1670355107706,44.7853244076947));
#9200=CARTESIAN_POINT('Ctrl Pts',(-1.16636915553614,-22.1692760812369,44.7842052820843));
#9201=CARTESIAN_POINT('Ctrl Pts',(-1.1619805286649,-22.169749448056,44.7839688436691));
#9202=CARTESIAN_POINT('Ctrl Pts',(-1.15759696640605,-22.1702418125104,44.7837086601389));
#9203=CARTESIAN_POINT('Ctrl Pts',(-1.15321942889428,-22.170752431424,44.7834253601728));
#9204=CARTESIAN_POINT('Ctrl Pts',(-1.13233626965013,-22.1731883525456,44.7820738701421));
#9205=CARTESIAN_POINT('Ctrl Pts',(-1.11149832257484,-22.1760527780473,44.7801898041872));
#9206=CARTESIAN_POINT('Ctrl Pts',(-1.0908098357213,-22.1793033239865,44.7778217905843));
#9207=CARTESIAN_POINT('Ctrl Pts',(-1.08570682943963,-22.1801051011519,44.7772376981673));
#9208=CARTESIAN_POINT('Ctrl Pts',(-1.08061272931525,-22.1809302101212,44.7766241788342));
#9209=CARTESIAN_POINT('Ctrl Pts',(-1.0755287318937,-22.1817776797318,44.7759819739748));
#9210=CARTESIAN_POINT('Ctrl Pts',(-1.05373160848499,-22.1854111197509,44.7732285857622));
#9211=CARTESIAN_POINT('Ctrl Pts',(-1.03201006750248,-22.1894636945568,44.7699352478527));
#9212=CARTESIAN_POINT('Ctrl Pts',(-1.010459118715,-22.1939311369852,44.7661345888751));
#9213=CARTESIAN_POINT('Ctrl Pts',(-0.988908169927518,-22.1983985794136,
44.7623339298976));
#9214=CARTESIAN_POINT('Ctrl Pts',(-0.967527564997807,-22.2032815266835,
44.7580266963103));
#9215=CARTESIAN_POINT('Ctrl Pts',(-0.946379290500154,-22.208532686662,44.7532449604545));
#9216=CARTESIAN_POINT('Ctrl Pts',(-0.942766505641263,-22.2094297485601,
44.752428090837));
#9217=CARTESIAN_POINT('Ctrl Pts',(-0.939160429080071,-22.2103374420122,
44.7515973573777));
#9218=CARTESIAN_POINT('Ctrl Pts',(-0.935561279426541,-22.2112553890815,
44.7507529209208));
#9219=CARTESIAN_POINT('Ctrl Pts',(-0.920471963063617,-22.2151038519318,
44.7472126488917));
#9220=CARTESIAN_POINT('Ctrl Pts',(-0.905467964286285,-22.2191586351513,
44.7434215428382));
#9221=CARTESIAN_POINT('Ctrl Pts',(-0.890577430560162,-22.2233960483921,
44.7393901608511));
#9222=CARTESIAN_POINT('',(-0.674855470152917,-22.1887875996347,44.6607352771313));
#9223=CARTESIAN_POINT('Ctrl Pts',(-0.890577430560162,-22.2233960483921,
44.7393901608511));
#9224=CARTESIAN_POINT('Ctrl Pts',(-0.865416486583107,-22.2146694289727,
44.7336860289129));
#9225=CARTESIAN_POINT('Ctrl Pts',(-0.840162926787524,-22.2074426243086,
44.7267074507317));
#9226=CARTESIAN_POINT('Ctrl Pts',(-0.814810279521948,-22.2018530101628,
44.7184540119488));
#9227=CARTESIAN_POINT('Ctrl Pts',(-0.81141302249449,-22.2011040013615,44.7173480504051));
#9228=CARTESIAN_POINT('Ctrl Pts',(-0.808013994955474,-22.200384315418,44.7162191862785));
#9229=CARTESIAN_POINT('Ctrl Pts',(-0.804613188435049,-22.1996942169064,
44.7150674023988));
#9230=CARTESIAN_POINT('Ctrl Pts',(-0.801441262820561,-22.1990505633693,
44.7139931358187));
#9231=CARTESIAN_POINT('Ctrl Pts',(-0.798267789634648,-22.1984326485398,
44.7128989307488));
#9232=CARTESIAN_POINT('Ctrl Pts',(-0.795092755097186,-22.1978406768658,
44.7117847871009));
#9233=CARTESIAN_POINT('Ctrl Pts',(-0.773707237182018,-22.193853438085,44.7042804470181));
#9234=CARTESIAN_POINT('Ctrl Pts',(-0.752524515961142,-22.1910952617815,
44.6959683271399));
#9235=CARTESIAN_POINT('Ctrl Pts',(-0.731567378518653,-22.1895748411122,
44.6869184254368));
#9236=CARTESIAN_POINT('Ctrl Pts',(-0.712518610877596,-22.1881928708825,
44.6786926133386));
#9237=CARTESIAN_POINT('Ctrl Pts',(-0.69365583912698,-22.1878329047024,44.6698576680365));
#9238=CARTESIAN_POINT('Ctrl Pts',(-0.67498639617841,-22.1884689846665,44.6604503126146));
#9239=CARTESIAN_POINT('Ctrl Pts',(-0.67498639617841,-22.1884689846665,44.6604503126146));
#9240=CARTESIAN_POINT('Ctrl Pts',(-0.699661518347126,-22.0202725816298,
44.672883872896));
#9241=CARTESIAN_POINT('Ctrl Pts',(-0.784710506865276,-21.7061150525184,
44.7177127540301));
#9242=CARTESIAN_POINT('Ctrl Pts',(-0.9965687615366,-21.1555556284626,44.8643575416661));
#9243=CARTESIAN_POINT('Ctrl Pts',(-1.21486297752882,-20.6791025021975,45.0902248375952));
#9244=CARTESIAN_POINT('Ctrl Pts',(-1.36530083438781,-20.3572306935556,45.3657003202572));
#9245=CARTESIAN_POINT('Ctrl Pts',(-1.42407559603566,-20.2330805626103,45.522982717001));
#9246=CARTESIAN_POINT('Ctrl Pts',(-1.45140993397501,-20.1752398859997,45.6178139975149));
#9247=CARTESIAN_POINT('Ctrl Pts',(-1.510596046352,-20.0503274942888,45.8620009993816));
#9248=CARTESIAN_POINT('Ctrl Pts',(-1.50699067567503,-20.0582972060184,46.331068624035));
#9249=CARTESIAN_POINT('Ctrl Pts',(-1.32668943256483,-20.4380518705221,46.7249502654293));
#9250=CARTESIAN_POINT('Ctrl Pts',(-1.13280324105407,-20.8592331220184,46.994041186633));
#9251=CARTESIAN_POINT('Ctrl Pts',(-0.969560638283237,-21.2248571538757,
47.1542333151795));
#9252=CARTESIAN_POINT('Ctrl Pts',(-0.784656983400966,-21.7065327344855,
47.2822047769361));
#9253=CARTESIAN_POINT('Ctrl Pts',(-0.699662602200814,-22.02026519361,47.3271155809603));
#9254=CARTESIAN_POINT('Ctrl Pts',(-0.674986396178411,-22.1884689846665,
47.3395496873852));
#9255=CARTESIAN_POINT('Ctrl Pts',(-0.67498639617842,17.1884689846664,42.3395496873852));
#9256=CARTESIAN_POINT('Ctrl Pts',(-0.699661518347069,17.0202725816302,42.327116127104));
#9257=CARTESIAN_POINT('Ctrl Pts',(-0.784654311465615,16.706134840361,42.2822782191724));
#9258=CARTESIAN_POINT('Ctrl Pts',(-0.996377932344583,16.1556411116151,42.1356321374146));
#9259=CARTESIAN_POINT('Ctrl Pts',(-1.21457118326215,15.6804593941686,41.9096306187355));
#9260=CARTESIAN_POINT('Ctrl Pts',(-1.36502685506415,15.358310284108,41.6341837135064));
#9261=CARTESIAN_POINT('Ctrl Pts',(-1.42365034418794,15.2344822154089,41.4768638895323));
#9262=CARTESIAN_POINT('Ctrl Pts',(-1.45113486096203,15.1762994009273,41.3820727934923));
#9263=CARTESIAN_POINT('Ctrl Pts',(-1.48590762261443,15.1029289496379,41.2353756080641));
#9264=CARTESIAN_POINT('Ctrl Pts',(-1.51129532638783,15.0492192309149,41.000412275258));
#9265=CARTESIAN_POINT('Ctrl Pts',(-1.46608417733531,15.144813670489,40.5811225543283));
#9266=CARTESIAN_POINT('Ctrl Pts',(-1.3274418259765,15.4366328811853,40.275201335558));
#9267=CARTESIAN_POINT('Ctrl Pts',(-1.13293164444444,15.8591003389246,40.00596382848));
#9268=CARTESIAN_POINT('Ctrl Pts',(-0.969816624891216,16.2244002733061,39.8458138444922));
#9269=CARTESIAN_POINT('Ctrl Pts',(-0.784683594649132,16.7065069826074,39.7177964255384));
#9270=CARTESIAN_POINT('Ctrl Pts',(-0.699662602200819,17.02026519361,39.6728844190395));
#9271=CARTESIAN_POINT('Ctrl Pts',(-0.674986396178417,17.1884689846664,39.6604503126146));
#9272=CARTESIAN_POINT('Ctrl Pts',(-0.71507729434046,17.2007604031865,42.3193482636346));
#9273=CARTESIAN_POINT('Ctrl Pts',(-0.741073061433504,17.039926504435,42.3053224938437));
#9274=CARTESIAN_POINT('Ctrl Pts',(-0.829890821153536,16.7398205662075,42.2548697710591));
#9275=CARTESIAN_POINT('Ctrl Pts',(-1.04714635249579,16.2166945746099,42.0926919742168));
#9276=CARTESIAN_POINT('Ctrl Pts',(-1.26069495028209,15.7723408010812,41.8478401978414));
#9277=CARTESIAN_POINT('Ctrl Pts',(-1.39315307719398,15.4824066692242,41.5718914924828));
#9278=CARTESIAN_POINT('Ctrl Pts',(-1.44127144220359,15.3739950166192,41.4230121285174));
#9279=CARTESIAN_POINT('Ctrl Pts',(-1.4630077036162,15.3237448663127,41.3358183905098));
#9280=CARTESIAN_POINT('Ctrl Pts',(-1.48985496001059,15.2609711612745,41.2031936903225));
#9281=CARTESIAN_POINT('Ctrl Pts',(-1.50744527907756,15.2167952816081,41.0003708759929));
#9282=CARTESIAN_POINT('Ctrl Pts',(-1.47630832730349,15.295237379561,40.638628672571));
#9283=CARTESIAN_POINT('Ctrl Pts',(-1.36320887812804,15.5502654037221,40.3403456126605));
#9284=CARTESIAN_POINT('Ctrl Pts',(-1.18076547865532,15.9394722780127,40.060429881544));
#9285=CARTESIAN_POINT('Ctrl Pts',(-1.02004066558259,16.2818888743059,39.8870031974594));
#9286=CARTESIAN_POINT('Ctrl Pts',(-0.829928370265316,16.7401860469578,39.7450911495519));
#9287=CARTESIAN_POINT('Ctrl Pts',(-0.74107420329653,17.0399194398124,39.6946781222375));
#9288=CARTESIAN_POINT('Ctrl Pts',(-0.715077294340457,17.2007604031865,39.6806517363653));
#9289=CARTESIAN_POINT('Ctrl Pts',(-0.798188751187842,17.2253427064142,42.2847638302384));
#9290=CARTESIAN_POINT('Ctrl Pts',(-0.827409232453136,17.0792334055311,42.2684460016706));
#9291=CARTESIAN_POINT('Ctrl Pts',(-0.926049742966679,16.8071810983586,42.2098675798175));
#9292=CARTESIAN_POINT('Ctrl Pts',(-1.16313141987614,16.3387654327899,42.0250347912115));
#9293=CARTESIAN_POINT('Ctrl Pts',(-1.38530663504577,15.9559799523402,41.7514397826248));
#9294=CARTESIAN_POINT('Ctrl Pts',(-1.50430943756866,15.7302690858109,41.4737010605256));
#9295=CARTESIAN_POINT('Ctrl Pts',(-1.54217969109835,15.6525677691453,41.3376625959065));
#9296=CARTESIAN_POINT('Ctrl Pts',(-1.55792251886053,15.6181152482541,41.2622990861634));
#9297=CARTESIAN_POINT('Ctrl Pts',(-1.57621997005272,15.5764404425803,41.1517582309996));
#9298=CARTESIAN_POINT('Ctrl Pts',(-1.58454424025744,15.5512341141862,41.0003635549672));
#9299=CARTESIAN_POINT('Ctrl Pts',(-1.57020184351974,15.5955466186725,40.7304860781027));
#9300=CARTESIAN_POINT('Ctrl Pts',(-1.48205227680086,15.7772943146213,40.4424861530907));
#9301=CARTESIAN_POINT('Ctrl Pts',(-1.3020569827424,16.1001267452389,40.1456363423409));
#9302=CARTESIAN_POINT('Ctrl Pts',(-1.13377889455874,16.3968345077968,39.9521303689284));
#9303=CARTESIAN_POINT('Ctrl Pts',(-0.926082525469103,16.8075358298543,39.7899050393123));
#9304=CARTESIAN_POINT('Ctrl Pts',(-0.827410515961603,17.0792269876859,39.7315547150892));
#9305=CARTESIAN_POINT('Ctrl Pts',(-0.798188751187838,17.2253427064142,39.7152361697615));
#9306=CARTESIAN_POINT('Ctrl Pts',(-0.951054122703697,17.2675259276839,42.2457510355805));
#9307=CARTESIAN_POINT('Ctrl Pts',(-0.987388801356345,17.1465483126628,42.2288026670907));
#9308=CARTESIAN_POINT('Ctrl Pts',(-1.10876914950377,16.9216377721869,42.1679875052206));
#9309=CARTESIAN_POINT('Ctrl Pts',(-1.40347836891478,16.539494232969,41.9772836695715));
#9310=CARTESIAN_POINT('Ctrl Pts',(-1.68966564178481,16.2417237255716,41.6966855382187));
#9311=CARTESIAN_POINT('Ctrl Pts',(-1.85570534848842,16.0893022442187,41.423108437638));
#9312=CARTESIAN_POINT('Ctrl Pts',(-1.91195945220569,16.0437086097474,41.2949599775501));
#9313=CARTESIAN_POINT('Ctrl Pts',(-1.93632424626476,16.0252268534673,41.2259980594174));
#9314=CARTESIAN_POINT('Ctrl Pts',(-1.96549688571978,16.0044434216689,41.1268883971303));
#9315=CARTESIAN_POINT('Ctrl Pts',(-1.98159683363909,15.9967492335047,41.0003583951436));
#9316=CARTESIAN_POINT('Ctrl Pts',(-1.95344322402099,16.0096775505996,40.7748304835434));
#9317=CARTESIAN_POINT('Ctrl Pts',(-1.82135695414052,16.1149514133652,40.4961840734638));
#9318=CARTESIAN_POINT('Ctrl Pts',(-1.58237880925844,16.353973409696,40.1975826026968));
#9319=CARTESIAN_POINT('Ctrl Pts',(-1.36693535251819,16.5866164656703,39.9992664910257));
#9320=CARTESIAN_POINT('Ctrl Pts',(-1.10877343308365,16.9219257455382,39.8317042710393));
#9321=CARTESIAN_POINT('Ctrl Pts',(-0.987390397355647,17.1465429987259,39.7711980773656));
#9322=CARTESIAN_POINT('Ctrl Pts',(-0.951054122703691,17.267525927684,39.7542489644194));
#9323=CARTESIAN_POINT('Ctrl Pts',(-1.06421479482747,17.2961734537753,42.2378053550922));
#9324=CARTESIAN_POINT('Ctrl Pts',(-1.10639159248249,17.1920217065784,42.2235519878194));
#9325=CARTESIAN_POINT('Ctrl Pts',(-1.24689473046102,16.9971282695891,42.1723607825224));
#9326=CARTESIAN_POINT('Ctrl Pts',(-1.59479349161078,16.6600031540463,42.0093170086269));
#9327=CARTESIAN_POINT('Ctrl Pts',(-1.95248428314526,16.3839243292603,41.7659684682368));
#9328=CARTESIAN_POINT('Ctrl Pts',(-2.19223007796561,16.2211837014953,41.5042676759979));
#9329=CARTESIAN_POINT('Ctrl Pts',(-2.28317191449218,16.1649093810787,41.3683231285802));
#9330=CARTESIAN_POINT('Ctrl Pts',(-2.32522234759487,16.1398812027187,41.2903042582103));
#9331=CARTESIAN_POINT('Ctrl Pts',(-2.37791066640019,16.1095193627648,41.1731436775548));
#9332=CARTESIAN_POINT('Ctrl Pts',(-2.41472924721695,16.090846962458,41.0003388659098));
#9333=CARTESIAN_POINT('Ctrl Pts',(-2.34934764316898,16.1237011876901,40.6923046314609));
#9334=CARTESIAN_POINT('Ctrl Pts',(-2.13417738947348,16.2552549564177,40.4143540306562));
#9335=CARTESIAN_POINT('Ctrl Pts',(-1.8185093159287,16.4878599409443,40.1427237782897));
#9336=CARTESIAN_POINT('Ctrl Pts',(-1.55131206522806,16.7018188156289,39.9703975214093));
#9337=CARTESIAN_POINT('Ctrl Pts',(-1.24689584750643,16.9973849983624,39.8275398916698));
#9338=CARTESIAN_POINT('Ctrl Pts',(-1.10639344509663,17.1920171317171,39.7764486382591));
#9339=CARTESIAN_POINT('Ctrl Pts',(-1.06421479482747,17.2961734537753,39.7621946449077));
#9340=CARTESIAN_POINT('Ctrl Pts',(-1.13206159008841,17.3124521898923,42.240323784616));
#9341=CARTESIAN_POINT('Ctrl Pts',(-1.17770322776358,17.2177073025541,42.2288112288));
#9342=CARTESIAN_POINT('Ctrl Pts',(-1.32952413218869,17.0387596509845,42.1872946473818));
#9343=CARTESIAN_POINT('Ctrl Pts',(-1.7085479108759,16.7192493821619,42.0515112383469));
#9344=CARTESIAN_POINT('Ctrl Pts',(-2.10680480447094,16.4355214977785,41.8422505729032));
#9345=CARTESIAN_POINT('Ctrl Pts',(-2.38704883270273,16.2390382059023,41.5872071421355));
#9346=CARTESIAN_POINT('Ctrl Pts',(-2.49694819533981,16.1628975334411,41.4415406384557));
#9347=CARTESIAN_POINT('Ctrl Pts',(-2.54864968639766,16.1270043878171,41.3537711050854));
#9348=CARTESIAN_POINT('Ctrl Pts',(-2.61416554798991,16.0816485881403,41.217940377837));
#9349=CARTESIAN_POINT('Ctrl Pts',(-2.66228562921397,16.048244878376,41.0003817363501));
#9350=CARTESIAN_POINT('Ctrl Pts',(-2.57659045796253,16.1077056916955,40.612150513267));
#9351=CARTESIAN_POINT('Ctrl Pts',(-2.31612657841968,16.2875841002141,40.3288901255167));
#9352=CARTESIAN_POINT('Ctrl Pts',(-1.95770552504568,16.5422000839175,40.0795961374815));
#9353=CARTESIAN_POINT('Ctrl Pts',(-1.66101192093359,16.7591613682634,39.9313091152705));
#9354=CARTESIAN_POINT('Ctrl Pts',(-1.32953436239762,17.0389881631212,39.8127744680911));
#9355=CARTESIAN_POINT('Ctrl Pts',(-1.17770523257069,17.2177031408886,39.7711892768885));
#9356=CARTESIAN_POINT('Ctrl Pts',(-1.1320615900884,17.3124521898923,39.7596762153839));
#9357=CARTESIAN_POINT('',(-0.890592429943388,17.2233818630282,39.7393951756246));
#9358=CARTESIAN_POINT('',(-1.22932165498871,17.1637785170712,39.7859999999999));
#9359=CARTESIAN_POINT('Ctrl Pts',(-0.890592429943388,17.2233818630282,39.7393951756246));
#9360=CARTESIAN_POINT('Ctrl Pts',(-0.895669830978912,17.2219331484424,39.7407694991694));
#9361=CARTESIAN_POINT('Ctrl Pts',(-0.900760162762386,17.2205067924353,39.7421157045382));
#9362=CARTESIAN_POINT('Ctrl Pts',(-1.01552183739334,17.1889342258179,39.7717555309873));
#9363=CARTESIAN_POINT('Ctrl Pts',(-1.12693134526177,17.1701796583828,39.7859999999999));
#9364=CARTESIAN_POINT('Ctrl Pts',(-1.22932165498874,17.1637785170712,39.7859999999999));
#9365=CARTESIAN_POINT('',(-1.22932165497026,17.1637785170828,42.2140000000051));
#9366=CARTESIAN_POINT('Ctrl Pts',(-1.2291048189472,17.1636823142964,39.7859864549697));
#9367=CARTESIAN_POINT('Ctrl Pts',(-1.26237333364634,17.1226309290726,39.7955334715563));
#9368=CARTESIAN_POINT('Ctrl Pts',(-1.29965721497963,17.0826560769968,39.8067322817601));
#9369=CARTESIAN_POINT('Ctrl Pts',(-1.33891841489297,17.0436856459327,39.8193140804455));
#9370=CARTESIAN_POINT('Ctrl Pts',(-1.41221589064611,16.9709310120368,39.8428032780784));
#9371=CARTESIAN_POINT('Ctrl Pts',(-1.49240365368647,16.9016759975404,39.8711135112004));
#9372=CARTESIAN_POINT('Ctrl Pts',(-1.57462539042885,16.8348624609001,39.9040387394488));
#9373=CARTESIAN_POINT('Ctrl Pts',(-1.58812249044448,16.8238946922521,39.9094435766161));
#9374=CARTESIAN_POINT('Ctrl Pts',(-1.60167450448317,16.8129927551492,39.9149727573471));
#9375=CARTESIAN_POINT('Ctrl Pts',(-1.61526006639469,16.8021520054545,39.9206253488658));
#9376=CARTESIAN_POINT('Ctrl Pts',(-1.65927034939239,16.7670335123749,39.938936858837));
#9377=CARTESIAN_POINT('Ctrl Pts',(-1.70363250969858,16.7325571786234,39.9585435321799));
#9378=CARTESIAN_POINT('Ctrl Pts',(-1.7479557867964,16.6988035564803,39.9794570038731));
#9379=CARTESIAN_POINT('Ctrl Pts',(-1.81426775131815,16.6483048311921,40.0107456062453));
#9380=CARTESIAN_POINT('Ctrl Pts',(-1.88056050016451,16.5993193737175,40.0450328459392));
#9381=CARTESIAN_POINT('Ctrl Pts',(-1.94538399156587,16.5522146717605,40.0823258143866));
#9382=CARTESIAN_POINT('Ctrl Pts',(-1.97942618120435,16.527477540788,40.1019102933558));
#9383=CARTESIAN_POINT('Ctrl Pts',(-2.01306312961615,16.5032588525511,40.1223229567756));
#9384=CARTESIAN_POINT('Ctrl Pts',(-2.04608701392364,16.4796093715383,40.1435598114455));
#9385=CARTESIAN_POINT('Ctrl Pts',(-2.09208211462262,16.4466707792596,40.1731381390576));
#9386=CARTESIAN_POINT('Ctrl Pts',(-2.13688715358416,16.4148369361812,40.2043160132113));
#9387=CARTESIAN_POINT('Ctrl Pts',(-2.18012267970095,16.3842726114336,40.2373012186193));
#9388=CARTESIAN_POINT('Ctrl Pts',(-2.21321627701811,16.3608778815363,40.2625489536012));
#9389=CARTESIAN_POINT('Ctrl Pts',(-2.24539032060799,16.3382269642562,40.2888550314573));
#9390=CARTESIAN_POINT('Ctrl Pts',(-2.27631947942998,16.3165264759297,40.3161383919699));
#9391=CARTESIAN_POINT('Ctrl Pts',(-2.33233757544784,16.2772231102705,40.3655533119709));
#9392=CARTESIAN_POINT('Ctrl Pts',(-2.38447381081731,16.2408584857161,40.4184026900339));
#9393=CARTESIAN_POINT('Ctrl Pts',(-2.43078482535565,16.2086615549701,40.4743875891573));
#9394=CARTESIAN_POINT('Ctrl Pts',(-2.47462912184901,16.178179567221,40.5273904987413));
#9395=CARTESIAN_POINT('Ctrl Pts',(-2.51325247394418,16.1514331059371,40.5832037021837));
#9396=CARTESIAN_POINT('Ctrl Pts',(-2.54496553092092,16.1294911730476,40.6415724765099));
#9397=CARTESIAN_POINT('Ctrl Pts',(-2.54674973493747,16.128256700924,40.6448563542411));
#9398=CARTESIAN_POINT('Ctrl Pts',(-2.54851205411563,16.1270374438881,40.6481483210852));
#9399=CARTESIAN_POINT('Ctrl Pts',(-2.55025218328411,16.1258335950169,40.6514483317104));
#9400=CARTESIAN_POINT('Ctrl Pts',(-2.5612037204469,16.1182571484575,40.672217013515));
#9401=CARTESIAN_POINT('Ctrl Pts',(-2.57125614262445,16.1113052068792,40.6932647714836));
#9402=CARTESIAN_POINT('Ctrl Pts',(-2.58034520894371,16.1050170700359,40.7145847324645));
#9403=CARTESIAN_POINT('Ctrl Pts',(-2.59870909737933,16.0923122839334,40.7576603764473));
#9404=CARTESIAN_POINT('Ctrl Pts',(-2.61314347017596,16.0823151630909,40.8018461248896));
#9405=CARTESIAN_POINT('Ctrl Pts',(-2.62330136437177,16.0752719244662,40.8466291597101));
#9406=CARTESIAN_POINT('Ctrl Pts',(-2.6328253535293,16.0686682202927,40.8886175019639));
#9407=CARTESIAN_POINT('Ctrl Pts',(-2.63859004211238,16.0646612102105,40.9311318959076));
#9408=CARTESIAN_POINT('Ctrl Pts',(-2.64026900112573,16.0634815857122,40.9737546630325));
#9409=CARTESIAN_POINT('Ctrl Pts',(-2.64038075057861,16.0634030713523,40.9765915821405));
#9410=CARTESIAN_POINT('Ctrl Pts',(-2.64047438394282,16.0633370933444,40.9794289803222));
#9411=CARTESIAN_POINT('Ctrl Pts',(-2.64054979797888,16.0632837244201,40.9822667337574));
#9412=CARTESIAN_POINT('Ctrl Pts',(-2.6407086444177,16.0631713121423,40.9882439636074));
#9413=CARTESIAN_POINT('Ctrl Pts',(-2.64078758183912,16.0631147177064,40.9942218866377));
#9414=CARTESIAN_POINT('Ctrl Pts',(-2.64078566055772,16.0631145840648,41.0001992124792));
#9415=CARTESIAN_POINT('Ctrl Pts',(-2.64076567332037,16.0631131937818,41.0623817904658));
#9416=CARTESIAN_POINT('Ctrl Pts',(-2.63199356447381,16.0692228376484,41.1245036729839));
#9417=CARTESIAN_POINT('Ctrl Pts',(-2.61533994059415,16.0807862738563,41.1853054829909));
#9418=CARTESIAN_POINT('Ctrl Pts',(-2.6060547210053,16.0872334618779,41.2192055014731));
#9419=CARTESIAN_POINT('Ctrl Pts',(-2.5943197095387,16.0953758870775,41.2526941938765));
#9420=CARTESIAN_POINT('Ctrl Pts',(-2.58028952731438,16.1050963566988,41.2855479618801));
#9421=CARTESIAN_POINT('Ctrl Pts',(-2.57616564303116,16.1079534893614,41.2952046531011));
#9422=CARTESIAN_POINT('Ctrl Pts',(-2.57184349184364,16.1109469338717,41.3048064750388));
#9423=CARTESIAN_POINT('Ctrl Pts',(-2.56733120860802,16.1140719545807,41.3143501669364));
#9424=CARTESIAN_POINT('Ctrl Pts',(-2.56112072412881,16.1183730792214,41.3274856345721));
#9425=CARTESIAN_POINT('Ctrl Pts',(-2.55455198371879,16.1229236077433,41.3405126299151));
#9426=CARTESIAN_POINT('Ctrl Pts',(-2.54764659178257,16.1277113846704,41.3534230515709));
#9427=CARTESIAN_POINT('Ctrl Pts',(-2.53572438014401,16.1359775179082,41.3757129926408));
#9428=CARTESIAN_POINT('Ctrl Pts',(-2.52279865673481,16.1449508572267,41.3976554453321));
#9429=CARTESIAN_POINT('Ctrl Pts',(-2.50894747979874,16.1545589248348,41.4192202224068));
#9430=CARTESIAN_POINT('Ctrl Pts',(-2.4812451504009,16.173775043074,41.4623497384522));
#9431=CARTESIAN_POINT('Ctrl Pts',(-2.44984085321673,16.1955301868108,41.5039684609357));
#9432=CARTESIAN_POINT('Ctrl Pts',(-2.41555690230457,16.2193877861495,41.5438547812518));
#9433=CARTESIAN_POINT('Ctrl Pts',(-2.38439802238247,16.2410707034692,41.5801053600853));
#9434=CARTESIAN_POINT('Ctrl Pts',(-2.35086061132504,16.2644901878409,41.6149249701625));
#9435=CARTESIAN_POINT('Ctrl Pts',(-2.31541779294452,16.2893157548132,41.6483174457909));
#9436=CARTESIAN_POINT('Ctrl Pts',(-2.27286381857511,16.319122259739,41.688409701908));
#9437=CARTESIAN_POINT('Ctrl Pts',(-2.22756197131816,16.350974034596,41.7264737118731));
#9438=CARTESIAN_POINT('Ctrl Pts',(-2.18032304158663,16.3843020881389,41.762505211128));
#9439=CARTESIAN_POINT('Ctrl Pts',(-2.10065168113596,16.4405119003007,41.82327455076));
#9440=CARTESIAN_POINT('Ctrl Pts',(-2.01546891172684,16.5009217854711,41.8782600348676));
#9441=CARTESIAN_POINT('Ctrl Pts',(-1.92795494857011,16.5647275724928,41.9277012729038));
#9442=CARTESIAN_POINT('Ctrl Pts',(-1.89090416215602,16.591741028422,41.9486332097565));
#9443=CARTESIAN_POINT('Ctrl Pts',(-1.85343599734753,16.6193628253607,41.9685718409329));
#9444=CARTESIAN_POINT('Ctrl Pts',(-1.81579306555401,16.6475309635593,41.9875374589531));
#9445=CARTESIAN_POINT('Ctrl Pts',(-1.74910553545717,16.697433122461,42.0211366012694));
#9446=CARTESIAN_POINT('Ctrl Pts',(-1.68186680034774,16.7490630949314,42.0516928224451));
#9447=CARTESIAN_POINT('Ctrl Pts',(-1.61539472577975,16.8021088147375,42.0793339859049));
#9448=CARTESIAN_POINT('Ctrl Pts',(-1.51904042039662,16.879001006213,42.1194011136793));
#9449=CARTESIAN_POINT('Ctrl Pts',(-1.42429493066696,16.9588673444226,42.153344033994));
#9450=CARTESIAN_POINT('Ctrl Pts',(-1.33894687841832,17.043557780274,42.180700866607));
#9451=CARTESIAN_POINT('Ctrl Pts',(-1.31797846447602,17.064364630215,42.1874219267281));
#9452=CARTESIAN_POINT('Ctrl Pts',(-1.29757740397911,17.0854627334109,42.193745361624));
#9453=CARTESIAN_POINT('Ctrl Pts',(-1.27805296615807,17.1068597501822,42.1996317459981));
#9454=CARTESIAN_POINT('Ctrl Pts',(-1.26435299430247,17.121873679405,42.203762123579));
#9455=CARTESIAN_POINT('Ctrl Pts',(-1.25108464366873,17.137034782799,42.2076773129568));
#9456=CARTESIAN_POINT('Ctrl Pts',(-1.23835491144479,17.1523457254196,42.2113636564654));
#9457=CARTESIAN_POINT('Ctrl Pts',(-1.23522674964111,17.1561081852295,42.2122695261849));
#9458=CARTESIAN_POINT('Ctrl Pts',(-1.23213128433785,17.1598794783434,42.2131615280018));
#9459=CARTESIAN_POINT('Ctrl Pts',(-1.22906919586035,17.1636607799712,42.2140397184727));
#9460=CARTESIAN_POINT('',(-0.890592429943395,17.2233818630282,42.2606048243752));
#9461=CARTESIAN_POINT('Ctrl Pts',(-1.22887157776386,17.1639048851346,42.2140963883909));
#9462=CARTESIAN_POINT('Ctrl Pts',(-1.20799302006909,17.1652195681011,42.2140841555519));
#9463=CARTESIAN_POINT('Ctrl Pts',(-1.18710201997118,17.1670261796408,42.2146698757125));
#9464=CARTESIAN_POINT('Ctrl Pts',(-1.16632657405651,17.1692637723446,42.215789058266));
#9465=CARTESIAN_POINT('Ctrl Pts',(-1.16194787358626,17.1697353746517,42.2160249408167));
#9466=CARTESIAN_POINT('Ctrl Pts',(-1.15757415632588,17.1702260173254,42.2162844986551));
#9467=CARTESIAN_POINT('Ctrl Pts',(-1.1532063774391,17.1707349512781,42.2165671056064));
#9468=CARTESIAN_POINT('Ctrl Pts',(-1.13231050718357,17.1731697397874,42.2179191241818));
#9469=CARTESIAN_POINT('Ctrl Pts',(-1.11145850333585,17.1760362613514,42.2198051912954));
#9470=CARTESIAN_POINT('Ctrl Pts',(-1.09075508928858,17.1792909031803,42.222176376459));
#9471=CARTESIAN_POINT('Ctrl Pts',(-1.08567044869361,17.18009022468,42.2227587260325));
#9472=CARTESIAN_POINT('Ctrl Pts',(-1.08059458554866,17.1809127967345,42.2233703191097));
#9473=CARTESIAN_POINT('Ctrl Pts',(-1.0755286893566,17.1817576418391,42.224010418649));
#9474=CARTESIAN_POINT('Ctrl Pts',(-1.05373362847201,17.1853924282216,42.2267643259348));
#9475=CARTESIAN_POINT('Ctrl Pts',(-1.03201293044399,17.1894475770179,42.2300585470443));
#9476=CARTESIAN_POINT('Ctrl Pts',(-1.01046213754591,17.1939177269453,42.2338601745909));
#9477=CARTESIAN_POINT('Ctrl Pts',(-0.988911344647839,17.1983878768727,42.2376618021374));
#9478=CARTESIAN_POINT('Ctrl Pts',(-0.967530224412461,17.2032736501438,42.2419700819128));
#9479=CARTESIAN_POINT('Ctrl Pts',(-0.946381342782982,17.2085270512889,42.2467526834859));
#9480=CARTESIAN_POINT('Ctrl Pts',(-0.942768454207015,17.2094244960482,42.2475697009949));
#9481=CARTESIAN_POINT('Ctrl Pts',(-0.939162271017899,17.2103325564837,42.2484005772909));
#9482=CARTESIAN_POINT('Ctrl Pts',(-0.93556301433501,17.2112508527131,42.2492451505108));
#9483=CARTESIAN_POINT('Ctrl Pts',(-0.920473249255099,17.2151007794055,42.252785995914));
#9484=CARTESIAN_POINT('Ctrl Pts',(-0.905468799429965,17.2191567091566,42.2565775666249));
#9485=CARTESIAN_POINT('Ctrl Pts',(-0.890577946793937,17.2233948801456,42.2606092614253));
#9486=CARTESIAN_POINT('',(-0.674884397087833,17.188366651039,42.3393561664927));
#9487=CARTESIAN_POINT('Ctrl Pts',(-0.890577946793937,17.2233948801456,42.2606092614253));
#9488=CARTESIAN_POINT('Ctrl Pts',(-0.865447621320975,17.2146787991526,42.2663064370125));
#9489=CARTESIAN_POINT('Ctrl Pts',(-0.840224787614995,17.207459105506,42.2732750644258));
#9490=CARTESIAN_POINT('Ctrl Pts',(-0.814903040390812,17.2018725651004,42.2815154984128));
#9491=CARTESIAN_POINT('Ctrl Pts',(-0.811475015863,17.2011162666758,42.2826310774278));
#9492=CARTESIAN_POINT('Ctrl Pts',(-0.808045187682382,17.2003898235786,42.2837699764687));
#9493=CARTESIAN_POINT('Ctrl Pts',(-0.804613547520046,17.1996935070983,42.2849322129023));
#9494=CARTESIAN_POINT('Ctrl Pts',(-0.801441605105938,17.1990498860679,42.2860064942559));
#9495=CARTESIAN_POINT('Ctrl Pts',(-0.798268114598513,17.1984320042018,42.2871007144459));
#9496=CARTESIAN_POINT('Ctrl Pts',(-0.795093062548275,17.1978400654299,42.2882148733505));
#9497=CARTESIAN_POINT('Ctrl Pts',(-0.773697004067108,17.1938511051297,42.2957229735967));
#9498=CARTESIAN_POINT('Ctrl Pts',(-0.752503940978671,17.1910923912816,42.3040396410171));
#9499=CARTESIAN_POINT('Ctrl Pts',(-0.731536760307776,17.1895725305002,42.313094734507));
#9500=CARTESIAN_POINT('Ctrl Pts',(-0.712498361296174,17.1881924824885,42.3213168453217));
#9501=CARTESIAN_POINT('Ctrl Pts',(-0.693645828744191,17.1878332457626,42.3301473761004));
#9502=CARTESIAN_POINT('Ctrl Pts',(-0.67498639617842,17.1884689846664,42.3395496873852));
#9503=CARTESIAN_POINT('',(-0.674833946049379,17.1884313309296,39.66074855893));
#9504=CARTESIAN_POINT('Ctrl Pts',(-0.67498639617842,17.1884689846664,42.3395496873852));
#9505=CARTESIAN_POINT('Ctrl Pts',(-0.699661518347069,17.0202725816302,42.327116127104));
#9506=CARTESIAN_POINT('Ctrl Pts',(-0.784654311465615,16.706134840361,42.2822782191724));
#9507=CARTESIAN_POINT('Ctrl Pts',(-0.996377932344583,16.1556411116151,42.1356321374146));
#9508=CARTESIAN_POINT('Ctrl Pts',(-1.21457118326215,15.6804593941686,41.9096306187355));
#9509=CARTESIAN_POINT('Ctrl Pts',(-1.36502685506415,15.358310284108,41.6341837135064));
#9510=CARTESIAN_POINT('Ctrl Pts',(-1.42365034418794,15.2344822154089,41.4768638895323));
#9511=CARTESIAN_POINT('Ctrl Pts',(-1.45113486096203,15.1762994009273,41.3820727934923));
#9512=CARTESIAN_POINT('Ctrl Pts',(-1.48590762261443,15.1029289496379,41.2353756080641));
#9513=CARTESIAN_POINT('Ctrl Pts',(-1.51129532638783,15.0492192309149,41.000412275258));
#9514=CARTESIAN_POINT('Ctrl Pts',(-1.46608417733531,15.144813670489,40.5811225543283));
#9515=CARTESIAN_POINT('Ctrl Pts',(-1.3274418259765,15.4366328811853,40.275201335558));
#9516=CARTESIAN_POINT('Ctrl Pts',(-1.13293164444444,15.8591003389246,40.00596382848));
#9517=CARTESIAN_POINT('Ctrl Pts',(-0.969816624891216,16.2244002733061,39.8458138444922));
#9518=CARTESIAN_POINT('Ctrl Pts',(-0.784683594649132,16.7065069826074,39.7177964255384));
#9519=CARTESIAN_POINT('Ctrl Pts',(-0.699662602200819,17.02026519361,39.6728844190395));
#9520=CARTESIAN_POINT('Ctrl Pts',(-0.674986396178417,17.1884689846664,39.6604503126146));
#9521=CARTESIAN_POINT('Ctrl Pts',(-0.674986396178418,17.1884689846664,39.6604503126146));
#9522=CARTESIAN_POINT('Ctrl Pts',(-0.69555616820086,17.187768159265,39.6708152258526));
#9523=CARTESIAN_POINT('Ctrl Pts',(-0.716360805232997,17.1882774667332,39.6804857059131));
#9524=CARTESIAN_POINT('Ctrl Pts',(-0.737390030328308,17.1900291568804,39.6894112133382));
#9525=CARTESIAN_POINT('Ctrl Pts',(-0.756445391483161,17.1916164283197,39.6974989467999));
#9526=CARTESIAN_POINT('Ctrl Pts',(-0.77568518019945,17.194223299856,39.7049740758158));
#9527=CARTESIAN_POINT('Ctrl Pts',(-0.795091769047609,17.19784160852,39.7117837999891));
#9528=CARTESIAN_POINT('Ctrl Pts',(-0.798267281541478,17.1984336746713,39.7128980794929));
#9529=CARTESIAN_POINT('Ctrl Pts',(-0.801441231745776,17.1990516886264,39.7139924145277));
#9530=CARTESIAN_POINT('Ctrl Pts',(-0.804613633099301,17.1996954459155,39.7150668056922));
#9531=CARTESIAN_POINT('Ctrl Pts',(-0.829990214464098,17.2048449706466,39.7236610444935));
#9532=CARTESIAN_POINT('Ctrl Pts',(-0.855267247092695,17.2116456965301,39.7309800983782));
#9533=CARTESIAN_POINT('Ctrl Pts',(-0.880450311497053,17.2199672844249,39.7370254816585));
#9534=CARTESIAN_POINT('Ctrl Pts',(-0.883827869649665,17.2210833776288,39.7378362897975));
#9535=CARTESIAN_POINT('Ctrl Pts',(-0.88720374710484,17.2222267525818,39.7386241773365));
#9536=CARTESIAN_POINT('Ctrl Pts',(-0.890577968292514,17.2233970205087,39.7393891447836));
#9537=CARTESIAN_POINT('Ctrl Pts',(1.04700337200246,17.4725757963017,42.4640228320615));
#9538=CARTESIAN_POINT('Ctrl Pts',(0.787219257792543,17.4861942121907,42.6499515611131));
#9539=CARTESIAN_POINT('Ctrl Pts',(0.0569350980835352,17.511353051179,42.9181199757611));
#9540=CARTESIAN_POINT('Ctrl Pts',(-0.700624553055797,17.4907336841538,42.7119278041303));
#9541=CARTESIAN_POINT('Ctrl Pts',(-1.0470033720025,17.4725757963017,42.4640228320615));
#9542=CARTESIAN_POINT('Ctrl Pts',(0.986027867557169,17.375429614672,42.3847220141728));
#9543=CARTESIAN_POINT('Ctrl Pts',(0.740607353677185,17.3876477221048,42.5595775166593));
#9544=CARTESIAN_POINT('Ctrl Pts',(0.0533536361074205,17.4101519717647,42.810414913997));
#9545=CARTESIAN_POINT('Ctrl Pts',(-0.65880051571709,17.3917204245824,42.6178626841549));
#9546=CARTESIAN_POINT('Ctrl Pts',(-0.986027867557209,17.375429614672,42.3847220141728));
#9547=CARTESIAN_POINT('Ctrl Pts',(0.925052363111877,17.2782834330424,42.3054211962842));
#9548=CARTESIAN_POINT('Ctrl Pts',(0.693995449561827,17.2891012320189,42.4692034722056));
#9549=CARTESIAN_POINT('Ctrl Pts',(0.049772174131304,17.3089508923503,42.7027098522329));
#9550=CARTESIAN_POINT('Ctrl Pts',(-0.616976478378383,17.292707165011,42.5237975641795));
#9551=CARTESIAN_POINT('Ctrl Pts',(-0.925052363111916,17.2782834330424,42.3054211962841));
#9552=CARTESIAN_POINT('Ctrl Pts',(0.864076858666586,17.1811372514127,42.2261203783955));
#9553=CARTESIAN_POINT('Ctrl Pts',(0.64738354544647,17.1905547419329,42.3788294277519));
#9554=CARTESIAN_POINT('Ctrl Pts',(0.0461907121551896,17.2077498129359,42.5950047904689));
#9555=CARTESIAN_POINT('Ctrl Pts',(-0.575152441039676,17.1936939054396,42.4297324442041));
#9556=CARTESIAN_POINT('Ctrl Pts',(-0.864076858666623,17.1811372514127,42.2261203783955));
#9557=CARTESIAN_POINT('',(-0.914955581432692,17.4789677308573,42.5497616114049));
#9558=CARTESIAN_POINT('Ctrl Pts',(-0.915388435011184,17.4789730894783,42.5495803191923));
#9559=CARTESIAN_POINT('Ctrl Pts',(-0.912776988146389,17.4329981612967,42.4977749335129));
#9560=CARTESIAN_POINT('Ctrl Pts',(-0.909199047098096,17.3870105195508,42.445870661803));
#9561=CARTESIAN_POINT('Ctrl Pts',(-0.904636054750841,17.3411335347527,42.3939806290436));
#9562=CARTESIAN_POINT('Ctrl Pts',(-0.904287462247347,17.3376287353214,42.3900164592512));
#9563=CARTESIAN_POINT('Ctrl Pts',(-0.903933100104904,17.3341245847339,42.3860523863223));
#9564=CARTESIAN_POINT('Ctrl Pts',(-0.903572950314527,17.3306211395142,42.382088467696));
#9565=CARTESIAN_POINT('Ctrl Pts',(-0.899895606806689,17.2948488806426,42.3416145015427));
#9566=CARTESIAN_POINT('Ctrl Pts',(-0.895580810350659,17.2590796887679,42.3010925113206));
#9567=CARTESIAN_POINT('Ctrl Pts',(-0.890592429942719,17.2233818630272,42.2606048243745));
#9568=CARTESIAN_POINT('',(0.914908186341337,17.4790318093908,42.5498184119616));
#9569=CARTESIAN_POINT('Ctrl Pts',(-0.914926287341438,17.4789938539868,42.5498521915517));
#9570=CARTESIAN_POINT('Ctrl Pts',(-0.593863812414709,17.4934153360674,42.738661587982));
#9571=CARTESIAN_POINT('Ctrl Pts',(0.0552696887467868,17.5083539600686,42.8870417295096));
#9572=CARTESIAN_POINT('Ctrl Pts',(0.684274468931633,17.4895092611181,42.6853540488709));
#9573=CARTESIAN_POINT('Ctrl Pts',(0.914908186341337,17.4790318093908,42.5498184119616));
#9574=CARTESIAN_POINT('',(0.890592429943365,17.2233818630282,42.2606048243752));
#9575=CARTESIAN_POINT('Ctrl Pts',(0.91505752892465,17.4790250243084,42.5497306385454));
#9576=CARTESIAN_POINT('Ctrl Pts',(0.912563275605936,17.4331491706086,42.4980037956468));
#9577=CARTESIAN_POINT('Ctrl Pts',(0.909083786681956,17.3872647925675,42.4461919937217));
#9578=CARTESIAN_POINT('Ctrl Pts',(0.904594567706813,17.341494926489,42.3944085506298));
#9579=CARTESIAN_POINT('Ctrl Pts',(0.904213091009782,17.3376055779337,42.3900081912486));
#9580=CARTESIAN_POINT('Ctrl Pts',(0.903824296880829,17.3337170597248,42.3856080524724));
#9581=CARTESIAN_POINT('Ctrl Pts',(0.903428156370545,17.3298294492949,42.3812082128236));
#9582=CARTESIAN_POINT('Ctrl Pts',(0.899809631989034,17.2943182789876,42.3410181120116));
#9583=CARTESIAN_POINT('Ctrl Pts',(0.895543781417007,17.258813485586,42.3007904787588));
#9584=CARTESIAN_POINT('Ctrl Pts',(0.890592429942763,17.2233818630273,42.2606048243746));
#9585=CARTESIAN_POINT('',(0.674986396178409,17.1884689846664,42.3395496873852));
#9586=CARTESIAN_POINT('Ctrl Pts',(0.675558337763754,17.1884068192178,42.3388879612597));
#9587=CARTESIAN_POINT('Ctrl Pts',(0.701557748870643,17.1875272547729,42.3258392497468));
#9588=CARTESIAN_POINT('Ctrl Pts',(0.727985897529524,17.1886244057134,42.3139110181507));
#9589=CARTESIAN_POINT('Ctrl Pts',(0.754826415744528,17.1917229776503,42.3031854408965));
#9590=CARTESIAN_POINT('Ctrl Pts',(0.76814690882715,17.1932607462478,42.2978625191676));
#9591=CARTESIAN_POINT('Ctrl Pts',(0.781569015733263,17.1952914656342,42.2928365151464));
#9592=CARTESIAN_POINT('Ctrl Pts',(0.795090248269297,17.1978182982979,42.2881223871954));
#9593=CARTESIAN_POINT('Ctrl Pts',(0.817872505366182,17.202075820771,42.2801794371217));
#9594=CARTESIAN_POINT('Ctrl Pts',(0.840615208867613,17.2076790226867,42.273230350042));
#9595=CARTESIAN_POINT('Ctrl Pts',(0.863289818450957,17.2145272930242,42.2672844634185));
#9596=CARTESIAN_POINT('Ctrl Pts',(0.872403270318171,17.2172797718207,42.264894673581));
#9597=CARTESIAN_POINT('Ctrl Pts',(0.881505307331425,17.2202334190103,42.2626673514555));
#9598=CARTESIAN_POINT('Ctrl Pts',(0.89059242993251,17.2233818630096,42.2606048243595));
#9599=CARTESIAN_POINT('Ctrl Pts',(0.674833879847694,17.1884313149077,42.3392513111998));
#9600=CARTESIAN_POINT('Ctrl Pts',(0.503969818692472,17.1942056168586,42.4248900690088));
#9601=CARTESIAN_POINT('Ctrl Pts',(0.0443268554275187,17.2044670497243,42.5549329661548));
#9602=CARTESIAN_POINT('Ctrl Pts',(-0.427001330665524,17.1966059590217,42.4637733465149));
#9603=CARTESIAN_POINT('Ctrl Pts',(-0.674884397087833,17.188366651039,42.3393561664927));
#9604=CARTESIAN_POINT('Origin',(0.,-2.50000000000001,42.382));
#9605=CARTESIAN_POINT('',(1.22932165498871,17.1637785170712,42.214));
#9606=CARTESIAN_POINT('Origin',(0.,-2.50000000000001,42.214));
#9607=CARTESIAN_POINT('Ctrl Pts',(0.890592429943365,17.2233818630282,42.2606048243752));
#9608=CARTESIAN_POINT('Ctrl Pts',(0.895669830978894,17.2219331484424,42.2592305008305));
#9609=CARTESIAN_POINT('Ctrl Pts',(0.900760162762373,17.2205067924353,42.2578842954617));
#9610=CARTESIAN_POINT('Ctrl Pts',(1.01552183739327,17.1889342258179,42.2282444690126));
#9611=CARTESIAN_POINT('Ctrl Pts',(1.12693134526172,17.1701796583828,42.214));
#9612=CARTESIAN_POINT('Ctrl Pts',(1.22932165498874,17.1637785170712,42.214));
#9613=CARTESIAN_POINT('',(20.,-2.50000000000002,42.5499999999999));
#9614=CARTESIAN_POINT('Origin',(0.,-2.50000000000001,42.5499999999999));
#9615=CARTESIAN_POINT('Origin',(0.,-2.50000000000001,42.5499999999999));
#9616=CARTESIAN_POINT('Origin',(0.,-2.50000000000001,40.9999999999999));
#9617=CARTESIAN_POINT('',(1.22932165497025,17.1637785170828,39.7859999999948));
#9618=CARTESIAN_POINT('Origin',(0.,-2.50000000000001,39.7859999999999));
#9619=CARTESIAN_POINT('Ctrl Pts',(1.2290929022565,17.1636777167378,42.214011039215));
#9620=CARTESIAN_POINT('Ctrl Pts',(1.26233668429929,17.1226473903211,42.2044676236076));
#9621=CARTESIAN_POINT('Ctrl Pts',(1.29959609727448,17.0826900739113,42.1932723507161));
#9622=CARTESIAN_POINT('Ctrl Pts',(1.33882830752576,17.0437431345999,42.1806950344111));
#9623=CARTESIAN_POINT('Ctrl Pts',(1.42409319306657,16.9590982394671,42.1533602646315));
#9624=CARTESIAN_POINT('Ctrl Pts',(1.5186739507439,16.8792251139065,42.1194957696449));
#9625=CARTESIAN_POINT('Ctrl Pts',(1.61496263837936,16.8023804392764,42.0794216829113));
#9626=CARTESIAN_POINT('Ctrl Pts',(1.65905536818837,16.7671915551101,42.061070868064));
#9627=CARTESIAN_POINT('Ctrl Pts',(1.70350693028784,16.7326379286373,42.0414182756198));
#9628=CARTESIAN_POINT('Ctrl Pts',(1.74789642909439,16.6988169294966,42.0204572238861));
#9629=CARTESIAN_POINT('Ctrl Pts',(1.80842882699169,16.6526964227933,41.9918733750479));
#9630=CARTESIAN_POINT('Ctrl Pts',(1.8690229712403,16.6077923913934,41.9607603351525));
#9631=CARTESIAN_POINT('Ctrl Pts',(1.92846415723334,16.5644638703574,41.9271359042613));
#9632=CARTESIAN_POINT('Ctrl Pts',(1.96812130098972,16.5355565503103,41.9047028241116));
#9633=CARTESIAN_POINT('Ctrl Pts',(2.00726464975256,16.5073501703318,41.8811527960697));
#9634=CARTESIAN_POINT('Ctrl Pts',(2.04553631477556,16.4799449232391,41.8565022499859));
#9635=CARTESIAN_POINT('Ctrl Pts',(2.09145847469645,16.4470613750865,41.8269240667864));
#9636=CARTESIAN_POINT('Ctrl Pts',(2.13612494500578,16.4153316225805,41.7957604330376));
#9637=CARTESIAN_POINT('Ctrl Pts',(2.17929816854569,16.3848071181158,41.7628021352759));
#9638=CARTESIAN_POINT('Ctrl Pts',(2.21254409540147,16.3613014504929,41.7374223033608));
#9639=CARTESIAN_POINT('Ctrl Pts',(2.24490416519874,16.338510751035,41.7109790638413));
#9640=CARTESIAN_POINT('Ctrl Pts',(2.27600264003504,16.3166742228042,41.6835720936658));
#9641=CARTESIAN_POINT('Ctrl Pts',(2.32187493340311,16.2844639091339,41.6431450121824));
#9642=CARTESIAN_POINT('Ctrl Pts',(2.36518397481189,16.2541812831856,41.6004369605859));
#9643=CARTESIAN_POINT('Ctrl Pts',(2.40483313860622,16.2265434475305,41.5555887202572));
#9644=CARTESIAN_POINT('Ctrl Pts',(2.43869809198751,16.2029375520601,41.5172831565928));
#9645=CARTESIAN_POINT('Ctrl Pts',(2.46989355696174,16.1812608925862,41.4774162120997));
#9646=CARTESIAN_POINT('Ctrl Pts',(2.4977061382053,16.1619791692887,41.4360638765911));
#9647=CARTESIAN_POINT('Ctrl Pts',(2.516856802803,16.1487025225616,41.4075902624119));
#9648=CARTESIAN_POINT('Ctrl Pts',(2.53440302426186,16.1365616830757,41.3784121920308));
#9649=CARTESIAN_POINT('Ctrl Pts',(2.550099901699,16.1257161950919,41.3485504799212));
#9650=CARTESIAN_POINT('Ctrl Pts',(2.56101941723531,16.1181715432964,41.327777212714));
#9651=CARTESIAN_POINT('Ctrl Pts',(2.57100735906592,16.1112721843507,41.3067179615391));
#9652=CARTESIAN_POINT('Ctrl Pts',(2.57998800694301,16.1050664889578,41.2853873699031));
#9653=CARTESIAN_POINT('Ctrl Pts',(2.60604777860787,16.087058990259,41.2234909059599));
#9654=CARTESIAN_POINT('Ctrl Pts',(2.62362750915143,16.074891445913,41.1593135582298));
#9655=CARTESIAN_POINT('Ctrl Pts',(2.63251281582392,16.0687328514719,41.094465115934));
#9656=CARTESIAN_POINT('Ctrl Pts',(2.63600916247815,16.0663094594763,41.0689474109622));
#9657=CARTESIAN_POINT('Ctrl Pts',(2.63815908092723,16.0648165885106,41.0433252597732));
#9658=CARTESIAN_POINT('Ctrl Pts',(2.63894868511039,16.0642650132669,41.0176947331613));
#9659=CARTESIAN_POINT('Ctrl Pts',(2.63998930783215,16.0635380899,40.9839161527892));
#9660=CARTESIAN_POINT('Ctrl Pts',(2.63850476359588,16.0644690688427,40.9500187815117));
#9661=CARTESIAN_POINT('Ctrl Pts',(2.6345480853598,16.0670872789229,40.9162898232455));
#9662=CARTESIAN_POINT('Ctrl Pts',(2.63022016414237,16.0699511476233,40.8793961802926));
#9663=CARTESIAN_POINT('Ctrl Pts',(2.6229352341927,16.074832472245,40.842705001512));
#9664=CARTESIAN_POINT('Ctrl Pts',(2.61279205456459,16.0817494268676,40.8065341999929));
#9665=CARTESIAN_POINT('Ctrl Pts',(2.60406978324009,16.0876974192299,40.7754303887186));
#9666=CARTESIAN_POINT('Ctrl Pts',(2.59323508165001,16.0951495546492,40.7447096510099));
#9667=CARTESIAN_POINT('Ctrl Pts',(2.58035648115305,16.1041204466265,40.7145439555517));
#9668=CARTESIAN_POINT('Ctrl Pts',(2.57618933459316,16.1070231705406,40.7047831997859));
#9669=CARTESIAN_POINT('Ctrl Pts',(2.57180819397673,16.1100849935614,40.6950803961271));
#9670=CARTESIAN_POINT('Ctrl Pts',(2.56725089987909,16.1132827157341,40.6854349446114));
#9671=CARTESIAN_POINT('Ctrl Pts',(2.5610924994358,16.117603888172,40.6724007731015));
#9672=CARTESIAN_POINT('Ctrl Pts',(2.55455358334859,16.1221815497978,40.6594727666282));
#9673=CARTESIAN_POINT('Ctrl Pts',(2.54772151303976,16.1269578767677,40.6466528478811));
#9674=CARTESIAN_POINT('Ctrl Pts',(2.5358384333958,16.135265384042,40.6243550510764));
#9675=CARTESIAN_POINT('Ctrl Pts',(2.52306869968867,16.144173624643,40.6023843978573));
#9676=CARTESIAN_POINT('Ctrl Pts',(2.50930332473402,16.1537499852386,40.5807984147926));
#9677=CARTESIAN_POINT('Ctrl Pts',(2.48178687075984,16.1728927609666,40.5376488666368));
#9678=CARTESIAN_POINT('Ctrl Pts',(2.45029207855503,16.1947046766645,40.496038380125));
#9679=CARTESIAN_POINT('Ctrl Pts',(2.41594104600943,16.2185877868773,40.4561615152392));
#9680=CARTESIAN_POINT('Ctrl Pts',(2.38461134986549,16.2403702641564,40.4197920099444));
#9681=CARTESIAN_POINT('Ctrl Pts',(2.35090621516769,16.2638757543584,40.3848628837261));
#9682=CARTESIAN_POINT('Ctrl Pts',(2.31535898991236,16.2887898159492,40.351358376506));
#9683=CARTESIAN_POINT('Ctrl Pts',(2.27293695274147,16.3185222420188,40.3113741178059));
#9684=CARTESIAN_POINT('Ctrl Pts',(2.22781134588879,16.3502801797822,40.2734069674488));
#9685=CARTESIAN_POINT('Ctrl Pts',(2.18075262485245,16.3835278881124,40.2374707366318));
#9686=CARTESIAN_POINT('Ctrl Pts',(2.10880912906864,16.4343570715539,40.1825313329819));
#9687=CARTESIAN_POINT('Ctrl Pts',(2.03234628657655,16.488668300326,40.1323411450276));
#9688=CARTESIAN_POINT('Ctrl Pts',(1.9537079490079,16.5458060117413,40.0867227562193));
#9689=CARTESIAN_POINT('Ctrl Pts',(1.90832478926067,16.578780893522,40.0603958183578));
#9690=CARTESIAN_POINT('Ctrl Pts',(1.86221787899989,16.6126966506786,40.035590797073));
#9691=CARTESIAN_POINT('Ctrl Pts',(1.81584166416747,16.647426184859,40.0122670020989));
#9692=CARTESIAN_POINT('Ctrl Pts',(1.74920769701944,16.6973260451214,39.9787550608229));
#9693=CARTESIAN_POINT('Ctrl Pts',(1.68203507148112,16.7489537439399,39.9482619272781));
#9694=CARTESIAN_POINT('Ctrl Pts',(1.61562876019716,16.8019716257377,39.920666328147));
#9695=CARTESIAN_POINT('Ctrl Pts',(1.52492940697023,16.8743847367139,39.8829755884461));
#9696=CARTESIAN_POINT('Ctrl Pts',(1.43565697143116,16.9493896835676,39.8506900287235));
#9697=CARTESIAN_POINT('Ctrl Pts',(1.3542809008376,17.0285701241006,39.8242141092926));
#9698=CARTESIAN_POINT('Ctrl Pts',(1.34917091068697,17.0335422402066,39.8225515605048));
#9699=CARTESIAN_POINT('Ctrl Pts',(1.34409207367913,17.0385308286226,39.8209119209973));
#9700=CARTESIAN_POINT('Ctrl Pts',(1.33904599883336,17.0435362849734,39.8192952914193));
#9701=CARTESIAN_POINT('Ctrl Pts',(1.30141227862551,17.0808670716896,39.8072384379093));
#9702=CARTESIAN_POINT('Ctrl Pts',(1.26560030412229,17.1191359565337,39.7964613573387));
#9703=CARTESIAN_POINT('Ctrl Pts',(1.23340120312565,17.1583868873463,39.7871916341297));
#9704=CARTESIAN_POINT('Ctrl Pts',(1.23195826124904,17.1601458436529,39.7867762289977));
#9705=CARTESIAN_POINT('Ctrl Pts',(1.23052244856974,17.1619069362089,39.7863638123519));
#9706=CARTESIAN_POINT('Ctrl Pts',(1.22909392656123,17.1636701753611,39.7859544052568));
#9707=CARTESIAN_POINT('Ctrl Pts',(0.674986396178409,17.1884689846664,39.6604503126146));
#9708=CARTESIAN_POINT('Ctrl Pts',(0.699661518347126,17.0202725816298,39.6728838728959));
#9709=CARTESIAN_POINT('Ctrl Pts',(0.784710406957905,16.7061165888056,39.7177141539934));
#9710=CARTESIAN_POINT('Ctrl Pts',(0.996566042336326,16.1555634134556,39.8643610438374));
#9711=CARTESIAN_POINT('Ctrl Pts',(1.21485790314977,15.6791159143095,40.0902305760135));
#9712=CARTESIAN_POINT('Ctrl Pts',(1.36529552071045,15.3572421077432,40.3657057382801));
#9713=CARTESIAN_POINT('Ctrl Pts',(1.42407057732101,15.2330901895273,40.5229879121575));
#9714=CARTESIAN_POINT('Ctrl Pts',(1.45140488988979,15.1752491701197,40.6178191283016));
#9715=CARTESIAN_POINT('Ctrl Pts',(1.51059327362483,15.0503283470984,40.8620046398957));
#9716=CARTESIAN_POINT('Ctrl Pts',(1.50699033947118,15.0582774056024,41.3310684833715));
#9717=CARTESIAN_POINT('Ctrl Pts',(1.3266878840034,15.4380323423111,41.7249477535297));
#9718=CARTESIAN_POINT('Ctrl Pts',(1.13279298881939,15.8591830156627,41.9940266784932));
#9719=CARTESIAN_POINT('Ctrl Pts',(0.969570506854219,16.2248849383278,42.1542452381679));
#9720=CARTESIAN_POINT('Ctrl Pts',(0.784658008719531,16.7065261113658,42.2822033462407));
#9721=CARTESIAN_POINT('Ctrl Pts',(0.699662602200812,17.02026519361,42.3271155809603));
#9722=CARTESIAN_POINT('Ctrl Pts',(0.67498639617841,17.1884689846665,42.3395496873852));
#9723=CARTESIAN_POINT('Ctrl Pts',(0.715077294340449,17.2007604031865,39.6806517363653));
#9724=CARTESIAN_POINT('Ctrl Pts',(0.741073061433565,17.0399265044345,39.6946775061562));
#9725=CARTESIAN_POINT('Ctrl Pts',(0.829885768495351,16.7398605429144,39.7450988537854));
#9726=CARTESIAN_POINT('Ctrl Pts',(1.04719358775789,16.2167640320316,39.9072356447535));
#9727=CARTESIAN_POINT('Ctrl Pts',(1.26048739441919,15.7714708818963,40.152168623569));
#9728=CARTESIAN_POINT('Ctrl Pts',(1.39298395777498,15.4817556087514,40.4280915257897));
#9729=CARTESIAN_POINT('Ctrl Pts',(1.44107728755852,15.373194316345,40.5769391364319));
#9730=CARTESIAN_POINT('Ctrl Pts',(1.46284269845168,15.3231099254291,40.6641588778704));
#9731=CARTESIAN_POINT('Ctrl Pts',(1.50737186109845,15.2172729543935,40.8849584287914));
#9732=CARTESIAN_POINT('Ctrl Pts',(1.50831148837631,15.2207782246921,41.275996850592));
#9733=CARTESIAN_POINT('Ctrl Pts',(1.36327442450099,15.5508546622441,41.6598094185346));
#9734=CARTESIAN_POINT('Ctrl Pts',(1.18072398987581,15.9394558977694,41.939607014462));
#9735=CARTESIAN_POINT('Ctrl Pts',(1.02007341124725,16.2820962483382,42.1130601852422));
#9736=CARTESIAN_POINT('Ctrl Pts',(0.829922006047852,16.7401853834065,42.2549175468731));
#9737=CARTESIAN_POINT('Ctrl Pts',(0.741074203296522,17.0399194398124,42.3053218777624));
#9738=CARTESIAN_POINT('Ctrl Pts',(0.715077294340449,17.2007604031865,42.3193482636346));
#9739=CARTESIAN_POINT('Ctrl Pts',(0.798188751187831,17.2253427064142,39.7152361697615));
#9740=CARTESIAN_POINT('Ctrl Pts',(0.827409232453206,17.0792334055307,39.7315539983293));
#9741=CARTESIAN_POINT('Ctrl Pts',(0.925958996894472,16.8073395331912,39.7900583764538));
#9742=CARTESIAN_POINT('Ctrl Pts',(1.16295789922828,16.3391249986657,39.974772245041));
#9743=CARTESIAN_POINT('Ctrl Pts',(1.38442451441728,15.9560518858264,40.2488066867726));
#9744=CARTESIAN_POINT('Ctrl Pts',(1.5035475473693,15.7304524180482,40.5264284533088));
#9745=CARTESIAN_POINT('Ctrl Pts',(1.54113893676781,15.6529468465263,40.662438587462));
#9746=CARTESIAN_POINT('Ctrl Pts',(1.55716638239291,15.6183107763768,40.7378103172699));
#9747=CARTESIAN_POINT('Ctrl Pts',(1.58538084034348,15.5504651478895,40.9218679750671));
#9748=CARTESIAN_POINT('Ctrl Pts',(1.5928165437165,15.5451389446261,41.1874549491336));
#9749=CARTESIAN_POINT('Ctrl Pts',(1.48329727141501,15.7762771015457,41.5577072398637));
#9750=CARTESIAN_POINT('Ctrl Pts',(1.30215775380767,16.0999132420732,41.8544813818561));
#9751=CARTESIAN_POINT('Ctrl Pts',(1.13422033023965,16.3964946296302,42.0479528565654));
#9752=CARTESIAN_POINT('Ctrl Pts',(0.926105257398121,16.8074961455949,42.2101196260947));
#9753=CARTESIAN_POINT('Ctrl Pts',(0.827410515961593,17.0792269876859,42.2684452849107));
#9754=CARTESIAN_POINT('Ctrl Pts',(0.798188751187831,17.2253427064142,42.2847638302384));
#9755=CARTESIAN_POINT('Ctrl Pts',(0.951054122703684,17.267525927684,39.7542489644194));
#9756=CARTESIAN_POINT('Ctrl Pts',(0.987388801356434,17.1465483126625,39.7711973329093));
#9757=CARTESIAN_POINT('Ctrl Pts',(1.10868464319732,16.9218590387794,39.8319196537554));
#9758=CARTESIAN_POINT('Ctrl Pts',(1.40332151962891,16.5400438129426,40.0224742359542));
#9759=CARTESIAN_POINT('Ctrl Pts',(1.6888999037967,16.2425401654784,40.3036630772215));
#9760=CARTESIAN_POINT('Ctrl Pts',(1.85504160831103,16.0901101959255,40.5770828519172));
#9761=CARTESIAN_POINT('Ctrl Pts',(1.91105020194634,16.0449649589178,40.7052043726833));
#9762=CARTESIAN_POINT('Ctrl Pts',(1.93566415019314,16.0260431716269,40.7741678409107));
#9763=CARTESIAN_POINT('Ctrl Pts',(1.98228407172461,15.9950602308038,40.9391941864025));
#9764=CARTESIAN_POINT('Ctrl Pts',(1.98893734600484,15.9833927046754,41.1459271934371));
#9765=CARTESIAN_POINT('Ctrl Pts',(1.82244420841061,16.1127754626282,41.5040295593047));
#9766=CARTESIAN_POINT('Ctrl Pts',(1.58245866937667,16.3536339364354,41.8025684833155));
#9767=CARTESIAN_POINT('Ctrl Pts',(1.36732816898116,16.5858709396105,42.0008278329038));
#9768=CARTESIAN_POINT('Ctrl Pts',(1.10879268934605,16.9218593519672,42.168327144575));
#9769=CARTESIAN_POINT('Ctrl Pts',(0.987390397355634,17.1465429987259,42.2288019226342));
#9770=CARTESIAN_POINT('Ctrl Pts',(0.951054122703685,17.267525927684,42.2457510355805));
#9771=CARTESIAN_POINT('Ctrl Pts',(1.06421479482746,17.2961734537753,39.7621946449077));
#9772=CARTESIAN_POINT('Ctrl Pts',(1.10639159248259,17.1920217065781,39.7764480121805));
#9773=CARTESIAN_POINT('Ctrl Pts',(1.24692803838166,16.9972513992211,39.8275972548205));
#9774=CARTESIAN_POINT('Ctrl Pts',(1.59495244798104,16.6602155867167,39.9905708386479));
#9775=CARTESIAN_POINT('Ctrl Pts',(1.95265076288465,16.383953625414,40.2341197257823));
#9776=CARTESIAN_POINT('Ctrl Pts',(2.19238585618149,16.2213244632945,40.4957688149508));
#9777=CARTESIAN_POINT('Ctrl Pts',(2.28343775560149,16.1651657352484,40.6316858238349));
#9778=CARTESIAN_POINT('Ctrl Pts',(2.32537904747097,16.140027430543,40.7097202752975));
#9779=CARTESIAN_POINT('Ctrl Pts',(2.41408794174668,16.0904258563899,40.9048049502692));
#9780=CARTESIAN_POINT('Ctrl Pts',(2.41174567229672,16.0870759655391,41.2283089991919));
#9781=CARTESIAN_POINT('Ctrl Pts',(2.13359932419642,16.2546417768853,41.5857917913654));
#9782=CARTESIAN_POINT('Ctrl Pts',(1.81837638626818,16.4877210471442,41.8573397535748));
#9783=CARTESIAN_POINT('Ctrl Pts',(1.55113422568637,16.7016328497165,42.029661271574));
#9784=CARTESIAN_POINT('Ctrl Pts',(1.24687261727155,16.9973618500031,42.172473601474));
#9785=CARTESIAN_POINT('Ctrl Pts',(1.10639344509662,17.1920171317171,42.2235513617408));
#9786=CARTESIAN_POINT('Ctrl Pts',(1.06421479482746,17.2961734537753,42.2378053550922));
#9787=CARTESIAN_POINT('Ctrl Pts',(1.13206159008839,17.3124521898923,39.7596762153839));
#9788=CARTESIAN_POINT('Ctrl Pts',(1.1777032277637,17.2177073025538,39.7711887711999));
#9789=CARTESIAN_POINT('Ctrl Pts',(1.32962735166663,17.038742528651,39.8126982907346));
#9790=CARTESIAN_POINT('Ctrl Pts',(1.70888217326144,16.7191902543896,39.9484824479976));
#9791=CARTESIAN_POINT('Ctrl Pts',(2.1074704787505,16.4346568727867,40.1576209037162));
#9792=CARTESIAN_POINT('Ctrl Pts',(2.38765244513597,16.2383461901116,40.4126904984075));
#9793=CARTESIAN_POINT('Ctrl Pts',(2.4978553795902,16.1619919916909,40.5583221408866));
#9794=CARTESIAN_POINT('Ctrl Pts',(2.54925279456779,16.1263239378822,40.6461288225015));
#9795=CARTESIAN_POINT('Ctrl Pts',(2.66092447673308,16.0489884064742,40.872226518422));
#9796=CARTESIAN_POINT('Ctrl Pts',(2.65365941395817,16.0542351037937,41.3065448920106));
#9797=CARTESIAN_POINT('Ctrl Pts',(2.31463934120873,16.2885147608903,41.6712479199349));
#9798=CARTESIAN_POINT('Ctrl Pts',(1.95745268797297,16.5422613689189,41.9203950726789));
#9799=CARTESIAN_POINT('Ctrl Pts',(1.66052640189155,16.7594812840851,42.0687455908962));
#9800=CARTESIAN_POINT('Ctrl Pts',(1.32948778268623,17.0390016757436,42.1872253205933));
#9801=CARTESIAN_POINT('Ctrl Pts',(1.17770523257067,17.2177031408887,42.2288107231114));
#9802=CARTESIAN_POINT('Ctrl Pts',(1.13206159008839,17.3124521898923,42.240323784616));
#9803=CARTESIAN_POINT('',(0.890592429943366,17.2233818630282,39.7393951756246));
#9804=CARTESIAN_POINT('Ctrl Pts',(1.22890889596542,17.1638986228696,39.7859013815808));
#9805=CARTESIAN_POINT('Ctrl Pts',(1.20802943548179,17.1652227955391,39.7859113121939));
#9806=CARTESIAN_POINT('Ctrl Pts',(1.18713881843185,17.1670351894521,39.7853244358091));
#9807=CARTESIAN_POINT('Ctrl Pts',(1.16636502668115,17.1692757532684,39.7842050830134));
#9808=CARTESIAN_POINT('Ctrl Pts',(1.16197784183534,17.1697489344642,39.7839686886333));
#9809=CARTESIAN_POINT('Ctrl Pts',(1.15759571614929,17.1702411087971,39.7837085668633));
#9810=CARTESIAN_POINT('Ctrl Pts',(1.1532196089429,17.1707515327497,39.7834253454939));
#9811=CARTESIAN_POINT('Ctrl Pts',(1.13233426187547,17.1731875748526,39.7820736472113));
#9812=CARTESIAN_POINT('Ctrl Pts',(1.11149408315956,17.1760523706823,39.7801892999526));
#9813=CARTESIAN_POINT('Ctrl Pts',(1.09080336923619,17.1793034264182,39.7778209226867));
#9814=CARTESIAN_POINT('Ctrl Pts',(1.08570265570006,17.1801048827653,39.7772370658887));
#9815=CARTESIAN_POINT('Ctrl Pts',(1.08061083861591,17.1809296534609,39.7766238099731));
#9816=CARTESIAN_POINT('Ctrl Pts',(1.07552911318402,17.1817767674932,39.7759818950267));
#9817=CARTESIAN_POINT('Ctrl Pts',(1.05373199288447,17.1854103062816,39.7732285197223));
#9818=CARTESIAN_POINT('Ctrl Pts',(1.03201041787619,17.1894630261906,39.7699352099547));
#9819=CARTESIAN_POINT('Ctrl Pts',(1.01045942102698,17.1939306005543,39.7661345773814));
#9820=CARTESIAN_POINT('Ctrl Pts',(0.988908424177761,17.198398174918,39.7623339448081));
#9821=CARTESIAN_POINT('Ctrl Pts',(0.967527757635319,17.203281241444,39.7580267360479));
#9822=CARTESIAN_POINT('Ctrl Pts',(0.946379429255985,17.2085324885907,39.7532450164821));
#9823=CARTESIAN_POINT('Ctrl Pts',(0.94276663519241,17.2094295653798,39.7524281496475));
#9824=CARTESIAN_POINT('Ctrl Pts',(0.93916054963766,17.2103372728671,39.7515974187411));
#9825=CARTESIAN_POINT('Ctrl Pts',(0.935561391285039,17.2112552331262,39.7507529846137));
#9826=CARTESIAN_POINT('Ctrl Pts',(0.92047203845146,17.2151037512741,39.7472127223508));
#9827=CARTESIAN_POINT('Ctrl Pts',(0.90546800845695,17.2191585750938,39.7434216221754));
#9828=CARTESIAN_POINT('Ctrl Pts',(0.890577453283651,17.223396014929,39.739390242472));
#9829=CARTESIAN_POINT('',(0.67498639617841,17.1884689846664,39.6604503126146));
#9830=CARTESIAN_POINT('Ctrl Pts',(0.89057745328365,17.223396014929,39.739390242472));
#9831=CARTESIAN_POINT('Ctrl Pts',(0.865417785211328,17.2146698346474,39.7336863955129));
#9832=CARTESIAN_POINT('Ctrl Pts',(0.840165505266886,17.2074433237043,39.7267082259667));
#9833=CARTESIAN_POINT('Ctrl Pts',(0.81481414471022,17.2018538347219,39.7184553220932));
#9834=CARTESIAN_POINT('Ctrl Pts',(0.811415606517874,17.2011045222052,39.7173489590264));
#9835=CARTESIAN_POINT('Ctrl Pts',(0.808015296434488,17.200384554618,39.7162196760423));
#9836=CARTESIAN_POINT('Ctrl Pts',(0.804613205997202,17.199694196817,39.7150674559552));
#9837=CARTESIAN_POINT('Ctrl Pts',(0.801441279676601,17.199050544298,39.7139931878578));
#9838=CARTESIAN_POINT('Ctrl Pts',(0.79826780575879,17.1984326305053,39.7128989812258));
#9839=CARTESIAN_POINT('Ctrl Pts',(0.795092770474952,17.1978406598671,39.7117848359817));
#9840=CARTESIAN_POINT('Ctrl Pts',(0.773706533535572,17.1938532949409,39.7042802346008));
#9841=CARTESIAN_POINT('Ctrl Pts',(0.752523106458458,17.191095074148,39.6959677980667));
#9842=CARTESIAN_POINT('Ctrl Pts',(0.731565281589733,17.1895746875734,39.6869175350086));
#9843=CARTESIAN_POINT('Ctrl Pts',(0.712517224793534,17.1881928452301,39.6786919712475));
#9844=CARTESIAN_POINT('Ctrl Pts',(0.693655153365735,17.1878329280667,39.6698573224879));
#9845=CARTESIAN_POINT('Ctrl Pts',(0.674986396178409,17.1884689846664,39.6604503126146));
#9846=CARTESIAN_POINT('Ctrl Pts',(0.674986396178409,17.1884689846664,39.6604503126146));
#9847=CARTESIAN_POINT('Ctrl Pts',(0.699661518347126,17.0202725816298,39.6728838728959));
#9848=CARTESIAN_POINT('Ctrl Pts',(0.784710406957905,16.7061165888056,39.7177141539934));
#9849=CARTESIAN_POINT('Ctrl Pts',(0.996566042336326,16.1555634134556,39.8643610438374));
#9850=CARTESIAN_POINT('Ctrl Pts',(1.21485790314977,15.6791159143095,40.0902305760135));
#9851=CARTESIAN_POINT('Ctrl Pts',(1.36529552071045,15.3572421077432,40.3657057382801));
#9852=CARTESIAN_POINT('Ctrl Pts',(1.42407057732101,15.2330901895273,40.5229879121575));
#9853=CARTESIAN_POINT('Ctrl Pts',(1.45140488988979,15.1752491701197,40.6178191283016));
#9854=CARTESIAN_POINT('Ctrl Pts',(1.51059327362483,15.0503283470984,40.8620046398957));
#9855=CARTESIAN_POINT('Ctrl Pts',(1.50699033947118,15.0582774056024,41.3310684833715));
#9856=CARTESIAN_POINT('Ctrl Pts',(1.3266878840034,15.4380323423111,41.7249477535297));
#9857=CARTESIAN_POINT('Ctrl Pts',(1.13279298881939,15.8591830156627,41.9940266784932));
#9858=CARTESIAN_POINT('Ctrl Pts',(0.969570506854219,16.2248849383278,42.1542452381679));
#9859=CARTESIAN_POINT('Ctrl Pts',(0.784658008719531,16.7065261113658,42.2822033462407));
#9860=CARTESIAN_POINT('Ctrl Pts',(0.699662602200812,17.02026519361,42.3271155809603));
#9861=CARTESIAN_POINT('Ctrl Pts',(0.67498639617841,17.1884689846665,42.3395496873852));
#9862=CARTESIAN_POINT('Origin',(2.11072915805054E-15,-17.2354115449459,
45.9999999999999));
#9863=CARTESIAN_POINT('',(1.77361193872636E-15,-15.,47.4999999999999));
#9864=CARTESIAN_POINT('',(2.29442617792264E-15,-17.2354115449459,47.4999999999999));
#9865=CARTESIAN_POINT('',(1.5,-14.9096736459909,45.9999999999999));
#9866=CARTESIAN_POINT('Ctrl Pts',(1.5,-14.9096736459909,45.9999999999999));
#9867=CARTESIAN_POINT('Ctrl Pts',(1.5,-14.9096736459909,46.1885391807631));
#9868=CARTESIAN_POINT('Ctrl Pts',(1.46228316094915,-14.9144135436962,46.3895200844808));
#9869=CARTESIAN_POINT('Ctrl Pts',(1.30914645082575,-14.9314951317171,46.7590346190388));
#9870=CARTESIAN_POINT('Ctrl Pts',(1.193736448868,-14.9435859388604,46.9275838946916));
#9871=CARTESIAN_POINT('Ctrl Pts',(0.927584837845973,-14.966251394983,47.1937355057136));
#9872=CARTESIAN_POINT('Ctrl Pts',(0.759035151523378,-14.9783041053298,47.309146246199));
#9873=CARTESIAN_POINT('Ctrl Pts',(0.389519229112744,-14.9952984148258,47.4622834993874));
#9874=CARTESIAN_POINT('Ctrl Pts',(0.188537844525422,-15.,47.4999999999999));
#9875=CARTESIAN_POINT('Ctrl Pts',(2.22044604925031E-15,-15.,47.4999999999999));
#9876=CARTESIAN_POINT('Ctrl Pts',(1.49186218934005E-15,-15.,47.4999999999999));
#9877=CARTESIAN_POINT('Ctrl Pts',(-0.188537844525418,-15.,47.4999999999999));
#9878=CARTESIAN_POINT('Ctrl Pts',(-0.389519229112728,-14.9952984148258,
47.4622834993874));
#9879=CARTESIAN_POINT('Ctrl Pts',(-0.759035151523369,-14.9783041053298,
47.309146246199));
#9880=CARTESIAN_POINT('Ctrl Pts',(-0.927584837845969,-14.966251394983,47.1937355057136));
#9881=CARTESIAN_POINT('Ctrl Pts',(-1.193736448868,-14.9435859388604,46.9275838946916));
#9882=CARTESIAN_POINT('Ctrl Pts',(-1.30914645082574,-14.9314951317171,46.7590346190388));
#9883=CARTESIAN_POINT('Ctrl Pts',(-1.46228316094914,-14.9144135436962,46.3895200844808));
#9884=CARTESIAN_POINT('Ctrl Pts',(-1.5,-14.9096736459909,46.1885391807631));
#9885=CARTESIAN_POINT('Ctrl Pts',(-1.5,-14.9096736459909,45.8114608192368));
#9886=CARTESIAN_POINT('Ctrl Pts',(-1.46228316094914,-14.9144135436962,45.6104799155191));
#9887=CARTESIAN_POINT('Ctrl Pts',(-1.30914645082574,-14.9314951317171,45.2409653809611));
#9888=CARTESIAN_POINT('Ctrl Pts',(-1.193736448868,-14.9435859388604,45.0724161053083));
#9889=CARTESIAN_POINT('Ctrl Pts',(-0.927584837845969,-14.966251394983,44.8062644942863));
#9890=CARTESIAN_POINT('Ctrl Pts',(-0.759035151523369,-14.9783041053298,
44.6908537538009));
#9891=CARTESIAN_POINT('Ctrl Pts',(-0.389519229112729,-14.9952984148258,
44.5377165006125));
#9892=CARTESIAN_POINT('Ctrl Pts',(-0.188537844525418,-15.,44.4999999999999));
#9893=CARTESIAN_POINT('Ctrl Pts',(0.188537844525421,-15.,44.4999999999999));
#9894=CARTESIAN_POINT('Ctrl Pts',(0.389519229112735,-14.9952984148258,44.5377165006125));
#9895=CARTESIAN_POINT('Ctrl Pts',(0.759035151523375,-14.9783041053298,44.6908537538009));
#9896=CARTESIAN_POINT('Ctrl Pts',(0.927584837845972,-14.966251394983,44.8062644942863));
#9897=CARTESIAN_POINT('Ctrl Pts',(1.193736448868,-14.9435859388604,45.0724161053083));
#9898=CARTESIAN_POINT('Ctrl Pts',(1.30914645082575,-14.9314951317171,45.2409653809611));
#9899=CARTESIAN_POINT('Ctrl Pts',(1.46228316094915,-14.9144135436962,45.6104799155191));
#9900=CARTESIAN_POINT('Ctrl Pts',(1.5,-14.9096736459909,45.8114608192368));
#9901=CARTESIAN_POINT('Ctrl Pts',(1.5,-14.9096736459909,45.9999999999999));
#9902=CARTESIAN_POINT('Ctrl Pts',(0.674816831617132,-22.1888816284255,44.6608193750915));
#9903=CARTESIAN_POINT('Ctrl Pts',(0.461997281921059,-22.1959491177908,44.5551380571552));
#9904=CARTESIAN_POINT('Ctrl Pts',(0.223530746538594,-22.2005528811231,44.4992443305781));
#9905=CARTESIAN_POINT('Ctrl Pts',(-0.223530746538581,-22.2005528811231,
44.4992443305781));
#9906=CARTESIAN_POINT('Ctrl Pts',(-0.461997281921041,-22.1959491177908,
44.5551380571552));
#9907=CARTESIAN_POINT('Ctrl Pts',(-0.67481683161712,-22.1888816284255,44.6608193750915));
#9908=CARTESIAN_POINT('Origin',(0.,-2.50000000000002,50.9999999999999));
#9909=CARTESIAN_POINT('',(20.,-2.50000000000001,48.9999999999999));
#9910=CARTESIAN_POINT('',(20.,-2.50000000000002,50.9999999999999));
#9911=CARTESIAN_POINT('Origin',(0.,-2.50000000000002,48.9999999999999));
#9912=CARTESIAN_POINT('Ctrl Pts',(1.04700337200248,-22.4725757963017,44.5359771679384));
#9913=CARTESIAN_POINT('Ctrl Pts',(0.743921905424167,-22.4884639481723,44.3190603173781));
#9914=CARTESIAN_POINT('Ctrl Pts',(0.356893845031043,-22.5000367494219,44.1997033639878));
#9915=CARTESIAN_POINT('Ctrl Pts',(-0.356893845031024,-22.5000367494219,
44.1997033639878));
#9916=CARTESIAN_POINT('Ctrl Pts',(-0.743921905424126,-22.4884639481723,
44.3190603173781));
#9917=CARTESIAN_POINT('Ctrl Pts',(-1.04700337200246,-22.4725757963017,44.5359771679384));
#9918=CARTESIAN_POINT('Ctrl Pts',(0.98602786755719,-22.375429614672,44.615277985827));
#9919=CARTESIAN_POINT('Ctrl Pts',(0.699485755888159,-22.3896294451459,44.411533235445));
#9920=CARTESIAN_POINT('Ctrl Pts',(0.335528734648724,-22.4000243109808,44.2997630456635));
#9921=CARTESIAN_POINT('Ctrl Pts',(-0.335528734648706,-22.4000243109808,
44.2997630456635));
#9922=CARTESIAN_POINT('Ctrl Pts',(-0.699485755888117,-22.3896294451459,
44.411533235445));
#9923=CARTESIAN_POINT('Ctrl Pts',(-0.986027867557171,-22.375429614672,44.615277985827));
#9924=CARTESIAN_POINT('Ctrl Pts',(0.925052363111898,-22.2782834330424,44.6945788037157));
#9925=CARTESIAN_POINT('Ctrl Pts',(0.655704142779083,-22.2909588267127,44.503246145955));
#9926=CARTESIAN_POINT('Ctrl Pts',(0.314179062485118,-22.3000365363798,44.3997136810849));
#9927=CARTESIAN_POINT('Ctrl Pts',(-0.314179062485097,-22.3000365363798,
44.3997136810849));
#9928=CARTESIAN_POINT('Ctrl Pts',(-0.655704142779047,-22.2909588267127,
44.503246145955));
#9929=CARTESIAN_POINT('Ctrl Pts',(-0.92505236311188,-22.2782834330424,44.6945788037157));
#9930=CARTESIAN_POINT('Ctrl Pts',(0.864076858666606,-22.1811372514127,44.7738796216044));
#9931=CARTESIAN_POINT('Ctrl Pts',(0.611267993243075,-22.1921243236863,44.5957190640219));
#9932=CARTESIAN_POINT('Ctrl Pts',(0.292813952102798,-22.2000240979387,44.4997733627605));
#9933=CARTESIAN_POINT('Ctrl Pts',(-0.292813952102779,-22.2000240979386,
44.4997733627605));
#9934=CARTESIAN_POINT('Ctrl Pts',(-0.611267993243038,-22.1921243236863,
44.5957190640218));
#9935=CARTESIAN_POINT('Ctrl Pts',(-0.864076858666589,-22.1811372514127,
44.7738796216044));
#9936=CARTESIAN_POINT('',(-0.914875222744361,-22.4790024536893,44.4504043843115));
#9937=CARTESIAN_POINT('Ctrl Pts',(-0.914477213045331,-22.479002445397,44.4503134439744));
#9938=CARTESIAN_POINT('Ctrl Pts',(-0.912384710251529,-22.4379981126537,
44.496566053612));
#9939=CARTESIAN_POINT('Ctrl Pts',(-0.909520081130044,-22.3969963906899,
44.5428404734861));
#9940=CARTESIAN_POINT('Ctrl Pts',(-0.905810129755694,-22.3560730582126,
44.5891106291575));
#9941=CARTESIAN_POINT('Ctrl Pts',(-0.905040829967726,-22.3475871488782,
44.5987052619049));
#9942=CARTESIAN_POINT('Ctrl Pts',(-0.904235156879249,-22.3391046466364,
44.6082995438059));
#9943=CARTESIAN_POINT('Ctrl Pts',(-0.903392468878844,-22.330626294942,44.6178929286841));
#9944=CARTESIAN_POINT('Ctrl Pts',(-0.900218883892774,-22.2986966013534,
44.6540218663224));
#9945=CARTESIAN_POINT('Ctrl Pts',(-0.896491013745629,-22.2667691257251,
44.6901915021274));
#9946=CARTESIAN_POINT('Ctrl Pts',(-0.892176362142451,-22.2348932525102,
44.7263395379273));
#9947=CARTESIAN_POINT('Ctrl Pts',(-0.8916568691294,-22.2310553311801,44.7306918365045));
#9948=CARTESIAN_POINT('Ctrl Pts',(-0.891128900820376,-22.227218169247,44.7350437680331));
#9949=CARTESIAN_POINT('Ctrl Pts',(-0.890592429942727,-22.2233818630272,
44.7393951756254));
#9950=CARTESIAN_POINT('',(0.914875222744372,-22.4790024536893,44.4504043843115));
#9951=CARTESIAN_POINT('Ctrl Pts',(-0.914740802430142,-22.4789906378558,
44.4504670669761));
#9952=CARTESIAN_POINT('Ctrl Pts',(-0.635872988554344,-22.4914845679075,
44.2879069292599));
#9953=CARTESIAN_POINT('Ctrl Pts',(-0.306802056122913,-22.5000367494219,
44.1997033639878));
#9954=CARTESIAN_POINT('Ctrl Pts',(0.306802056122925,-22.5000367494219,44.1997033639878));
#9955=CARTESIAN_POINT('Ctrl Pts',(0.635872988554367,-22.4914845679075,44.2879069292598));
#9956=CARTESIAN_POINT('Ctrl Pts',(0.914740802430153,-22.4789906378558,44.4504670669761));
#9957=CARTESIAN_POINT('Ctrl Pts',(0.91447721304534,-22.479002445397,44.4503134439744));
#9958=CARTESIAN_POINT('Ctrl Pts',(0.912386366205905,-22.438030562457,44.4965294504536));
#9959=CARTESIAN_POINT('Ctrl Pts',(0.909524558883217,-22.3970610458212,44.5427674739038));
#9960=CARTESIAN_POINT('Ctrl Pts',(0.905818849550178,-22.3561695036227,44.5890015700285));
#9961=CARTESIAN_POINT('Ctrl Pts',(0.905022701673902,-22.3473842181205,44.5989346689667));
#9962=CARTESIAN_POINT('Ctrl Pts',(0.904187573225071,-22.338602570538,44.6088674084056));
#9963=CARTESIAN_POINT('Ctrl Pts',(0.903312753383049,-22.329825386418,44.6187991805181));
#9964=CARTESIAN_POINT('Ctrl Pts',(0.900131324781674,-22.2979056890615,44.6549177301248));
#9965=CARTESIAN_POINT('Ctrl Pts',(0.896394972765464,-22.2659884331738,44.6910764261741));
#9966=CARTESIAN_POINT('Ctrl Pts',(0.892072043684329,-22.2341230209963,44.727213040939));
#9967=CARTESIAN_POINT('Ctrl Pts',(0.891586227246297,-22.2305419441963,44.7312741210858));
#9968=CARTESIAN_POINT('Ctrl Pts',(0.891093029736601,-22.2269615321029,44.7353348750778));
#9969=CARTESIAN_POINT('Ctrl Pts',(0.890592429942775,-22.2233818630273,44.7393951756253));
#9970=CARTESIAN_POINT('Origin',(0.,-2.50000000000001,44.6179999999999));
#9971=CARTESIAN_POINT('',(20.,-2.50000000000002,44.4499999999999));
#9972=CARTESIAN_POINT('Origin',(0.,-2.50000000000001,44.4499999999999));
#9973=CARTESIAN_POINT('Origin',(0.,-2.50000000000001,44.4499999999999));
#9974=CARTESIAN_POINT('Origin',(0.,-2.50000000000002,50.9999999999999));
#9975=CARTESIAN_POINT('',(20.,-2.50000000000002,50.9999999999999));
#9976=CARTESIAN_POINT('Origin',(-2.99681151695371E-15,12.2354115449459,
40.9999999999999));
#9977=CARTESIAN_POINT('',(4.83415060412162E-8,17.1999028117825,39.5004511106824));
#9978=CARTESIAN_POINT('Ctrl Pts',(4.83415060203995E-8,17.1999028117825,
39.5004511106824));
#9979=CARTESIAN_POINT('Ctrl Pts',(0.233240070424641,17.1997390063509,39.50058932762));
#9980=CARTESIAN_POINT('Ctrl Pts',(0.465436365998419,17.1953284558215,39.555517766122));
#9981=CARTESIAN_POINT('Ctrl Pts',(0.674884416007654,17.1883666592127,39.6606437967683));
#9982=CARTESIAN_POINT('',(-2.46853536571344E-15,9.99999999999998,39.4999999999999));
#9983=CARTESIAN_POINT('',(-2.81311449708161E-15,12.2354115449459,39.4999999999999));
#9984=CARTESIAN_POINT('',(-1.5,9.90967364599084,41.0000000000001));
#9985=CARTESIAN_POINT('Ctrl Pts',(-1.5,9.90967364599084,40.9999999999999));
#9986=CARTESIAN_POINT('Ctrl Pts',(-1.5,9.90967364599084,41.1885391807631));
#9987=CARTESIAN_POINT('Ctrl Pts',(-1.46228316094915,9.9144135436962,41.3895200844808));
#9988=CARTESIAN_POINT('Ctrl Pts',(-1.30914645082575,9.93149513171706,41.7590346190388));
#9989=CARTESIAN_POINT('Ctrl Pts',(-1.193736448868,9.94358593886034,41.9275838946916));
#9990=CARTESIAN_POINT('Ctrl Pts',(-0.927584837845974,9.96625139498296,42.1937355057136));
#9991=CARTESIAN_POINT('Ctrl Pts',(-0.759035151523378,9.97830410532978,42.309146246199));
#9992=CARTESIAN_POINT('Ctrl Pts',(-0.389519229112745,9.99529841482578,42.4622834993874));
#9993=CARTESIAN_POINT('Ctrl Pts',(-0.188537844525422,9.99999999999998,42.4999999999999));
#9994=CARTESIAN_POINT('Ctrl Pts',(0.188537844525417,9.99999999999998,42.4999999999999));
#9995=CARTESIAN_POINT('Ctrl Pts',(0.389519229112734,9.99529841482578,42.4622834993874));
#9996=CARTESIAN_POINT('Ctrl Pts',(0.759035151523374,9.97830410532978,42.309146246199));
#9997=CARTESIAN_POINT('Ctrl Pts',(0.927584837845969,9.96625139498296,42.1937355057136));
#9998=CARTESIAN_POINT('Ctrl Pts',(1.193736448868,9.94358593886034,41.9275838946916));
#9999=CARTESIAN_POINT('Ctrl Pts',(1.30914645082574,9.93149513171706,41.7590346190388));
#10000=CARTESIAN_POINT('Ctrl Pts',(1.46228316094914,9.9144135436962,41.3895200844808));
#10001=CARTESIAN_POINT('Ctrl Pts',(1.5,9.90967364599084,41.1885391807631));
#10002=CARTESIAN_POINT('Ctrl Pts',(1.5,9.90967364599084,40.8114608192368));
#10003=CARTESIAN_POINT('Ctrl Pts',(1.46228316094914,9.9144135436962,40.610479915519));
#10004=CARTESIAN_POINT('Ctrl Pts',(1.30914645082574,9.93149513171706,40.2409653809611));
#10005=CARTESIAN_POINT('Ctrl Pts',(1.193736448868,9.94358593886034,40.0724161053083));
#10006=CARTESIAN_POINT('Ctrl Pts',(0.92758483784597,9.96625139498296,39.8062644942863));
#10007=CARTESIAN_POINT('Ctrl Pts',(0.759035151523373,9.97830410532978,39.6908537538009));
#10008=CARTESIAN_POINT('Ctrl Pts',(0.389519229112736,9.99529841482578,39.5377165006125));
#10009=CARTESIAN_POINT('Ctrl Pts',(0.188537844525417,9.99999999999998,39.4999999999999));
#10010=CARTESIAN_POINT('Ctrl Pts',(-2.56739074444567E-15,9.99999999999998,
39.4999999999999));
#10011=CARTESIAN_POINT('Ctrl Pts',(-2.74086309204336E-15,9.99999999999998,
39.4999999999999));
#10012=CARTESIAN_POINT('Ctrl Pts',(-0.188537844525422,9.99999999999998,
39.4999999999999));
#10013=CARTESIAN_POINT('Ctrl Pts',(-0.389519229112735,9.99529841482578,
39.5377165006125));
#10014=CARTESIAN_POINT('Ctrl Pts',(-0.759035151523373,9.97830410532978,
39.6908537538009));
#10015=CARTESIAN_POINT('Ctrl Pts',(-0.927584837845974,9.96625139498296,
39.8062644942863));
#10016=CARTESIAN_POINT('Ctrl Pts',(-1.193736448868,9.94358593886034,40.0724161053083));
#10017=CARTESIAN_POINT('Ctrl Pts',(-1.30914645082575,9.93149513171706,40.2409653809611));
#10018=CARTESIAN_POINT('Ctrl Pts',(-1.46228316094915,9.9144135436962,40.6104799155191));
#10019=CARTESIAN_POINT('Ctrl Pts',(-1.5,9.90967364599084,40.8114608192368));
#10020=CARTESIAN_POINT('Ctrl Pts',(-1.5,9.90967364599084,40.9999999999999));
#10021=CARTESIAN_POINT('Ctrl Pts',(-0.674833946049379,17.1884313309296,
39.66074855893));
#10022=CARTESIAN_POINT('Ctrl Pts',(-0.503970055132427,17.1942056551854,
39.5751096390124));
#10023=CARTESIAN_POINT('Ctrl Pts',(-0.274837706836173,17.1993210467274,
39.510282669473));
#10024=CARTESIAN_POINT('Ctrl Pts',(-0.0428011748682847,17.1999328712585,
39.5004257468793));
#10025=CARTESIAN_POINT('Ctrl Pts',(4.83415060203995E-8,17.1999028117825,
39.5004511106824));
#10026=CARTESIAN_POINT('Ctrl Pts',(-1.0470033720025,17.4725757963017,39.5359771679384));
#10027=CARTESIAN_POINT('Ctrl Pts',(-0.78721925779251,17.4861942121908,39.3500484388868));
#10028=CARTESIAN_POINT('Ctrl Pts',(-0.0569366661676735,17.511353313429,
39.081878283526));
#10029=CARTESIAN_POINT('Ctrl Pts',(0.700624553055795,17.4907336841538,39.2880721958695));
#10030=CARTESIAN_POINT('Ctrl Pts',(1.04700337200246,17.4725757963017,39.5359771679384));
#10031=CARTESIAN_POINT('Ctrl Pts',(-0.986027867557206,17.375429614672,39.6152779858271));
#10032=CARTESIAN_POINT('Ctrl Pts',(-0.740607353677155,17.3876477221048,
39.4404224833405));
#10033=CARTESIAN_POINT('Ctrl Pts',(-0.0533551000642601,17.410152206556,
39.1895834735883));
#10034=CARTESIAN_POINT('Ctrl Pts',(0.65880051571709,17.3917204245824,39.382137315845));
#10035=CARTESIAN_POINT('Ctrl Pts',(0.986027867557174,17.375429614672,39.615277985827));
#10036=CARTESIAN_POINT('Ctrl Pts',(-0.925052363111913,17.2782834330424,
39.6945788037157));
#10037=CARTESIAN_POINT('Ctrl Pts',(-0.693995449561801,17.2891012320189,
39.5307965277942));
#10038=CARTESIAN_POINT('Ctrl Pts',(-0.0497735339608482,17.308951099683,
39.2972886636505));
#10039=CARTESIAN_POINT('Ctrl Pts',(0.616976478378383,17.292707165011,39.4762024358204));
#10040=CARTESIAN_POINT('Ctrl Pts',(0.925052363111884,17.2782834330424,39.6945788037157));
#10041=CARTESIAN_POINT('Ctrl Pts',(-0.864076858666621,17.1811372514127,
39.7738796216044));
#10042=CARTESIAN_POINT('Ctrl Pts',(-0.647383545446446,17.1905547419329,
39.6211705722479));
#10043=CARTESIAN_POINT('Ctrl Pts',(-0.0461919678574351,17.20774999281,39.4049938537128));
#10044=CARTESIAN_POINT('Ctrl Pts',(0.575152441039677,17.1936939054396,39.5702675557958));
#10045=CARTESIAN_POINT('Ctrl Pts',(0.864076858666594,17.1811372514127,39.7738796216044));
#10046=CARTESIAN_POINT('',(0.914955600827684,17.4789677379162,39.4502383683805));
#10047=CARTESIAN_POINT('Ctrl Pts',(0.915388397888044,17.4789730956869,39.4504196395976));
#10048=CARTESIAN_POINT('Ctrl Pts',(0.912776964875303,17.4329981862949,39.5022250157859));
#10049=CARTESIAN_POINT('Ctrl Pts',(0.909199035679178,17.3870105639401,39.5541292745789));
#10050=CARTESIAN_POINT('Ctrl Pts',(0.90463605266524,17.3411335989848,39.6060192906324));
#10051=CARTESIAN_POINT('Ctrl Pts',(0.904287458629437,17.3376287784945,39.6099834846824));
#10052=CARTESIAN_POINT('Ctrl Pts',(0.90393309486565,17.3341246068589,39.6139475818456));
#10053=CARTESIAN_POINT('Ctrl Pts',(0.903572943364307,17.3306211406031,39.6179115246814));
#10054=CARTESIAN_POINT('Ctrl Pts',(0.899895604391704,17.2948488810019,39.6583854958328));
#10055=CARTESIAN_POINT('Ctrl Pts',(0.895580810350692,17.2590796887683,39.6989074886788));
#10056=CARTESIAN_POINT('Ctrl Pts',(0.890592429942701,17.2233818630272,39.7393951756254));
#10057=CARTESIAN_POINT('',(-0.914908222712038,17.4790318181289,39.4501815264652));
#10058=CARTESIAN_POINT('Ctrl Pts',(0.914926295965609,17.47899385817,39.4501477940148));
#10059=CARTESIAN_POINT('Ctrl Pts',(0.59386364290157,17.49341536963,39.2613381919835));
#10060=CARTESIAN_POINT('Ctrl Pts',(-0.0552710289997903,17.5083541883732,
39.1129567533315));
#10061=CARTESIAN_POINT('Ctrl Pts',(-0.684274664682412,17.4895092957226,
39.3146457202853));
#10062=CARTESIAN_POINT('Ctrl Pts',(-0.914908222712038,17.4790318181289,
39.4501815264652));
#10063=CARTESIAN_POINT('Ctrl Pts',(-0.915057577680213,17.4790250324623,
39.4502693073314));
#10064=CARTESIAN_POINT('Ctrl Pts',(-0.912563306814344,17.4331491556898,
39.5019961914243));
#10065=CARTESIAN_POINT('Ctrl Pts',(-0.909083803106494,17.387264755311,39.5538080304215));
#10066=CARTESIAN_POINT('Ctrl Pts',(-0.904594572894437,17.3414948678432,
39.6055915055034));
#10067=CARTESIAN_POINT('Ctrl Pts',(-0.904213097384935,17.3376055393132,
39.6099918428903));
#10068=CARTESIAN_POINT('Ctrl Pts',(-0.903824304551354,17.333717041127,39.6143919596379));
#10069=CARTESIAN_POINT('Ctrl Pts',(-0.903428165445278,17.3298294507161,
39.6187917772246));
#10070=CARTESIAN_POINT('Ctrl Pts',(-0.899809635160221,17.2943182794591,
39.6589818845426));
#10071=CARTESIAN_POINT('Ctrl Pts',(-0.895543781417048,17.2588134855862,
39.6992095212408));
#10072=CARTESIAN_POINT('Ctrl Pts',(-0.89059242994278,17.2233818630273,39.7393951756253));
#10073=CARTESIAN_POINT('Origin',(0.,-2.50000000000001,39.6179999999999));
#10074=CARTESIAN_POINT('',(20.,-2.50000000000002,39.4499999999999));
#10075=CARTESIAN_POINT('Origin',(0.,-2.50000000000001,39.4499999999999));
#10076=CARTESIAN_POINT('Origin',(0.,-2.50000000000001,39.4499999999999));
#10077=CARTESIAN_POINT('Origin',(0.,-2.50000000000002,50.9999999999999));
#10078=CARTESIAN_POINT('',(20.,-2.50000000000002,37.9999999999999));
#10079=CARTESIAN_POINT('Origin',(0.,-2.50000000000002,37.9999999999999));
#10080=CARTESIAN_POINT('',(20.,-2.50000000000002,50.9999999999999));
#10081=CARTESIAN_POINT('Origin',(0.,-2.50000000000002,49.9999999999999));
#10082=CARTESIAN_POINT('',(18.,-2.50000000000002,50.9999999999999));
#10083=CARTESIAN_POINT('Origin',(0.,-2.50000000000002,50.9999999999999));
#10084=CARTESIAN_POINT('',(19.,-2.50000000000001,49.9999999999999));
#10085=CARTESIAN_POINT('Origin',(0.,-2.50000000000002,50.9999999999999));
#10086=CARTESIAN_POINT('',(1.54110350074225,-4.62500000000001,50.9999999999999));
#10087=CARTESIAN_POINT('',(-1.54110350074225,-4.62500000000001,50.9999999999999));
#10088=CARTESIAN_POINT('',(-0.75,-4.62500000000001,50.9999999999999));
#10089=CARTESIAN_POINT('Origin',(-2.77555756156289E-16,-2.50000000000002,
50.9999999999999));
#10090=CARTESIAN_POINT('',(10.4280209908108,-9.39248708487803,50.9999999999999));
#10091=CARTESIAN_POINT('',(3.53553390593273,-2.50000000000001,50.9999999999999));
#10092=CARTESIAN_POINT('',(6.09789397188856,-5.06236006595584,50.9999999999999));
#10093=CARTESIAN_POINT('',(10.4280209908108,4.39248708487801,50.9999999999999));
#10094=CARTESIAN_POINT('',(2.65165042944955,-3.3838834764832,50.9999999999999));
#10095=CARTESIAN_POINT('Origin',(-2.77555756156289E-16,-2.50000000000002,
50.9999999999999));
#10096=CARTESIAN_POINT('',(-3.53553390593274,-2.50000000000002,50.9999999999999));
#10097=CARTESIAN_POINT('',(-10.4280209908108,-9.39248708487803,50.9999999999999));
#10098=CARTESIAN_POINT('',(-2.65165042944955,-1.61611652351683,50.9999999999999));
#10099=CARTESIAN_POINT('',(-10.4280209908108,4.392487084878,50.9999999999999));
#10100=CARTESIAN_POINT('Origin',(-2.77555756156289E-16,-2.50000000000002,
50.9999999999999));
#10101=CARTESIAN_POINT('',(-6.09789397188856,0.0623600659558075,50.9999999999999));
#10102=CARTESIAN_POINT('',(-2.22044604925031E-15,-6.03553390593275,50.9999999999999));
#10103=CARTESIAN_POINT('',(6.89248708487802,-12.9280209908108,50.9999999999999));
#10104=CARTESIAN_POINT('',(-0.883883476483185,-5.15165042944957,50.9999999999999));
#10105=CARTESIAN_POINT('',(-6.89248708487801,-12.9280209908108,50.9999999999999));
#10106=CARTESIAN_POINT('Origin',(-2.77555756156289E-16,-2.50000000000002,
50.9999999999999));
#10107=CARTESIAN_POINT('',(-2.56236006595582,-8.59789397188858,50.9999999999999));
#10108=CARTESIAN_POINT('',(-3.33066907387547E-15,1.03553390593272,50.9999999999999));
#10109=CARTESIAN_POINT('',(-6.89248708487802,7.92802099081074,50.9999999999999));
#10110=CARTESIAN_POINT('',(0.883883476483181,0.151650429449531,50.9999999999999));
#10111=CARTESIAN_POINT('',(6.89248708487801,7.92802099081074,50.9999999999999));
#10112=CARTESIAN_POINT('Origin',(-2.77555756156289E-16,-2.50000000000002,
50.9999999999999));
#10113=CARTESIAN_POINT('',(2.56236006595582,3.59789397188854,50.9999999999999));
#10114=CARTESIAN_POINT('Origin',(0.,-2.50000000000002,36.9999999999999));
#10115=CARTESIAN_POINT('',(18.,-2.50000000000001,35.9999999999999));
#10116=CARTESIAN_POINT('Origin',(0.,-2.50000000000002,35.9999999999999));
#10117=CARTESIAN_POINT('',(19.,-2.50000000000002,36.9999999999999));
#10118=CARTESIAN_POINT('Origin',(0.,-2.50000000000002,35.9999999999999));
#10119=CARTESIAN_POINT('',(-1.54110350074225,-4.62500000000001,35.9999999999999));
#10120=CARTESIAN_POINT('',(1.54110350074225,-4.62500000000001,35.9999999999999));
#10121=CARTESIAN_POINT('',(-0.75,-4.62500000000001,35.9999999999999));
#10122=CARTESIAN_POINT('Origin',(-2.77555756156289E-16,-2.50000000000002,
35.9999999999999));
#10123=CARTESIAN_POINT('',(3.53553390593273,-2.50000000000001,35.9999999999999));
#10124=CARTESIAN_POINT('',(10.4280209908108,-9.39248708487803,35.9999999999999));
#10125=CARTESIAN_POINT('',(6.09789397188856,-5.06236006595584,35.9999999999999));
#10126=CARTESIAN_POINT('',(10.4280209908108,4.39248708487801,35.9999999999999));
#10127=CARTESIAN_POINT('Origin',(-2.77555756156289E-16,-2.50000000000002,
35.9999999999999));
#10128=CARTESIAN_POINT('',(2.65165042944955,-3.3838834764832,35.9999999999999));
#10129=CARTESIAN_POINT('',(-10.4280209908108,-9.39248708487803,35.9999999999999));
#10130=CARTESIAN_POINT('',(-3.53553390593274,-2.50000000000002,35.9999999999999));
#10131=CARTESIAN_POINT('',(-2.65165042944955,-1.61611652351683,35.9999999999999));
#10132=CARTESIAN_POINT('',(-10.4280209908108,4.392487084878,35.9999999999999));
#10133=CARTESIAN_POINT('',(-6.09789397188856,0.0623600659558075,35.9999999999999));
#10134=CARTESIAN_POINT('Origin',(-2.77555756156289E-16,-2.50000000000002,
35.9999999999999));
#10135=CARTESIAN_POINT('',(6.89248708487802,-12.9280209908108,35.9999999999999));
#10136=CARTESIAN_POINT('',(-2.22044604925031E-15,-6.03553390593275,35.9999999999999));
#10137=CARTESIAN_POINT('',(-0.883883476483185,-5.15165042944957,35.9999999999999));
#10138=CARTESIAN_POINT('',(-6.89248708487801,-12.9280209908108,35.9999999999999));
#10139=CARTESIAN_POINT('',(-2.56236006595582,-8.59789397188858,35.9999999999999));
#10140=CARTESIAN_POINT('Origin',(-2.77555756156289E-16,-2.50000000000002,
35.9999999999999));
#10141=CARTESIAN_POINT('',(-6.89248708487802,7.92802099081074,35.9999999999999));
#10142=CARTESIAN_POINT('',(-3.33066907387547E-15,1.03553390593272,35.9999999999999));
#10143=CARTESIAN_POINT('',(0.883883476483181,0.151650429449531,35.9999999999999));
#10144=CARTESIAN_POINT('',(6.89248708487801,7.92802099081074,35.9999999999999));
#10145=CARTESIAN_POINT('',(2.56236006595582,3.59789397188854,35.9999999999999));
#10146=CARTESIAN_POINT('Origin',(-2.77555756156289E-16,-2.50000000000002,
35.9999999999999));
#10147=CARTESIAN_POINT('Origin',(0.,-2.50000000000001,41.9999999999999));
#10148=CARTESIAN_POINT('',(-0.440173263615598,-6.47570716954835,41.9999999999999));
#10149=CARTESIAN_POINT('',(-4.34574267735237,-10.3812765832851,41.9999999999999));
#10150=CARTESIAN_POINT('',(-2.56236006595582,-8.59789397188857,41.9999999999999));
#10151=CARTESIAN_POINT('',(-3.97570716954833,-2.94017326361561,41.9999999999999));
#10152=CARTESIAN_POINT('Origin',(0.,-2.50000000000002,41.9999999999999));
#10153=CARTESIAN_POINT('',(-7.88127658328511,-6.84574267735239,41.9999999999999));
#10154=CARTESIAN_POINT('',(-2.65165042944955,-1.61611652351683,41.9999999999999));
#10155=CARTESIAN_POINT('Origin',(0.,-2.50000000000002,41.9999999999999));
#10156=CARTESIAN_POINT('Origin',(0.,-2.50000000000001,41.9999999999999));
#10157=CARTESIAN_POINT('',(4.34574267735237,-10.3812765832851,41.9999999999999));
#10158=CARTESIAN_POINT('',(0.440173263615594,-6.47570716954835,41.9999999999999));
#10159=CARTESIAN_POINT('',(-0.883883476483186,-5.15165042944957,41.9999999999999));
#10160=CARTESIAN_POINT('',(7.88127658328511,-6.84574267735239,41.9999999999999));
#10161=CARTESIAN_POINT('Origin',(0.,-2.50000000000002,41.9999999999999));
#10162=CARTESIAN_POINT('',(3.97570716954833,-2.94017326361561,41.9999999999999));
#10163=CARTESIAN_POINT('',(6.09789397188856,-5.06236006595584,41.9999999999999));
#10164=CARTESIAN_POINT('Origin',(0.,-2.50000000000002,41.9999999999999));
#10165=CARTESIAN_POINT('Origin',(0.,-2.50000000000001,41.9999999999999));
#10166=CARTESIAN_POINT('',(0.440173263615597,1.47570716954831,41.9999999999999));
#10167=CARTESIAN_POINT('',(4.34574267735237,5.3812765832851,41.9999999999999));
#10168=CARTESIAN_POINT('',(2.56236006595582,3.59789397188855,41.9999999999999));
#10169=CARTESIAN_POINT('',(3.97570716954833,-2.05982673638442,41.9999999999999));
#10170=CARTESIAN_POINT('Origin',(0.,-2.50000000000002,41.9999999999999));
#10171=CARTESIAN_POINT('',(7.88127658328511,1.84574267735236,41.9999999999999));
#10172=CARTESIAN_POINT('',(2.65165042944955,-3.3838834764832,41.9999999999999));
#10173=CARTESIAN_POINT('Origin',(0.,-2.50000000000002,41.9999999999999));
#10174=CARTESIAN_POINT('Origin',(0.,-2.50000000000001,41.9999999999999));
#10175=CARTESIAN_POINT('',(-4.34574267735238,5.38127658328509,41.9999999999999));
#10176=CARTESIAN_POINT('',(-0.440173263615602,1.47570716954831,41.9999999999999));
#10177=CARTESIAN_POINT('',(0.88388347648318,0.151650429449531,41.9999999999999));
#10178=CARTESIAN_POINT('',(-7.88127658328511,1.84574267735236,41.9999999999999));
#10179=CARTESIAN_POINT('Origin',(0.,-2.50000000000002,41.9999999999999));
#10180=CARTESIAN_POINT('',(-3.97570716954833,-2.05982673638442,41.9999999999999));
#10181=CARTESIAN_POINT('',(-6.09789397188856,0.0623600659558081,41.9999999999999));
#10182=CARTESIAN_POINT('Origin',(0.,-2.50000000000002,41.9999999999999));
#10183=CARTESIAN_POINT('Origin',(0.,-2.50000000000002,43.4999999999999));
#10184=CARTESIAN_POINT('',(4.34574267735237,5.3812765832851,44.9999999999999));
#10185=CARTESIAN_POINT('',(4.34574267735237,5.3812765832851,43.4999999999999));
#10186=CARTESIAN_POINT('',(7.88127658328511,1.84574267735236,44.9999999999999));
#10187=CARTESIAN_POINT('',(7.88127658328511,1.84574267735236,43.4999999999999));
#10188=CARTESIAN_POINT('Origin',(0.,-2.50000000000002,44.9999999999999));
#10189=CARTESIAN_POINT('Origin',(0.,-2.50000000000002,43.4999999999999));
#10190=CARTESIAN_POINT('',(-4.34574267735237,-10.3812765832851,44.9999999999999));
#10191=CARTESIAN_POINT('',(-4.34574267735237,-10.3812765832851,43.4999999999999));
#10192=CARTESIAN_POINT('',(-7.88127658328511,-6.84574267735239,44.9999999999999));
#10193=CARTESIAN_POINT('',(-7.88127658328511,-6.84574267735239,43.4999999999999));
#10194=CARTESIAN_POINT('Origin',(0.,-2.50000000000002,44.9999999999999));
#10195=CARTESIAN_POINT('Origin',(0.,-2.50000000000002,43.4999999999999));
#10196=CARTESIAN_POINT('',(4.34574267735237,-10.3812765832851,44.9999999999999));
#10197=CARTESIAN_POINT('',(4.34574267735237,-10.3812765832851,43.4999999999999));
#10198=CARTESIAN_POINT('',(7.88127658328511,-6.84574267735239,44.9999999999999));
#10199=CARTESIAN_POINT('Origin',(0.,-2.50000000000002,44.9999999999999));
#10200=CARTESIAN_POINT('',(7.88127658328511,-6.84574267735239,43.4999999999999));
#10201=CARTESIAN_POINT('Origin',(0.,-2.50000000000002,43.4999999999999));
#10202=CARTESIAN_POINT('',(-0.440173263615598,-6.47570716954835,44.9999999999999));
#10203=CARTESIAN_POINT('',(-0.440173263615598,-6.47570716954835,43.4999999999999));
#10204=CARTESIAN_POINT('',(-3.97570716954833,-2.94017326361561,44.9999999999999));
#10205=CARTESIAN_POINT('Origin',(0.,-2.50000000000002,44.9999999999999));
#10206=CARTESIAN_POINT('',(-3.97570716954833,-2.94017326361561,43.4999999999999));
#10207=CARTESIAN_POINT('Origin',(0.,-2.50000000000002,43.4999999999999));
#10208=CARTESIAN_POINT('',(0.440173263615594,-6.47570716954835,44.9999999999999));
#10209=CARTESIAN_POINT('',(0.440173263615594,-6.47570716954835,43.4999999999999));
#10210=CARTESIAN_POINT('',(3.97570716954833,-2.94017326361561,44.9999999999999));
#10211=CARTESIAN_POINT('',(3.97570716954833,-2.94017326361561,43.4999999999999));
#10212=CARTESIAN_POINT('Origin',(0.,-2.50000000000002,44.9999999999999));
#10213=CARTESIAN_POINT('Origin',(0.,-2.50000000000002,43.4999999999999));
#10214=CARTESIAN_POINT('',(0.440173263615597,1.47570716954831,44.9999999999999));
#10215=CARTESIAN_POINT('',(0.440173263615597,1.47570716954831,43.4999999999999));
#10216=CARTESIAN_POINT('',(3.97570716954833,-2.05982673638442,44.9999999999999));
#10217=CARTESIAN_POINT('Origin',(0.,-2.50000000000002,44.9999999999999));
#10218=CARTESIAN_POINT('',(3.97570716954833,-2.05982673638442,43.4999999999999));
#10219=CARTESIAN_POINT('Origin',(0.,-2.50000000000002,43.4999999999999));
#10220=CARTESIAN_POINT('',(-0.440173263615602,1.47570716954831,44.9999999999999));
#10221=CARTESIAN_POINT('',(-0.440173263615602,1.47570716954831,43.4999999999999));
#10222=CARTESIAN_POINT('',(-3.97570716954833,-2.05982673638442,44.9999999999999));
#10223=CARTESIAN_POINT('',(-3.97570716954833,-2.05982673638442,43.4999999999999));
#10224=CARTESIAN_POINT('Origin',(0.,-2.50000000000002,44.9999999999999));
#10225=CARTESIAN_POINT('Origin',(0.,-2.50000000000001,44.9999999999999));
#10226=CARTESIAN_POINT('',(-2.56236006595582,-8.59789397188857,44.9999999999999));
#10227=CARTESIAN_POINT('',(-2.65165042944955,-1.61611652351683,44.9999999999999));
#10228=CARTESIAN_POINT('Origin',(0.,-2.50000000000001,44.9999999999999));
#10229=CARTESIAN_POINT('',(-0.883883476483186,-5.15165042944957,44.9999999999999));
#10230=CARTESIAN_POINT('',(6.09789397188856,-5.06236006595584,44.9999999999999));
#10231=CARTESIAN_POINT('Origin',(0.,-2.50000000000001,44.9999999999999));
#10232=CARTESIAN_POINT('',(2.56236006595582,3.59789397188855,44.9999999999999));
#10233=CARTESIAN_POINT('',(2.65165042944955,-3.3838834764832,44.9999999999999));
#10234=CARTESIAN_POINT('Origin',(0.,-2.50000000000001,44.9999999999999));
#10235=CARTESIAN_POINT('',(-4.34574267735238,5.38127658328509,44.9999999999999));
#10236=CARTESIAN_POINT('',(0.88388347648318,0.151650429449531,44.9999999999999));
#10237=CARTESIAN_POINT('',(-7.88127658328511,1.84574267735236,44.9999999999999));
#10238=CARTESIAN_POINT('',(-6.09789397188856,0.0623600659558081,44.9999999999999));
#10239=CARTESIAN_POINT('Origin',(0.,-2.50000000000002,44.9999999999999));
#10240=CARTESIAN_POINT('Origin',(0.,-2.50000000000002,43.4999999999999));
#10241=CARTESIAN_POINT('',(-4.34574267735238,5.38127658328509,43.4999999999999));
#10242=CARTESIAN_POINT('',(-7.88127658328511,1.84574267735236,43.4999999999999));
#10243=CARTESIAN_POINT('Origin',(-3.33066907387547E-15,1.03553390593272,
50.9999999999999));
#10244=CARTESIAN_POINT('',(-3.33066907387547E-15,1.03553390593272,50.9999999999999));
#10245=CARTESIAN_POINT('',(-6.89248708487802,7.92802099081074,50.9999999999999));
#10246=CARTESIAN_POINT('Origin',(6.89248708487801,7.92802099081074,50.9999999999999));
#10247=CARTESIAN_POINT('',(6.89248708487801,7.92802099081074,50.9999999999999));
#10248=CARTESIAN_POINT('Origin',(-2.77555756156289E-16,-2.50000000000002,
50.9999999999999));
#10249=CARTESIAN_POINT('Origin',(-2.22044604925031E-15,-6.03553390593275,
50.9999999999999));
#10250=CARTESIAN_POINT('',(-2.22044604925031E-15,-6.03553390593275,50.9999999999999));
#10251=CARTESIAN_POINT('',(6.89248708487802,-12.9280209908108,50.9999999999999));
#10252=CARTESIAN_POINT('Origin',(-6.89248708487801,-12.9280209908108,50.9999999999999));
#10253=CARTESIAN_POINT('',(-6.89248708487801,-12.9280209908108,50.9999999999999));
#10254=CARTESIAN_POINT('Origin',(-2.77555756156289E-16,-2.50000000000002,
50.9999999999999));
#10255=CARTESIAN_POINT('Origin',(-3.53553390593274,-2.50000000000002,50.9999999999999));
#10256=CARTESIAN_POINT('',(-3.53553390593274,-2.50000000000002,50.9999999999999));
#10257=CARTESIAN_POINT('',(-10.4280209908108,-9.39248708487803,50.9999999999999));
#10258=CARTESIAN_POINT('Origin',(-10.4280209908108,4.392487084878,50.9999999999999));
#10259=CARTESIAN_POINT('',(-10.4280209908108,4.392487084878,50.9999999999999));
#10260=CARTESIAN_POINT('Origin',(-2.77555756156289E-16,-2.50000000000002,
50.9999999999999));
#10261=CARTESIAN_POINT('Origin',(10.4280209908108,-9.39248708487803,50.9999999999999));
#10262=CARTESIAN_POINT('',(10.4280209908108,-9.39248708487803,50.9999999999999));
#10263=CARTESIAN_POINT('',(3.53553390593273,-2.50000000000001,50.9999999999999));
#10264=CARTESIAN_POINT('Origin',(-2.77555756156289E-16,-2.50000000000002,
50.9999999999999));
#10265=CARTESIAN_POINT('',(10.4280209908108,4.39248708487801,50.9999999999999));
#10266=CARTESIAN_POINT('Origin',(3.53553390593273,-2.50000000000002,50.9999999999999));
#10267=CARTESIAN_POINT('Origin',(-2.77555756156289E-16,-2.50000000000002,
50.9999999999999));
#10268=CARTESIAN_POINT('',(-1.54110350074225,-4.62500000000001,50.9999999999999));
#10269=CARTESIAN_POINT('',(1.54110350074225,-4.62500000000001,50.9999999999999));
#10270=CARTESIAN_POINT('Origin',(-1.5,-4.62500000000001,50.9999999999999));
#10271=CARTESIAN_POINT('Origin',(-135.66,-27.400000205,60.4999999999999));
#10272=CARTESIAN_POINT('',(-135.16,-28.650000205,60.9999999999999));
#10273=CARTESIAN_POINT('',(-136.16,-27.650000205,59.9999999999999));
#10274=CARTESIAN_POINT('',(-110.828333333334,-52.9816668716665,85.3316666666665));
#10275=CARTESIAN_POINT('',(-136.16,-38.650000205,59.9999999999999));
#10276=CARTESIAN_POINT('',(-136.16,-27.400000205,59.9999999999999));
#10277=CARTESIAN_POINT('',(-135.16,-38.650000205,60.9999999999999));
#10278=CARTESIAN_POINT('',(-110.620000000001,-38.650000205,85.5399999999998));
#10279=CARTESIAN_POINT('',(-135.16,-27.400000205,60.9999999999999));
#10280=CARTESIAN_POINT('Origin',(-136.16,-31.150000205,40.9999999999999));
#10281=CARTESIAN_POINT('',(-136.16,-18.650000205,50.9999999999999));
#10282=CARTESIAN_POINT('',(-136.16,-21.775000205,54.1249999999999));
#10283=CARTESIAN_POINT('',(-136.16,-18.650000205,30.9999999999999));
#10284=CARTESIAN_POINT('',(-136.16,-18.650000205,60.9999999999999));
#10285=CARTESIAN_POINT('',(-136.16,-27.650000205,21.9999999999999));
#10286=CARTESIAN_POINT('',(-136.16,-21.775000205,27.8749999999999));
#10287=CARTESIAN_POINT('',(-136.16,-38.650000205,21.9999999999999));
#10288=CARTESIAN_POINT('',(-136.16,-27.400000205,21.9999999999999));
#10289=CARTESIAN_POINT('',(-136.16,-38.650000205,60.9999999999999));
#10290=CARTESIAN_POINT('Origin',(18.08,-26.150000205,58.4999999999999));
#10291=CARTESIAN_POINT('',(86.16,-28.650000205,60.9999999999999));
#10292=CARTESIAN_POINT('',(5.58,-28.650000205,60.9999999999999));
#10293=CARTESIAN_POINT('',(86.16,-23.650000205,55.9999999999999));
#10294=CARTESIAN_POINT('',(86.16,-23.025000205,55.3749999999999));
#10295=CARTESIAN_POINT('',(-116.000001728535,-23.650000205,55.9999999999999));
#10296=CARTESIAN_POINT('',(18.08,-23.650000205,55.9999999999999));
#10297=CARTESIAN_POINT('',(-116.000001728535,-18.650000205,50.9999999999999));
#10298=CARTESIAN_POINT('',(-116.000001728535,-24.900000205,57.2499999999999));
#10299=CARTESIAN_POINT('',(5.58,-18.650000205,50.9999999999999));
#10300=CARTESIAN_POINT('Origin',(-135.66,-27.400000205,21.4999999999999));
#10301=CARTESIAN_POINT('',(-135.16,-28.650000205,20.9999999999999));
#10302=CARTESIAN_POINT('',(-116.855,-46.955000205,2.69499999999993));
#10303=CARTESIAN_POINT('',(-135.16,-38.650000205,20.9999999999999));
#10304=CARTESIAN_POINT('',(-135.16,-27.400000205,20.9999999999999));
#10305=CARTESIAN_POINT('',(-102.62,-38.650000205,-11.5400000000001));
#10306=CARTESIAN_POINT('Origin',(-36.16,-23.650000205,20.9999999999999));
#10307=CARTESIAN_POINT('',(-36.16,-28.650000205,20.9999999999999));
#10308=CARTESIAN_POINT('',(-30.58,-28.650000205,20.9999999999999));
#10309=CARTESIAN_POINT('',(-36.16,-38.650000205,20.9999999999999));
#10310=CARTESIAN_POINT('',(-36.16,-23.650000205,20.9999999999999));
#10311=CARTESIAN_POINT('',(-36.16,-38.650000205,20.9999999999999));
#10312=CARTESIAN_POINT('Origin',(-18.08,-26.150000205,23.4999999999999));
#10313=CARTESIAN_POINT('',(-116.000001728535,-18.650000205,30.9999999999999));
#10314=CARTESIAN_POINT('',(-30.58,-18.650000205,30.9999999999999));
#10315=CARTESIAN_POINT('',(-116.000001728535,-23.650000205,25.9999999999999));
#10316=CARTESIAN_POINT('',(-116.000001728535,-14.900000205,34.7499999999999));
#10317=CARTESIAN_POINT('',(-36.16,-23.650000205,25.9999999999999));
#10318=CARTESIAN_POINT('',(-18.08,-23.650000205,25.9999999999999));
#10319=CARTESIAN_POINT('',(-36.16,-16.150000205,33.4999999999999));
#10320=CARTESIAN_POINT('Origin',(-116.000001728535,-23.650000205,60.9999999999999));
#10321=CARTESIAN_POINT('',(-116.000001728535,-18.650000205,21.0000003129244));
#10322=CARTESIAN_POINT('',(-116.000001728535,-23.650000205,50.9999999999999));
#10323=CARTESIAN_POINT('',(-116.000001728535,-23.650000205,42.9999999999999));
#10324=CARTESIAN_POINT('',(-116.000001728535,-26.150000205,50.9999999999999));
#10325=CARTESIAN_POINT('',(-116.000001728535,-23.650000205,50.9999999999999));
#10326=CARTESIAN_POINT('',(-116.000001728535,-23.650000205,45.9999999999999));
#10327=CARTESIAN_POINT('',(-116.000001728535,-27.275000205,53.2499999999999));
#10328=CARTESIAN_POINT('',(-116.000001728535,-26.150000205,40.9999999999999));
#10329=CARTESIAN_POINT('',(-116.000001728535,-21.275000205,50.7499999999999));
#10330=CARTESIAN_POINT('',(-116.000001728535,-31.650000205,40.9999999999999));
#10331=CARTESIAN_POINT('',(-116.000001728535,-23.650000205,40.9999999999999));
#10332=CARTESIAN_POINT('',(-116.000001728535,-31.650000205,35.9999999999999));
#10333=CARTESIAN_POINT('',(-116.000001728535,-31.650000205,43.4999999999999));
#10334=CARTESIAN_POINT('',(-116.000001728535,-23.650000205,35.9999999999999));
#10335=CARTESIAN_POINT('',(-116.000001728535,-31.650000205,35.9999999999999));
#10336=CARTESIAN_POINT('',(-116.000001728535,-23.650000205,42.9999999999999));
#10337=CARTESIAN_POINT('Origin',(-25.,-18.650000205,25.0000004544854));
#10338=CARTESIAN_POINT('',(-121.16,-18.650000205,44.3999999999999));
#10339=CARTESIAN_POINT('Origin',(-121.16,-18.650000205,45.9999999999999));
#10340=CARTESIAN_POINT('Origin',(-34.91,-23.650000205,-9.75000000000007));
#10341=CARTESIAN_POINT('',(-33.66,-38.650000205,-11.0000000000001));
#10342=CARTESIAN_POINT('',(-36.16,-38.650000205,-8.50000000000008));
#10343=CARTESIAN_POINT('',(-34.87,-38.650000205,-9.79000000000008));
#10344=CARTESIAN_POINT('',(-36.16,-23.650000205,-8.50000000000008));
#10345=CARTESIAN_POINT('',(-36.16,-23.650000205,-8.50000000000008));
#10346=CARTESIAN_POINT('',(-33.66,-23.650000205,-11.0000000000001));
#10347=CARTESIAN_POINT('',(-34.87,-23.650000205,-9.79000000000008));
#10348=CARTESIAN_POINT('',(-33.66,-23.650000205,-11.0000000000001));
#10349=CARTESIAN_POINT('Origin',(-36.16,-23.650000205,-11.0000000000001));
#10350=CARTESIAN_POINT('',(33.66,-23.650000205,-11.0000000000001));
#10351=CARTESIAN_POINT('',(-36.16,-23.650000205,-11.0000000000001));
#10352=CARTESIAN_POINT('',(33.66,-38.650000205,-11.0000000000001));
#10353=CARTESIAN_POINT('',(33.66,-23.650000205,-11.0000000000001));
#10354=CARTESIAN_POINT('',(-36.16,-38.650000205,-11.0000000000001));
#10355=CARTESIAN_POINT('Origin',(-4.44089209850063E-15,-23.650000205,24.9999999999999));
#10356=CARTESIAN_POINT('',(-36.16,-23.650000205,60.9999999999999));
#10357=CARTESIAN_POINT('',(26.16,-23.650000205,35.9999999999999));
#10358=CARTESIAN_POINT('',(-68.08,-23.650000205,35.9999999999999));
#10359=CARTESIAN_POINT('',(26.16,-23.650000205,50.9999999999999));
#10360=CARTESIAN_POINT('',(26.16,-23.650000205,34.2499999999999));
#10361=CARTESIAN_POINT('',(-68.08,-23.650000205,50.9999999999999));
#10362=CARTESIAN_POINT('',(86.16,-23.650000205,25.9999999999999));
#10363=CARTESIAN_POINT('',(86.16,-23.650000205,-11.0000000000001));
#10364=CARTESIAN_POINT('',(36.16,-23.650000205,25.9999999999999));
#10365=CARTESIAN_POINT('',(18.08,-23.650000205,25.9999999999999));
#10366=CARTESIAN_POINT('',(36.16,-23.650000205,-8.50000000000007));
#10367=CARTESIAN_POINT('',(36.16,-23.650000205,-11.0000000000001));
#10368=CARTESIAN_POINT('',(34.87,-23.650000205,-9.79000000000007));
#10369=CARTESIAN_POINT('',(41.0000006109476,-23.650000205,32.3999999999999));
#10370=CARTESIAN_POINT('Origin',(41.0000006109476,-23.650000205,33.9999999999999));
#10371=CARTESIAN_POINT('',(41.0000006109476,-23.650000205,46.3999999999999));
#10372=CARTESIAN_POINT('Origin',(41.0000006109476,-23.650000205,47.9999999999999));
#10373=CARTESIAN_POINT('',(31.16,-23.650000205,8.39999999999993));
#10374=CARTESIAN_POINT('Origin',(31.16,-23.650000205,9.99999999999993));
#10375=CARTESIAN_POINT('',(-31.16,-23.650000205,-7.60000000000007));
#10376=CARTESIAN_POINT('Origin',(-31.16,-23.650000205,-6.00000000000007));
#10377=CARTESIAN_POINT('',(-31.16,-23.650000205,24.3999999999999));
#10378=CARTESIAN_POINT('Origin',(-31.16,-23.650000205,25.9999999999999));
#10379=CARTESIAN_POINT('',(-31.16,-23.650000205,8.39999999999993));
#10380=CARTESIAN_POINT('Origin',(-31.16,-23.650000205,9.99999999999993));
#10381=CARTESIAN_POINT('',(31.16,-23.650000205,-7.60000000000007));
#10382=CARTESIAN_POINT('Origin',(31.16,-23.650000205,-6.00000000000007));
#10383=CARTESIAN_POINT('',(31.16,-23.650000205,24.3999999999999));
#10384=CARTESIAN_POINT('Origin',(31.16,-23.650000205,25.9999999999999));
#10385=CARTESIAN_POINT('Origin',(34.91,-23.650000205,-9.75000000000007));
#10386=CARTESIAN_POINT('',(36.16,-38.650000205,-8.50000000000007));
#10387=CARTESIAN_POINT('',(34.87,-38.650000205,-9.79000000000007));
#10388=CARTESIAN_POINT('',(36.16,-23.650000205,-8.50000000000007));
#10389=CARTESIAN_POINT('Origin',(36.16,-23.650000205,-11.0000000000001));
#10390=CARTESIAN_POINT('',(36.16,-28.650000205,20.9999999999999));
#10391=CARTESIAN_POINT('',(36.16,-34.150000205,15.4999999999999));
#10392=CARTESIAN_POINT('',(36.16,-38.650000205,20.9999999999999));
#10393=CARTESIAN_POINT('',(36.16,-31.150000205,20.9999999999999));
#10394=CARTESIAN_POINT('',(36.16,-38.650000205,-11.0000000000001));
#10395=CARTESIAN_POINT('Origin',(86.16,-31.150000205,40.9999999999999));
#10396=CARTESIAN_POINT('',(86.16,-38.650000205,60.9999999999999));
#10397=CARTESIAN_POINT('',(86.16,-23.650000205,60.9999999999999));
#10398=CARTESIAN_POINT('',(86.16,-38.650000205,48.4999999999999));
#10399=CARTESIAN_POINT('',(86.16,-38.650000205,60.9999999999999));
#10400=CARTESIAN_POINT('',(86.16,-30.650000205,48.4999999999999));
#10401=CARTESIAN_POINT('',(86.16,-34.900000205,48.4999999999999));
#10402=CARTESIAN_POINT('',(86.16,-30.650000205,33.4999999999999));
#10403=CARTESIAN_POINT('',(86.16,-30.650000205,40.9999999999999));
#10404=CARTESIAN_POINT('',(86.16,-38.650000205,33.4999999999999));
#10405=CARTESIAN_POINT('',(86.16,-34.900000205,33.4999999999999));
#10406=CARTESIAN_POINT('',(86.16,-38.650000205,20.9999999999999));
#10407=CARTESIAN_POINT('',(86.16,-38.650000205,60.9999999999999));
#10408=CARTESIAN_POINT('',(86.16,-28.650000205,20.9999999999999));
#10409=CARTESIAN_POINT('',(86.16,-23.650000205,20.9999999999999));
#10410=CARTESIAN_POINT('',(86.16,-23.025000205,26.6249999999999));
#10411=CARTESIAN_POINT('Origin',(18.08,-26.150000205,23.4999999999999));
#10412=CARTESIAN_POINT('',(18.08,-28.650000205,20.9999999999999));
#10413=CARTESIAN_POINT('Origin',(-80.58,-24.900000205,48.4999999999999));
#10414=CARTESIAN_POINT('',(-119.56,-23.650000205,45.9999999999999));
#10415=CARTESIAN_POINT('',(-122.76,-23.650000205,45.9999999999999));
#10416=CARTESIAN_POINT('Origin',(-121.16,-23.650000205,45.9999999999999));
#10417=CARTESIAN_POINT('',(-74.2900004321337,-23.650000205,45.9999999999999));
#10418=CARTESIAN_POINT('',(-131.16,-26.150000205,50.9999999999999));
#10419=CARTESIAN_POINT('',(-80.58,-26.150000205,50.9999999999999));
#10420=CARTESIAN_POINT('',(-131.16,-23.650000205,45.9999999999999));
#10421=CARTESIAN_POINT('',(-131.16,-23.075000205,44.8499999999999));
#10422=CARTESIAN_POINT('',(-74.2900004321337,-23.650000205,45.9999999999999));
#10423=CARTESIAN_POINT('Origin',(-131.16,-31.650000205,35.9999999999999));
#10424=CARTESIAN_POINT('',(-131.16,-31.650000205,50.9999999999999));
#10425=CARTESIAN_POINT('',(-131.16,-27.650000205,50.9999999999999));
#10426=CARTESIAN_POINT('',(-131.16,-31.650000205,40.9999999999999));
#10427=CARTESIAN_POINT('',(-131.16,-31.650000205,43.4999999999999));
#10428=CARTESIAN_POINT('',(-131.16,-26.150000205,40.9999999999999));
#10429=CARTESIAN_POINT('',(-131.16,-23.650000205,40.9999999999999));
#10430=CARTESIAN_POINT('',(-131.16,-27.075000205,39.1499999999999));
#10431=CARTESIAN_POINT('Origin',(-136.16,-23.650000205,50.9999999999999));
#10432=CARTESIAN_POINT('',(26.16,-31.650000205,50.9999999999999));
#10433=CARTESIAN_POINT('',(26.16,-25.650000205,50.9999999999999));
#10434=CARTESIAN_POINT('',(-136.16,-31.650000205,50.9999999999999));
#10435=CARTESIAN_POINT('Origin',(-74.2900004321337,-24.900000205,43.4999999999999));
#10436=CARTESIAN_POINT('',(-121.16,-24.450000205,44.3999999999999));
#10437=CARTESIAN_POINT('Origin',(-121.16,-23.650000205,45.9999999999999));
#10438=CARTESIAN_POINT('',(-74.2900004321337,-26.150000205,40.9999999999999));
#10439=CARTESIAN_POINT('Origin',(-121.16,-23.650000205,45.9999999999999));
#10440=CARTESIAN_POINT('Origin',(-123.580000864267,-27.650000205,40.9999999999999));
#10441=CARTESIAN_POINT('',(-129.870000432134,-31.650000205,40.9999999999999));
#10442=CARTESIAN_POINT('Origin',(-136.16,-31.650000205,50.9999999999999));
#10443=CARTESIAN_POINT('',(26.16,-31.650000205,35.9999999999999));
#10444=CARTESIAN_POINT('',(26.16,-31.650000205,47.2499999999999));
#10445=CARTESIAN_POINT('',(-136.16,-31.650000205,35.9999999999999));
#10446=CARTESIAN_POINT('',(-121.16,-31.650000205,44.3999999999999));
#10447=CARTESIAN_POINT('Origin',(-121.16,-31.650000205,45.9999999999999));
#10448=CARTESIAN_POINT('Origin',(-122.76,-36.250000205,44.3999999999999));
#10449=CARTESIAN_POINT('',(-122.76,-36.050000205,47.5999999999999));
#10450=CARTESIAN_POINT('',(-122.76,-36.050000205,44.3999999999999));
#10451=CARTESIAN_POINT('',(-122.76,-36.050000205,47.5999999999999));
#10452=CARTESIAN_POINT('',(-122.76,-35.850000205,44.3999999999999));
#10453=CARTESIAN_POINT('',(-122.76,-36.250000205,44.3999999999999));
#10454=CARTESIAN_POINT('',(-122.76,-35.850000205,45.9999999999999));
#10455=CARTESIAN_POINT('',(-122.76,-35.850000205,47.5999999999999));
#10456=CARTESIAN_POINT('',(-122.76,-35.850000205,47.5999999999999));
#10457=CARTESIAN_POINT('',(-122.76,-35.850000205,47.5999999999999));
#10458=CARTESIAN_POINT('',(-122.76,-36.250000205,47.5999999999999));
#10459=CARTESIAN_POINT('Origin',(-121.96,-35.850000205,46.7999999999999));
#10460=CARTESIAN_POINT('',(-121.16,-35.850000205,47.5999999999999));
#10461=CARTESIAN_POINT('',(-123.41166604984,-35.850000205,47.5999999999999));
#10462=CARTESIAN_POINT('Origin',(-121.16,-35.850000205,45.9999999999999));
#10463=CARTESIAN_POINT('Origin',(-121.96,-35.850000205,45.1999999999999));
#10464=CARTESIAN_POINT('',(-121.16,-35.850000205,44.3999999999999));
#10465=CARTESIAN_POINT('',(-123.41166604984,-35.850000205,44.3999999999999));
#10466=CARTESIAN_POINT('Origin',(-121.16,-35.850000205,45.9999999999999));
#10467=CARTESIAN_POINT('Origin',(-120.36,-35.850000205,45.1999999999999));
#10468=CARTESIAN_POINT('',(-119.56,-35.850000205,44.3999999999999));
#10469=CARTESIAN_POINT('',(-123.41166604984,-35.850000205,44.3999999999999));
#10470=CARTESIAN_POINT('',(-119.56,-35.850000205,45.9999999999999));
#10471=CARTESIAN_POINT('',(-119.56,-35.850000205,47.5999999999999));
#10472=CARTESIAN_POINT('Origin',(-121.16,-35.850000205,45.9999999999999));
#10473=CARTESIAN_POINT('Origin',(-119.56,-36.250000205,47.5999999999999));
#10474=CARTESIAN_POINT('',(-119.56,-36.050000205,44.3999999999999));
#10475=CARTESIAN_POINT('',(-119.56,-36.050000205,47.5999999999999));
#10476=CARTESIAN_POINT('',(-119.56,-36.050000205,47.5999999999999));
#10477=CARTESIAN_POINT('',(-119.56,-35.850000205,47.5999999999999));
#10478=CARTESIAN_POINT('',(-119.56,-36.250000205,47.5999999999999));
#10479=CARTESIAN_POINT('',(-119.56,-35.850000205,47.5999999999999));
#10480=CARTESIAN_POINT('',(-119.56,-36.250000205,44.3999999999999));
#10481=CARTESIAN_POINT('Origin',(-120.36,-35.850000205,46.7999999999999));
#10482=CARTESIAN_POINT('',(-123.41166604984,-35.850000205,47.5999999999999));
#10483=CARTESIAN_POINT('Origin',(-121.16,-35.850000205,45.9999999999999));
#10484=CARTESIAN_POINT('Origin',(-121.16,-36.250000205,45.9999999999999));
#10485=CARTESIAN_POINT('',(-123.41166604984,-36.250000205,47.5999999999999));
#10486=CARTESIAN_POINT('',(-118.90833395016,-36.250000205,47.5999999999999));
#10487=CARTESIAN_POINT('',(-120.36,-36.250000205,47.5999999999999));
#10488=CARTESIAN_POINT('',(-119.572286759729,-36.250000205,48.7499999999999));
#10489=CARTESIAN_POINT('',(-117.984573519457,-36.250000205,45.9999999999999));
#10490=CARTESIAN_POINT('',(-122.747713240271,-36.250000205,48.7499999999999));
#10491=CARTESIAN_POINT('',(-119.572286759729,-36.250000205,48.7499999999999));
#10492=CARTESIAN_POINT('',(-122.747713240271,-36.250000205,48.7499999999999));
#10493=CARTESIAN_POINT('Origin',(-122.76,-36.250000205,44.3999999999999));
#10494=CARTESIAN_POINT('',(-118.90833395016,-36.250000205,44.3999999999999));
#10495=CARTESIAN_POINT('',(-123.41166604984,-36.250000205,44.3999999999999));
#10496=CARTESIAN_POINT('',(-121.96,-36.250000205,44.3999999999999));
#10497=CARTESIAN_POINT('',(-118.90833395016,-36.050000205,44.3999999999999));
#10498=CARTESIAN_POINT('',(-118.90833395016,-36.250000205,44.3999999999999));
#10499=CARTESIAN_POINT('',(-123.41166604984,-36.050000205,44.3999999999999));
#10500=CARTESIAN_POINT('',(-123.41166604984,-36.050000205,44.3999999999999));
#10501=CARTESIAN_POINT('',(-123.41166604984,-36.050000205,44.3999999999999));
#10502=CARTESIAN_POINT('',(-123.41166604984,-36.250000205,44.3999999999999));
#10503=CARTESIAN_POINT('Origin',(-123.41166604984,-36.250000205,47.5999999999999));
#10504=CARTESIAN_POINT('',(-123.41166604984,-36.050000205,47.5999999999999));
#10505=CARTESIAN_POINT('',(-123.41166604984,-36.250000205,47.5999999999999));
#10506=CARTESIAN_POINT('',(-123.41166604984,-36.050000205,47.5999999999999));
#10507=CARTESIAN_POINT('',(-118.90833395016,-36.050000205,47.5999999999999));
#10508=CARTESIAN_POINT('',(-123.41166604984,-36.050000205,47.5999999999999));
#10509=CARTESIAN_POINT('',(-118.90833395016,-36.250000205,47.5999999999999));
#10510=CARTESIAN_POINT('Origin',(-123.547713240271,-36.050000205,45.9999999999999));
#10511=CARTESIAN_POINT('',(-124.335426480543,-36.050000205,45.9999999999999));
#10512=CARTESIAN_POINT('',(-122.747713240271,-36.050000205,48.7499999999999));
#10513=CARTESIAN_POINT('',(-124.335426480543,-36.050000205,45.9999999999999));
#10514=CARTESIAN_POINT('Origin',(-118.772286759729,-36.050000205,45.9999999999999));
#10515=CARTESIAN_POINT('',(-117.984573519457,-36.050000205,45.9999999999999));
#10516=CARTESIAN_POINT('',(-119.572286759729,-36.050000205,43.2499999999999));
#10517=CARTESIAN_POINT('',(-117.984573519457,-36.050000205,45.9999999999999));
#10518=CARTESIAN_POINT('Origin',(-29.56,-38.650000205,27.5999999999999));
#10519=CARTESIAN_POINT('',(-29.56,-36.050000205,24.3999999999999));
#10520=CARTESIAN_POINT('',(-29.56,-36.050000205,27.5999999999999));
#10521=CARTESIAN_POINT('',(-29.56,-36.050000205,27.5999999999999));
#10522=CARTESIAN_POINT('',(-29.56,-35.850000205,27.5999999999999));
#10523=CARTESIAN_POINT('',(-29.56,-38.650000205,27.5999999999999));
#10524=CARTESIAN_POINT('',(-29.56,-35.850000205,26.0000000083736));
#10525=CARTESIAN_POINT('',(-29.56,-35.850000205,27.5999999999999));
#10526=CARTESIAN_POINT('',(-29.56,-35.850000205,24.3999999999999));
#10527=CARTESIAN_POINT('',(-29.56,-35.850000205,27.5999999999999));
#10528=CARTESIAN_POINT('',(-29.56,-38.650000205,24.3999999999999));
#10529=CARTESIAN_POINT('Origin',(-31.96,-35.850000205,26.7999999999999));
#10530=CARTESIAN_POINT('',(-32.76,-35.850000205,27.5999999999999));
#10531=CARTESIAN_POINT('',(-31.16,-35.850000205,27.5999999999999));
#10532=CARTESIAN_POINT('',(-33.4116660498396,-35.850000205,27.5999999999999));
#10533=CARTESIAN_POINT('',(-32.76,-35.850000205,25.9999999999999));
#10534=CARTESIAN_POINT('',(-32.76,-35.850000205,27.5999999999999));
#10535=CARTESIAN_POINT('Origin',(-31.16,-35.850000205,25.9999999999999));
#10536=CARTESIAN_POINT('Origin',(-30.36,-35.850000205,26.8000000041868));
#10537=CARTESIAN_POINT('',(-33.4116660498396,-35.850000205,27.5999999999999));
#10538=CARTESIAN_POINT('Origin',(-31.16,-35.850000205,25.9999999999999));
#10539=CARTESIAN_POINT('Origin',(-32.76,-38.650000205,24.3999999999999));
#10540=CARTESIAN_POINT('',(-32.76,-36.050000205,27.5999999999999));
#10541=CARTESIAN_POINT('',(-32.76,-36.050000205,24.3999999999999));
#10542=CARTESIAN_POINT('',(-32.76,-36.050000205,27.5999999999999));
#10543=CARTESIAN_POINT('',(-32.76,-35.850000205,24.3999999999999));
#10544=CARTESIAN_POINT('',(-32.76,-38.650000205,24.3999999999999));
#10545=CARTESIAN_POINT('',(-32.76,-35.850000205,27.5999999999999));
#10546=CARTESIAN_POINT('',(-32.76,-38.650000205,27.5999999999999));
#10547=CARTESIAN_POINT('Origin',(-31.96,-35.850000205,25.1999999999999));
#10548=CARTESIAN_POINT('',(-31.16,-35.850000205,24.3999999999999));
#10549=CARTESIAN_POINT('',(-33.4116660498396,-35.850000205,24.3999999999999));
#10550=CARTESIAN_POINT('Origin',(-31.16,-35.850000205,25.9999999999999));
#10551=CARTESIAN_POINT('Origin',(-30.36,-35.850000205,25.2000000041868));
#10552=CARTESIAN_POINT('',(-33.4116660498396,-35.850000205,24.3999999999999));
#10553=CARTESIAN_POINT('Origin',(-31.16,-35.850000205,25.9999999999999));
#10554=CARTESIAN_POINT('Origin',(-29.56,-38.650000205,11.5999999999999));
#10555=CARTESIAN_POINT('',(-29.56,-36.050000205,8.39999999999993));
#10556=CARTESIAN_POINT('',(-29.56,-36.050000205,11.5999999999999));
#10557=CARTESIAN_POINT('',(-29.56,-36.050000205,11.5999999999999));
#10558=CARTESIAN_POINT('',(-29.56,-35.850000205,11.5999999999999));
#10559=CARTESIAN_POINT('',(-29.56,-38.650000205,11.5999999999999));
#10560=CARTESIAN_POINT('',(-29.56,-35.850000205,9.99999999999993));
#10561=CARTESIAN_POINT('',(-29.56,-35.850000205,11.5999999999999));
#10562=CARTESIAN_POINT('',(-29.56,-35.850000205,8.39999999999993));
#10563=CARTESIAN_POINT('',(-29.56,-35.850000205,11.5999999999999));
#10564=CARTESIAN_POINT('',(-29.56,-38.650000205,8.39999999999993));
#10565=CARTESIAN_POINT('Origin',(-31.9599999705133,-35.850000205,10.7999999999999));
#10566=CARTESIAN_POINT('',(-32.76,-35.850000205,11.5999999999999));
#10567=CARTESIAN_POINT('',(-31.1599999410265,-35.850000205,11.5999999999999));
#10568=CARTESIAN_POINT('',(-33.4116660498396,-35.850000205,11.5999999999999));
#10569=CARTESIAN_POINT('',(-32.76,-35.850000205,9.99999999999993));
#10570=CARTESIAN_POINT('',(-32.76,-35.850000205,11.5999999999999));
#10571=CARTESIAN_POINT('Origin',(-31.16,-35.850000205,9.99999999999993));
#10572=CARTESIAN_POINT('Origin',(-32.76,-38.650000205,8.39999999999993));
#10573=CARTESIAN_POINT('',(-32.76,-36.050000205,11.5999999999999));
#10574=CARTESIAN_POINT('',(-32.76,-36.050000205,8.39999999999993));
#10575=CARTESIAN_POINT('',(-32.76,-36.050000205,11.5999999999999));
#10576=CARTESIAN_POINT('',(-32.76,-35.850000205,8.39999999999993));
#10577=CARTESIAN_POINT('',(-32.76,-38.650000205,8.39999999999993));
#10578=CARTESIAN_POINT('',(-32.76,-35.850000205,11.5999999999999));
#10579=CARTESIAN_POINT('',(-32.76,-38.650000205,11.5999999999999));
#10580=CARTESIAN_POINT('Origin',(-31.9599999786607,-35.850000205,9.19999999999993));
#10581=CARTESIAN_POINT('',(-31.1599999573213,-35.850000205,8.39999999999993));
#10582=CARTESIAN_POINT('',(-33.4116660498396,-35.850000205,8.39999999999993));
#10583=CARTESIAN_POINT('Origin',(-31.16,-35.850000205,9.99999999999993));
#10584=CARTESIAN_POINT('Origin',(-30.3599999705133,-35.850000205,10.7999999999999));
#10585=CARTESIAN_POINT('',(-33.4116660498396,-35.850000205,11.5999999999999));
#10586=CARTESIAN_POINT('Origin',(-31.16,-35.850000205,9.99999999999993));
#10587=CARTESIAN_POINT('Origin',(-30.3599999786607,-35.850000205,9.19999999999993));
#10588=CARTESIAN_POINT('',(-33.4116660498396,-35.850000205,8.39999999999993));
#10589=CARTESIAN_POINT('Origin',(-31.16,-35.850000205,9.99999999999993));
#10590=CARTESIAN_POINT('Origin',(-29.56,-38.650000205,-4.40000000000007));
#10591=CARTESIAN_POINT('',(-29.56,-36.050000205,-7.60000000000007));
#10592=CARTESIAN_POINT('',(-29.56,-36.050000205,-4.40000000000007));
#10593=CARTESIAN_POINT('',(-29.56,-36.050000205,-4.40000000000007));
#10594=CARTESIAN_POINT('',(-29.56,-35.850000205,-4.40000000000007));
#10595=CARTESIAN_POINT('',(-29.56,-38.650000205,-4.40000000000007));
#10596=CARTESIAN_POINT('',(-29.56,-35.850000205,-6.00000000000007));
#10597=CARTESIAN_POINT('',(-29.56,-35.850000205,-4.40000000000007));
#10598=CARTESIAN_POINT('',(-29.56,-35.850000205,-7.60000000000007));
#10599=CARTESIAN_POINT('',(-29.56,-35.850000205,-4.40000000000007));
#10600=CARTESIAN_POINT('',(-29.56,-38.650000205,-7.60000000000007));
#10601=CARTESIAN_POINT('Origin',(-32.76,-38.650000205,-7.60000000000007));
#10602=CARTESIAN_POINT('',(-32.76,-36.050000205,-4.40000000000007));
#10603=CARTESIAN_POINT('',(-32.76,-36.050000205,-7.60000000000007));
#10604=CARTESIAN_POINT('',(-32.76,-36.050000205,-4.40000000000007));
#10605=CARTESIAN_POINT('',(-32.76,-35.850000205,-7.60000000000007));
#10606=CARTESIAN_POINT('',(-32.76,-38.650000205,-7.60000000000007));
#10607=CARTESIAN_POINT('',(-32.76,-35.850000205,-6.00000000000007));
#10608=CARTESIAN_POINT('',(-32.76,-35.850000205,-4.40000000000007));
#10609=CARTESIAN_POINT('',(-32.76,-35.850000205,-4.40000000000007));
#10610=CARTESIAN_POINT('',(-32.76,-35.850000205,-4.40000000000007));
#10611=CARTESIAN_POINT('',(-32.76,-38.650000205,-4.40000000000007));
#10612=CARTESIAN_POINT('Origin',(-31.9600000139691,-35.850000205,-5.20000000000007));
#10613=CARTESIAN_POINT('',(-31.1600000279383,-35.850000205,-4.40000000000007));
#10614=CARTESIAN_POINT('',(-33.4116660498395,-35.850000205,-4.40000000000007));
#10615=CARTESIAN_POINT('Origin',(-31.16,-35.850000205,-6.00000000000007));
#10616=CARTESIAN_POINT('Origin',(-30.3600000139691,-35.850000205,-5.20000000000007));
#10617=CARTESIAN_POINT('',(-33.4116660498395,-35.850000205,-4.40000000000007));
#10618=CARTESIAN_POINT('Origin',(-31.16,-35.850000205,-6.00000000000007));
#10619=CARTESIAN_POINT('Origin',(-30.3600000296864,-35.850000205,-6.80000000000008));
#10620=CARTESIAN_POINT('',(-31.1600000593727,-35.850000205,-7.60000000000007));
#10621=CARTESIAN_POINT('',(-33.4116660498395,-35.850000205,-7.60000000000007));
#10622=CARTESIAN_POINT('Origin',(-31.16,-35.850000205,-6.00000000000007));
#10623=CARTESIAN_POINT('Origin',(-31.9600000296864,-35.850000205,-6.80000000000008));
#10624=CARTESIAN_POINT('',(-33.4116660498395,-35.850000205,-7.60000000000007));
#10625=CARTESIAN_POINT('Origin',(-31.16,-35.850000205,-6.00000000000007));
#10626=CARTESIAN_POINT('Origin',(29.56,-38.650000205,-7.60000000000007));
#10627=CARTESIAN_POINT('',(29.56,-36.050000205,-4.40000000000007));
#10628=CARTESIAN_POINT('',(29.56,-36.050000205,-7.60000000000007));
#10629=CARTESIAN_POINT('',(29.56,-36.050000205,-4.40000000000007));
#10630=CARTESIAN_POINT('',(29.56,-35.850000205,-7.60000000000007));
#10631=CARTESIAN_POINT('',(29.56,-38.650000205,-7.60000000000007));
#10632=CARTESIAN_POINT('',(29.56,-35.850000205,-6.00000000000007));
#10633=CARTESIAN_POINT('',(29.56,-35.850000205,-4.40000000000007));
#10634=CARTESIAN_POINT('',(29.56,-35.850000205,-4.40000000000007));
#10635=CARTESIAN_POINT('',(29.56,-35.850000205,-4.40000000000007));
#10636=CARTESIAN_POINT('',(29.56,-38.650000205,-4.40000000000007));
#10637=CARTESIAN_POINT('Origin',(32.76,-38.650000205,-4.40000000000008));
#10638=CARTESIAN_POINT('',(32.76,-36.050000205,-7.60000000000007));
#10639=CARTESIAN_POINT('',(32.76,-36.050000205,-4.40000000000008));
#10640=CARTESIAN_POINT('',(32.76,-36.050000205,-4.40000000000008));
#10641=CARTESIAN_POINT('',(32.76,-35.850000205,-4.40000000000008));
#10642=CARTESIAN_POINT('',(32.76,-38.650000205,-4.40000000000008));
#10643=CARTESIAN_POINT('',(32.76,-35.850000205,-6.00000007315708));
#10644=CARTESIAN_POINT('',(32.76,-35.850000205,-4.40000000000008));
#10645=CARTESIAN_POINT('',(32.76,-35.850000205,-7.60000000000007));
#10646=CARTESIAN_POINT('',(32.76,-35.850000205,-4.40000000000008));
#10647=CARTESIAN_POINT('',(32.76,-38.650000205,-7.60000000000007));
#10648=CARTESIAN_POINT('Origin',(30.3599999676555,-35.850000205,-5.20000000000007));
#10649=CARTESIAN_POINT('',(31.1599999353111,-35.850000205,-4.40000000000008));
#10650=CARTESIAN_POINT('',(28.9083339501605,-35.850000205,-4.40000000000007));
#10651=CARTESIAN_POINT('Origin',(31.16,-35.850000205,-6.00000000000007));
#10652=CARTESIAN_POINT('Origin',(30.3600000225118,-35.850000205,-6.80000000000008));
#10653=CARTESIAN_POINT('',(31.1600000450237,-35.850000205,-7.60000000000007));
#10654=CARTESIAN_POINT('',(28.9083339501605,-35.850000205,-7.60000000000007));
#10655=CARTESIAN_POINT('Origin',(31.16,-35.850000205,-6.00000000000007));
#10656=CARTESIAN_POINT('Origin',(31.9600000225119,-35.850000205,-6.80000003657858));
#10657=CARTESIAN_POINT('',(28.9083339501605,-35.850000205,-7.60000000000007));
#10658=CARTESIAN_POINT('Origin',(31.16,-35.850000205,-6.00000000000007));
#10659=CARTESIAN_POINT('Origin',(31.9599999676555,-35.850000205,-5.20000003657858));
#10660=CARTESIAN_POINT('',(28.9083339501605,-35.850000205,-4.40000000000007));
#10661=CARTESIAN_POINT('Origin',(31.16,-35.850000205,-6.00000000000007));
#10662=CARTESIAN_POINT('Origin',(29.56,-38.650000205,8.39999999999993));
#10663=CARTESIAN_POINT('',(29.56,-36.050000205,11.5999999999999));
#10664=CARTESIAN_POINT('',(29.56,-36.050000205,8.39999999999993));
#10665=CARTESIAN_POINT('',(29.56,-36.050000205,11.5999999999999));
#10666=CARTESIAN_POINT('',(29.56,-35.850000205,8.39999999999993));
#10667=CARTESIAN_POINT('',(29.56,-38.650000205,8.39999999999993));
#10668=CARTESIAN_POINT('',(29.56,-35.850000205,9.99999999999993));
#10669=CARTESIAN_POINT('',(29.56,-35.850000205,11.5999999999999));
#10670=CARTESIAN_POINT('',(29.56,-35.850000205,11.5999999999999));
#10671=CARTESIAN_POINT('',(29.56,-35.850000205,11.5999999999999));
#10672=CARTESIAN_POINT('',(29.56,-38.650000205,11.5999999999999));
#10673=CARTESIAN_POINT('Origin',(32.76,-38.650000205,11.5999999999999));
#10674=CARTESIAN_POINT('',(32.76,-36.050000205,8.39999999999992));
#10675=CARTESIAN_POINT('',(32.76,-36.050000205,11.5999999999999));
#10676=CARTESIAN_POINT('',(32.76,-36.050000205,11.5999999999999));
#10677=CARTESIAN_POINT('',(32.76,-35.850000205,11.5999999999999));
#10678=CARTESIAN_POINT('',(32.76,-38.650000205,11.5999999999999));
#10679=CARTESIAN_POINT('',(32.76,-35.850000205,9.99999992684292));
#10680=CARTESIAN_POINT('',(32.76,-35.850000205,11.5999999999999));
#10681=CARTESIAN_POINT('',(32.76,-35.850000205,8.39999999999992));
#10682=CARTESIAN_POINT('',(32.76,-35.850000205,11.5999999999999));
#10683=CARTESIAN_POINT('',(32.76,-38.650000205,8.39999999999992));
#10684=CARTESIAN_POINT('Origin',(30.3600000165907,-35.850000205,9.19999999999993));
#10685=CARTESIAN_POINT('',(31.1600000331815,-35.850000205,8.39999999999993));
#10686=CARTESIAN_POINT('',(28.9083339501605,-35.850000205,8.39999999999993));
#10687=CARTESIAN_POINT('Origin',(31.16,-35.850000205,9.99999999999993));
#10688=CARTESIAN_POINT('Origin',(30.3599999596752,-35.850000205,10.7999999999999));
#10689=CARTESIAN_POINT('',(31.1599999193504,-35.850000205,11.5999999999999));
#10690=CARTESIAN_POINT('',(28.9083339501605,-35.850000205,11.5999999999999));
#10691=CARTESIAN_POINT('Origin',(31.16,-35.850000205,9.99999999999993));
#10692=CARTESIAN_POINT('Origin',(31.9599999596752,-35.850000205,10.7999999634214));
#10693=CARTESIAN_POINT('',(28.9083339501605,-35.850000205,11.5999999999999));
#10694=CARTESIAN_POINT('Origin',(31.16,-35.850000205,9.99999999999993));
#10695=CARTESIAN_POINT('Origin',(31.9600000165907,-35.850000205,9.19999996342142));
#10696=CARTESIAN_POINT('',(28.9083339501605,-35.850000205,8.39999999999993));
#10697=CARTESIAN_POINT('Origin',(31.16,-35.850000205,9.99999999999993));
#10698=CARTESIAN_POINT('Origin',(29.56,-38.650000205,24.3999999999999));
#10699=CARTESIAN_POINT('',(29.56,-36.050000205,27.5999999999999));
#10700=CARTESIAN_POINT('',(29.56,-36.050000205,24.3999999999999));
#10701=CARTESIAN_POINT('',(29.56,-36.050000205,27.5999999999999));
#10702=CARTESIAN_POINT('',(29.56,-35.850000205,24.3999999999999));
#10703=CARTESIAN_POINT('',(29.56,-38.650000205,24.3999999999999));
#10704=CARTESIAN_POINT('',(29.56,-35.850000205,25.9999999999999));
#10705=CARTESIAN_POINT('',(29.56,-35.850000205,27.5999999999999));
#10706=CARTESIAN_POINT('',(29.56,-35.850000205,27.5999999999999));
#10707=CARTESIAN_POINT('',(29.56,-35.850000205,27.5999999999999));
#10708=CARTESIAN_POINT('',(29.56,-38.650000205,27.5999999999999));
#10709=CARTESIAN_POINT('Origin',(32.76,-38.650000205,27.5999999999999));
#10710=CARTESIAN_POINT('',(32.76,-36.050000205,24.3999999999999));
#10711=CARTESIAN_POINT('',(32.76,-36.050000205,27.5999999999999));
#10712=CARTESIAN_POINT('',(32.76,-36.050000205,27.5999999999999));
#10713=CARTESIAN_POINT('',(32.76,-35.850000205,27.5999999999999));
#10714=CARTESIAN_POINT('',(32.76,-38.650000205,27.5999999999999));
#10715=CARTESIAN_POINT('',(32.76,-35.850000205,25.9999999999999));
#10716=CARTESIAN_POINT('',(32.76,-35.850000205,27.5999999999999));
#10717=CARTESIAN_POINT('',(32.76,-35.850000205,24.3999999999999));
#10718=CARTESIAN_POINT('',(32.76,-35.850000205,27.5999999999999));
#10719=CARTESIAN_POINT('',(32.76,-38.650000205,24.3999999999999));
#10720=CARTESIAN_POINT('Origin',(30.36,-35.850000205,25.1999999999999));
#10721=CARTESIAN_POINT('',(31.16,-35.850000205,24.3999999999999));
#10722=CARTESIAN_POINT('',(28.9083339501605,-35.850000205,24.3999999999999));
#10723=CARTESIAN_POINT('Origin',(31.16,-35.850000205,25.9999999999999));
#10724=CARTESIAN_POINT('Origin',(30.36,-35.850000205,26.7999999999999));
#10725=CARTESIAN_POINT('',(31.16,-35.850000205,27.5999999999999));
#10726=CARTESIAN_POINT('',(28.9083339501605,-35.850000205,27.5999999999999));
#10727=CARTESIAN_POINT('Origin',(31.16,-35.850000205,25.9999999999999));
#10728=CARTESIAN_POINT('Origin',(31.96,-35.850000205,26.7999999999999));
#10729=CARTESIAN_POINT('',(28.9083339501605,-35.850000205,27.5999999999999));
#10730=CARTESIAN_POINT('Origin',(31.16,-35.850000205,25.9999999999999));
#10731=CARTESIAN_POINT('Origin',(31.96,-35.850000205,25.1999999999999));
#10732=CARTESIAN_POINT('',(28.9083339501605,-35.850000205,24.3999999999999));
#10733=CARTESIAN_POINT('Origin',(31.16,-35.850000205,25.9999999999999));
#10734=CARTESIAN_POINT('Origin',(39.4000006109476,-38.650000205,32.3999999999999));
#10735=CARTESIAN_POINT('',(39.4000006109476,-36.050000205,35.5999999999999));
#10736=CARTESIAN_POINT('',(39.4000006109476,-36.050000205,32.3999999999999));
#10737=CARTESIAN_POINT('',(39.4000006109476,-36.050000205,35.5999999999999));
#10738=CARTESIAN_POINT('',(39.4000006109476,-35.850000205,32.3999999999999));
#10739=CARTESIAN_POINT('',(39.4000006109476,-38.650000205,32.3999999999999));
#10740=CARTESIAN_POINT('',(39.4000006109476,-35.850000205,33.9999999999999));
#10741=CARTESIAN_POINT('',(39.4000006109476,-35.850000205,35.5999999999999));
#10742=CARTESIAN_POINT('',(39.4000006109476,-35.850000205,35.5999999999999));
#10743=CARTESIAN_POINT('',(39.4000006109476,-35.850000205,35.5999999999999));
#10744=CARTESIAN_POINT('',(39.4000006109476,-38.650000205,35.5999999999999));
#10745=CARTESIAN_POINT('Origin',(42.6000006109476,-38.650000205,35.5999999999999));
#10746=CARTESIAN_POINT('',(42.6000006109476,-36.050000205,32.3999999999999));
#10747=CARTESIAN_POINT('',(42.6000006109476,-36.050000205,35.5999999999999));
#10748=CARTESIAN_POINT('',(42.6000006109476,-36.050000205,35.5999999999999));
#10749=CARTESIAN_POINT('',(42.6000006109476,-35.850000205,35.5999999999999));
#10750=CARTESIAN_POINT('',(42.6000006109476,-38.650000205,35.5999999999999));
#10751=CARTESIAN_POINT('',(42.6000006109476,-35.850000205,33.9999999999999));
#10752=CARTESIAN_POINT('',(42.6000006109476,-35.850000205,35.5999999999999));
#10753=CARTESIAN_POINT('',(42.6000006109476,-35.850000205,32.3999999999999));
#10754=CARTESIAN_POINT('',(42.6000006109476,-35.850000205,35.5999999999999));
#10755=CARTESIAN_POINT('',(42.6000006109476,-38.650000205,32.3999999999999));
#10756=CARTESIAN_POINT('Origin',(40.2000006109476,-35.850000205,34.7999999999999));
#10757=CARTESIAN_POINT('',(41.0000006109476,-35.850000205,35.5999999999999));
#10758=CARTESIAN_POINT('',(38.7483345611081,-35.850000205,35.5999999999999));
#10759=CARTESIAN_POINT('Origin',(41.0000006109476,-35.850000205,33.9999999999999));
#10760=CARTESIAN_POINT('Origin',(40.2000006109476,-35.850000205,33.1999999999999));
#10761=CARTESIAN_POINT('',(41.0000006109476,-35.850000205,32.3999999999999));
#10762=CARTESIAN_POINT('',(38.7483345611081,-35.850000205,32.3999999999999));
#10763=CARTESIAN_POINT('Origin',(41.0000006109476,-35.850000205,33.9999999999999));
#10764=CARTESIAN_POINT('Origin',(41.8000006109476,-35.850000205,33.1999999999999));
#10765=CARTESIAN_POINT('',(38.7483345611081,-35.850000205,32.3999999999999));
#10766=CARTESIAN_POINT('Origin',(41.0000006109476,-35.850000205,33.9999999999999));
#10767=CARTESIAN_POINT('Origin',(41.8000006109476,-35.850000205,34.7999999999999));
#10768=CARTESIAN_POINT('',(38.7483345611081,-35.850000205,35.5999999999999));
#10769=CARTESIAN_POINT('Origin',(41.0000006109476,-35.850000205,33.9999999999999));
#10770=CARTESIAN_POINT('Origin',(39.4000006109476,-38.650000205,46.3999999999999));
#10771=CARTESIAN_POINT('',(39.4000006109476,-36.050000205,49.5999999999999));
#10772=CARTESIAN_POINT('',(39.4000006109476,-36.050000205,46.3999999999999));
#10773=CARTESIAN_POINT('',(39.4000006109476,-36.050000205,49.5999999999999));
#10774=CARTESIAN_POINT('',(39.4000006109476,-35.850000205,46.3999999999999));
#10775=CARTESIAN_POINT('',(39.4000006109476,-38.650000205,46.3999999999999));
#10776=CARTESIAN_POINT('',(39.4000006109476,-35.850000205,47.9999999999999));
#10777=CARTESIAN_POINT('',(39.4000006109476,-35.850000205,49.5999999999999));
#10778=CARTESIAN_POINT('',(39.4000006109476,-35.850000205,49.5999999999999));
#10779=CARTESIAN_POINT('',(39.4000006109476,-35.850000205,49.5999999999999));
#10780=CARTESIAN_POINT('',(39.4000006109476,-38.650000205,49.5999999999999));
#10781=CARTESIAN_POINT('Origin',(42.6000006109476,-38.650000205,49.5999999999999));
#10782=CARTESIAN_POINT('',(42.6000006109476,-36.050000205,46.3999999999999));
#10783=CARTESIAN_POINT('',(42.6000006109476,-36.050000205,49.5999999999999));
#10784=CARTESIAN_POINT('',(42.6000006109476,-36.050000205,49.5999999999999));
#10785=CARTESIAN_POINT('',(42.6000006109476,-35.850000205,49.5999999999999));
#10786=CARTESIAN_POINT('',(42.6000006109476,-38.650000205,49.5999999999999));
#10787=CARTESIAN_POINT('',(42.6000006109476,-35.850000205,47.9999999999999));
#10788=CARTESIAN_POINT('',(42.6000006109476,-35.850000205,49.5999999999999));
#10789=CARTESIAN_POINT('',(42.6000006109476,-35.850000205,46.3999999999999));
#10790=CARTESIAN_POINT('',(42.6000006109476,-35.850000205,49.5999999999999));
#10791=CARTESIAN_POINT('',(42.6000006109476,-38.650000205,46.3999999999999));
#10792=CARTESIAN_POINT('Origin',(40.2000006109476,-35.850000205,47.1999999999999));
#10793=CARTESIAN_POINT('',(41.0000006109476,-35.850000205,46.3999999999999));
#10794=CARTESIAN_POINT('',(38.7483345611081,-35.850000205,46.3999999999999));
#10795=CARTESIAN_POINT('Origin',(41.0000006109476,-35.850000205,47.9999999999999));
#10796=CARTESIAN_POINT('Origin',(40.2000006109476,-35.850000205,48.7999999999999));
#10797=CARTESIAN_POINT('',(41.0000006109476,-35.850000205,49.5999999999999));
#10798=CARTESIAN_POINT('',(38.7483345611081,-35.850000205,49.5999999999999));
#10799=CARTESIAN_POINT('Origin',(41.0000006109476,-35.850000205,47.9999999999999));
#10800=CARTESIAN_POINT('Origin',(41.8000006109476,-35.850000205,48.7999999999999));
#10801=CARTESIAN_POINT('',(38.7483345611081,-35.850000205,49.5999999999999));
#10802=CARTESIAN_POINT('Origin',(41.0000006109476,-35.850000205,47.9999999999999));
#10803=CARTESIAN_POINT('Origin',(41.8000006109476,-35.850000205,47.1999999999999));
#10804=CARTESIAN_POINT('',(38.7483345611081,-35.850000205,46.3999999999999));
#10805=CARTESIAN_POINT('Origin',(41.0000006109476,-35.850000205,47.9999999999999));
#10806=CARTESIAN_POINT('Origin',(99.56,-38.650000205,39.3999999999999));
#10807=CARTESIAN_POINT('',(99.56,-36.050000205,42.5999999999999));
#10808=CARTESIAN_POINT('',(99.56,-36.050000205,39.3999999999999));
#10809=CARTESIAN_POINT('',(99.56,-36.050000205,42.5999999999999));
#10810=CARTESIAN_POINT('',(99.56,-35.850000205,39.3999999999999));
#10811=CARTESIAN_POINT('',(99.56,-38.650000205,39.3999999999999));
#10812=CARTESIAN_POINT('',(99.56,-35.850000205,40.9999999999999));
#10813=CARTESIAN_POINT('',(99.56,-35.850000205,42.5999999999999));
#10814=CARTESIAN_POINT('',(99.56,-35.850000205,42.5999999999999));
#10815=CARTESIAN_POINT('',(99.56,-35.850000205,42.5999999999999));
#10816=CARTESIAN_POINT('',(99.56,-38.650000205,42.5999999999999));
#10817=CARTESIAN_POINT('Origin',(102.76,-38.650000205,42.5999999999999));
#10818=CARTESIAN_POINT('',(102.76,-36.050000205,39.3999999999999));
#10819=CARTESIAN_POINT('',(102.76,-36.050000205,42.5999999999999));
#10820=CARTESIAN_POINT('',(102.76,-36.050000205,42.5999999999999));
#10821=CARTESIAN_POINT('',(102.76,-35.850000205,42.5999999999999));
#10822=CARTESIAN_POINT('',(102.76,-38.650000205,42.5999999999999));
#10823=CARTESIAN_POINT('',(102.76,-35.850000205,40.9999999999999));
#10824=CARTESIAN_POINT('',(102.76,-35.850000205,42.5999999999999));
#10825=CARTESIAN_POINT('',(102.76,-35.850000205,39.3999999999999));
#10826=CARTESIAN_POINT('',(102.76,-35.850000205,42.5999999999999));
#10827=CARTESIAN_POINT('',(102.76,-38.650000205,39.3999999999999));
#10828=CARTESIAN_POINT('Origin',(100.36,-35.850000205,41.7999999999999));
#10829=CARTESIAN_POINT('',(101.16,-35.850000205,42.5999999999999));
#10830=CARTESIAN_POINT('',(98.9083339501605,-35.850000205,42.5999999999999));
#10831=CARTESIAN_POINT('Origin',(101.16,-35.850000205,40.9999999999999));
#10832=CARTESIAN_POINT('Origin',(100.359999963421,-35.850000205,40.1999999999999));
#10833=CARTESIAN_POINT('',(101.159999926843,-35.850000205,39.3999999999999));
#10834=CARTESIAN_POINT('',(98.9083339501605,-35.850000205,39.3999999999999));
#10835=CARTESIAN_POINT('Origin',(101.16,-35.850000205,40.9999999999999));
#10836=CARTESIAN_POINT('Origin',(101.959999963421,-35.850000205,40.1999999999999));
#10837=CARTESIAN_POINT('',(98.9083339501605,-35.850000205,39.3999999999999));
#10838=CARTESIAN_POINT('Origin',(101.16,-35.850000205,40.9999999999999));
#10839=CARTESIAN_POINT('Origin',(101.96,-35.850000205,41.7999999999999));
#10840=CARTESIAN_POINT('',(98.9083339501605,-35.850000205,42.5999999999999));
#10841=CARTESIAN_POINT('Origin',(101.16,-35.850000205,40.9999999999999));
#10842=CARTESIAN_POINT('Origin',(-31.16,-36.250000205,25.9999999999999));
#10843=CARTESIAN_POINT('',(-33.4116660498396,-36.250000205,27.5999999999999));
#10844=CARTESIAN_POINT('',(-28.9083339501605,-36.250000205,27.5999999999999));
#10845=CARTESIAN_POINT('',(-30.36,-36.250000205,27.5999999999999));
#10846=CARTESIAN_POINT('',(-29.5722867597285,-36.250000205,28.7499999999999));
#10847=CARTESIAN_POINT('',(-27.9845735194571,-36.250000205,25.9999999999999));
#10848=CARTESIAN_POINT('',(-32.7477132402715,-36.250000205,28.7499999999999));
#10849=CARTESIAN_POINT('',(-29.5722867597285,-36.250000205,28.7499999999999));
#10850=CARTESIAN_POINT('',(-32.7477132402715,-36.250000205,28.7499999999999));
#10851=CARTESIAN_POINT('Origin',(-31.16,-36.250000205,9.99999999999993));
#10852=CARTESIAN_POINT('',(-33.4116660498396,-36.250000205,11.5999999999999));
#10853=CARTESIAN_POINT('',(-28.9083339501605,-36.250000205,11.5999999999999));
#10854=CARTESIAN_POINT('',(-30.36,-36.250000205,11.5999999999999));
#10855=CARTESIAN_POINT('',(-29.5722867597285,-36.250000205,12.7499999999999));
#10856=CARTESIAN_POINT('',(-27.9845735194571,-36.250000205,9.99999999999993));
#10857=CARTESIAN_POINT('',(-32.7477132402715,-36.250000205,12.7499999999999));
#10858=CARTESIAN_POINT('',(-29.5722867597285,-36.250000205,12.7499999999999));
#10859=CARTESIAN_POINT('',(-32.7477132402715,-36.250000205,12.7499999999999));
#10860=CARTESIAN_POINT('Origin',(-31.16,-36.250000205,-6.00000000000008));
#10861=CARTESIAN_POINT('',(-28.9083339501605,-36.250000205,-7.60000000000007));
#10862=CARTESIAN_POINT('',(-33.4116660498395,-36.250000205,-7.60000000000007));
#10863=CARTESIAN_POINT('',(-30.0341669750803,-36.250000205,-7.60000000000007));
#10864=CARTESIAN_POINT('',(-32.7477132402715,-36.250000205,-8.75000000000006));
#10865=CARTESIAN_POINT('',(-34.3354264805429,-36.250000205,-6.00000000000007));
#10866=CARTESIAN_POINT('',(-29.5722867597285,-36.250000205,-8.75000000000006));
#10867=CARTESIAN_POINT('',(-32.7477132402715,-36.250000205,-8.75000000000006));
#10868=CARTESIAN_POINT('',(-29.5722867597285,-36.250000205,-8.75000000000006));
#10869=CARTESIAN_POINT('Origin',(31.16,-36.250000205,-6.00000000000007));
#10870=CARTESIAN_POINT('',(28.9083339501605,-36.250000205,-4.40000000000007));
#10871=CARTESIAN_POINT('',(33.4116660498395,-36.250000205,-4.40000000000008));
#10872=CARTESIAN_POINT('',(31.96,-36.250000205,-4.40000000000008));
#10873=CARTESIAN_POINT('',(32.7477132402715,-36.250000205,-3.25000000000008));
#10874=CARTESIAN_POINT('',(34.3354264805429,-36.250000205,-6.00000000000007));
#10875=CARTESIAN_POINT('',(29.5722867597285,-36.250000205,-3.25000000000007));
#10876=CARTESIAN_POINT('',(32.7477132402715,-36.250000205,-3.25000000000008));
#10877=CARTESIAN_POINT('',(29.5722867597285,-36.250000205,-3.25000000000007));
#10878=CARTESIAN_POINT('Origin',(31.16,-36.250000205,9.99999999999993));
#10879=CARTESIAN_POINT('',(28.9083339501605,-36.250000205,11.5999999999999));
#10880=CARTESIAN_POINT('',(33.4116660498395,-36.250000205,11.5999999999999));
#10881=CARTESIAN_POINT('',(31.96,-36.250000205,11.5999999999999));
#10882=CARTESIAN_POINT('',(32.7477132402715,-36.250000205,12.7499999999999));
#10883=CARTESIAN_POINT('',(34.3354264805429,-36.250000205,9.99999999999992));
#10884=CARTESIAN_POINT('',(29.5722867597285,-36.250000205,12.7499999999999));
#10885=CARTESIAN_POINT('',(32.7477132402715,-36.250000205,12.7499999999999));
#10886=CARTESIAN_POINT('',(29.5722867597285,-36.250000205,12.7499999999999));
#10887=CARTESIAN_POINT('Origin',(31.16,-36.250000205,25.9999999999999));
#10888=CARTESIAN_POINT('',(28.9083339501605,-36.250000205,27.5999999999999));
#10889=CARTESIAN_POINT('',(33.4116660498395,-36.250000205,27.5999999999999));
#10890=CARTESIAN_POINT('',(31.96,-36.250000205,27.5999999999999));
#10891=CARTESIAN_POINT('',(32.7477132402715,-36.250000205,28.7499999999999));
#10892=CARTESIAN_POINT('',(34.3354264805429,-36.250000205,25.9999999999999));
#10893=CARTESIAN_POINT('',(29.5722867597285,-36.250000205,28.7499999999999));
#10894=CARTESIAN_POINT('',(32.7477132402715,-36.250000205,28.7499999999999));
#10895=CARTESIAN_POINT('',(29.5722867597285,-36.250000205,28.7499999999999));
#10896=CARTESIAN_POINT('Origin',(41.0000006109476,-36.250000205,33.9999999999999));
#10897=CARTESIAN_POINT('',(38.7483345611081,-36.250000205,35.5999999999999));
#10898=CARTESIAN_POINT('',(43.2516666607871,-36.250000205,35.5999999999999));
#10899=CARTESIAN_POINT('',(41.8000006109476,-36.250000205,35.5999999999999));
#10900=CARTESIAN_POINT('',(42.5877138512191,-36.250000205,36.7499999999999));
#10901=CARTESIAN_POINT('',(44.1754270914905,-36.250000205,33.9999999999999));
#10902=CARTESIAN_POINT('',(39.4122873706761,-36.250000205,36.7499999999999));
#10903=CARTESIAN_POINT('',(42.5877138512191,-36.250000205,36.7499999999999));
#10904=CARTESIAN_POINT('',(39.4122873706761,-36.250000205,36.7499999999999));
#10905=CARTESIAN_POINT('Origin',(41.0000006109476,-36.250000205,47.9999999999999));
#10906=CARTESIAN_POINT('',(38.7483345611081,-36.250000205,49.5999999999999));
#10907=CARTESIAN_POINT('',(43.2516666607871,-36.250000205,49.5999999999999));
#10908=CARTESIAN_POINT('',(41.8000006109476,-36.250000205,49.5999999999999));
#10909=CARTESIAN_POINT('',(42.5877138512191,-36.250000205,50.7499999999999));
#10910=CARTESIAN_POINT('',(44.1754270914905,-36.250000205,47.9999999999999));
#10911=CARTESIAN_POINT('',(39.4122873706761,-36.250000205,50.7499999999999));
#10912=CARTESIAN_POINT('',(42.5877138512191,-36.250000205,50.7499999999999));
#10913=CARTESIAN_POINT('',(39.4122873706761,-36.250000205,50.7499999999999));
#10914=CARTESIAN_POINT('Origin',(101.16,-36.250000205,40.9999999999999));
#10915=CARTESIAN_POINT('',(98.9083339501605,-36.250000205,42.5999999999999));
#10916=CARTESIAN_POINT('',(103.41166604984,-36.250000205,42.5999999999999));
#10917=CARTESIAN_POINT('',(101.96,-36.250000205,42.5999999999999));
#10918=CARTESIAN_POINT('',(102.747713240271,-36.250000205,43.7499999999999));
#10919=CARTESIAN_POINT('',(104.335426480543,-36.250000205,40.9999999999999));
#10920=CARTESIAN_POINT('',(99.5722867597285,-36.250000205,43.7499999999999));
#10921=CARTESIAN_POINT('',(102.747713240271,-36.250000205,43.7499999999999));
#10922=CARTESIAN_POINT('',(99.5722867597285,-36.250000205,43.7499999999999));
#10923=CARTESIAN_POINT('Origin',(33.5477132402715,-36.050000205,-6.00000000000008));
#10924=CARTESIAN_POINT('',(33.4116660498395,-36.050000205,-7.60000000000008));
#10925=CARTESIAN_POINT('',(28.9083339501605,-36.050000205,-7.60000000000007));
#10926=CARTESIAN_POINT('',(34.3354264805429,-36.050000205,-6.00000000000007));
#10927=CARTESIAN_POINT('',(32.7477132402715,-36.050000205,-8.75000000000007));
#10928=CARTESIAN_POINT('',(33.4116660498395,-36.050000205,-4.40000000000008));
#10929=CARTESIAN_POINT('',(34.3354264805429,-36.050000205,-6.00000000000007));
#10930=CARTESIAN_POINT('',(28.9083339501605,-36.050000205,-4.40000000000007));
#10931=CARTESIAN_POINT('Origin',(43.3877138512191,-36.050000205,47.9999999999999));
#10932=CARTESIAN_POINT('',(43.2516666607871,-36.050000205,46.3999999999999));
#10933=CARTESIAN_POINT('',(38.7483345611081,-36.050000205,46.3999999999999));
#10934=CARTESIAN_POINT('',(44.1754270914905,-36.050000205,47.9999999999999));
#10935=CARTESIAN_POINT('',(42.5877138512191,-36.050000205,45.2499999999999));
#10936=CARTESIAN_POINT('',(43.2516666607871,-36.050000205,49.5999999999999));
#10937=CARTESIAN_POINT('',(44.1754270914905,-36.050000205,47.9999999999999));
#10938=CARTESIAN_POINT('',(38.7483345611081,-36.050000205,49.5999999999999));
#10939=CARTESIAN_POINT('Origin',(33.5477132402715,-36.050000205,25.9999999999999));
#10940=CARTESIAN_POINT('',(33.4116660498395,-36.050000205,24.3999999999999));
#10941=CARTESIAN_POINT('',(28.9083339501605,-36.050000205,24.3999999999999));
#10942=CARTESIAN_POINT('',(34.3354264805429,-36.050000205,25.9999999999999));
#10943=CARTESIAN_POINT('',(32.7477132402715,-36.050000205,23.2499999999999));
#10944=CARTESIAN_POINT('',(33.4116660498395,-36.050000205,27.5999999999999));
#10945=CARTESIAN_POINT('',(34.3354264805429,-36.050000205,25.9999999999999));
#10946=CARTESIAN_POINT('',(28.9083339501605,-36.050000205,27.5999999999999));
#10947=CARTESIAN_POINT('Origin',(-28.7722867597285,-36.050000205,9.99999999999993));
#10948=CARTESIAN_POINT('',(-28.9083339501605,-36.050000205,8.39999999999993));
#10949=CARTESIAN_POINT('',(-33.4116660498396,-36.050000205,8.39999999999993));
#10950=CARTESIAN_POINT('',(-27.9845735194571,-36.050000205,9.99999999999993));
#10951=CARTESIAN_POINT('',(-29.5722867597285,-36.050000205,7.24999999999993));
#10952=CARTESIAN_POINT('',(-28.9083339501605,-36.050000205,11.5999999999999));
#10953=CARTESIAN_POINT('',(-27.9845735194571,-36.050000205,9.99999999999993));
#10954=CARTESIAN_POINT('',(-33.4116660498396,-36.050000205,11.5999999999999));
#10955=CARTESIAN_POINT('Origin',(-32.76,-38.650000205,24.3999999999999));
#10956=CARTESIAN_POINT('',(-28.9083339501605,-36.250000205,24.3999999999999));
#10957=CARTESIAN_POINT('',(-33.4116660498396,-36.250000205,24.3999999999999));
#10958=CARTESIAN_POINT('',(-31.96,-36.250000205,24.3999999999999));
#10959=CARTESIAN_POINT('',(-28.9083339501605,-36.050000205,24.3999999999999));
#10960=CARTESIAN_POINT('',(-28.9083339501605,-38.650000205,24.3999999999999));
#10961=CARTESIAN_POINT('',(-33.4116660498396,-36.050000205,24.3999999999999));
#10962=CARTESIAN_POINT('',(-33.4116660498396,-36.050000205,24.3999999999999));
#10963=CARTESIAN_POINT('',(-33.4116660498396,-36.050000205,24.3999999999999));
#10964=CARTESIAN_POINT('',(-33.4116660498396,-38.650000205,24.3999999999999));
#10965=CARTESIAN_POINT('Origin',(-33.4116660498396,-38.650000205,27.5999999999999));
#10966=CARTESIAN_POINT('',(-33.4116660498396,-36.050000205,27.5999999999999));
#10967=CARTESIAN_POINT('',(-33.4116660498396,-38.650000205,27.5999999999999));
#10968=CARTESIAN_POINT('',(-33.4116660498396,-36.050000205,27.5999999999999));
#10969=CARTESIAN_POINT('',(-28.9083339501605,-36.050000205,27.5999999999999));
#10970=CARTESIAN_POINT('',(-33.4116660498396,-36.050000205,27.5999999999999));
#10971=CARTESIAN_POINT('',(-28.9083339501605,-38.650000205,27.5999999999999));
#10972=CARTESIAN_POINT('Origin',(-33.5477132402715,-36.050000205,25.9999999999999));
#10973=CARTESIAN_POINT('',(-34.335426480543,-36.050000205,25.9999999999999));
#10974=CARTESIAN_POINT('',(-32.7477132402715,-36.050000205,28.7499999999999));
#10975=CARTESIAN_POINT('',(-34.335426480543,-36.050000205,25.9999999999999));
#10976=CARTESIAN_POINT('Origin',(-33.5477132402715,-36.050000205,-6.00000000000007));
#10977=CARTESIAN_POINT('',(-34.3354264805429,-36.050000205,-6.00000000000007));
#10978=CARTESIAN_POINT('',(-33.4116660498395,-36.050000205,-4.40000000000007));
#10979=CARTESIAN_POINT('',(-32.7477132402715,-36.050000205,-3.25000000000009));
#10980=CARTESIAN_POINT('',(-33.4116660498395,-36.050000205,-7.60000000000007));
#10981=CARTESIAN_POINT('',(-34.3354264805429,-36.050000205,-6.00000000000007));
#10982=CARTESIAN_POINT('',(-33.4116660498395,-36.050000205,-7.60000000000007));
#10983=CARTESIAN_POINT('',(-33.4116660498395,-36.050000205,-4.40000000000007));
#10984=CARTESIAN_POINT('Origin',(39.4000006109476,-38.650000205,32.3999999999999));
#10985=CARTESIAN_POINT('',(43.2516666607871,-36.250000205,32.3999999999999));
#10986=CARTESIAN_POINT('',(38.7483345611081,-36.250000205,32.3999999999999));
#10987=CARTESIAN_POINT('',(40.2000006109476,-36.250000205,32.3999999999999));
#10988=CARTESIAN_POINT('',(43.2516666607871,-36.050000205,32.3999999999999));
#10989=CARTESIAN_POINT('',(43.2516666607871,-38.650000205,32.3999999999999));
#10990=CARTESIAN_POINT('',(38.7483345611081,-36.050000205,32.3999999999999));
#10991=CARTESIAN_POINT('',(38.7483345611081,-36.050000205,32.3999999999999));
#10992=CARTESIAN_POINT('',(38.7483345611081,-36.050000205,32.3999999999999));
#10993=CARTESIAN_POINT('',(38.7483345611081,-38.650000205,32.3999999999999));
#10994=CARTESIAN_POINT('Origin',(38.7483345611081,-38.650000205,35.5999999999999));
#10995=CARTESIAN_POINT('',(38.7483345611081,-36.050000205,35.5999999999999));
#10996=CARTESIAN_POINT('',(38.7483345611081,-38.650000205,35.5999999999999));
#10997=CARTESIAN_POINT('',(38.7483345611081,-36.050000205,35.5999999999999));
#10998=CARTESIAN_POINT('',(43.2516666607871,-36.050000205,35.5999999999999));
#10999=CARTESIAN_POINT('',(38.7483345611081,-36.050000205,35.5999999999999));
#11000=CARTESIAN_POINT('',(43.2516666607871,-38.650000205,35.5999999999999));
#11001=CARTESIAN_POINT('Origin',(38.6122873706761,-36.050000205,33.9999999999999));
#11002=CARTESIAN_POINT('',(37.8245741304047,-36.050000205,33.9999999999999));
#11003=CARTESIAN_POINT('',(39.4122873706761,-36.050000205,36.7499999999999));
#11004=CARTESIAN_POINT('',(37.8245741304047,-36.050000205,33.9999999999999));
#11005=CARTESIAN_POINT('Origin',(29.56,-38.650000205,8.39999999999993));
#11006=CARTESIAN_POINT('',(33.4116660498395,-36.250000205,8.39999999999992));
#11007=CARTESIAN_POINT('',(28.9083339501605,-36.250000205,8.39999999999993));
#11008=CARTESIAN_POINT('',(30.36,-36.250000205,8.39999999999993));
#11009=CARTESIAN_POINT('',(33.4116660498395,-36.050000205,8.39999999999992));
#11010=CARTESIAN_POINT('',(33.4116660498395,-38.650000205,8.39999999999992));
#11011=CARTESIAN_POINT('',(28.9083339501605,-36.050000205,8.39999999999993));
#11012=CARTESIAN_POINT('',(28.9083339501605,-36.050000205,8.39999999999993));
#11013=CARTESIAN_POINT('',(28.9083339501605,-36.050000205,8.39999999999993));
#11014=CARTESIAN_POINT('',(28.9083339501605,-38.650000205,8.39999999999993));
#11015=CARTESIAN_POINT('Origin',(28.9083339501605,-38.650000205,11.5999999999999));
#11016=CARTESIAN_POINT('',(28.9083339501605,-36.050000205,11.5999999999999));
#11017=CARTESIAN_POINT('',(28.9083339501605,-38.650000205,11.5999999999999));
#11018=CARTESIAN_POINT('',(28.9083339501605,-36.050000205,11.5999999999999));
#11019=CARTESIAN_POINT('',(33.4116660498395,-36.050000205,11.5999999999999));
#11020=CARTESIAN_POINT('',(28.9083339501605,-36.050000205,11.5999999999999));
#11021=CARTESIAN_POINT('',(33.4116660498395,-38.650000205,11.5999999999999));
#11022=CARTESIAN_POINT('Origin',(28.7722867597285,-36.050000205,9.99999999999993));
#11023=CARTESIAN_POINT('',(27.9845735194571,-36.050000205,9.99999999999992));
#11024=CARTESIAN_POINT('',(29.5722867597285,-36.050000205,12.7499999999999));
#11025=CARTESIAN_POINT('',(27.9845735194571,-36.050000205,9.99999999999992));
#11026=CARTESIAN_POINT('Origin',(99.56,-38.650000205,39.3999999999999));
#11027=CARTESIAN_POINT('',(103.41166604984,-36.250000205,39.3999999999999));
#11028=CARTESIAN_POINT('',(98.9083339501605,-36.250000205,39.3999999999999));
#11029=CARTESIAN_POINT('',(100.36,-36.250000205,39.3999999999999));
#11030=CARTESIAN_POINT('',(103.41166604984,-36.050000205,39.3999999999999));
#11031=CARTESIAN_POINT('',(103.41166604984,-38.650000205,39.3999999999999));
#11032=CARTESIAN_POINT('',(98.9083339501605,-36.050000205,39.3999999999999));
#11033=CARTESIAN_POINT('',(98.9083339501605,-36.050000205,39.3999999999999));
#11034=CARTESIAN_POINT('',(98.9083339501605,-36.050000205,39.3999999999999));
#11035=CARTESIAN_POINT('',(98.9083339501605,-38.650000205,39.3999999999999));
#11036=CARTESIAN_POINT('Origin',(98.9083339501605,-38.650000205,42.5999999999999));
#11037=CARTESIAN_POINT('',(98.9083339501605,-36.050000205,42.5999999999999));
#11038=CARTESIAN_POINT('',(98.9083339501605,-38.650000205,42.5999999999999));
#11039=CARTESIAN_POINT('',(98.9083339501605,-36.050000205,42.5999999999999));
#11040=CARTESIAN_POINT('',(103.41166604984,-36.050000205,42.5999999999999));
#11041=CARTESIAN_POINT('',(98.9083339501605,-36.050000205,42.5999999999999));
#11042=CARTESIAN_POINT('',(103.41166604984,-38.650000205,42.5999999999999));
#11043=CARTESIAN_POINT('Origin',(98.7722867597285,-36.050000205,40.9999999999999));
#11044=CARTESIAN_POINT('',(97.9845735194571,-36.050000205,40.9999999999999));
#11045=CARTESIAN_POINT('',(99.5722867597285,-36.050000205,43.7499999999999));
#11046=CARTESIAN_POINT('',(97.9845735194571,-36.050000205,40.9999999999999));
#11047=CARTESIAN_POINT('Origin',(29.56,-38.650000205,-7.60000000000007));
#11048=CARTESIAN_POINT('',(33.4116660498395,-36.250000205,-7.60000000000008));
#11049=CARTESIAN_POINT('',(28.9083339501605,-36.250000205,-7.60000000000007));
#11050=CARTESIAN_POINT('',(30.36,-36.250000205,-7.60000000000007));
#11051=CARTESIAN_POINT('',(33.4116660498395,-38.650000205,-7.60000000000008));
#11052=CARTESIAN_POINT('',(28.9083339501605,-36.050000205,-7.60000000000007));
#11053=CARTESIAN_POINT('',(28.9083339501605,-36.050000205,-7.60000000000007));
#11054=CARTESIAN_POINT('',(28.9083339501605,-38.650000205,-7.60000000000007));
#11055=CARTESIAN_POINT('Origin',(28.9083339501605,-38.650000205,-4.40000000000007));
#11056=CARTESIAN_POINT('',(28.9083339501605,-36.050000205,-4.40000000000007));
#11057=CARTESIAN_POINT('',(28.9083339501605,-38.650000205,-4.40000000000007));
#11058=CARTESIAN_POINT('',(28.9083339501605,-36.050000205,-4.40000000000007));
#11059=CARTESIAN_POINT('',(33.4116660498395,-38.650000205,-4.40000000000008));
#11060=CARTESIAN_POINT('Origin',(28.7722867597285,-36.050000205,-6.00000000000007));
#11061=CARTESIAN_POINT('',(27.9845735194571,-36.050000205,-6.00000000000007));
#11062=CARTESIAN_POINT('',(29.5722867597285,-36.050000205,-3.25000000000007));
#11063=CARTESIAN_POINT('',(27.9845735194571,-36.050000205,-6.00000000000007));
#11064=CARTESIAN_POINT('Origin',(39.4000006109476,-38.650000205,46.3999999999999));
#11065=CARTESIAN_POINT('',(43.2516666607871,-36.250000205,46.3999999999999));
#11066=CARTESIAN_POINT('',(38.7483345611081,-36.250000205,46.3999999999999));
#11067=CARTESIAN_POINT('',(40.2000006109476,-36.250000205,46.3999999999999));
#11068=CARTESIAN_POINT('',(43.2516666607871,-38.650000205,46.3999999999999));
#11069=CARTESIAN_POINT('',(38.7483345611081,-36.050000205,46.3999999999999));
#11070=CARTESIAN_POINT('',(38.7483345611081,-36.050000205,46.3999999999999));
#11071=CARTESIAN_POINT('',(38.7483345611081,-38.650000205,46.3999999999999));
#11072=CARTESIAN_POINT('Origin',(38.7483345611081,-38.650000205,49.5999999999999));
#11073=CARTESIAN_POINT('',(38.7483345611081,-36.050000205,49.5999999999999));
#11074=CARTESIAN_POINT('',(38.7483345611081,-38.650000205,49.5999999999999));
#11075=CARTESIAN_POINT('',(38.7483345611081,-36.050000205,49.5999999999999));
#11076=CARTESIAN_POINT('',(43.2516666607871,-38.650000205,49.5999999999999));
#11077=CARTESIAN_POINT('Origin',(38.6122873706761,-36.050000205,47.9999999999999));
#11078=CARTESIAN_POINT('',(37.8245741304047,-36.050000205,47.9999999999999));
#11079=CARTESIAN_POINT('',(39.4122873706761,-36.050000205,50.7499999999999));
#11080=CARTESIAN_POINT('',(37.8245741304047,-36.050000205,47.9999999999999));
#11081=CARTESIAN_POINT('Origin',(29.56,-38.650000205,24.3999999999999));
#11082=CARTESIAN_POINT('',(33.4116660498395,-36.250000205,24.3999999999999));
#11083=CARTESIAN_POINT('',(28.9083339501605,-36.250000205,24.3999999999999));
#11084=CARTESIAN_POINT('',(30.36,-36.250000205,24.3999999999999));
#11085=CARTESIAN_POINT('',(33.4116660498395,-38.650000205,24.3999999999999));
#11086=CARTESIAN_POINT('',(28.9083339501605,-36.050000205,24.3999999999999));
#11087=CARTESIAN_POINT('',(28.9083339501605,-36.050000205,24.3999999999999));
#11088=CARTESIAN_POINT('',(28.9083339501605,-38.650000205,24.3999999999999));
#11089=CARTESIAN_POINT('Origin',(28.9083339501605,-38.650000205,27.5999999999999));
#11090=CARTESIAN_POINT('',(28.9083339501605,-36.050000205,27.5999999999999));
#11091=CARTESIAN_POINT('',(28.9083339501605,-38.650000205,27.5999999999999));
#11092=CARTESIAN_POINT('',(28.9083339501605,-36.050000205,27.5999999999999));
#11093=CARTESIAN_POINT('',(33.4116660498395,-38.650000205,27.5999999999999));
#11094=CARTESIAN_POINT('Origin',(28.7722867597285,-36.050000205,25.9999999999999));
#11095=CARTESIAN_POINT('',(27.9845735194571,-36.050000205,25.9999999999999));
#11096=CARTESIAN_POINT('',(29.5722867597285,-36.050000205,28.7499999999999));
#11097=CARTESIAN_POINT('',(27.9845735194571,-36.050000205,25.9999999999999));
#11098=CARTESIAN_POINT('Origin',(-32.76,-38.650000205,8.39999999999993));
#11099=CARTESIAN_POINT('',(-28.9083339501605,-36.250000205,8.39999999999993));
#11100=CARTESIAN_POINT('',(-33.4116660498396,-36.250000205,8.39999999999993));
#11101=CARTESIAN_POINT('',(-31.96,-36.250000205,8.39999999999993));
#11102=CARTESIAN_POINT('',(-28.9083339501605,-38.650000205,8.39999999999993));
#11103=CARTESIAN_POINT('',(-33.4116660498396,-36.050000205,8.39999999999993));
#11104=CARTESIAN_POINT('',(-33.4116660498396,-36.050000205,8.39999999999993));
#11105=CARTESIAN_POINT('',(-33.4116660498396,-38.650000205,8.39999999999993));
#11106=CARTESIAN_POINT('Origin',(-33.4116660498396,-38.650000205,11.5999999999999));
#11107=CARTESIAN_POINT('',(-33.4116660498396,-36.050000205,11.5999999999999));
#11108=CARTESIAN_POINT('',(-33.4116660498396,-38.650000205,11.5999999999999));
#11109=CARTESIAN_POINT('',(-33.4116660498396,-36.050000205,11.5999999999999));
#11110=CARTESIAN_POINT('',(-28.9083339501605,-38.650000205,11.5999999999999));
#11111=CARTESIAN_POINT('Origin',(-33.5477132402715,-36.050000205,9.99999999999993));
#11112=CARTESIAN_POINT('',(-34.335426480543,-36.050000205,9.99999999999993));
#11113=CARTESIAN_POINT('',(-32.7477132402715,-36.050000205,12.7499999999999));
#11114=CARTESIAN_POINT('',(-34.335426480543,-36.050000205,9.99999999999993));
#11115=CARTESIAN_POINT('Origin',(-28.7722867597285,-36.050000205,25.9999999999999));
#11116=CARTESIAN_POINT('',(-27.9845735194571,-36.050000205,25.9999999999999));
#11117=CARTESIAN_POINT('',(-29.5722867597285,-36.050000205,23.2499999999999));
#11118=CARTESIAN_POINT('',(-27.9845735194571,-36.050000205,25.9999999999999));
#11119=CARTESIAN_POINT('Origin',(-29.56,-38.650000205,-4.40000000000007));
#11120=CARTESIAN_POINT('',(-33.4116660498395,-36.250000205,-4.40000000000007));
#11121=CARTESIAN_POINT('',(-28.9083339501605,-36.250000205,-4.40000000000007));
#11122=CARTESIAN_POINT('',(-30.36,-36.250000205,-4.40000000000007));
#11123=CARTESIAN_POINT('',(-33.4116660498395,-38.650000205,-4.40000000000007));
#11124=CARTESIAN_POINT('',(-28.9083339501605,-36.050000205,-4.40000000000007));
#11125=CARTESIAN_POINT('',(-33.4116660498395,-36.050000205,-4.40000000000007));
#11126=CARTESIAN_POINT('',(-28.9083339501605,-38.650000205,-4.40000000000007));
#11127=CARTESIAN_POINT('Origin',(-28.9083339501605,-38.650000205,-7.60000000000007));
#11128=CARTESIAN_POINT('',(-28.9083339501605,-36.050000205,-7.60000000000007));
#11129=CARTESIAN_POINT('',(-28.9083339501605,-38.650000205,-7.60000000000007));
#11130=CARTESIAN_POINT('',(-33.4116660498395,-36.050000205,-7.60000000000007));
#11131=CARTESIAN_POINT('',(-33.4116660498395,-38.650000205,-7.60000000000007));
#11132=CARTESIAN_POINT('Origin',(-28.7722867597285,-36.050000205,-6.00000000000007));
#11133=CARTESIAN_POINT('',(-27.9845735194571,-36.050000205,-6.00000000000008));
#11134=CARTESIAN_POINT('',(-29.5722867597285,-36.050000205,-8.75000000000006));
#11135=CARTESIAN_POINT('',(-27.9845735194571,-36.050000205,-6.00000000000008));
#11136=CARTESIAN_POINT('Origin',(43.3877138512191,-36.050000205,33.9999999999999));
#11137=CARTESIAN_POINT('',(44.1754270914905,-36.050000205,33.9999999999999));
#11138=CARTESIAN_POINT('',(42.5877138512191,-36.050000205,31.2499999999999));
#11139=CARTESIAN_POINT('',(44.1754270914905,-36.050000205,33.9999999999999));
#11140=CARTESIAN_POINT('Origin',(33.5477132402715,-36.050000205,9.99999999999992));
#11141=CARTESIAN_POINT('',(34.3354264805429,-36.050000205,9.99999999999992));
#11142=CARTESIAN_POINT('',(32.7477132402715,-36.050000205,7.24999999999993));
#11143=CARTESIAN_POINT('',(34.3354264805429,-36.050000205,9.99999999999992));
#11144=CARTESIAN_POINT('Origin',(103.547713240271,-36.050000205,40.9999999999999));
#11145=CARTESIAN_POINT('',(104.335426480543,-36.050000205,40.9999999999999));
#11146=CARTESIAN_POINT('',(102.747713240271,-36.050000205,38.2499999999999));
#11147=CARTESIAN_POINT('',(104.335426480543,-36.050000205,40.9999999999999));
#11148=CARTESIAN_POINT('Origin',(32.7477132402715,-38.650000205,-3.25000000000008));
#11149=CARTESIAN_POINT('',(32.7477132402715,-38.650000205,-3.25000000000008));
#11150=CARTESIAN_POINT('',(34.3354264805429,-38.650000205,-6.00000000000007));
#11151=CARTESIAN_POINT('',(22.5379446710099,-38.650000205,14.4338378954807));
#11152=CARTESIAN_POINT('',(32.7477132402715,-38.650000205,-3.25000000000008));
#11153=CARTESIAN_POINT('',(34.3354264805429,-38.650000205,-6.00000000000007));
#11154=CARTESIAN_POINT('Origin',(34.3354264805429,-38.650000205,-6.00000000000007));
#11155=CARTESIAN_POINT('',(32.7477132402715,-36.250000205,-8.75000000000007));
#11156=CARTESIAN_POINT('',(32.7477132402715,-36.250000205,-8.75000000000007));
#11157=CARTESIAN_POINT('',(32.7477132402715,-38.650000205,-8.75000000000007));
#11158=CARTESIAN_POINT('',(32.7477132402715,-38.650000205,-8.75000000000007));
#11159=CARTESIAN_POINT('',(36.7551950498045,-38.650000205,-1.80883789548088));
#11160=CARTESIAN_POINT('Origin',(42.5877138512191,-38.650000205,50.7499999999999));
#11161=CARTESIAN_POINT('',(42.5877138512191,-38.650000205,50.7499999999999));
#11162=CARTESIAN_POINT('',(44.1754270914905,-38.650000205,47.9999999999999));
#11163=CARTESIAN_POINT('',(42.839288156679,-38.650000205,50.3142605210645));
#11164=CARTESIAN_POINT('',(42.5877138512191,-38.650000205,50.7499999999999));
#11165=CARTESIAN_POINT('',(44.1754270914905,-38.650000205,47.9999999999999));
#11166=CARTESIAN_POINT('Origin',(44.1754270914905,-38.650000205,47.9999999999999));
#11167=CARTESIAN_POINT('',(42.5877138512191,-36.250000205,45.2499999999999));
#11168=CARTESIAN_POINT('',(42.5877138512191,-36.250000205,45.2499999999999));
#11169=CARTESIAN_POINT('',(42.5877138512191,-38.650000205,45.2499999999999));
#11170=CARTESIAN_POINT('',(42.5877138512191,-38.650000205,45.2499999999999));
#11171=CARTESIAN_POINT('',(33.6738526332937,-38.650000205,29.8107394789354));
#11172=CARTESIAN_POINT('Origin',(32.7477132402715,-38.650000205,28.7499999999999));
#11173=CARTESIAN_POINT('',(32.7477132402715,-38.650000205,28.7499999999999));
#11174=CARTESIAN_POINT('',(34.3354264805429,-38.650000205,25.9999999999999));
#11175=CARTESIAN_POINT('',(29.4661479012855,-38.650000205,34.4338378954807));
#11176=CARTESIAN_POINT('',(32.7477132402715,-38.650000205,28.7499999999999));
#11177=CARTESIAN_POINT('',(34.3354264805429,-38.650000205,25.9999999999999));
#11178=CARTESIAN_POINT('Origin',(34.3354264805429,-38.650000205,25.9999999999999));
#11179=CARTESIAN_POINT('',(32.7477132402715,-36.250000205,23.2499999999999));
#11180=CARTESIAN_POINT('',(32.7477132402715,-36.250000205,23.2499999999999));
#11181=CARTESIAN_POINT('',(32.7477132402715,-38.650000205,23.2499999999999));
#11182=CARTESIAN_POINT('',(32.7477132402715,-38.650000205,23.2499999999999));
#11183=CARTESIAN_POINT('',(29.8269918195289,-38.650000205,18.1911621045191));
#11184=CARTESIAN_POINT('Origin',(-29.5722867597285,-38.650000205,12.7499999999999));
#11185=CARTESIAN_POINT('',(-29.5722867597285,-38.650000205,12.7499999999999));
#11186=CARTESIAN_POINT('',(-27.9845735194571,-38.650000205,9.99999999999993));
#11187=CARTESIAN_POINT('',(-28.5279537138523,-38.650000205,10.9411621045192));
#11188=CARTESIAN_POINT('',(-29.5722867597285,-38.650000205,12.7499999999999));
#11189=CARTESIAN_POINT('',(-27.9845735194571,-38.650000205,9.99999999999993));
#11190=CARTESIAN_POINT('Origin',(-27.9845735194571,-38.650000205,9.99999999999993));
#11191=CARTESIAN_POINT('',(-29.5722867597285,-36.250000205,7.24999999999993));
#11192=CARTESIAN_POINT('',(-29.5722867597285,-36.250000205,7.24999999999993));
#11193=CARTESIAN_POINT('',(-29.5722867597285,-38.650000205,7.24999999999993));
#11194=CARTESIAN_POINT('',(-29.5722867597285,-38.650000205,7.24999999999993));
#11195=CARTESIAN_POINT('',(-21.2389065653333,-38.650000205,21.6838378954807));
#11196=CARTESIAN_POINT('Origin',(-32.7477132402715,-38.650000205,23.2499999999999));
#11197=CARTESIAN_POINT('',(-32.7477132402715,-38.650000205,23.2499999999999));
#11198=CARTESIAN_POINT('',(-34.335426480543,-38.650000205,25.9999999999999));
#11199=CARTESIAN_POINT('',(-29.0331351993933,-38.650000205,16.8161621045192));
#11200=CARTESIAN_POINT('',(-32.7477132402715,-36.250000205,23.2499999999999));
#11201=CARTESIAN_POINT('',(-32.7477132402715,-38.650000205,23.2499999999999));
#11202=CARTESIAN_POINT('',(-34.335426480543,-36.250000205,25.9999999999999));
#11203=CARTESIAN_POINT('',(-34.335426480543,-38.650000205,25.9999999999999));
#11204=CARTESIAN_POINT('Origin',(-32.7477132402715,-38.650000205,-8.75000000000006));
#11205=CARTESIAN_POINT('',(-32.7477132402715,-38.650000205,-8.75000000000006));
#11206=CARTESIAN_POINT('',(-34.3354264805429,-38.650000205,-6.00000000000007));
#11207=CARTESIAN_POINT('',(-35.9613384296687,-38.650000205,-3.18383789548083));
#11208=CARTESIAN_POINT('',(-32.7477132402715,-38.650000205,-8.75000000000006));
#11209=CARTESIAN_POINT('',(-34.3354264805429,-38.650000205,-6.00000000000007));
#11210=CARTESIAN_POINT('Origin',(39.4122873706761,-38.650000205,31.2499999999999));
#11211=CARTESIAN_POINT('',(39.4122873706761,-38.650000205,31.2499999999999));
#11212=CARTESIAN_POINT('',(37.8245741304047,-38.650000205,33.9999999999999));
#11213=CARTESIAN_POINT('',(35.8389161427548,-38.650000205,37.4392605210645));
#11214=CARTESIAN_POINT('',(39.4122873706761,-36.250000205,31.2499999999999));
#11215=CARTESIAN_POINT('',(39.4122873706761,-38.650000205,31.2499999999999));
#11216=CARTESIAN_POINT('',(37.8245741304047,-36.250000205,33.9999999999999));
#11217=CARTESIAN_POINT('',(37.8245741304047,-38.650000205,33.9999999999999));
#11218=CARTESIAN_POINT('Origin',(29.5722867597285,-38.650000205,7.24999999999993));
#11219=CARTESIAN_POINT('',(29.5722867597285,-38.650000205,7.24999999999993));
#11220=CARTESIAN_POINT('',(27.9845735194571,-38.650000205,9.99999999999992));
#11221=CARTESIAN_POINT('',(22.032763185469,-38.650000205,20.3088378954807));
#11222=CARTESIAN_POINT('',(29.5722867597285,-36.250000205,7.24999999999993));
#11223=CARTESIAN_POINT('',(29.5722867597285,-38.650000205,7.24999999999993));
#11224=CARTESIAN_POINT('',(27.9845735194571,-36.250000205,9.99999999999992));
#11225=CARTESIAN_POINT('',(27.9845735194571,-38.650000205,9.99999999999992));
#11226=CARTESIAN_POINT('Origin',(99.5722867597285,-38.650000205,38.2499999999999));
#11227=CARTESIAN_POINT('',(99.5722867597285,-38.650000205,38.2499999999999));
#11228=CARTESIAN_POINT('',(97.9845735194571,-38.650000205,40.9999999999999));
#11229=CARTESIAN_POINT('',(89.9944600647983,-38.650000205,54.8392824617085));
#11230=CARTESIAN_POINT('',(99.5722867597285,-36.250000205,38.2499999999999));
#11231=CARTESIAN_POINT('',(99.5722867597285,-38.650000205,38.2499999999999));
#11232=CARTESIAN_POINT('',(97.9845735194571,-36.250000205,40.9999999999999));
#11233=CARTESIAN_POINT('',(97.9845735194571,-38.650000205,40.9999999999999));
#11234=CARTESIAN_POINT('Origin',(29.5722867597285,-38.650000205,-8.75000000000007));
#11235=CARTESIAN_POINT('',(29.5722867597285,-38.650000205,-8.75000000000007));
#11236=CARTESIAN_POINT('',(27.9845735194571,-38.650000205,-6.00000000000007));
#11237=CARTESIAN_POINT('',(18.5686615703313,-38.650000205,10.3088378954807));
#11238=CARTESIAN_POINT('',(29.5722867597285,-36.250000205,-8.75000000000007));
#11239=CARTESIAN_POINT('',(29.5722867597285,-38.650000205,-8.75000000000007));
#11240=CARTESIAN_POINT('',(27.9845735194571,-36.250000205,-6.00000000000007));
#11241=CARTESIAN_POINT('',(27.9845735194571,-38.650000205,-6.00000000000007));
#11242=CARTESIAN_POINT('Origin',(39.4122873706761,-38.650000205,45.2499999999999));
#11243=CARTESIAN_POINT('',(39.4122873706761,-38.650000205,45.2499999999999));
#11244=CARTESIAN_POINT('',(37.8245741304047,-38.650000205,47.9999999999999));
#11245=CARTESIAN_POINT('',(38.8700050560004,-38.650000205,46.1892605210644));
#11246=CARTESIAN_POINT('',(39.4122873706761,-36.250000205,45.2499999999999));
#11247=CARTESIAN_POINT('',(39.4122873706761,-38.650000205,45.2499999999999));
#11248=CARTESIAN_POINT('',(37.8245741304047,-36.250000205,47.9999999999999));
#11249=CARTESIAN_POINT('',(37.8245741304047,-38.650000205,47.9999999999999));
#11250=CARTESIAN_POINT('Origin',(29.5722867597285,-38.650000205,23.2499999999999));
#11251=CARTESIAN_POINT('',(29.5722867597285,-38.650000205,23.2499999999999));
#11252=CARTESIAN_POINT('',(27.9845735194571,-38.650000205,25.9999999999999));
#11253=CARTESIAN_POINT('',(25.4968648006068,-38.650000205,30.3088378954807));
#11254=CARTESIAN_POINT('',(29.5722867597285,-36.250000205,23.2499999999999));
#11255=CARTESIAN_POINT('',(29.5722867597285,-38.650000205,23.2499999999999));
#11256=CARTESIAN_POINT('',(27.9845735194571,-36.250000205,25.9999999999999));
#11257=CARTESIAN_POINT('',(27.9845735194571,-38.650000205,25.9999999999999));
#11258=CARTESIAN_POINT('Origin',(-32.7477132402715,-38.650000205,7.24999999999993));
#11259=CARTESIAN_POINT('',(-32.7477132402715,-38.650000205,7.24999999999993));
#11260=CARTESIAN_POINT('',(-34.335426480543,-38.650000205,9.99999999999993));
#11261=CARTESIAN_POINT('',(-32.497236814531,-38.650000205,6.81616210451916));
#11262=CARTESIAN_POINT('',(-32.7477132402715,-36.250000205,7.24999999999993));
#11263=CARTESIAN_POINT('',(-32.7477132402715,-38.650000205,7.24999999999993));
#11264=CARTESIAN_POINT('',(-34.335426480543,-36.250000205,9.99999999999993));
#11265=CARTESIAN_POINT('',(-34.335426480543,-38.650000205,9.99999999999993));
#11266=CARTESIAN_POINT('Origin',(-29.5722867597285,-38.650000205,28.7499999999999));
#11267=CARTESIAN_POINT('',(-29.5722867597285,-38.650000205,28.7499999999999));
#11268=CARTESIAN_POINT('',(-27.9845735194571,-38.650000205,25.9999999999999));
#11269=CARTESIAN_POINT('',(-25.0638520987146,-38.650000205,20.9411621045192));
#11270=CARTESIAN_POINT('',(-29.5722867597285,-38.650000205,28.7499999999999));
#11271=CARTESIAN_POINT('',(-27.9845735194571,-38.650000205,25.9999999999999));
#11272=CARTESIAN_POINT('Origin',(-31.16,-36.250000205,25.9999999999999));
#11273=CARTESIAN_POINT('',(-29.5722867597285,-36.250000205,23.2499999999999));
#11274=CARTESIAN_POINT('',(-32.7477132402715,-36.250000205,23.2499999999999));
#11275=CARTESIAN_POINT('',(-29.5722867597285,-36.250000205,23.2499999999999));
#11276=CARTESIAN_POINT('Origin',(-27.9845735194571,-38.650000205,25.9999999999999));
#11277=CARTESIAN_POINT('',(-29.5722867597285,-38.650000205,23.2499999999999));
#11278=CARTESIAN_POINT('',(-29.5722867597285,-38.650000205,23.2499999999999));
#11279=CARTESIAN_POINT('',(-24.703008180471,-38.650000205,31.6838378954807));
#11280=CARTESIAN_POINT('Origin',(-29.5722867597285,-38.650000205,-3.25000000000009));
#11281=CARTESIAN_POINT('',(-29.5722867597285,-38.650000205,-3.25000000000009));
#11282=CARTESIAN_POINT('',(-27.9845735194571,-38.650000205,-6.00000000000008));
#11283=CARTESIAN_POINT('',(-31.9920553289901,-38.650000205,0.94116210451914));
#11284=CARTESIAN_POINT('',(-29.5722867597285,-36.250000205,-3.25000000000009));
#11285=CARTESIAN_POINT('',(-29.5722867597285,-38.650000205,-3.25000000000009));
#11286=CARTESIAN_POINT('',(-27.9845735194571,-36.250000205,-6.00000000000008));
#11287=CARTESIAN_POINT('',(-27.9845735194571,-38.650000205,-6.00000000000008));
#11288=CARTESIAN_POINT('Origin',(-27.9845735194571,-38.650000205,-6.00000000000008));
#11289=CARTESIAN_POINT('',(-29.5722867597285,-38.650000205,-8.75000000000006));
#11290=CARTESIAN_POINT('',(-29.5722867597285,-38.650000205,-8.75000000000006));
#11291=CARTESIAN_POINT('',(-17.7748049501956,-38.650000205,11.6838378954807));
#11292=CARTESIAN_POINT('Origin',(42.5877138512191,-38.650000205,36.7499999999999));
#11293=CARTESIAN_POINT('',(42.5877138512191,-38.650000205,36.7499999999999));
#11294=CARTESIAN_POINT('',(44.1754270914905,-38.650000205,33.9999999999999));
#11295=CARTESIAN_POINT('',(39.8081992434335,-38.650000205,41.5642605210644));
#11296=CARTESIAN_POINT('',(42.5877138512191,-38.650000205,36.7499999999999));
#11297=CARTESIAN_POINT('',(44.1754270914905,-38.650000205,33.9999999999999));
#11298=CARTESIAN_POINT('Origin',(41.0000006109476,-36.250000205,33.9999999999999));
#11299=CARTESIAN_POINT('',(42.5877138512191,-36.250000205,31.2499999999999));
#11300=CARTESIAN_POINT('',(39.4122873706761,-36.250000205,31.2499999999999));
#11301=CARTESIAN_POINT('',(42.5877138512191,-36.250000205,31.2499999999999));
#11302=CARTESIAN_POINT('Origin',(44.1754270914905,-38.650000205,33.9999999999999));
#11303=CARTESIAN_POINT('',(42.5877138512191,-38.650000205,31.2499999999999));
#11304=CARTESIAN_POINT('',(42.5877138512191,-38.650000205,31.2499999999999));
#11305=CARTESIAN_POINT('',(36.7049415465392,-38.650000205,21.0607394789354));
#11306=CARTESIAN_POINT('Origin',(32.7477132402715,-38.650000205,12.7499999999999));
#11307=CARTESIAN_POINT('',(32.7477132402715,-38.650000205,12.7499999999999));
#11308=CARTESIAN_POINT('',(34.3354264805429,-38.650000205,9.99999999999992));
#11309=CARTESIAN_POINT('',(26.0020462861477,-38.650000205,24.4338378954807));
#11310=CARTESIAN_POINT('',(32.7477132402715,-38.650000205,12.7499999999999));
#11311=CARTESIAN_POINT('',(34.3354264805429,-38.650000205,9.99999999999992));
#11312=CARTESIAN_POINT('Origin',(31.16,-36.250000205,9.99999999999993));
#11313=CARTESIAN_POINT('',(32.7477132402715,-36.250000205,7.24999999999993));
#11314=CARTESIAN_POINT('',(29.5722867597285,-36.250000205,7.24999999999993));
#11315=CARTESIAN_POINT('',(32.7477132402715,-36.250000205,7.24999999999993));
#11316=CARTESIAN_POINT('Origin',(34.3354264805429,-38.650000205,9.99999999999992));
#11317=CARTESIAN_POINT('',(32.7477132402715,-38.650000205,7.24999999999993));
#11318=CARTESIAN_POINT('',(32.7477132402715,-38.650000205,7.24999999999993));
#11319=CARTESIAN_POINT('',(33.2910934346667,-38.650000205,8.19116210451914));
#11320=CARTESIAN_POINT('Origin',(102.747713240271,-38.650000205,43.7499999999999));
#11321=CARTESIAN_POINT('',(102.747713240271,-38.650000205,43.7499999999999));
#11322=CARTESIAN_POINT('',(104.335426480543,-38.650000205,40.9999999999999));
#11323=CARTESIAN_POINT('',(93.9637431654772,-38.650000205,58.9642824617083));
#11324=CARTESIAN_POINT('',(102.747713240271,-38.650000205,43.7499999999999));
#11325=CARTESIAN_POINT('',(104.335426480543,-38.650000205,40.9999999999999));
#11326=CARTESIAN_POINT('Origin',(101.16,-36.250000205,40.9999999999999));
#11327=CARTESIAN_POINT('',(102.747713240271,-36.250000205,38.2499999999999));
#11328=CARTESIAN_POINT('',(99.5722867597285,-36.250000205,38.2499999999999));
#11329=CARTESIAN_POINT('',(102.747713240271,-36.250000205,38.2499999999999));
#11330=CARTESIAN_POINT('Origin',(104.335426480543,-38.650000205,40.9999999999999));
#11331=CARTESIAN_POINT('',(102.747713240271,-38.650000205,38.2499999999999));
#11332=CARTESIAN_POINT('',(102.747713240271,-38.650000205,38.2499999999999));
#11333=CARTESIAN_POINT('',(87.8293965553371,-38.650000205,12.4107175382914));
#11334=CARTESIAN_POINT('Origin',(42.5877138512191,-38.650000205,31.2499999999999));
#11335=CARTESIAN_POINT('',(21.2938569256095,-38.650000205,31.2499999999999));
#11336=CARTESIAN_POINT('Origin',(39.4122873706761,-38.650000205,36.7499999999999));
#11337=CARTESIAN_POINT('',(39.4122873706761,-38.650000205,36.7499999999999));
#11338=CARTESIAN_POINT('',(19.7061436853381,-38.650000205,36.75));
#11339=CARTESIAN_POINT('',(39.4122873706761,-38.650000205,36.7499999999999));
#11340=CARTESIAN_POINT('Origin',(37.8245741304047,-38.650000205,33.9999999999999));
#11341=CARTESIAN_POINT('',(31.1479452055891,-38.650000205,22.4357394789354));
#11342=CARTESIAN_POINT('Origin',(-29.5722867597285,-38.650000205,-8.75000000000006));
#11343=CARTESIAN_POINT('',(-14.7861433798643,-38.650000205,-8.75000000000006));
#11344=CARTESIAN_POINT('Origin',(-32.7477132402715,-38.650000205,-3.25000000000009));
#11345=CARTESIAN_POINT('',(-32.7477132402715,-38.650000205,-3.25000000000009));
#11346=CARTESIAN_POINT('',(-16.3738566201358,-38.650000205,-3.25000000000011));
#11347=CARTESIAN_POINT('',(-32.7477132402715,-36.250000205,-3.25000000000009));
#11348=CARTESIAN_POINT('',(-32.7477132402715,-38.650000205,-3.25000000000009));
#11349=CARTESIAN_POINT('',(-29.5722867597285,-36.250000205,-3.25000000000009));
#11350=CARTESIAN_POINT('Origin',(-34.3354264805429,-38.650000205,-6.00000000000007));
#11351=CARTESIAN_POINT('',(-32.7477132402715,-36.250000205,-3.25000000000009));
#11352=CARTESIAN_POINT('',(-23.3318012911457,-38.650000205,13.0588378954807));
#11353=CARTESIAN_POINT('Origin',(-31.16,-36.250000205,-6.00000000000008));
#11354=CARTESIAN_POINT('Origin',(-29.5722867597285,-38.650000205,7.24999999999993));
#11355=CARTESIAN_POINT('',(-14.7861433798643,-38.650000205,7.24999999999993));
#11356=CARTESIAN_POINT('',(-32.7477132402715,-36.250000205,7.24999999999993));
#11357=CARTESIAN_POINT('Origin',(-32.7477132402715,-38.650000205,12.7499999999999));
#11358=CARTESIAN_POINT('',(-32.7477132402715,-38.650000205,12.7499999999999));
#11359=CARTESIAN_POINT('',(-16.3738566201358,-38.650000205,12.7499999999999));
#11360=CARTESIAN_POINT('',(-32.7477132402715,-38.650000205,12.7499999999999));
#11361=CARTESIAN_POINT('Origin',(-34.335426480543,-38.650000205,9.99999999999993));
#11362=CARTESIAN_POINT('',(-26.7959029062835,-38.650000205,23.0588378954807));
#11363=CARTESIAN_POINT('Origin',(-31.16,-36.250000205,9.99999999999993));
#11364=CARTESIAN_POINT('Origin',(32.7477132402715,-38.650000205,23.2499999999999));
#11365=CARTESIAN_POINT('',(16.3738566201357,-38.650000205,23.2499999999999));
#11366=CARTESIAN_POINT('',(29.5722867597285,-36.250000205,23.2499999999999));
#11367=CARTESIAN_POINT('Origin',(29.5722867597285,-38.650000205,28.7499999999999));
#11368=CARTESIAN_POINT('',(29.5722867597285,-38.650000205,28.7499999999999));
#11369=CARTESIAN_POINT('',(14.7861433798643,-38.650000205,28.7499999999999));
#11370=CARTESIAN_POINT('',(29.5722867597285,-38.650000205,28.7499999999999));
#11371=CARTESIAN_POINT('Origin',(27.9845735194571,-38.650000205,25.9999999999999));
#11372=CARTESIAN_POINT('',(24.2699954785788,-38.650000205,19.5661621045192));
#11373=CARTESIAN_POINT('Origin',(31.16,-36.250000205,25.9999999999999));
#11374=CARTESIAN_POINT('Origin',(42.5877138512191,-38.650000205,45.2499999999999));
#11375=CARTESIAN_POINT('',(21.2938569256095,-38.650000205,45.2499999999999));
#11376=CARTESIAN_POINT('',(39.4122873706761,-36.250000205,45.2499999999999));
#11377=CARTESIAN_POINT('Origin',(39.4122873706761,-38.650000205,50.7499999999999));
#11378=CARTESIAN_POINT('',(39.4122873706761,-38.650000205,50.7499999999999));
#11379=CARTESIAN_POINT('',(19.7061436853381,-38.650000205,50.7499999999999));
#11380=CARTESIAN_POINT('',(39.4122873706761,-38.650000205,50.7499999999999));
#11381=CARTESIAN_POINT('Origin',(37.8245741304047,-38.650000205,47.9999999999999));
#11382=CARTESIAN_POINT('',(28.1168562923436,-38.650000205,31.1857394789354));
#11383=CARTESIAN_POINT('Origin',(41.0000006109476,-36.250000205,47.9999999999999));
#11384=CARTESIAN_POINT('Origin',(32.7477132402715,-38.650000205,-8.75000000000007));
#11385=CARTESIAN_POINT('',(16.3738566201357,-38.650000205,-8.75000000000007));
#11386=CARTESIAN_POINT('',(29.5722867597285,-36.250000205,-8.75000000000007));
#11387=CARTESIAN_POINT('Origin',(29.5722867597285,-38.650000205,-3.25000000000007));
#11388=CARTESIAN_POINT('',(29.5722867597285,-38.650000205,-3.25000000000007));
#11389=CARTESIAN_POINT('',(14.7861433798642,-38.650000205,-3.25000000000005));
#11390=CARTESIAN_POINT('',(29.5722867597285,-38.650000205,-3.25000000000007));
#11391=CARTESIAN_POINT('Origin',(27.9845735194571,-38.650000205,-6.00000000000007));
#11392=CARTESIAN_POINT('',(31.1981987088543,-38.650000205,-0.43383789548084));
#11393=CARTESIAN_POINT('Origin',(31.16,-36.250000205,-6.00000000000007));
#11394=CARTESIAN_POINT('Origin',(-34.335426480543,-38.650000205,25.9999999999999));
#11395=CARTESIAN_POINT('',(-32.7477132402715,-38.650000205,28.7499999999999));
#11396=CARTESIAN_POINT('',(-32.7477132402715,-38.650000205,28.7499999999999));
#11397=CARTESIAN_POINT('',(-30.2600045214212,-38.650000205,33.0588378954807));
#11398=CARTESIAN_POINT('Origin',(-29.5722867597285,-38.650000205,23.2499999999999));
#11399=CARTESIAN_POINT('',(-14.7861433798643,-38.650000205,23.2499999999999));
#11400=CARTESIAN_POINT('Origin',(-32.7477132402715,-38.650000205,28.7499999999999));
#11401=CARTESIAN_POINT('',(-16.3738566201357,-38.650000205,28.7499999999999));
#11402=CARTESIAN_POINT('Origin',(32.7477132402715,-38.650000205,7.24999999999993));
#11403=CARTESIAN_POINT('',(16.3738566201357,-38.650000205,7.24999999999993));
#11404=CARTESIAN_POINT('Origin',(29.5722867597285,-38.650000205,12.7499999999999));
#11405=CARTESIAN_POINT('',(29.5722867597285,-38.650000205,12.7499999999999));
#11406=CARTESIAN_POINT('',(14.7861433798643,-38.650000205,12.7499999999999));
#11407=CARTESIAN_POINT('',(29.5722867597285,-38.650000205,12.7499999999999));
#11408=CARTESIAN_POINT('Origin',(27.9845735194571,-38.650000205,9.99999999999992));
#11409=CARTESIAN_POINT('',(27.7340970937166,-38.650000205,9.56616210451916));
#11410=CARTESIAN_POINT('Origin',(102.747713240271,-38.650000205,38.2499999999999));
#11411=CARTESIAN_POINT('',(51.3738566201357,-38.650000205,38.2499999999999));
#11412=CARTESIAN_POINT('Origin',(99.5722867597285,-38.650000205,43.7499999999999));
#11413=CARTESIAN_POINT('',(99.5722867597285,-38.650000205,43.7499999999999));
#11414=CARTESIAN_POINT('',(49.7861433798643,-38.650000205,43.7500000000001));
#11415=CARTESIAN_POINT('',(99.5722867597285,-38.650000205,43.7499999999999));
#11416=CARTESIAN_POINT('Origin',(97.9845735194571,-38.650000205,40.9999999999999));
#11417=CARTESIAN_POINT('',(82.2724002143871,-38.650000205,13.7857175382914));
#11418=CARTESIAN_POINT('Origin',(101.16,-34.250000205,40.9999999999999));
#11419=CARTESIAN_POINT('',(101.16,-30.650000205,42.5999999999999));
#11420=CARTESIAN_POINT('',(101.16,-34.250000205,42.5999999999999));
#11421=CARTESIAN_POINT('Origin',(101.16,-30.650000205,40.9999999999999));
#11422=CARTESIAN_POINT('Origin',(41.0000006109476,-31.900000205,33.9999999999999));
#11423=CARTESIAN_POINT('',(41.0000006109476,-31.900000205,32.3999999999999));
#11424=CARTESIAN_POINT('Origin',(41.0000006109476,-31.900000205,47.9999999999999));
#11425=CARTESIAN_POINT('',(41.0000006109476,-31.900000205,46.3999999999999));
#11426=CARTESIAN_POINT('Origin',(31.16,-31.900000205,9.99999999999993));
#11427=CARTESIAN_POINT('',(31.16,-31.900000205,8.39999999999993));
#11428=CARTESIAN_POINT('Origin',(-31.16,-31.900000205,-6.00000000000007));
#11429=CARTESIAN_POINT('',(-31.16,-31.900000205,-7.60000000000007));
#11430=CARTESIAN_POINT('Origin',(-31.16,-31.900000205,25.9999999999999));
#11431=CARTESIAN_POINT('',(-31.16,-31.900000205,24.3999999999999));
#11432=CARTESIAN_POINT('Origin',(-31.16,-31.900000205,9.99999999999993));
#11433=CARTESIAN_POINT('',(-31.16,-31.900000205,8.39999999999993));
#11434=CARTESIAN_POINT('Origin',(31.16,-31.900000205,-6.00000000000007));
#11435=CARTESIAN_POINT('',(31.16,-31.900000205,-7.60000000000007));
#11436=CARTESIAN_POINT('Origin',(31.16,-31.900000205,25.9999999999999));
#11437=CARTESIAN_POINT('',(31.16,-31.900000205,24.3999999999999));
#11438=CARTESIAN_POINT('Origin',(101.16,-38.650000205,40.9999999999999));
#11439=CARTESIAN_POINT('',(94.5456217223385,-38.650000205,33.4999999999999));
#11440=CARTESIAN_POINT('',(94.5456217223385,-38.650000205,48.4999999999999));
#11441=CARTESIAN_POINT('Origin',(101.16,-38.650000205,40.9999999999999));
#11442=CARTESIAN_POINT('',(94.5456217223385,-30.650000205,33.4999999999999));
#11443=CARTESIAN_POINT('',(94.5456217223385,-38.650000205,33.4999999999999));
#11444=CARTESIAN_POINT('',(94.5456217223385,-30.650000205,48.4999999999999));
#11445=CARTESIAN_POINT('Origin',(101.16,-30.650000205,40.9999999999999));
#11446=CARTESIAN_POINT('',(94.5456217223385,-38.650000205,48.4999999999999));
#11447=CARTESIAN_POINT('Origin',(86.16,-38.650000205,48.4999999999999));
#11448=CARTESIAN_POINT('',(86.16,-38.650000205,48.4999999999999));
#11449=CARTESIAN_POINT('',(86.16,-30.650000205,48.4999999999999));
#11450=CARTESIAN_POINT('Origin',(94.5456217223385,-38.650000205,33.4999999999999));
#11451=CARTESIAN_POINT('',(101.16,-38.650000205,33.4999999999999));
#11452=CARTESIAN_POINT('',(101.16,-30.650000205,33.4999999999999));
#11453=CARTESIAN_POINT('Origin',(98.66,-30.650000205,40.9999999999999));
#11454=CARTESIAN_POINT('Origin',(-124.335426480543,-38.650000205,45.9999999999999));
#11455=CARTESIAN_POINT('',(-124.335426480543,-38.650000205,45.9999999999999));
#11456=CARTESIAN_POINT('',(-122.747713240271,-38.650000205,48.7499999999999));
#11457=CARTESIAN_POINT('',(-113.340131540343,-38.650000205,65.0444094806307));
#11458=CARTESIAN_POINT('',(-124.335426480543,-38.650000205,45.9999999999999));
#11459=CARTESIAN_POINT('',(-122.747713240271,-38.650000205,48.7499999999999));
#11460=CARTESIAN_POINT('Origin',(-122.747713240271,-38.650000205,43.2499999999999));
#11461=CARTESIAN_POINT('',(-122.747713240271,-38.650000205,43.2499999999999));
#11462=CARTESIAN_POINT('',(-103.453008180471,-38.650000205,9.83059051936911));
#11463=CARTESIAN_POINT('',(-122.747713240271,-36.250000205,43.2499999999999));
#11464=CARTESIAN_POINT('',(-122.747713240271,-38.650000205,43.2499999999999));
#11465=CARTESIAN_POINT('',(-124.335426480543,-36.250000205,45.9999999999999));
#11466=CARTESIAN_POINT('Origin',(-119.572286759729,-38.650000205,43.2499999999999));
#11467=CARTESIAN_POINT('',(-119.572286759729,-38.650000205,43.2499999999999));
#11468=CARTESIAN_POINT('',(-59.7861433798643,-38.650000205,43.2499999999999));
#11469=CARTESIAN_POINT('',(-119.572286759729,-36.250000205,43.2499999999999));
#11470=CARTESIAN_POINT('',(-119.572286759729,-38.650000205,43.2499999999999));
#11471=CARTESIAN_POINT('',(-122.747713240271,-36.250000205,43.2499999999999));
#11472=CARTESIAN_POINT('Origin',(-117.984573519457,-38.650000205,45.9999999999999));
#11473=CARTESIAN_POINT('',(-117.984573519457,-38.650000205,45.9999999999999));
#11474=CARTESIAN_POINT('',(-107.783135199393,-38.650000205,63.6694094806307));
#11475=CARTESIAN_POINT('',(-117.984573519457,-38.650000205,45.9999999999999));
#11476=CARTESIAN_POINT('',(-119.572286759729,-36.250000205,43.2499999999999));
#11477=CARTESIAN_POINT('Origin',(-119.572286759729,-38.650000205,48.7499999999999));
#11478=CARTESIAN_POINT('',(-119.572286759729,-38.650000205,48.7499999999999));
#11479=CARTESIAN_POINT('',(-99.4837250797925,-38.650000205,13.9555905193693));
#11480=CARTESIAN_POINT('',(-119.572286759729,-38.650000205,48.7499999999999));
#11481=CARTESIAN_POINT('Origin',(-122.747713240271,-38.650000205,48.7499999999999));
#11482=CARTESIAN_POINT('',(-61.3738566201357,-38.650000205,48.7499999999999));
#11483=CARTESIAN_POINT('Origin',(-121.16,-36.250000205,45.9999999999999));
#11484=CARTESIAN_POINT('Origin',(-121.16,-21.400000205,45.9999999999999));
#11485=CARTESIAN_POINT('',(-121.16,-21.400000205,44.3999999999999));
#11486=CARTESIAN_POINT('Origin',(-121.16,-31.900000205,45.9999999999999));
#11487=CARTESIAN_POINT('',(-121.16,-31.900000205,44.3999999999999));
#11488=CARTESIAN_POINT('Origin',(-136.16,-31.650000205,35.9999999999999));
#11489=CARTESIAN_POINT('',(26.16,-29.650000205,35.9999999999999));
#11490=CARTESIAN_POINT('Origin',(26.16,-27.650000205,43.4999999999999));
#11491=CARTESIAN_POINT('Origin',(-36.16,-23.650000205,60.9999999999999));
#11492=CARTESIAN_POINT('',(-36.16,-38.650000205,60.9999999999999));
#11493=CARTESIAN_POINT('Origin',(36.16,-38.650000205,20.9999999999999));
#11494=CARTESIAN_POINT('',(36.16,-38.650000205,20.9999999999999));
#11495=CARTESIAN_POINT('Origin',(36.16,-23.650000205,60.9999999999999));
#11496=CARTESIAN_POINT('',(36.16,-38.650000205,60.9999999999999));
#11497=CARTESIAN_POINT('Origin',(-4.44089209850063E-15,-38.650000205,24.9999999999999));
#11498=CARTESIAN_POINT('',(0.,0.,0.));
#11499=CARTESIAN_POINT('',(0.,0.,0.));
#11500=UNCERTAINTY_MEASURE_WITH_UNIT(LENGTH_MEASURE(0.01),#11508,
'DISTANCE_ACCURACY_VALUE',
'Maximum model space distance between geometric entities at asserted c
onnectivities');
#11501=UNCERTAINTY_MEASURE_WITH_UNIT(LENGTH_MEASURE(0.01),#11508,
'DISTANCE_ACCURACY_VALUE',
'Maximum model space distance between geometric entities at asserted c
onnectivities');
#11502=UNCERTAINTY_MEASURE_WITH_UNIT(LENGTH_MEASURE(0.01),#11508,
'DISTANCE_ACCURACY_VALUE',
'Maximum model space distance between geometric entities at asserted c
onnectivities');
#11503=UNCERTAINTY_MEASURE_WITH_UNIT(LENGTH_MEASURE(0.01),#11508,
'DISTANCE_ACCURACY_VALUE',
'Maximum model space distance between geometric entities at asserted c
onnectivities');
#11504=(
GEOMETRIC_REPRESENTATION_CONTEXT(3)
GLOBAL_UNCERTAINTY_ASSIGNED_CONTEXT((#11500))
GLOBAL_UNIT_ASSIGNED_CONTEXT((#11508,#11509,#11510))
REPRESENTATION_CONTEXT('','3D')
);
#11505=(
GEOMETRIC_REPRESENTATION_CONTEXT(3)
GLOBAL_UNCERTAINTY_ASSIGNED_CONTEXT((#11501))
GLOBAL_UNIT_ASSIGNED_CONTEXT((#11508,#11509,#11510))
REPRESENTATION_CONTEXT('','3D')
);
#11506=(
GEOMETRIC_REPRESENTATION_CONTEXT(3)
GLOBAL_UNCERTAINTY_ASSIGNED_CONTEXT((#11502))
GLOBAL_UNIT_ASSIGNED_CONTEXT((#11508,#11509,#11510))
REPRESENTATION_CONTEXT('','3D')
);
#11507=(
GEOMETRIC_REPRESENTATION_CONTEXT(3)
GLOBAL_UNCERTAINTY_ASSIGNED_CONTEXT((#11503))
GLOBAL_UNIT_ASSIGNED_CONTEXT((#11508,#11509,#11510))
REPRESENTATION_CONTEXT('','3D')
);
#11508=(
LENGTH_UNIT()
NAMED_UNIT(*)
SI_UNIT(.MILLI.,.METRE.)
);
#11509=(
NAMED_UNIT(*)
PLANE_ANGLE_UNIT()
SI_UNIT($,.RADIAN.)
);
#11510=(
NAMED_UNIT(*)
SI_UNIT($,.STERADIAN.)
SOLID_ANGLE_UNIT()
);
#11511=SHAPE_DEFINITION_REPRESENTATION(#11514,#11519);
#11512=SHAPE_DEFINITION_REPRESENTATION(#11515,#11520);
#11513=SHAPE_DEFINITION_REPRESENTATION(#11516,#11521);
#11514=PRODUCT_DEFINITION_SHAPE('',$,#11523);
#11515=PRODUCT_DEFINITION_SHAPE('',$,#11524);
#11516=PRODUCT_DEFINITION_SHAPE('',$,#11525);
#11517=PRODUCT_DEFINITION_SHAPE($,$,#17);
#11518=PRODUCT_DEFINITION_SHAPE($,$,#18);
#11519=SHAPE_REPRESENTATION('',(#6328,#6776,#6777),#11504);
#11520=SHAPE_REPRESENTATION('',(#6329),#11505);
#11521=SHAPE_REPRESENTATION('',(#6410),#11506);
#11522=PRODUCT_DEFINITION_CONTEXT('part definition',#11533,'design');
#11523=PRODUCT_DEFINITION('arms','arms v10',#11526,#11522);
#11524=PRODUCT_DEFINITION('NEMA17 Motor Bracket',
'NEMA17 Motor Bracket v3',#11527,#11522);
#11525=PRODUCT_DEFINITION('NEMA 17 Motor Pulley',
'NEMA 17 Motor Pulley v7',#11528,#11522);
#11526=PRODUCT_DEFINITION_FORMATION('',$,#11535);
#11527=PRODUCT_DEFINITION_FORMATION('',$,#11536);
#11528=PRODUCT_DEFINITION_FORMATION('',$,#11537);
#11529=PRODUCT_RELATED_PRODUCT_CATEGORY('arms v10','arms v10',(#11535));
#11530=PRODUCT_RELATED_PRODUCT_CATEGORY('NEMA17 Motor Bracket v3',
'NEMA17 Motor Bracket v3',(#11536));
#11531=PRODUCT_RELATED_PRODUCT_CATEGORY('NEMA 17 Motor Pulley v7',
'NEMA 17 Motor Pulley v7',(#11537));
#11532=APPLICATION_PROTOCOL_DEFINITION('international standard',
'automotive_design',2009,#11533);
#11533=APPLICATION_CONTEXT(
'Core Data for Automotive Mechanical Design Process');
#11534=PRODUCT_CONTEXT('part definition',#11533,'mechanical');
#11535=PRODUCT('arms','arms v10',$,(#11534));
#11536=PRODUCT('NEMA17 Motor Bracket','NEMA17 Motor Bracket v3',$,(#11534));
#11537=PRODUCT('NEMA 17 Motor Pulley','NEMA 17 Motor Pulley v7',$,(#11534));
#11538=PRESENTATION_STYLE_ASSIGNMENT((#11539));
#11539=SURFACE_STYLE_USAGE(.BOTH.,#11540);
#11540=SURFACE_SIDE_STYLE('',(#11541));
#11541=SURFACE_STYLE_FILL_AREA(#11542);
#11542=FILL_AREA_STYLE('Steel - Satin',(#11543));
#11543=FILL_AREA_STYLE_COLOUR('Steel - Satin',#11544);
#11544=COLOUR_RGB('Steel - Satin',0.627450980392157,0.627450980392157,0.627450980392157);
ENDSEC;
END-ISO-10303-21;
